trip_id,rider_id,zone,distance_km,duration_min,fare_amount,payment_mode,ride_date,surge_flag,name,age,gender,city,signup_date,total_rides,cancelled_rides,avg_rating,population_density,traffic_index,avg_speed_kmph,zone_type,fare_zscore,distance_zscore,hour,day_of_week,month,gender_encoded,payment_mode_Cash,payment_mode_Credit Card,payment_mode_UPI,payment_mode_Wallet,zone_Zone_1,zone_Zone_10,zone_Zone_2,zone_Zone_3,zone_Zone_4,zone_Zone_5,zone_Zone_6,zone_Zone_7,zone_Zone_8,zone_Zone_9,traffic_level,traffic_level_encoded,ride_frequency,log_fare,log_distance,sqrt_duration,avg_ride_distance,avg_ride_fare,is_peak_hour,days_since_signup,ride_cancellation_rate,fare_per_km
T00001,R0037,Zone_10,11.83,74.59,104.88,Cash,2023-11-13,0,Aadhya Iyer,32.0,Other,Ahmedabad,2020-11-21,489.0,6.0,3.36,2440.0,1.54,35.4,Industrial,-0.34760426094113706,0.8051118769089531,0,0,11,2,1.0,0.0,0.0,0.0,0.0,1.0,0.0,0.0,0.0,0.0,0.0,0.0,0.0,0.0,Medium,1,High,4.662306377358901,2.551786178627545,8.636550237218563,0.15969325153374234,2.6884662576687117,0,2086,0.012269938650306749,8.865595942519018
T00002,R0104,Zone_9,3.86,35.59,40.48,Cash,2023-07-28,0,Diya Gupta,52.0,Male,Kolkata,2021-05-27,328.0,1.0,3.7,11037.0,1.83,56.1,Mixed,-1.1008152956137889,-0.985983272107777,0,4,7,1,1.0,0.0,0.0,0.0,0.0,0.0,0.0,0.0,0.0,0.0,0.0,0.0,0.0,1.0,High,2,Medium,3.7252113833613265,1.5810384379124023,5.965735495309862,0.14234756097560977,2.3335060975609756,0,1899,0.003048780487804878,10.487046632124352
T00003,R0045,Zone_8,4.7,31.03,46.39,Cash,2024-01-14,0,Saanvi Iyer,34.0,Other,Ahmedabad,2023-07-12,100.0,16.0,4.88,4516.0,1.93,31.0,Business,-1.0316929786119973,-0.7972103831273435,0,6,1,2,1.0,0.0,0.0,0.0,0.0,0.0,0.0,0.0,0.0,0.0,0.0,0.0,1.0,0.0,High,2,Low,3.858411235979497,1.7404661748405046,5.570457790882182,0.8753,15.298499999999999,0,1123,0.16,9.870212765957447
T00004,R0089,Zone_2,11.06,59.48,257.64,Cash,2023-12-13,1,Saanvi Reddy,48.0,Other,Surat,2022-09-21,308.0,6.0,3.91,6371.0,0.91,58.4,Residential,1.439049739937656,0.6320700620102228,0,2,12,2,1.0,0.0,0.0,0.0,0.0,0.0,1.0,0.0,0.0,0.0,0.0,0.0,0.0,0.0,Low,0,Medium,5.555437133417177,2.4898941912990393,7.712327793863536,0.29165584415584417,4.595941558441559,0,1417,0.01948051948051948,23.294755877034355
T00005,R0003,Zone_5,7.28,67.59,72.74,UPI,2023-03-15,0,Kavya Reddy,34.0,Male,Pune,2023-05-04,45.0,9.0,3.76,2590.0,1.31,43.9,Business,-0.7235080288662773,-0.21740793840172704,0,2,3,1,0.0,0.0,1.0,0.0,0.0,0.0,0.0,0.0,0.0,1.0,0.0,0.0,0.0,0.0,Medium,1,Low,4.300545392805998,2.1138429683971687,8.221313763626833,1.5040000000000002,21.593555555555557,0,1192,0.2,9.991758241758241
T00006,R0255,Zone_2,14.58,80.74,282.52,UPI,2024-02-10,0,Reyansh Sharma,37.0,Female,Bengaluru,2021-07-06,475.0,42.0,3.12,6371.0,0.91,58.4,Residential,1.7300418291093265,1.4231183586901335,0,5,2,0,0.0,0.0,1.0,0.0,0.0,0.0,1.0,0.0,0.0,0.0,0.0,0.0,0.0,0.0,Low,0,High,5.647282667416716,2.7459880404426023,8.985543945694106,0.15162105263157893,2.6573052631578946,0,1859,0.08842105263157894,19.377229080932782
T00007,R0224,Zone_4,4.48,40.07,58.38,Credit Card,2023-08-21,0,Ishaan Sharma,29.0,Female,Ahmedabad,2020-08-04,200.0,1.0,4.31,4038.0,2.46,48.2,Business,-0.8914600546100548,-0.8466509016698379,0,0,8,0,0.0,1.0,0.0,0.0,0.0,0.0,0.0,0.0,1.0,0.0,0.0,0.0,0.0,0.0,High,2,Medium,4.083957469335614,1.7011051009599243,6.330086887239385,0.20855,2.5707,0,2195,0.005,13.03125
T00008,R0039,Zone_3,11.75,96.11,102.35,Wallet,2024-03-10,0,Aadhya Iyer,24.0,Male,Chennai,2023-11-18,190.0,14.0,4.2,12971.0,2.11,38.0,Business,-0.3771946944461341,0.7871335065298642,0,6,3,1,0.0,0.0,0.0,1.0,0.0,0.0,0.0,1.0,0.0,0.0,0.0,0.0,0.0,0.0,High,2,Medium,4.638121286127777,2.545531271604435,9.803570778037969,0.17821052631578946,2.674,0,994,0.07368421052631578,8.71063829787234
T00009,R0223,Zone_5,9.71,66.61,175.75,Credit Card,2024-05-20,0,Meera Ghosh,30.0,Female,Surat,2019-11-29,158.0,10.0,4.04,2590.0,1.31,43.9,Business,0.4812787519043728,0.3286850618630979,0,0,5,0,0.0,1.0,0.0,0.0,0.0,0.0,0.0,0.0,0.0,1.0,0.0,0.0,0.0,0.0,Medium,1,Low,5.174736304776682,2.3711778844596574,8.161494961096281,0.3569620253164557,6.248164556962026,0,2444,0.06329113924050633,18.099897013388258
T00010,R0236,Zone_5,7.37,51.09,98.34,UPI,2023-03-01,0,Arjun Gupta,28.0,Male,Ahmedabad,2020-08-10,61.0,1.0,3.36,2590.0,1.31,43.9,Business,-0.4240949467603783,-0.19718227172525207,0,2,3,1,0.0,0.0,1.0,0.0,0.0,0.0,0.0,0.0,0.0,1.0,0.0,0.0,0.0,0.0,Medium,1,Low,4.598548309679204,2.124653884501384,7.147726911403373,0.8198360655737704,12.599016393442623,0,2189,0.01639344262295082,13.343283582089553
T00011,R0191,Zone_10,13.88,88.3,172.04,Credit Card,2023-09-09,0,Meera Gupta,33.0,Other,Surat,2020-08-14,87.0,6.0,4.56,2440.0,1.54,35.4,Industrial,0.4378872466460569,1.265807617873106,0,5,9,2,0.0,1.0,0.0,0.0,0.0,1.0,0.0,0.0,0.0,0.0,0.0,0.0,0.0,0.0,Medium,1,Low,5.153522781644804,2.700018029404946,9.396807968666806,0.9559770114942528,15.24735632183908,0,2185,0.06896551724137931,12.394812680115272
T00012,R0199,Zone_1,11.4,64.9,139.35,Wallet,2023-12-15,0,Aarav Das,29.0,Male,Ahmedabad,2021-08-03,344.0,27.0,3.91,4921.0,2.43,30.9,Residential,0.05555077578504781,0.7084781361213505,0,4,12,1,0.0,0.0,0.0,1.0,1.0,0.0,0.0,0.0,0.0,0.0,0.0,0.0,0.0,0.0,High,2,High,4.9441393028078915,2.517696472610991,8.056053624449133,0.24752906976744188,4.652616279069767,0,1831,0.07848837209302326,12.223684210526315
T00013,R0248,Zone_6,2.98,18.82,37.95,Wallet,2023-12-12,0,Vivaan Ghosh,18.0,Female,Chennai,2021-10-24,104.0,12.0,3.65,14627.0,0.54,37.6,Mixed,-1.1304057291187857,-1.1837453462777545,0,1,12,0,0.0,0.0,0.0,1.0,0.0,0.0,0.0,0.0,0.0,0.0,1.0,0.0,0.0,0.0,Low,0,Low,3.6622787723167574,1.3812818192963463,4.338202392696772,0.5549999999999999,9.03519230769231,0,1749,0.11538461538461539,12.734899328859061
T00014,R0300,Zone_2,11.2,70.93,249.44,Cash,2024-08-10,1,Saanvi Iyer,38.0,Female,Kolkata,2023-07-08,291.0,7.0,3.67,6371.0,0.91,58.4,Residential,1.3431439870756106,0.6635322101736281,0,5,8,0,1.0,0.0,0.0,0.0,0.0,0.0,1.0,0.0,0.0,0.0,0.0,0.0,0.0,0.0,Low,0,Medium,5.52321937087711,2.501435951739211,8.421995013059554,0.1885910652920962,3.4253264604810996,0,1127,0.024054982817869417,22.271428571428572
T00015,R0270,Zone_10,14.87,91.83,265.53,Credit Card,2023-08-24,0,Aadhya Reddy,35.0,Male,Hyderabad,2022-01-02,455.0,64.0,3.08,2440.0,1.54,35.4,Industrial,1.5313297875085754,1.4882899513143306,0,3,8,1,0.0,1.0,0.0,0.0,0.0,1.0,0.0,0.0,0.0,0.0,0.0,0.0,0.0,0.0,Medium,1,High,5.585486807626805,2.7644305345383176,9.582797086446107,0.12975824175824174,2.420945054945055,0,1679,0.14065934065934066,17.856758574310692
T00016,R0216,Zone_2,7.35,63.51,145.73,Cash,2024-08-04,0,Ishaan Ghosh,44.0,Female,Chennai,2019-08-01,335.0,24.0,3.4,6371.0,0.91,58.4,Residential,0.13017012984112722,-0.2016768643200244,0,6,8,0,1.0,0.0,0.0,0.0,0.0,0.0,1.0,0.0,0.0,0.0,0.0,0.0,0.0,0.0,Low,0,High,4.988594163219376,2.122261538862764,7.969316156358712,0.0884776119402985,1.4891940298507462,0,2564,0.07164179104477612,19.82721088435374
T00017,R0168,Zone_3,6.76,56.32,83.57,Cash,2023-12-03,0,Diya Das,23.0,Male,Pune,2019-10-08,471.0,74.0,4.03,12971.0,2.11,38.0,Business,-0.5968422601472584,-0.33426734586580487,0,6,12,1,1.0,0.0,0.0,0.0,0.0,0.0,0.0,1.0,0.0,0.0,0.0,0.0,0.0,0.0,High,2,High,4.437579593794131,2.048982334195127,7.504665215717488,0.0743524416135881,1.2087261146496815,0,2496,0.15711252653927812,12.362426035502958
T00018,R0126,Zone_6,4.65,39.61,69.81,UPI,2024-01-19,0,Diya Reddy,29.0,Female,Surat,2022-09-25,411.0,20.0,3.65,14627.0,0.54,37.6,Mixed,-0.7577767917791789,-0.8084468646142741,0,4,1,0,0.0,0.0,1.0,0.0,0.0,0.0,0.0,0.0,0.0,0.0,1.0,0.0,0.0,0.0,Low,0,High,4.260000233663683,1.7316555451583497,6.293647591023825,0.08686131386861315,1.009537712895377,0,1413,0.04866180048661801,15.01290322580645
T00019,R0255,Zone_1,7.93,62.56,100.85,Credit Card,2023-05-26,0,Reyansh Sharma,37.0,Female,Bengaluru,2021-07-06,475.0,42.0,3.12,4921.0,2.43,30.9,Residential,-0.3947384297257766,-0.07133367907162998,0,4,5,0,0.0,1.0,0.0,0.0,1.0,0.0,0.0,0.0,0.0,0.0,0.0,0.0,0.0,0.0,High,2,High,4.623501142672815,2.189416394888408,7.909487973314076,0.15162105263157893,2.6573052631578946,0,1859,0.08842105263157894,12.717528373266077
T00020,R0061,Zone_2,11.43,81.48,227.77,UPI,2023-06-19,0,Meera Reddy,25.0,Male,Mumbai,2020-08-20,168.0,25.0,3.69,6371.0,0.91,58.4,Residential,1.089695491402375,0.7152200250135087,0,0,6,1,0.0,0.0,1.0,0.0,0.0,0.0,1.0,0.0,0.0,0.0,0.0,0.0,0.0,0.0,Low,0,Low,5.432717132027692,2.5201129055226197,9.026627277117406,0.20517857142857143,3.5520238095238095,0,2179,0.1488095238095238,19.92738407699038
T00021,R0289,Zone_4,3.91,32.07,79.0,Cash,2024-08-15,1,Aarav Gupta,21.0,Other,Chennai,2021-09-30,322.0,14.0,4.17,4038.0,2.46,48.2,Business,-0.6502921736325691,-0.9747467906208462,0,3,8,2,1.0,0.0,0.0,0.0,0.0,0.0,0.0,0.0,1.0,0.0,0.0,0.0,0.0,0.0,High,2,Medium,4.382026634673881,1.5912739418064292,5.6630380539071075,0.2053726708074534,3.8337888198757764,0,1773,0.043478260869565216,20.204603580562658
T00022,R0112,Zone_10,1.27,9.05,17.63,Credit Card,2024-03-28,0,Meera Nair,41.0,Female,Delhi,2020-11-13,311.0,11.0,3.24,2440.0,1.54,35.4,Industrial,-1.3680648630403431,-1.5680330131307796,0,3,3,0,0.0,1.0,0.0,0.0,0.0,1.0,0.0,0.0,0.0,0.0,0.0,0.0,0.0,0.0,Medium,1,Medium,2.924773184613497,0.8197798314933114,3.0083217912982647,0.28787781350482317,3.6986173633440513,0,2094,0.03536977491961415,13.881889763779526
T00023,R0153,Zone_3,6.12,47.77,118.69,UPI,2024-02-26,0,Aadhya Ghosh,20.0,Male,Mumbai,2020-05-04,76.0,14.0,4.54,12971.0,2.11,38.0,Business,-0.18608493813322832,-0.4780943088985159,0,0,2,1,0.0,0.0,1.0,0.0,0.0,0.0,0.0,1.0,0.0,0.0,0.0,0.0,0.0,0.0,High,2,Low,4.784905066885279,1.9629077254238845,6.911584478250989,0.3794736842105263,6.065131578947368,0,2287,0.18421052631578946,19.393790849673202
T00024,R0214,Zone_3,1.1,10.71,13.4,Cash,2023-01-10,0,Aarav Kumar,20.0,Female,Kolkata,2022-09-14,210.0,2.0,4.53,12971.0,2.11,38.0,Business,-1.4175381965289349,-1.6062370501863434,0,1,1,0,1.0,0.0,0.0,0.0,0.0,0.0,0.0,1.0,0.0,0.0,0.0,0.0,0.0,0.0,High,2,Medium,2.667228206581955,0.7419373447293773,3.2726136343907144,0.1940952380952381,3.2461428571428574,0,1424,0.009523809523809525,12.181818181818182
T00025,R0272,Zone_2,10.62,56.33,170.34,UPI,2023-01-15,0,Kavya Ghosh,21.0,Male,Kolkata,2020-01-15,432.0,4.0,4.79,6371.0,0.91,58.4,Residential,0.41800434666246217,0.5331890249252336,0,6,1,1,0.0,0.0,1.0,0.0,0.0,0.0,1.0,0.0,0.0,0.0,0.0,0.0,0.0,0.0,Low,0,High,5.143649886535898,2.4527277514237653,7.505331438384317,0.09326388888888888,1.6012962962962962,0,2397,0.009259259259259259,16.039548022598872
T00026,R0045,Zone_3,5.87,48.76,86.71,Credit Card,2024-02-14,0,Saanvi Iyer,34.0,Other,Ahmedabad,2023-07-12,100.0,16.0,4.88,12971.0,2.11,38.0,Business,-0.5601173742952067,-0.5342767163331686,0,2,2,2,0.0,1.0,0.0,0.0,0.0,0.0,0.0,1.0,0.0,0.0,0.0,0.0,0.0,0.0,High,2,Low,4.47403591796329,1.927164106234258,6.982836100038436,0.8753,15.298499999999999,0,1123,0.16,14.771720613287902
T00027,R0096,Zone_9,0.78,5.31,10.51,UPI,2023-01-12,0,Reyansh Das,40.0,Female,Kolkata,2019-12-28,121.0,3.0,4.46,11037.0,1.83,56.1,Mixed,-1.451339126501046,-1.6781505317026988,0,3,1,0,0.0,0.0,1.0,0.0,0.0,0.0,0.0,0.0,0.0,0.0,0.0,0.0,0.0,1.0,High,2,Low,2.4432162227337915,0.5766133643039938,2.3043437243605824,0.2265289256198347,2.933471074380165,0,2415,0.024793388429752067,13.474358974358974
T00028,R0191,Zone_1,6.26,58.43,134.46,UPI,2023-05-14,1,Meera Gupta,33.0,Other,Surat,2020-08-14,87.0,6.0,4.56,4921.0,2.43,30.9,Residential,-0.001641801226586614,-0.4466321607351104,0,6,5,2,0.0,0.0,1.0,0.0,1.0,0.0,0.0,0.0,0.0,0.0,0.0,0.0,0.0,0.0,High,2,Low,4.908676393786758,1.9823798288367047,7.643951857514541,0.9559770114942528,15.24735632183908,0,2185,0.06896551724137931,21.479233226837064
T00029,R0197,Zone_6,7.04,42.69,72.84,Credit Card,2024-06-13,0,Saanvi Das,29.0,Female,Bengaluru,2020-10-08,475.0,87.0,3.87,14627.0,0.54,37.6,Mixed,-0.722338446514301,-0.27134304953899374,0,3,6,0,0.0,1.0,0.0,0.0,0.0,0.0,0.0,0.0,0.0,0.0,1.0,0.0,0.0,0.0,Low,0,High,4.301900590194597,2.0844290831908747,6.5337584895678535,0.14964210526315788,2.048421052631579,0,2130,0.1831578947368421,10.34659090909091
T00030,R0284,Zone_1,10.25,88.43,216.17,Cash,2024-03-15,1,Vivaan Das,28.0,Female,Surat,2019-07-31,135.0,19.0,4.95,4921.0,2.43,30.9,Residential,0.9540239385731395,0.4500390619219477,0,4,3,0,1.0,0.0,0.0,0.0,1.0,0.0,0.0,0.0,0.0,0.0,0.0,0.0,0.0,0.0,High,2,Low,5.38068045697316,2.4203681286504293,9.403722667114339,0.45118518518518513,7.306148148148148,0,2565,0.14074074074074075,21.089756097560976
T00031,R0251,Zone_1,7.27,44.39,170.59,Credit Card,2023-04-08,1,Vivaan Iyer,46.0,Female,Mumbai,2020-01-13,213.0,26.0,4.48,4921.0,2.43,30.9,Residential,0.4209283025424026,-0.2196552346991133,0,5,4,0,0.0,1.0,0.0,0.0,1.0,0.0,0.0,0.0,0.0,0.0,0.0,0.0,0.0,0.0,High,2,Medium,5.14510791029753,2.1126345090356,6.662582082045969,0.18032863849765257,3.5801877934272297,0,2399,0.12206572769953052,23.46492434662999
T00032,R0228,Zone_5,17.34,154.38,192.42,UPI,2023-11-30,0,Kavya Ghosh,21.0,Female,Pune,2020-05-18,10.0,0.0,4.84,2590.0,1.31,43.9,Business,0.6762481299787997,2.0433721367687,0,3,11,0,0.0,0.0,1.0,0.0,0.0,0.0,0.0,0.0,0.0,1.0,0.0,0.0,0.0,0.0,Medium,1,Low,5.264863990288817,2.9090844668283187,12.424974849069113,3.844,67.522,0,2273,0.0,11.096885813148788
T00033,R0083,Zone_10,5.41,34.07,133.62,Cash,2024-04-19,1,Kavya Patel,45.0,Female,Mumbai,2021-12-31,475.0,39.0,4.4,2440.0,1.54,35.4,Industrial,-0.011466292983186459,-0.6376523460129297,0,4,4,0,1.0,0.0,0.0,0.0,0.0,1.0,0.0,0.0,0.0,0.0,0.0,0.0,0.0,0.0,Medium,1,High,4.902455994582567,1.8578592709325787,5.836951259004995,0.19498947368421055,2.9796421052631583,0,1681,0.08210526315789474,24.69870609981516
T00034,R0105,Zone_8,7.69,72.38,65.12,UPI,2024-06-21,0,Diya Das,31.0,Female,Jaipur,2020-09-28,346.0,9.0,3.69,4516.0,1.93,31.0,Business,-0.812630204086861,-0.12526879020889647,0,4,6,0,0.0,0.0,1.0,0.0,0.0,0.0,0.0,0.0,0.0,0.0,0.0,0.0,1.0,0.0,High,2,High,4.191471272952824,2.162172939277301,8.50764362206128,0.27514450867052026,3.7604624277456646,0,2140,0.02601156069364162,8.46814044213264
T00035,R0221,Zone_4,7.49,44.42,65.75,Credit Card,2023-08-15,0,Diya Patel,21.0,Female,Delhi,2021-01-13,106.0,1.0,4.41,4038.0,2.46,48.2,Business,-0.8052618352694113,-0.17021471615661873,0,1,8,0,0.0,1.0,0.0,0.0,0.0,0.0,0.0,0.0,1.0,0.0,0.0,0.0,0.0,0.0,High,2,Low,4.200954297280359,2.138889000323256,6.664833081180653,0.5540566037735849,8.615943396226415,0,2033,0.009433962264150943,8.778371161548732
T00036,R0081,Zone_1,6.59,49.9,125.55,Credit Card,2023-07-29,0,Diya Reddy,42.0,Other,Mumbai,2022-01-31,114.0,2.0,3.9,4921.0,2.43,30.9,Residential,-0.10585158878766325,-0.3724713829213687,0,5,7,2,0.0,1.0,0.0,0.0,1.0,0.0,0.0,0.0,0.0,0.0,0.0,0.0,0.0,0.0,High,2,Low,4.840637486991133,2.0268315914075385,7.063993204979744,0.46421052631578946,7.123421052631579,0,1650,0.017543859649122806,19.051593323216995
T00037,R0067,Zone_10,8.71,57.85,106.26,Cash,2024-06-07,0,Saanvi Iyer,32.0,Male,Pune,2022-07-24,348.0,9.0,3.38,2440.0,1.54,35.4,Industrial,-0.33146402448386586,0.1039554321244869,0,4,6,1,1.0,0.0,0.0,0.0,0.0,1.0,0.0,0.0,0.0,0.0,0.0,0.0,0.0,0.0,Medium,1,High,4.675255793554779,2.2731562823032334,7.605918747922567,0.32491379310344826,5.3069252873563215,0,1476,0.02586206896551724,12.199770378874856
T00038,R0026,Zone_1,10.71,65.12,172.96,Cash,2023-10-27,0,Aarav Kumar,26.0,Female,Surat,2020-04-17,44.0,5.0,3.17,4921.0,2.43,30.9,Residential,0.4486474042842378,0.553414691601709,0,4,10,0,1.0,0.0,0.0,0.0,1.0,0.0,0.0,0.0,0.0,0.0,0.0,0.0,0.0,0.0,High,2,Low,5.158825387729438,2.460443177609626,8.069696400732806,1.8020454545454547,22.11795454545455,0,2304,0.11363636363636363,16.14939309056956
T00039,R0077,Zone_5,14.7,144.74,322.96,Wallet,2024-03-07,1,Reyansh Das,28.0,Male,Mumbai,2019-09-07,406.0,72.0,3.79,2590.0,1.31,43.9,Business,2.2030209322484886,1.4500859142587668,0,3,3,1,0.0,0.0,0.0,1.0,0.0,0.0,0.0,0.0,0.0,1.0,0.0,0.0,0.0,0.0,Medium,1,High,5.780620051380789,2.7536607123542622,12.030793822520607,0.3617241379310345,5.7729556650246305,0,2527,0.17733990147783252,21.970068027210885
T00040,R0110,Zone_9,0.15,1.26,3.27,UPI,2024-08-15,1,Vivaan Patel,19.0,Female,Kolkata,2023-02-04,224.0,28.0,4.43,11037.0,1.83,56.1,Mixed,-1.5592915775884464,-1.8197301984380236,0,3,8,0,0.0,0.0,1.0,0.0,0.0,0.0,0.0,0.0,0.0,0.0,0.0,0.0,0.0,1.0,High,2,Medium,1.451613827240533,0.1397619423751587,1.1224972160321824,0.26571428571428574,4.226249999999999,0,1281,0.125,21.8
T00041,R0056,Zone_1,5.45,34.13,108.87,Cash,2024-02-24,0,Meera Patel,40.0,Other,Hyderabad,2021-02-26,93.0,13.0,3.25,4921.0,2.43,30.9,Residential,-0.3009379250972879,-0.6286631608233852,0,5,2,2,1.0,0.0,0.0,0.0,1.0,0.0,0.0,0.0,0.0,0.0,0.0,0.0,0.0,0.0,High,2,Low,4.699297848712789,1.864080130807681,5.842088667591412,0.7120430107526882,9.976236559139785,0,1989,0.13978494623655913,19.976146788990825
T00042,R0120,Zone_4,5.76,45.5,57.73,Credit Card,2024-02-25,0,Ishaan Gupta,18.0,Other,Surat,2020-07-12,311.0,15.0,4.55,4038.0,2.46,48.2,Business,-0.8990623398979001,-0.558996975604416,0,6,2,2,0.0,1.0,0.0,0.0,0.0,0.0,0.0,0.0,1.0,0.0,0.0,0.0,0.0,0.0,High,2,Medium,4.072950669534428,1.9110228900548727,6.745368781616021,0.21929260450160773,3.260289389067524,0,2218,0.04823151125401929,10.022569444444445
T00043,R0178,Zone_2,12.69,71.08,174.11,Cash,2023-08-07,0,Saanvi Ghosh,27.0,Male,Delhi,2021-05-15,56.0,7.0,3.13,6371.0,0.91,58.4,Residential,0.4620976013319638,0.9983793584841585,0,0,8,1,1.0,0.0,0.0,0.0,0.0,0.0,1.0,0.0,0.0,0.0,0.0,0.0,0.0,0.0,Low,0,Low,5.165414347883809,2.6166656393003573,8.430895563343197,1.1296428571428572,18.581071428571427,0,1911,0.125,13.720252167060679
T00044,R0164,Zone_3,6.22,35.17,149.59,UPI,2024-04-02,1,Aadhya Ghosh,37.0,Other,Ahmedabad,2022-07-06,249.0,23.0,4.02,12971.0,2.11,38.0,Business,0.17531600862740745,-0.45562134592465486,0,1,4,2,0.0,0.0,1.0,0.0,0.0,0.0,0.0,1.0,0.0,0.0,0.0,0.0,0.0,0.0,High,2,Medium,5.0145609120987285,1.9768549529047348,5.930430001273095,0.40273092369477914,7.062208835341366,0,1494,0.09236947791164658,24.04983922829582
T00045,R0221,Zone_9,1.48,7.57,22.98,Credit Card,2024-07-11,0,Diya Patel,21.0,Female,Delhi,2021-01-13,106.0,1.0,4.41,11037.0,1.83,56.1,Mixed,-1.305492207209618,-1.520839790885671,0,3,7,0,0.0,1.0,0.0,0.0,0.0,0.0,0.0,0.0,0.0,0.0,0.0,0.0,0.0,1.0,High,2,Low,3.177220149599368,0.9082585601768908,2.751363298439521,0.5540566037735849,8.615943396226415,0,2033,0.009433962264150943,15.527027027027028
T00046,R0247,Zone_2,8.44,82.23,70.49,Cash,2023-08-13,0,Aadhya Das,37.0,Male,Bengaluru,2021-05-11,249.0,47.0,4.92,6371.0,0.91,58.4,Residential,-0.749823631785741,0.04327843209506161,0,6,8,1,1.0,0.0,0.0,0.0,0.0,0.0,1.0,0.0,0.0,0.0,0.0,0.0,0.0,0.0,Low,0,Medium,4.26955757977876,2.244955980157409,9.068075870878012,0.5360642570281124,9.507791164658634,0,1915,0.18875502008032127,8.351895734597155
T00047,R0207,Zone_1,7.83,61.12,158.67,Cash,2023-09-03,1,Ishaan Iyer,31.0,Male,Mumbai,2023-12-06,47.0,3.0,3.93,4921.0,2.43,30.9,Residential,0.28151408618684326,-0.093806642045491,0,6,9,1,1.0,0.0,0.0,0.0,1.0,0.0,0.0,0.0,0.0,0.0,0.0,0.0,0.0,0.0,High,2,Low,5.07310918535161,2.178155014615869,7.8179281142768255,1.3504255319148937,26.20127659574468,0,976,0.06382978723404255,20.26436781609195
T00048,R0077,Zone_10,8.9,76.5,91.12,Wallet,2023-08-03,0,Reyansh Das,28.0,Male,Mumbai,2019-09-07,406.0,72.0,3.79,2440.0,1.54,35.4,Industrial,-0.5085387925730576,0.14665406177482287,0,3,8,1,0.0,0.0,0.0,1.0,0.0,1.0,0.0,0.0,0.0,0.0,0.0,0.0,0.0,0.0,Medium,1,High,4.523092074952484,2.2925347571405443,8.74642784226795,0.3617241379310345,5.7729556650246305,0,2527,0.17733990147783252,10.238202247191012
T00049,R0115,Zone_6,2.8,27.94,33.7,UPI,2024-08-08,0,Aarav Ghosh,40.0,Female,Bengaluru,2020-03-01,170.0,15.0,4.4,14627.0,0.54,37.6,Mixed,-1.180112979077773,-1.2241966796307047,0,3,8,0,0.0,0.0,1.0,0.0,0.0,0.0,0.0,0.0,0.0,0.0,1.0,0.0,0.0,0.0,Low,0,Medium,3.5467396869528134,1.33500106673234,5.285830114561004,0.49105882352941177,8.388058823529413,0,2351,0.08823529411764706,12.035714285714288
T00050,R0010,Zone_3,16.6,90.94,193.05,Cash,2023-03-20,0,Vivaan Gupta,25.0,Female,Surat,2023-05-14,173.0,1.0,3.38,12971.0,2.11,38.0,Business,0.6836164987962499,1.877072210762128,0,0,3,0,1.0,0.0,0.0,0.0,0.0,0.0,0.0,1.0,0.0,0.0,0.0,0.0,0.0,0.0,High,2,Medium,5.268115857814915,2.8678989020441064,9.536246641105713,0.49277456647398843,6.962485549132948,0,1182,0.005780346820809248,11.629518072289157
T00051,R0230,Zone_3,6.38,47.94,95.38,Wallet,2023-07-18,0,Kavya Gupta,32.0,Male,Chennai,2022-11-22,183.0,23.0,3.65,12971.0,2.11,38.0,Business,-0.45871458437887297,-0.4196646051664771,0,1,7,1,0.0,0.0,0.0,1.0,0.0,0.0,0.0,1.0,0.0,0.0,0.0,0.0,0.0,0.0,High,2,Medium,4.5682987112121864,1.998773638612381,6.923871749245504,0.32054644808743166,4.962950819672131,0,1355,0.12568306010928962,14.949843260188088
T00052,R0032,Zone_1,7.06,36.36,101.01,UPI,2024-05-24,0,Kavya Reddy,18.0,Female,Mumbai,2023-09-20,213.0,24.0,4.0,4921.0,2.43,30.9,Residential,-0.3928670979626146,-0.2668484569442216,0,4,5,0,0.0,0.0,1.0,0.0,1.0,0.0,0.0,0.0,0.0,0.0,0.0,0.0,0.0,0.0,High,2,Medium,4.625070847694428,2.0869135565185366,6.029925372672534,0.3107511737089202,6.473192488262911,0,1053,0.11267605633802817,14.307365439093486
T00053,R0082,Zone_3,3.5,24.24,60.44,Credit Card,2024-07-22,0,Kavya Singh,26.0,Other,Pune,2022-12-27,274.0,23.0,3.15,12971.0,2.11,38.0,Business,-0.8673666581593458,-1.0668859388136769,0,0,7,2,0.0,1.0,0.0,0.0,0.0,0.0,0.0,1.0,0.0,0.0,0.0,0.0,0.0,0.0,High,2,Medium,4.118061088839417,1.5040773967762742,4.923413450036469,0.08985401459854014,1.0863503649635036,0,1320,0.08394160583941605,17.268571428571427
T00054,R0228,Zone_7,3.34,32.09,80.26,UPI,2023-01-13,1,Kavya Ghosh,21.0,Female,Pune,2020-05-18,10.0,0.0,4.84,11070.0,0.64,45.2,Industrial,-0.6355554359976694,-1.1028426795718547,0,4,1,0,0.0,0.0,1.0,0.0,0.0,0.0,0.0,0.0,0.0,0.0,0.0,1.0,0.0,0.0,Low,0,Low,4.397653890559581,1.4678743481123135,5.664803615307419,3.844,67.522,0,2273,0.0,24.029940119760482
T00055,R0266,Zone_9,1.8900000000000001,14.21,45.33,Credit Card,2024-01-23,1,Diya Reddy,29.0,Other,Chennai,2020-09-25,98.0,13.0,3.9,11037.0,1.83,56.1,Mixed,-1.0440905515429446,-1.4287006426928406,0,1,1,2,0.0,1.0,0.0,0.0,0.0,0.0,0.0,0.0,0.0,0.0,0.0,0.0,0.0,1.0,High,2,Low,3.835789699428557,1.0612565021243408,3.769615364994153,0.7445918367346939,12.729081632653061,0,2143,0.1326530612244898,23.98412698412698
T00056,R0158,Zone_3,6.03,42.1,137.35,Cash,2023-08-05,1,Aarav Iyer,27.0,Male,Ahmedabad,2020-07-26,441.0,60.0,3.57,12971.0,2.11,38.0,Business,0.032159128745524464,-0.49831997557499086,0,5,8,1,1.0,0.0,0.0,0.0,0.0,0.0,0.0,1.0,0.0,0.0,0.0,0.0,0.0,0.0,High,2,High,4.929786706232935,1.9501867058225735,6.488451279003334,0.057732426303854875,0.8727210884353742,0,2204,0.1360544217687075,22.777777777777775
T00057,R0154,Zone_5,3.21,21.26,61.28,Wallet,2023-01-05,0,Kavya Patel,18.0,Other,Kolkata,2019-03-25,466.0,79.0,4.68,2590.0,1.31,43.9,Business,-0.8575421664027459,-1.132057531437874,0,3,1,2,0.0,0.0,0.0,1.0,0.0,0.0,0.0,0.0,0.0,1.0,0.0,0.0,0.0,0.0,Medium,1,High,4.131640346965797,1.43746264769429,4.610856753359402,0.2974678111587983,4.419570815450644,0,2693,0.16952789699570817,19.090342679127726
T00058,R0020,Zone_10,18.28,161.83,161.65,Cash,2024-01-26,0,Diya Das,35.0,Female,Chennai,2019-09-17,274.0,21.0,4.03,2440.0,1.54,35.4,Industrial,0.3163676402757333,2.2546179887229947,0,4,1,0,1.0,0.0,0.0,0.0,0.0,1.0,0.0,0.0,0.0,0.0,0.0,0.0,0.0,0.0,Medium,1,Medium,5.091600652919361,2.9590682891823996,12.721242077721813,0.19653284671532847,2.722846715328467,0,2517,0.07664233576642336,8.842997811816192
T00059,R0043,Zone_10,1.44,8.19,13.38,UPI,2023-12-21,0,Diya Kumar,28.0,Male,Ahmedabad,2021-12-10,85.0,16.0,4.68,2440.0,1.54,35.4,Industrial,-1.4177721129993301,-1.5298289760752157,0,3,12,1,0.0,0.0,1.0,0.0,0.0,1.0,0.0,0.0,0.0,0.0,0.0,0.0,0.0,0.0,Medium,1,Low,2.6658383522929006,0.8919980393051105,2.8618176042508368,0.7901176470588235,10.147058823529411,0,1702,0.18823529411764706,9.291666666666668
T00060,R0146,Zone_4,2.36,17.35,27.83,UPI,2024-03-25,0,Kavya Gupta,30.0,Male,Surat,2020-04-15,80.0,11.0,3.89,4038.0,2.46,48.2,Business,-1.248767463138774,-1.3230777167156935,0,0,3,1,0.0,0.0,1.0,0.0,0.0,0.0,0.0,0.0,1.0,0.0,0.0,0.0,0.0,0.0,High,2,Low,3.3614165116503107,1.2119409739751128,4.165333119931706,0.843,11.730875000000001,0,2306,0.1375,11.792372881355933
T00061,R0235,Zone_8,5.99,44.78,54.34,Credit Card,2024-02-15,0,Aarav Ghosh,34.0,Other,Delhi,2021-02-15,284.0,8.0,4.06,4516.0,1.93,31.0,Business,-0.938711181629892,-0.5073091607645352,0,3,2,2,0.0,1.0,0.0,0.0,0.0,0.0,0.0,0.0,0.0,0.0,0.0,0.0,1.0,0.0,High,2,Medium,4.01349597435878,1.944480556245719,6.691786009728643,0.1959507042253521,2.9790845070422534,0,2000,0.028169014084507043,9.07178631051753
T00062,R0292,Zone_3,11.37,99.93,252.52,UPI,2023-04-04,1,Diya Patel,37.0,Female,Jaipur,2020-06-28,141.0,19.0,4.39,12971.0,2.11,38.0,Business,1.3791671235164766,0.7017362472291919,0,1,4,0,0.0,0.0,1.0,0.0,0.0,0.0,0.0,1.0,0.0,0.0,0.0,0.0,0.0,0.0,High,2,Low,5.535442715382666,2.5152741864043966,9.996499387285532,0.5628368794326241,8.070141843971632,0,2232,0.1347517730496454,22.209322779243625
T00063,R0143,Zone_7,5.93,33.28,124.07,Wallet,2023-07-09,1,Meera Kumar,42.0,Other,Kolkata,2023-03-28,74.0,13.0,4.56,11070.0,0.64,45.2,Industrial,-0.12316140759691058,-0.5207929385488521,0,6,7,2,0.0,0.0,0.0,1.0,0.0,0.0,0.0,0.0,0.0,0.0,0.0,1.0,0.0,0.0,Low,0,Low,4.828873580560815,1.9358598132018119,5.768882040742383,0.6636486486486486,11.666486486486486,0,1229,0.17567567567567569,20.922428330522767
T00064,R0243,Zone_7,11.38,101.38,252.89,Cash,2023-02-10,1,Ishaan Patel,33.0,Male,Jaipur,2023-02-06,315.0,11.0,3.7,11070.0,0.64,45.2,Industrial,1.3834945782187882,0.7039835435265783,0,4,2,1,1.0,0.0,0.0,0.0,0.0,0.0,0.0,0.0,0.0,0.0,0.0,1.0,0.0,0.0,Low,0,Medium,5.536901102350124,2.5160822672564502,10.0687635785135,0.1755873015873016,3.011206349206349,0,1279,0.03492063492063492,22.222319859402457
T00065,R0215,Zone_7,3.07,22.86,73.11,UPI,2024-04-15,1,Saanvi Gupta,26.0,Female,Hyderabad,2020-02-28,438.0,48.0,3.24,11070.0,0.64,45.2,Industrial,-0.7191805741639654,-1.1635196796012794,0,0,4,0,0.0,0.0,1.0,0.0,0.0,0.0,0.0,0.0,0.0,0.0,0.0,1.0,0.0,0.0,Low,0,High,4.305550475963267,1.4036429994545037,4.7812132351527685,0.04143835616438356,0.8495433789954339,0,2353,0.1095890410958904,23.814332247557005
T00066,R0207,Zone_3,8.3,62.92,184.22,Credit Card,2023-01-26,1,Ishaan Iyer,31.0,Male,Mumbai,2023-12-06,47.0,3.0,3.93,12971.0,2.11,38.0,Business,0.5803423771167542,0.011816283931656334,0,3,1,1,0.0,1.0,0.0,0.0,0.0,0.0,0.0,1.0,0.0,0.0,0.0,0.0,0.0,0.0,High,2,Low,5.221544307742123,2.2300144001592104,7.932212806020776,1.3504255319148937,26.20127659574468,0,976,0.06382978723404255,22.195180722891564
T00067,R0032,Zone_6,16.72,100.34,379.63,Wallet,2024-05-03,1,Kavya Reddy,18.0,Female,Mumbai,2023-09-20,213.0,24.0,4.0,14627.0,0.54,37.6,Mixed,3.0390383974410526,1.9040397663307609,0,4,5,0,0.0,0.0,0.0,1.0,0.0,0.0,0.0,0.0,0.0,0.0,1.0,0.0,0.0,0.0,Low,0,Medium,5.94182777466688,2.8746939451769347,10.016985574512923,0.3107511737089202,6.473192488262911,0,1053,0.11267605633802817,22.70514354066986
T00068,R0211,Zone_6,3.16,20.03,65.53,UPI,2023-01-05,1,Arjun Reddy,36.0,Female,Mumbai,2021-04-04,435.0,17.0,3.63,14627.0,0.54,37.6,Mixed,-0.8078349164437588,-1.1432940129248046,0,3,1,0,0.0,0.0,1.0,0.0,0.0,0.0,0.0,0.0,0.0,0.0,1.0,0.0,0.0,0.0,Low,0,High,4.197652973753796,1.425515074273172,4.47548880012005,0.10593103448275862,1.4847816091954023,0,1952,0.03908045977011494,20.737341772151897
T00069,R0077,Zone_10,10.1,58.97,178.77,Cash,2023-02-03,0,Reyansh Das,28.0,Male,Mumbai,2019-09-07,406.0,72.0,3.79,2440.0,1.54,35.4,Industrial,0.5166001389340532,0.416329617461156,0,4,2,1,1.0,0.0,0.0,0.0,0.0,1.0,0.0,0.0,0.0,0.0,0.0,0.0,0.0,0.0,Medium,1,High,5.191678256058324,2.4069451083182885,7.679192665899196,0.3617241379310345,5.7729556650246305,0,2527,0.17733990147783252,17.700000000000003
T00070,R0156,Zone_9,9.03,63.18,120.06,Cash,2023-08-31,0,Ishaan Iyer,33.0,Female,Jaipur,2022-07-07,255.0,18.0,4.28,11037.0,1.83,56.1,Mixed,-0.17006165991115477,0.1758689136408421,0,3,8,0,1.0,0.0,0.0,0.0,0.0,0.0,0.0,0.0,0.0,0.0,0.0,0.0,0.0,1.0,High,2,Medium,4.7962862904635415,2.305580601973844,7.948584779695062,0.09482352941176471,1.8989411764705884,0,1493,0.07058823529411765,13.295681063122926
T00071,R0232,Zone_2,3.26,29.24,56.16,Wallet,2024-03-01,0,Meera Das,38.0,Male,Jaipur,2022-12-08,172.0,15.0,3.94,6371.0,0.91,58.4,Residential,-0.9174247828239258,-1.1208210499509434,0,4,3,1,0.0,0.0,0.0,1.0,0.0,0.0,1.0,0.0,0.0,0.0,0.0,0.0,0.0,0.0,Low,0,Medium,4.045854353061666,1.449269160281279,5.407402333838309,0.541860465116279,8.667674418604651,0,1339,0.0872093023255814,17.226993865030675
T00072,R0263,Zone_9,5.06,48.17,44.44,UPI,2023-07-21,0,Ishaan Das,31.0,Other,Chennai,2020-12-30,297.0,21.0,3.84,11037.0,1.83,56.1,Mixed,-1.0544998344755325,-0.7163077164214436,0,4,7,2,0.0,0.0,1.0,0.0,0.0,0.0,0.0,0.0,0.0,0.0,0.0,0.0,0.0,1.0,High,2,Medium,3.816392774412896,1.801709800081223,6.940461079784253,0.3522558922558922,5.2110101010101015,0,2047,0.0707070707070707,8.782608695652174
T00073,R0025,Zone_9,13.66,115.24,116.48,Cash,2024-02-23,0,Meera Das,21.0,Female,Mumbai,2021-10-22,42.0,3.0,4.01,11037.0,1.83,56.1,Mixed,-0.21193270811190154,1.2163670993306115,0,4,2,0,1.0,0.0,0.0,0.0,0.0,0.0,0.0,0.0,0.0,0.0,0.0,0.0,0.0,1.0,High,2,Low,4.766268106330419,2.6851226964585053,10.734989520255713,1.125,17.129285714285714,0,1751,0.07142857142857142,8.527086383601757
T00074,R0048,Zone_7,8.68,58.17,87.92,Wallet,2023-10-09,0,Kavya Sharma,35.0,Male,Hyderabad,2019-05-31,207.0,1.0,3.02,11070.0,0.64,45.2,Industrial,-0.545965427836295,0.09721354323232831,0,0,10,1,0.0,0.0,0.0,1.0,0.0,0.0,0.0,0.0,0.0,0.0,0.0,1.0,0.0,0.0,Low,0,Medium,4.487737089095996,2.2700619012884857,7.626925986267338,0.14072463768115942,2.4457971014492754,0,2626,0.004830917874396135,10.129032258064516
T00075,R0008,Zone_5,1.94,14.17,31.82,Cash,2023-01-04,0,Ishaan Ghosh,28.0,Female,Jaipur,2022-10-01,215.0,23.0,4.02,2590.0,1.31,43.9,Business,-1.202101127294925,-1.4174641612059102,0,2,1,0,1.0,0.0,0.0,0.0,0.0,0.0,0.0,0.0,0.0,1.0,0.0,0.0,0.0,0.0,Medium,1,Medium,3.4910380856619447,1.0784095813505903,3.7643060449437424,0.22441860465116278,4.1547441860465115,0,1407,0.10697674418604651,16.402061855670105
T00076,R0055,Zone_1,11.45,113.56,134.34,Cash,2023-11-11,0,Kavya Singh,32.0,Male,Delhi,2021-11-07,425.0,12.0,4.19,4921.0,2.43,30.9,Residential,-0.003045300048958068,0.7197146176082808,0,5,11,1,1.0,0.0,0.0,0.0,1.0,0.0,0.0,0.0,0.0,0.0,0.0,0.0,0.0,0.0,High,2,High,4.90779013080408,2.5217206229107165,10.656453443805777,0.16870588235294118,2.610729411764706,0,1735,0.02823529411764706,11.732751091703058
T00077,R0115,Zone_4,5.6,54.45,54.1,Wallet,2023-11-26,0,Aarav Ghosh,40.0,Female,Bengaluru,2020-03-01,170.0,15.0,4.4,4038.0,2.46,48.2,Business,-0.9415181792746349,-0.5949537163625938,0,6,11,0,0.0,0.0,0.0,1.0,0.0,0.0,0.0,0.0,1.0,0.0,0.0,0.0,0.0,0.0,High,2,Medium,4.009149716158869,1.8870696490323797,7.379024325749306,0.49105882352941177,8.388058823529413,0,2351,0.08823529411764706,9.660714285714286
T00078,R0220,Zone_4,9.8,70.64,194.44,Credit Card,2024-06-02,0,Meera Ghosh,32.0,Female,Kolkata,2023-04-18,491.0,63.0,3.78,4038.0,2.46,48.2,Business,0.6998736934887184,0.3489107285395729,0,6,6,0,0.0,1.0,0.0,0.0,0.0,0.0,0.0,0.0,1.0,0.0,0.0,0.0,0.0,0.0,High,2,High,5.275253426949485,2.379546134130174,8.404760555780278,0.11364562118126273,2.2715478615071283,0,1208,0.12830957230142567,19.84081632653061
T00079,R0080,Zone_10,9.88,54.31,143.26,Credit Card,2023-03-23,0,Reyansh Kumar,19.0,Female,Mumbai,2021-05-15,34.0,6.0,4.6,2440.0,1.54,35.4,Industrial,0.10128144574731592,0.3668890989186618,0,3,3,0,0.0,1.0,0.0,0.0,0.0,1.0,0.0,0.0,0.0,0.0,0.0,0.0,0.0,0.0,Medium,1,Low,4.971617227075527,2.3869262414277967,7.369531871157082,1.6208823529411764,24.814117647058826,0,1911,0.17647058823529413,14.499999999999998
T00080,R0020,Zone_2,2.41,13.57,55.01,Credit Card,2023-08-16,1,Diya Das,35.0,Female,Chennai,2019-09-17,274.0,21.0,4.03,6371.0,0.91,58.4,Residential,-0.9308749798716518,-1.3118412352287627,0,2,8,0,0.0,1.0,0.0,0.0,0.0,0.0,1.0,0.0,0.0,0.0,0.0,0.0,0.0,0.0,Low,0,Medium,4.025530246221741,1.2267122912954254,3.6837480912787726,0.19653284671532847,2.722846715328467,0,2517,0.07664233576642336,22.825726141078835
T00081,R0278,Zone_5,11.95,92.3,279.75,UPI,2023-01-06,1,Aarav Reddy,20.0,Female,Mumbai,2021-09-02,382.0,58.0,4.27,2590.0,1.31,43.9,Business,1.6976443979595868,0.8320794324775863,0,4,1,0,0.0,0.0,1.0,0.0,0.0,0.0,0.0,0.0,0.0,1.0,0.0,0.0,0.0,0.0,Medium,1,High,5.637464593618552,2.5610957881455465,9.60728889958036,0.25536649214659685,5.527120418848168,0,1801,0.1518324607329843,23.410041841004187
T00082,R0264,Zone_9,2.96,24.84,67.86,Credit Card,2023-08-03,1,Aadhya Das,27.0,Other,Delhi,2019-02-06,401.0,54.0,3.59,11037.0,1.83,56.1,Mixed,-0.7805836476427142,-1.1882399388725269,0,3,8,2,0.0,1.0,0.0,0.0,0.0,0.0,0.0,0.0,0.0,0.0,0.0,0.0,0.0,1.0,High,2,High,4.232075457910378,1.3762440252663892,4.983974317750845,0.031022443890274313,0.47408977556109727,0,2740,0.13466334164588528,22.925675675675677
T00083,R0213,Zone_1,1.47,10.77,19.52,Cash,2023-01-22,0,Kavya Ghosh,29.0,Female,Chennai,2019-06-04,456.0,26.0,3.74,4921.0,2.43,30.9,Residential,-1.3459597565879935,-1.5230870871830573,0,6,1,0,1.0,0.0,0.0,0.0,1.0,0.0,0.0,0.0,0.0,0.0,0.0,0.0,0.0,0.0,High,2,High,3.021400020302569,0.9042181506398859,3.281767816284388,0.13396929824561402,2.3342105263157893,0,2622,0.05701754385964912,13.27891156462585
T00084,R0129,Zone_7,3.59,30.5,29.92,Cash,2023-10-16,0,Vivaan Singh,35.0,Male,Hyderabad,2022-10-08,158.0,10.0,3.9,11070.0,0.64,45.2,Industrial,-1.224323191982472,-1.0466602721372018,0,0,10,1,1.0,0.0,0.0,0.0,0.0,0.0,0.0,0.0,0.0,0.0,0.0,1.0,0.0,0.0,Low,0,Low,3.4314032237192214,1.5238800240724537,5.522680508593631,0.5688607594936709,9.54620253164557,0,1400,0.06329113924050633,8.334261838440112
T00085,R0042,Zone_3,6.27,52.47,156.34,Cash,2023-01-22,1,Arjun Reddy,18.0,Female,Chennai,2021-05-20,23.0,4.0,3.03,12971.0,2.11,38.0,Business,0.25426281738579876,-0.44438486443772435,0,6,1,0,1.0,0.0,0.0,0.0,0.0,0.0,0.0,1.0,0.0,0.0,0.0,0.0,0.0,0.0,High,2,Low,5.0584090689010965,1.9837562915454279,7.243617880589782,2.0069565217391303,32.10782608695652,0,1906,0.17391304347826086,24.934609250398726
T00086,R0254,Zone_2,8.55,54.29,70.74,Wallet,2023-01-20,0,Meera Kumar,18.0,Male,Delhi,2020-03-09,363.0,70.0,3.68,6371.0,0.91,58.4,Residential,-0.7468996759058006,0.0679986913663091,0,4,1,1,0.0,0.0,0.0,1.0,0.0,0.0,1.0,0.0,0.0,0.0,0.0,0.0,0.0,0.0,Low,0,High,4.273048472104136,2.256541154492639,7.368174807915458,0.2269146005509642,3.346005509641873,0,2343,0.1928374655647383,8.273684210526314
T00087,R0227,Zone_7,4.14,37.02,34.19,Credit Card,2023-04-03,0,Arjun Nair,25.0,Other,Pune,2020-07-11,320.0,23.0,4.12,11070.0,0.64,45.2,Industrial,-1.1743820255530897,-0.9230589757809659,0,0,4,2,0.0,1.0,0.0,0.0,0.0,0.0,0.0,0.0,0.0,0.0,0.0,1.0,0.0,0.0,Low,0,Medium,3.5607619513334936,1.6370530794670737,6.084406298070503,0.0885,1.58815625,0,2219,0.071875,8.258454106280194
T00088,R0145,Zone_3,11.72,88.45,158.4,Credit Card,2023-11-29,0,Saanvi Nair,36.0,Female,Jaipur,2022-12-09,222.0,43.0,4.3,12971.0,2.11,38.0,Business,0.2783562138365078,0.780391617637706,0,2,11,0,0.0,1.0,0.0,0.0,0.0,0.0,0.0,1.0,0.0,0.0,0.0,0.0,0.0,0.0,High,2,Medium,5.071416766356115,2.543175557911976,9.404786015641186,0.20873873873873874,2.948918918918919,0,1338,0.19369369369369369,13.515358361774744
T00089,R0154,Zone_3,9.26,64.5,184.33,Credit Card,2023-02-15,0,Kavya Patel,18.0,Other,Kolkata,2019-03-25,466.0,79.0,4.68,12971.0,2.11,38.0,Business,0.5816289177039281,0.22755672848072273,0,2,2,2,0.0,1.0,0.0,0.0,0.0,0.0,0.0,1.0,0.0,0.0,0.0,0.0,0.0,0.0,High,2,High,5.222138019809219,2.3282528397426234,8.031189202104505,0.2974678111587983,4.419570815450644,0,2693,0.16952789699570817,19.906047516198704
T00090,R0009,Zone_7,4.53,39.15,79.95,Cash,2024-07-12,0,Diya Patel,42.0,Female,Ahmedabad,2019-12-15,172.0,21.0,4.11,11070.0,0.64,45.2,Industrial,-0.6391811412887954,-0.8354144201829073,0,4,7,0,1.0,0.0,0.0,0.0,0.0,0.0,0.0,0.0,0.0,0.0,0.0,1.0,0.0,0.0,Low,0,Medium,4.393831680123644,1.7101878155342434,6.256996084384263,0.37720930232558136,5.327848837209302,0,2428,0.12209302325581395,17.649006622516556
T00091,R0205,Zone_1,12.44,87.74,134.42,Wallet,2023-02-27,0,Diya Singh,31.0,Other,Surat,2019-05-12,100.0,14.0,4.66,4921.0,2.43,30.9,Residential,-0.0021096341673773203,0.9421969510495057,0,0,2,2,0.0,0.0,0.0,1.0,1.0,0.0,0.0,0.0,0.0,0.0,0.0,0.0,0.0,0.0,High,2,Low,4.908381060057499,2.5982353350950036,9.366963221877194,0.25549999999999995,2.659,0,2645,0.14,10.805466237942122
T00092,R0059,Zone_4,13.81,120.47,115.41,Cash,2024-01-22,0,Aarav Sharma,43.0,Male,Delhi,2021-08-02,357.0,11.0,3.27,4038.0,2.46,48.2,Business,-0.22444723927804663,1.2500765437914032,0,0,1,1,1.0,0.0,0.0,0.0,0.0,0.0,0.0,0.0,1.0,0.0,0.0,0.0,0.0,0.0,High,2,High,4.75711844226015,2.6953026282797072,10.975882652433926,0.09803921568627451,1.4979831932773109,0,1832,0.03081232492997199,8.356987690079652
T00093,R0119,Zone_4,7.51,47.47,142.75,UPI,2024-04-21,0,Saanvi Iyer,47.0,Male,Hyderabad,2023-05-05,30.0,1.0,4.39,4038.0,2.46,48.2,Business,0.09531657575223756,-0.1657201235618466,0,6,4,1,0.0,0.0,1.0,0.0,0.0,0.0,0.0,0.0,1.0,0.0,0.0,0.0,0.0,0.0,High,2,Low,4.96807567967746,2.1412419425852827,6.8898476035395735,0.9743333333333334,13.516666666666667,0,1191,0.03333333333333333,19.00798934753662
T00094,R0271,Zone_7,6.93,58.93,105.07,Wallet,2024-04-18,0,Saanvi Iyer,22.0,Male,Bengaluru,2022-10-07,58.0,6.0,4.37,11070.0,0.64,45.2,Industrial,-0.34538205447238235,-0.296063308810241,0,3,4,1,0.0,0.0,0.0,1.0,0.0,0.0,0.0,0.0,0.0,0.0,0.0,1.0,0.0,0.0,Low,0,Low,4.664099253517379,2.0706530356467567,7.676587783644502,1.1210344827586207,16.013448275862068,0,1401,0.10344827586206896,15.16161616161616
T00095,R0004,Zone_3,0.87,6.04,16.87,UPI,2024-04-09,0,Aarav Nair,19.0,Other,Kolkata,2019-07-28,464.0,5.0,3.19,12971.0,2.11,38.0,Business,-1.3769536889153617,-1.657924865026224,0,1,4,2,0.0,0.0,1.0,0.0,0.0,0.0,0.0,1.0,0.0,0.0,0.0,0.0,0.0,0.0,High,2,High,2.8831233291713367,0.6259384308664953,2.4576411454889016,0.08019396551724138,1.4720474137931034,0,2568,0.010775862068965518,19.390804597701152
T00096,R0298,Zone_5,5.96,50.55,107.7,Cash,2023-02-16,0,Vivaan Singh,35.0,Female,Ahmedabad,2020-03-25,65.0,11.0,3.88,2590.0,1.31,43.9,Business,-0.31462203861540905,-0.5140510496566937,0,3,2,0,1.0,0.0,0.0,0.0,0.0,0.0,0.0,0.0,0.0,1.0,0.0,0.0,0.0,0.0,Medium,1,Low,4.688591794127164,1.9401794743463283,7.109852319141376,0.9721538461538463,15.421692307692307,0,2327,0.16923076923076924,18.07046979865772
T00097,R0061,Zone_4,6.54,53.61,149.53,UPI,2023-12-24,1,Meera Reddy,25.0,Male,Mumbai,2020-08-20,168.0,25.0,3.69,4038.0,2.46,48.2,Business,0.17461425921622173,-0.38370786440829924,0,6,12,1,0.0,0.0,1.0,0.0,0.0,0.0,0.0,0.0,1.0,0.0,0.0,0.0,0.0,0.0,High,2,Low,5.014162399872412,2.020222182019865,7.321885003194191,0.20517857142857143,3.5520238095238095,0,2179,0.1488095238095238,22.863914373088686
T00098,R0127,Zone_8,9.23,58.17,197.25,Wallet,2023-09-07,1,Vivaan Kumar,38.0,Male,Chennai,2020-03-17,43.0,2.0,4.83,4516.0,1.93,31.0,Business,0.7327389575792488,0.22081483958856454,0,3,9,1,0.0,0.0,0.0,1.0,0.0,0.0,0.0,0.0,0.0,0.0,0.0,0.0,1.0,0.0,High,2,Low,5.289528860514958,2.325324579963535,7.626925986267338,1.6467441860465117,32.56906976744186,0,2335,0.046511627906976744,21.37053087757313
T00099,R0290,Zone_2,7.16,64.31,116.82,Credit Card,2023-07-01,0,Saanvi Kumar,34.0,Other,Chennai,2020-05-06,169.0,4.0,4.28,6371.0,0.91,58.4,Residential,-0.20795612811518271,-0.24437549397036037,0,5,7,2,0.0,1.0,0.0,0.0,0.0,0.0,1.0,0.0,0.0,0.0,0.0,0.0,0.0,0.0,Low,0,Low,4.7691580360935415,2.0992441689760155,8.019351594736323,0.40366863905325445,6.376745562130178,0,2285,0.023668639053254437,16.31564245810056
T00100,R0127,Zone_4,9.22,64.89,200.69,Wallet,2023-04-02,1,Vivaan Kumar,38.0,Male,Chennai,2020-03-17,43.0,2.0,4.83,4038.0,2.46,48.2,Business,0.7729725904872289,0.21856754329117847,0,6,4,1,0.0,0.0,0.0,1.0,0.0,0.0,0.0,0.0,1.0,0.0,0.0,0.0,0.0,0.0,High,2,Low,5.306731865149055,2.3243465847755584,8.055432949258531,1.6467441860465117,32.56906976744186,0,2335,0.046511627906976744,21.766811279826463
T00101,R0296,Zone_7,15.67,121.5,379.63,Cash,2024-01-11,1,Reyansh Patel,37.0,Other,Hyderabad,2021-02-20,390.0,58.0,3.97,11070.0,0.64,45.2,Industrial,2.963717293973788,1.6680736551052195,0,3,1,2,1.0,0.0,0.0,0.0,0.0,0.0,0.0,0.0,0.0,0.0,0.0,1.0,0.0,0.0,Low,0,High,5.94182777466688,2.813610696762703,11.022703842524301,0.20374358974358978,3.349897435897436,0,1995,0.14871794871794872,24.22654754307594
T00102,R0088,Zone_5,5.35,53.28,125.86,Credit Card,2023-05-10,1,Diya Iyer,22.0,Other,Jaipur,2019-07-07,438.0,0.0,4.78,2590.0,1.31,43.9,Business,-0.1022258834965371,-0.6511361237972465,0,2,5,2,0.0,1.0,0.0,0.0,0.0,0.0,0.0,0.0,0.0,1.0,0.0,0.0,0.0,0.0,Medium,1,High,4.843084116205751,1.8484548129046001,7.299315036357863,0.1421232876712329,2.0405479452054793,0,2589,0.0,23.525233644859814
T00103,R0247,Zone_5,5.55,40.75,125.3,UPI,2024-04-15,1,Aadhya Das,37.0,Male,Bengaluru,2021-05-11,249.0,47.0,4.92,2590.0,1.31,43.9,Business,-0.10877554466760367,-0.6061901978495242,0,0,4,1,0.0,0.0,1.0,0.0,0.0,0.0,0.0,0.0,0.0,1.0,0.0,0.0,0.0,0.0,Medium,1,Medium,4.838660029356445,1.8794650496471605,6.383572667401852,0.5360642570281124,9.507791164658634,0,1915,0.18875502008032127,22.576576576576578
T00104,R0021,Zone_1,1.45,8.94,13.26,UPI,2023-06-28,0,Diya Ghosh,37.0,Female,Pune,2019-05-08,380.0,17.0,3.91,4921.0,2.43,30.9,Residential,-1.4191756118217014,-1.5275816797778294,0,2,6,0,0.0,0.0,1.0,0.0,1.0,0.0,0.0,0.0,0.0,0.0,0.0,0.0,0.0,0.0,High,2,High,2.65745841498615,0.8960880245566356,2.9899832775452104,0.09136842105263157,1.7853684210526317,0,2649,0.04473684210526316,9.144827586206898
T00105,R0210,Zone_5,7.96,45.79,63.84,UPI,2024-06-22,0,Meera Iyer,34.0,Other,Mumbai,2022-01-02,94.0,5.0,3.4,2590.0,1.31,43.9,Business,-0.827600858192156,-0.06459179017947159,0,5,6,2,0.0,0.0,1.0,0.0,0.0,0.0,0.0,0.0,0.0,1.0,0.0,0.0,0.0,0.0,Medium,1,Low,4.171922696867475,2.192770226986839,6.766830868286867,0.43127659574468086,5.512659574468086,0,1679,0.05319148936170213,8.020100502512562
T00106,R0073,Zone_1,12.88,86.01,193.62,Wallet,2023-10-13,0,Meera Das,41.0,Other,Ahmedabad,2021-06-19,490.0,30.0,3.01,4921.0,2.43,30.9,Residential,0.690283118202514,1.041077988134495,0,4,10,2,0.0,0.0,0.0,1.0,1.0,0.0,0.0,0.0,0.0,0.0,0.0,0.0,0.0,0.0,High,2,High,5.271048939393843,2.6304489550786583,9.274157643689264,0.16042857142857142,2.6034693877551023,0,1876,0.061224489795918366,15.032608695652174
T00107,R0051,Zone_3,0.76,6.83,9.71,Credit Card,2023-05-22,0,Aarav Nair,21.0,Male,Kolkata,2020-04-05,213.0,14.0,4.02,12971.0,2.11,38.0,Business,-1.4606957853168554,-1.6826451242974712,0,0,5,1,0.0,1.0,0.0,0.0,0.0,0.0,0.0,1.0,0.0,0.0,0.0,0.0,0.0,0.0,High,2,Medium,2.3711778844596574,0.5653138090500605,2.613426869074396,0.2778403755868545,5.169107981220657,0,2316,0.06572769953051644,12.776315789473685
T00108,R0185,Zone_5,4.67,31.35,52.05,Cash,2024-02-03,0,Vivaan Sharma,27.0,Male,Delhi,2021-08-27,201.0,12.0,4.05,2590.0,1.31,43.9,Business,-0.9654946174901462,-0.8039522720195019,0,5,2,1,1.0,0.0,0.0,0.0,0.0,0.0,0.0,0.0,0.0,1.0,0.0,0.0,0.0,0.0,Medium,1,Medium,3.971234865059992,1.7351891177396608,5.599107071667768,0.21756218905472638,3.7018905472636816,0,1807,0.05970149253731343,11.14561027837259
T00109,R0162,Zone_2,8.18,49.59,93.5,Credit Card,2024-01-14,0,Meera Patel,30.0,Male,Hyderabad,2023-08-14,394.0,38.0,4.28,6371.0,0.91,58.4,Residential,-0.48070273259602486,-0.015151271636977215,0,6,1,1,0.0,1.0,0.0,0.0,0.0,0.0,1.0,0.0,0.0,0.0,0.0,0.0,0.0,0.0,Low,0,High,4.548599834499697,2.217027204632399,7.042016756583302,0.13484771573604062,2.3779187817258887,0,1090,0.09644670050761421,11.430317848410759
T00110,R0075,Zone_4,12.25,116.83,202.81,Credit Card,2023-06-30,0,Diya Reddy,18.0,Female,Mumbai,2021-04-30,108.0,7.0,4.83,4038.0,2.46,48.2,Business,0.7977677363491237,0.8994983213991697,0,4,6,0,0.0,1.0,0.0,0.0,0.0,0.0,0.0,0.0,1.0,0.0,0.0,0.0,0.0,0.0,High,2,Low,5.317188187298288,2.583997552432231,10.808792717042916,0.43657407407407406,6.526018518518519,0,1926,0.06481481481481481,16.55591836734694
T00111,R0046,Zone_8,9.91,84.04,230.69,Wallet,2023-03-31,1,Vivaan Singh,31.0,Female,Kolkata,2019-08-16,31.0,4.0,3.87,4516.0,1.93,31.0,Business,1.1238472960800792,0.37363098781082,0,4,3,0,0.0,0.0,0.0,1.0,0.0,0.0,0.0,0.0,0.0,0.0,0.0,0.0,1.0,0.0,High,2,Low,5.445400271249282,2.3896797998449792,9.167333309092673,2.581290322580645,41.82,0,2549,0.12903225806451613,23.278506559031282
T00112,R0148,Zone_1,9.63,81.74,205.35,Cash,2024-07-23,1,Aarav Kumar,44.0,Male,Ahmedabad,2019-09-30,412.0,34.0,3.36,4921.0,2.43,30.9,Residential,0.8274751280893182,0.31070669148400903,0,1,7,1,1.0,0.0,0.0,0.0,1.0,0.0,0.0,0.0,0.0,0.0,0.0,0.0,0.0,0.0,High,2,High,5.329573756198591,2.363680192353857,9.041017641836564,0.056286407766990294,0.9918203883495146,0,2504,0.0825242718446602,21.32398753894081
T00113,R0100,Zone_5,6.88,66.15,85.07,Credit Card,2024-04-29,0,Ishaan Gupta,28.0,Male,Delhi,2021-05-24,383.0,60.0,3.79,2590.0,1.31,43.9,Business,-0.5792985248676158,-0.3072997902971715,0,0,4,1,0.0,1.0,0.0,0.0,0.0,0.0,0.0,0.0,0.0,1.0,0.0,0.0,0.0,0.0,Medium,1,High,4.455160918661383,2.064327903869788,8.133265027035575,0.26488250652741513,4.327650130548303,0,1902,0.1566579634464752,12.364825581395348
T00114,R0038,Zone_3,10.41,99.21,165.03,Wallet,2023-12-29,0,Aarav Singh,37.0,Other,Kolkata,2023-02-11,68.0,7.0,4.07,12971.0,2.11,38.0,Business,0.35589952377252765,0.4859958026801255,0,4,12,2,0.0,0.0,0.0,1.0,0.0,0.0,0.0,1.0,0.0,0.0,0.0,0.0,0.0,0.0,High,2,Low,5.112168494919695,2.4344901638739844,9.960421677820673,0.43720588235294117,6.673970588235294,0,1274,0.10294117647058823,15.853025936599424
T00115,R0165,Zone_7,13.07,83.36,253.42,Credit Card,2024-07-07,0,Meera Reddy,37.0,Female,Kolkata,2021-12-09,34.0,5.0,3.27,11070.0,0.64,45.2,Industrial,1.3896933646842617,1.083776617784831,0,6,7,0,0.0,1.0,0.0,0.0,0.0,0.0,0.0,0.0,0.0,0.0,0.0,1.0,0.0,0.0,Low,0,Low,5.538986444728065,2.644044871126298,9.130169768410662,1.3738235294117647,22.932352941176468,0,1703,0.14705882352941177,19.389441469013004
T00116,R0215,Zone_2,0.54,3.96,5.27,UPI,2023-12-09,0,Saanvi Gupta,26.0,Female,Hyderabad,2020-02-28,438.0,48.0,3.24,6371.0,0.91,58.4,Residential,-1.5126252417445971,-1.7320856428399656,0,5,12,0,0.0,0.0,1.0,0.0,0.0,0.0,1.0,0.0,0.0,0.0,0.0,0.0,0.0,0.0,Low,0,High,1.8357763546448294,0.43178241642553783,1.98997487421324,0.04143835616438356,0.8495433789954339,0,2353,0.1095890410958904,9.759259259259258
T00117,R0093,Zone_5,11.64,60.74,173.51,Credit Card,2024-08-16,0,Diya Patel,33.0,Other,Surat,2019-05-30,119.0,18.0,3.77,2590.0,1.31,43.9,Business,0.45508010722010656,0.7624132472586171,0,4,8,2,0.0,1.0,0.0,0.0,0.0,0.0,0.0,0.0,0.0,1.0,0.0,0.0,0.0,0.0,Medium,1,Low,5.16198204659078,2.5368663887187113,7.793587107359486,0.6012605042016808,9.999075630252099,0,2627,0.15126050420168066,14.906357388316149
T00118,R0266,Zone_2,7.51,43.35,88.93,Cash,2023-05-02,0,Diya Reddy,29.0,Other,Chennai,2020-09-25,98.0,13.0,3.9,6371.0,0.91,58.4,Residential,-0.5341526460813356,-0.1657201235618466,0,1,5,2,1.0,0.0,0.0,0.0,0.0,0.0,1.0,0.0,0.0,0.0,0.0,0.0,0.0,0.0,Low,0,Low,4.499031589926425,2.1412419425852827,6.5840716885526085,0.7445918367346939,12.729081632653061,0,2143,0.1326530612244898,11.841544607190414
T00119,R0108,Zone_7,5.35,31.23,133.14,Wallet,2023-06-30,1,Reyansh Gupta,18.0,Male,Pune,2019-05-31,184.0,32.0,4.88,11070.0,0.64,45.2,Industrial,-0.017080288272672276,-0.6511361237972465,0,4,6,1,0.0,0.0,0.0,1.0,0.0,0.0,0.0,0.0,0.0,0.0,0.0,1.0,0.0,0.0,Low,0,Medium,4.898884030671591,1.8484548129046001,5.588380803059147,0.23695652173913045,4.754836956521739,0,2626,0.17391304347826086,24.885981308411214
T00120,R0175,Zone_2,4.22,29.16,40.82,Cash,2024-03-04,0,Diya Patel,35.0,Male,Chennai,2022-08-18,98.0,8.0,3.48,6371.0,0.91,58.4,Residential,-1.0968387156170698,-0.905080605401877,0,0,3,1,1.0,0.0,0.0,0.0,0.0,0.0,1.0,0.0,0.0,0.0,0.0,0.0,0.0,0.0,Low,0,Low,3.7333746940004877,1.6524974018945473,5.4,0.7169387755102041,12.928877551020408,0,1451,0.08163265306122448,9.672985781990523
T00121,R0236,Zone_5,1.1,6.91,17.89,Wallet,2023-12-29,0,Arjun Gupta,28.0,Male,Ahmedabad,2020-08-10,61.0,1.0,3.36,2590.0,1.31,43.9,Business,-1.365023948925205,-1.6062370501863434,0,4,12,1,0.0,0.0,0.0,1.0,0.0,0.0,0.0,0.0,0.0,1.0,0.0,0.0,0.0,0.0,Medium,1,Low,2.9386326815134183,0.7419373447293773,2.6286878856189833,0.8198360655737704,12.599016393442623,0,2189,0.01639344262295082,16.263636363636362
T00122,R0278,Zone_1,16.49,126.69,379.63,Cash,2023-11-14,1,Aarav Reddy,20.0,Female,Mumbai,2021-09-02,382.0,58.0,4.27,4921.0,2.43,30.9,Residential,2.9523723451596187,1.8523519514908802,0,1,11,0,1.0,0.0,0.0,0.0,1.0,0.0,0.0,0.0,0.0,0.0,0.0,0.0,0.0,0.0,High,2,High,5.94182777466688,2.8616292890305104,11.255665240224586,0.25536649214659685,5.527120418848168,0,1801,0.1518324607329843,23.021831412977566
T00123,R0009,Zone_10,4.5600000000000005,34.92,49.82,Credit Card,2023-10-27,0,Diya Patel,42.0,Female,Ahmedabad,2019-12-15,172.0,21.0,4.11,2440.0,1.54,35.4,Industrial,-0.9915763039392148,-0.828672531290749,0,4,10,0,0.0,1.0,0.0,0.0,0.0,1.0,0.0,0.0,0.0,0.0,0.0,0.0,0.0,0.0,Medium,1,Medium,3.928289977892018,1.7155981082624912,5.909314681077663,0.37720930232558136,5.327848837209302,0,2428,0.12209302325581395,10.925438596491228
T00124,R0297,Zone_8,2.58,13.39,49.39,UPI,2024-05-25,0,Saanvi Gupta,47.0,Male,Pune,2023-09-20,396.0,46.0,3.87,4516.0,1.93,31.0,Business,-0.9966055080527123,-1.2736371981731989,0,5,5,1,0.0,0.0,1.0,0.0,0.0,0.0,0.0,0.0,0.0,0.0,0.0,0.0,1.0,0.0,High,2,High,3.9197927426925068,1.275362800412609,3.6592348927063973,0.059898989898989896,1.0166161616161615,0,1053,0.11616161616161616,19.143410852713178
T00125,R0002,Zone_9,5.72,41.44,129.43,Credit Card,2024-03-30,1,Ishaan Nair,39.0,Female,Mumbai,2019-11-23,70.0,5.0,4.12,11037.0,1.83,56.1,Mixed,-0.06047179353098785,-0.5679861607939604,0,5,3,0,0.0,1.0,0.0,0.0,0.0,0.0,0.0,0.0,0.0,0.0,0.0,0.0,0.0,1.0,High,2,Low,4.8708366843821915,1.9050881545350582,6.437390775772433,1.0812857142857142,16.794428571428572,0,2450,0.07142857142857142,22.62762237762238
T00126,R0287,Zone_1,4.27,31.04,69.77,Cash,2023-07-13,0,Saanvi Singh,18.0,Other,Delhi,2021-12-17,320.0,34.0,3.33,4921.0,2.43,30.9,Residential,-0.7582446247199695,-0.8938441239149464,0,3,7,2,1.0,0.0,0.0,0.0,1.0,0.0,0.0,0.0,0.0,0.0,0.0,0.0,0.0,0.0,High,2,Medium,4.259435182087693,1.6620303625532709,5.571355310873647,0.12587500000000001,2.3166874999999996,0,1695,0.10625,16.339578454332553
T00127,R0098,Zone_8,8.62,43.67,118.52,UPI,2024-04-15,0,Diya Singh,21.0,Other,Bengaluru,2023-04-29,286.0,56.0,3.5,4516.0,1.93,31.0,Business,-0.18807322813158783,0.08372976544801153,0,0,4,2,0.0,0.0,1.0,0.0,0.0,0.0,0.0,0.0,0.0,0.0,0.0,0.0,1.0,0.0,High,2,Medium,4.783483721384507,2.263844264677615,6.608328079022711,0.24779720279720283,3.7473776223776225,0,1197,0.1958041958041958,13.749419953596288
T00128,R0113,Zone_10,15.58,134.76,327.97,Wallet,2024-08-23,1,Aadhya Singh,26.0,Other,Chennai,2019-03-09,423.0,26.0,4.61,2440.0,1.54,35.4,Industrial,2.261617008082495,1.6478479884287445,0,4,8,2,0.0,0.0,0.0,1.0,0.0,1.0,0.0,0.0,0.0,0.0,0.0,0.0,0.0,0.0,Medium,1,High,5.795966561197395,2.8081971497071487,11.60861748874516,0.1300709219858156,2.591702127659574,0,2709,0.061465721040189124,21.050706033376123
T00129,R0047,Zone_4,5.07,29.05,108.85,Wallet,2023-03-14,1,Reyansh Iyer,51.0,Female,Bengaluru,2021-10-07,69.0,3.0,4.86,4038.0,2.46,48.2,Business,-0.30117184156768323,-0.7140604201240575,0,1,3,0,0.0,0.0,0.0,1.0,0.0,0.0,0.0,0.0,1.0,0.0,0.0,0.0,0.0,0.0,High,2,Low,4.699115798830619,1.803358605071407,5.389805191284746,0.9018840579710146,16.592318840579708,0,1766,0.043478260869565216,21.469428007889544
T00130,R0297,Zone_6,8.77,55.57,193.03,UPI,2024-01-21,1,Saanvi Gupta,47.0,Male,Pune,2023-09-20,396.0,46.0,3.87,14627.0,0.54,37.6,Mixed,0.6833825823258545,0.11743920990880327,0,6,1,1,0.0,0.0,1.0,0.0,0.0,0.0,0.0,0.0,0.0,0.0,1.0,0.0,0.0,0.0,Low,0,High,5.268012786283181,2.2793164660546914,7.454528824815154,0.059898989898989896,1.0166161616161615,0,1053,0.11616161616161616,22.010262257696695
T00131,R0246,Zone_1,2.26,19.77,54.11,Wallet,2024-04-15,1,Vivaan Das,29.0,Other,Mumbai,2021-03-31,240.0,34.0,4.79,4921.0,2.43,30.9,Residential,-0.9414012210394371,-1.3455506796895547,0,0,4,2,0.0,0.0,0.0,1.0,1.0,0.0,0.0,0.0,0.0,0.0,0.0,0.0,0.0,0.0,High,2,Medium,4.009331187895144,1.1817271953786161,4.446346815083142,0.34891666666666665,6.460624999999999,0,1956,0.14166666666666666,23.942477876106196
T00132,R0220,Zone_1,15.6,79.16,238.5,Credit Card,2023-01-24,0,Meera Ghosh,32.0,Female,Kolkata,2023-04-18,491.0,63.0,3.78,4921.0,2.43,30.9,Residential,1.2151916777694178,1.6523425810235166,0,1,1,0,0.0,1.0,0.0,0.0,1.0,0.0,0.0,0.0,0.0,0.0,0.0,0.0,0.0,0.0,High,2,High,5.4785534168509695,2.8094026953624978,8.89719056781409,0.11364562118126273,2.2715478615071283,0,1208,0.12830957230142567,15.288461538461538
T00133,R0060,Zone_4,8.95,80.7,77.22,Cash,2023-07-28,0,Aarav Nair,40.0,Female,Hyderabad,2023-08-01,123.0,7.0,4.57,4038.0,2.46,48.2,Business,-0.6711107394977449,0.1578905432617532,0,4,7,0,1.0,0.0,0.0,0.0,0.0,0.0,0.0,0.0,1.0,0.0,0.0,0.0,0.0,0.0,High,2,Low,4.359525369327368,2.2975725511705014,8.983317872590282,0.38422764227642275,5.954308943089431,0,1103,0.056910569105691054,8.627932960893855
T00134,R0039,Zone_9,2.59,13.62,50.28,UPI,2023-07-30,0,Aadhya Iyer,24.0,Male,Chennai,2023-11-18,190.0,14.0,4.2,11037.0,1.83,56.1,Mixed,-0.9861962251201244,-1.2713899018758128,0,6,7,1,0.0,0.0,1.0,0.0,0.0,0.0,0.0,0.0,0.0,0.0,0.0,0.0,0.0,1.0,High,2,Medium,3.9373008126124147,1.2781522025001875,3.690528417449187,0.17821052631578946,2.674,0,994,0.07368421052631578,19.413127413127416
T00135,R0233,Zone_9,12.52,86.28,309.0,Credit Card,2024-01-13,1,Ishaan Iyer,30.0,Other,Hyderabad,2023-11-23,469.0,41.0,4.37,11037.0,1.83,56.1,Mixed,2.039747235912616,0.9601753214285946,0,5,1,2,0.0,1.0,0.0,0.0,0.0,0.0,0.0,0.0,0.0,0.0,0.0,0.0,0.0,1.0,High,2,High,5.736572297479192,2.604170070614818,9.288702815786497,0.1903411513859275,3.3757569296375265,0,989,0.08742004264392324,24.680511182108628
T00136,R0009,Zone_3,14.0,100.64,155.38,Credit Card,2023-03-17,0,Diya Patel,42.0,Female,Ahmedabad,2019-12-15,172.0,21.0,4.11,12971.0,2.11,38.0,Business,0.24303482680682745,1.2927751734417392,0,4,3,0,0.0,1.0,0.0,0.0,0.0,0.0,0.0,1.0,0.0,0.0,0.0,0.0,0.0,0.0,High,2,Medium,5.052288942696368,2.70805020110221,10.031948963187562,0.37720930232558136,5.327848837209302,0,2428,0.12209302325581395,11.098571428571429
T00137,R0003,Zone_10,8.81,55.8,71.01,UPI,2023-01-25,0,Kavya Reddy,34.0,Male,Pune,2023-05-04,45.0,9.0,3.76,2440.0,1.54,35.4,Industrial,-0.7437418035554648,0.1264283950983479,0,2,1,1,0.0,0.0,1.0,0.0,0.0,1.0,0.0,0.0,0.0,0.0,0.0,0.0,0.0,0.0,Medium,1,Low,4.276804998260776,2.2834022735772717,7.469939758793239,1.5040000000000002,21.593555555555557,0,1192,0.2,8.060158910329172
T00138,R0132,Zone_1,0.2,1.98,3.5,Wallet,2023-12-18,0,Aadhya Iyer,23.0,Male,Surat,2022-12-09,484.0,25.0,3.32,4921.0,2.43,30.9,Residential,-1.5333268493745755,-1.8084937169510935,0,0,12,1,0.0,0.0,0.0,1.0,1.0,0.0,0.0,0.0,0.0,0.0,0.0,0.0,0.0,0.0,High,2,High,1.5040773967762742,0.18232155679395465,1.407124727947029,0.1433884297520661,2.2561776859504135,0,1338,0.05165289256198347,17.5
T00139,R0053,Zone_7,16.93,85.55,323.75,UPI,2023-03-09,0,Arjun Reddy,45.0,Female,Delhi,2019-09-16,63.0,7.0,4.85,11070.0,0.64,45.2,Industrial,2.2122606328291003,1.9512329885758695,0,3,3,0,0.0,0.0,1.0,0.0,0.0,0.0,0.0,0.0,0.0,0.0,0.0,1.0,0.0,0.0,Low,0,Low,5.783055655550709,2.8864752876170416,9.249324299644812,0.6984126984126984,11.318095238095237,0,2518,0.1111111111111111,19.122858830478442
T00140,R0101,Zone_2,9.55,63.77,164.23,Credit Card,2024-07-18,0,Aarav Singh,37.0,Female,Delhi,2020-11-01,228.0,29.0,3.03,6371.0,0.91,58.4,Residential,0.3465428649567182,0.29272832110492014,0,3,7,0,0.0,1.0,0.0,0.0,0.0,0.0,1.0,0.0,0.0,0.0,0.0,0.0,0.0,0.0,Low,0,Medium,5.1073384426629,2.3561258599220753,7.985612061701971,0.19864035087719298,2.9445614035087715,0,2106,0.12719298245614036,17.196858638743453
T00141,R0112,Zone_4,13.85,137.6,135.59,Cash,2023-08-24,0,Meera Nair,41.0,Female,Delhi,2020-11-13,311.0,11.0,3.24,4038.0,2.46,48.2,Business,0.011574479350744024,1.2590657289809475,0,3,8,0,1.0,0.0,0.0,0.0,0.0,0.0,0.0,0.0,1.0,0.0,0.0,0.0,0.0,0.0,High,2,Medium,4.9169837380148005,2.6979998652487085,11.730302638892145,0.28787781350482317,3.6986173633440513,0,2094,0.03536977491961415,9.789891696750903
T00142,R0277,Zone_8,5.25,37.61,93.01,Cash,2023-02-11,0,Kavya Gupta,42.0,Female,Jaipur,2021-01-22,433.0,16.0,3.06,4516.0,1.93,31.0,Business,-0.48643368612070803,-0.6736090867711075,0,5,2,0,1.0,0.0,0.0,0.0,0.0,0.0,0.0,0.0,0.0,0.0,0.0,0.0,1.0,0.0,High,2,High,4.543401159590459,1.8325814637483102,6.132699242584786,0.20076212471131638,3.2397228637413393,0,2024,0.03695150115473441,17.716190476190476
T00143,R0278,Zone_1,6.01,35.02,140.33,Cash,2024-01-21,1,Aarav Reddy,20.0,Female,Mumbai,2021-09-02,382.0,58.0,4.27,4921.0,2.43,30.9,Residential,0.06701268283441446,-0.5028145681697631,0,6,1,0,1.0,0.0,0.0,0.0,1.0,0.0,0.0,0.0,0.0,0.0,0.0,0.0,0.0,0.0,High,2,High,4.9510975813800595,1.9473377010464987,5.917769850205397,0.25536649214659685,5.527120418848168,0,1801,0.1518324607329843,23.349417637271216
T00144,R0227,Zone_2,8.55,47.24,140.57,Credit Card,2023-05-11,0,Arjun Nair,25.0,Other,Pune,2020-07-11,320.0,23.0,4.12,6371.0,0.91,58.4,Residential,0.06981968047915704,0.0679986913663091,0,3,5,2,0.0,1.0,0.0,0.0,0.0,0.0,1.0,0.0,0.0,0.0,0.0,0.0,0.0,0.0,Low,0,Medium,4.952794294406406,2.256541154492639,6.8731361109758335,0.0885,1.58815625,0,2219,0.071875,16.440935672514616
T00145,R0182,Zone_6,13.57,111.94,176.46,UPI,2023-09-26,0,Meera Patel,43.0,Male,Jaipur,2020-09-30,8.0,0.0,4.4,14627.0,0.54,37.6,Mixed,0.48958278660340365,1.1961414326541364,0,1,9,1,0.0,0.0,1.0,0.0,0.0,0.0,0.0,0.0,0.0,0.0,1.0,0.0,0.0,0.0,Low,0,Low,5.178745231407191,2.6789646202071133,10.580170130957253,6.19125,104.47625,0,2138,0.0,13.003684598378777
T00146,R0288,Zone_2,8.71,64.91,143.0,Wallet,2024-07-17,0,Diya Ghosh,42.0,Male,Ahmedabad,2021-08-30,43.0,5.0,4.56,6371.0,0.91,58.4,Residential,0.09824053163217798,0.1039554321244869,0,2,7,1,0.0,0.0,0.0,1.0,0.0,0.0,1.0,0.0,0.0,0.0,0.0,0.0,0.0,0.0,Low,0,Low,4.969813299576001,2.2731562823032334,8.056674251823763,1.2111627906976743,18.50232558139535,0,1804,0.11627906976744186,16.41791044776119
T00147,R0043,Zone_6,1.72,11.0,28.33,Wallet,2023-08-04,0,Diya Kumar,28.0,Male,Ahmedabad,2021-12-10,85.0,16.0,4.68,14627.0,0.54,37.6,Mixed,-1.242919551378893,-1.4669046797484044,0,4,8,1,0.0,0.0,0.0,1.0,0.0,0.0,0.0,0.0,0.0,0.0,1.0,0.0,0.0,0.0,Low,0,Low,3.3786108829893595,1.000631880307906,3.3166247903554,0.7901176470588235,10.147058823529411,0,1702,0.18823529411764706,16.47093023255814
T00148,R0162,Zone_3,9.31,67.23,101.61,Credit Card,2023-06-10,0,Meera Patel,30.0,Male,Hyderabad,2023-08-14,394.0,38.0,4.28,12971.0,2.11,38.0,Business,-0.38584960385075767,0.23879320996765344,0,5,6,1,0.0,1.0,0.0,0.0,0.0,0.0,0.0,1.0,0.0,0.0,0.0,0.0,0.0,0.0,High,2,High,4.630935393874117,2.333114298028869,8.19939022122987,0.13484771573604062,2.3779187817258887,0,1090,0.09644670050761421,10.9140708915145
T00149,R0232,Zone_4,16.15,114.77,160.8,Credit Card,2023-09-24,0,Meera Das,38.0,Male,Jaipur,2022-12-08,172.0,15.0,3.94,4038.0,2.46,48.2,Business,0.3064261902839359,1.7759438773797525,0,6,9,1,0.0,1.0,0.0,0.0,0.0,0.0,0.0,0.0,1.0,0.0,0.0,0.0,0.0,0.0,High,2,Medium,5.086361004624392,2.8419981736119486,10.713076122197583,0.541860465116279,8.667674418604651,0,1339,0.0872093023255814,9.956656346749227
T00150,R0240,Zone_9,8.33,48.26,75.22,Wallet,2023-06-12,0,Aarav Iyer,30.0,Male,Delhi,2020-05-18,174.0,2.0,4.07,11037.0,1.83,56.1,Mixed,-0.6945023865372683,0.01855817282381452,0,0,6,1,0.0,0.0,0.0,1.0,0.0,0.0,0.0,0.0,0.0,0.0,0.0,0.0,0.0,1.0,High,2,Medium,4.333623895445714,2.2332350148592526,6.9469417731833625,0.5294252873563219,7.0199425287356325,0,2273,0.011494252873563218,9.03001200480192
T00151,R0260,Zone_6,8.65,81.15,195.04,Wallet,2023-05-30,1,Reyansh Das,55.0,Other,Mumbai,2019-07-17,63.0,3.0,4.24,14627.0,0.54,37.6,Mixed,0.7068911876005753,0.09047165434017011,0,1,5,2,0.0,0.0,0.0,1.0,0.0,0.0,0.0,0.0,0.0,0.0,1.0,0.0,0.0,0.0,Low,0,Low,5.278318720041347,2.2669579153508947,9.008329478876759,0.5998412698412698,10.94063492063492,0,2579,0.047619047619047616,22.547976878612715
T00152,R0238,Zone_7,1.69,9.88,31.89,UPI,2023-01-25,0,Reyansh Patel,30.0,Other,Pune,2019-04-22,362.0,56.0,4.91,11070.0,0.64,45.2,Industrial,-1.2012824196485414,-1.4736465686405629,0,2,1,2,0.0,0.0,1.0,0.0,0.0,0.0,0.0,0.0,0.0,0.0,0.0,1.0,0.0,0.0,Low,0,High,3.4931686602009657,0.9895411936137477,3.1432467291003423,0.10698895027624308,1.6299171270718231,0,2665,0.15469613259668508,18.869822485207102
T00153,R0252,Zone_10,0.99,7.74,20.96,UPI,2023-02-06,1,Reyansh Gupta,38.0,Other,Ahmedabad,2020-09-23,392.0,47.0,4.83,2440.0,1.54,35.4,Industrial,-1.3291177707195365,-1.6309573094575904,0,0,2,2,0.0,0.0,1.0,0.0,0.0,1.0,0.0,0.0,0.0,0.0,0.0,0.0,0.0,0.0,Medium,1,High,3.08922261664133,0.688134638736401,2.7820855486487113,0.25614795918367345,4.290943877551021,0,2145,0.11989795918367346,21.171717171717173
T00154,R0096,Zone_8,4.8100000000000005,27.53,43.26,UPI,2023-05-01,0,Reyansh Das,40.0,Female,Kolkata,2019-12-28,121.0,3.0,4.46,4516.0,1.93,31.0,Business,-1.0683009062288513,-0.7724901238560963,0,0,5,0,0.0,0.0,1.0,0.0,0.0,0.0,0.0,0.0,0.0,0.0,0.0,0.0,1.0,0.0,High,2,Low,3.7900813346229034,1.75958057086382,5.246903848937962,0.2265289256198347,2.933471074380165,0,2415,0.024793388429752067,8.993762993762992
T00155,R0134,Zone_3,6.37,46.88,146.78,Cash,2024-01-08,1,Aadhya Singh,34.0,Male,Jaipur,2022-07-30,410.0,29.0,4.59,12971.0,2.11,38.0,Business,0.14245074453687712,-0.4219119014638631,0,0,1,1,1.0,0.0,0.0,0.0,0.0,0.0,0.0,1.0,0.0,0.0,0.0,0.0,0.0,0.0,High,2,High,4.995724681360501,1.9974177062012453,6.846897107449476,0.13614634146341464,2.644878048780488,0,1470,0.07073170731707316,23.042386185243327
T00156,R0272,Zone_10,8.52,83.6,139.92,Cash,2023-02-14,0,Kavya Ghosh,21.0,Male,Kolkata,2020-01-15,432.0,4.0,4.79,2440.0,1.54,35.4,Industrial,0.062217395191311885,0.06125680247415051,0,1,2,1,1.0,0.0,0.0,0.0,0.0,1.0,0.0,0.0,0.0,0.0,0.0,0.0,0.0,0.0,Medium,1,High,4.948192353473037,2.253394848803274,9.143303560529969,0.09326388888888888,1.6012962962962962,0,2397,0.009259259259259259,16.422535211267604
T00157,R0191,Zone_3,8.83,65.91,137.29,Wallet,2023-02-01,0,Meera Gupta,33.0,Other,Surat,2020-08-14,87.0,6.0,4.56,12971.0,2.11,38.0,Business,0.03145737933433874,0.13092298769312005,0,2,2,2,0.0,0.0,0.0,1.0,0.0,0.0,0.0,1.0,0.0,0.0,0.0,0.0,0.0,0.0,High,2,Low,4.929352929476567,2.285438934159075,8.118497397917917,0.9559770114942528,15.24735632183908,0,2185,0.06896551724137931,15.548131370328425
T00158,R0193,Zone_4,16.01,120.0,245.9,Cash,2024-03-14,0,Kavya Singh,33.0,Female,Chennai,2022-01-03,389.0,68.0,4.41,4038.0,2.46,48.2,Business,1.3017407718156542,1.7444817292163477,0,3,3,0,1.0,0.0,0.0,0.0,0.0,0.0,0.0,0.0,1.0,0.0,0.0,0.0,0.0,0.0,High,2,High,5.508983396351134,2.8338014064077703,10.954451150103322,0.14419023136246786,2.5851928020565555,0,1678,0.17480719794344474,15.359150530918175
T00159,R0156,Zone_9,8.29,54.53,194.79,Wallet,2024-02-27,1,Ishaan Iyer,33.0,Female,Jaipur,2022-07-07,255.0,18.0,4.28,11037.0,1.83,56.1,Mixed,0.7039672317206349,0.009568987634269872,0,1,2,0,0.0,0.0,0.0,1.0,0.0,0.0,0.0,0.0,0.0,0.0,0.0,0.0,0.0,1.0,High,2,Medium,5.277042656269182,2.2289385528257473,7.384443106964803,0.09482352941176471,1.8989411764705884,0,1493,0.07058823529411765,23.496984318455972
T00160,R0284,Zone_6,13.32,86.84,297.22,Wallet,2023-07-04,1,Vivaan Das,28.0,Female,Surat,2019-07-31,135.0,19.0,4.95,14627.0,0.54,37.6,Mixed,1.9019704348498236,1.1399590252194838,0,1,7,0,0.0,0.0,0.0,1.0,0.0,0.0,0.0,0.0,0.0,0.0,1.0,0.0,0.0,0.0,Low,0,Low,5.697831469162762,2.6616571615324998,9.318798205777396,0.45118518518518513,7.306148148148148,0,2565,0.14074074074074075,22.313813813813816
T00161,R0052,Zone_9,7.8,77.99,101.69,UPI,2023-11-24,0,Reyansh Singh,23.0,Other,Hyderabad,2021-03-09,40.0,7.0,4.74,11037.0,1.83,56.1,Mixed,-0.3849139379691768,-0.10054853093764939,0,4,11,2,0.0,0.0,1.0,0.0,0.0,0.0,0.0,0.0,0.0,0.0,0.0,0.0,0.0,1.0,High,2,Low,4.631714741210204,2.174751721484161,8.831194709664146,0.76475,12.866499999999998,0,1978,0.175,13.037179487179488
T00162,R0040,Zone_8,15.24,117.92,127.82,Credit Card,2023-11-05,0,Aarav Gupta,34.0,Other,Surat,2023-05-05,485.0,36.0,4.41,4516.0,1.93,31.0,Business,-0.07930206939780429,1.5714399143176168,0,6,11,2,0.0,1.0,0.0,0.0,0.0,0.0,0.0,0.0,0.0,0.0,0.0,0.0,1.0,0.0,High,2,High,4.858416081118745,2.787477334733532,10.859097568398582,0.1658762886597938,2.352061855670103,0,1191,0.07422680412371134,8.387139107611548
T00163,R0200,Zone_2,1.35,10.81,33.27,Cash,2023-12-31,1,Kavya Kumar,30.0,Other,Bengaluru,2021-11-15,443.0,87.0,3.6,6371.0,0.91,58.4,Residential,-1.1851421831912703,-1.5500546427516906,0,6,12,2,1.0,0.0,0.0,0.0,0.0,0.0,1.0,0.0,0.0,0.0,0.0,0.0,0.0,0.0,Low,0,High,3.5342703358865175,0.8544153281560676,3.2878564445547194,0.09022573363431151,1.1048532731376977,0,1727,0.1963882618510158,24.644444444444446
T00164,R0098,Zone_9,5.01,36.18,75.78,Wallet,2023-01-26,0,Diya Singh,21.0,Other,Bengaluru,2023-04-29,286.0,56.0,3.5,11037.0,1.83,56.1,Mixed,-0.6879527253662017,-0.7275441979083742,0,3,1,2,0.0,0.0,0.0,1.0,0.0,0.0,0.0,0.0,0.0,0.0,0.0,0.0,0.0,1.0,High,2,Medium,4.340944189572651,1.7934247485471162,6.014981296729027,0.24779720279720283,3.7473776223776225,0,1197,0.1958041958041958,15.125748502994012
T00165,R0055,Zone_3,12.92,113.26,307.72,Wallet,2024-04-22,1,Kavya Singh,32.0,Male,Delhi,2021-11-07,425.0,12.0,4.19,12971.0,2.11,38.0,Business,2.024776581807321,1.0500671733240392,0,0,4,1,0.0,0.0,0.0,1.0,0.0,0.0,0.0,1.0,0.0,0.0,0.0,0.0,0.0,0.0,High,2,High,5.7324347172293635,2.6333266549062735,10.64236815751081,0.16870588235294118,2.610729411764706,0,1735,0.02823529411764706,23.817337461300312
T00166,R0230,Zone_8,7.14,50.26,122.74,Cash,2023-02-24,0,Kavya Gupta,32.0,Male,Chennai,2022-11-22,183.0,23.0,3.65,4516.0,1.93,31.0,Business,-0.13871685287819358,-0.2488700865651327,0,4,2,1,1.0,0.0,0.0,0.0,0.0,0.0,0.0,0.0,0.0,0.0,0.0,0.0,1.0,0.0,High,2,Medium,4.818182590102842,2.096790180014449,7.089428749906441,0.32054644808743166,4.962950819672131,0,1355,0.12568306010928962,17.19047619047619
T00167,R0287,Zone_9,12.66,78.42,300.95,UPI,2024-03-27,1,Saanvi Singh,18.0,Other,Delhi,2021-12-17,320.0,34.0,3.33,11037.0,1.83,56.1,Mixed,1.945595856578534,0.9916374695920004,0,2,3,2,0.0,0.0,1.0,0.0,0.0,0.0,0.0,0.0,0.0,0.0,0.0,0.0,0.0,1.0,High,2,Medium,5.71026144075391,2.614471854142644,8.855506761332183,0.12587500000000001,2.3166874999999996,0,1695,0.10625,23.77172195892575
T00168,R0131,Zone_9,9.93,63.88,156.99,Cash,2024-01-19,0,Reyansh Ghosh,24.0,Male,Surat,2019-10-22,99.0,7.0,3.6,11037.0,1.83,56.1,Mixed,0.2618651026736439,0.37812558040559213,0,4,1,1,1.0,0.0,0.0,0.0,0.0,0.0,0.0,0.0,0.0,0.0,0.0,0.0,0.0,1.0,High,2,Low,5.062531739884758,2.391511302188447,7.992496481075234,0.2724242424242424,4.396262626262627,0,2482,0.0707070707070707,15.809667673716014
T00169,R0043,Zone_1,12.73,83.5,211.73,Wallet,2024-03-09,0,Diya Kumar,28.0,Male,Ahmedabad,2021-12-10,85.0,16.0,4.68,4921.0,2.43,30.9,Residential,0.9020944821453977,1.0073685436737032,0,5,3,1,0.0,0.0,0.0,1.0,1.0,0.0,0.0,0.0,0.0,0.0,0.0,0.0,0.0,0.0,High,2,Low,5.360023755984015,2.6195832197798796,9.137833441248533,0.7901176470588235,10.147058823529411,0,1702,0.18823529411764706,16.632364493322857
T00170,R0120,Zone_10,11.07,101.93,252.84,Wallet,2024-08-05,1,Ishaan Gupta,18.0,Other,Surat,2020-07-12,311.0,15.0,4.55,2440.0,1.54,35.4,Industrial,1.3829097870428002,0.6343173583076088,0,0,8,2,0.0,0.0,0.0,1.0,0.0,1.0,0.0,0.0,0.0,0.0,0.0,0.0,0.0,0.0,Medium,1,Medium,5.53670414727494,2.4907230351094403,10.09603882718366,0.21929260450160773,3.260289389067524,0,2218,0.04823151125401929,22.84010840108401
T00171,R0279,Zone_7,11.37,105.02,253.41,Credit Card,2023-10-17,1,Diya Singh,25.0,Other,Pune,2022-04-21,454.0,84.0,3.73,11070.0,0.64,45.2,Industrial,1.3895764064490643,0.7017362472291919,0,1,10,2,0.0,1.0,0.0,0.0,0.0,0.0,0.0,0.0,0.0,0.0,0.0,1.0,0.0,0.0,Low,0,High,5.5389471388695215,2.5152741864043966,10.24792661956554,0.09151982378854624,1.5398017621145372,0,1570,0.18502202643171806,22.28759894459103
T00172,R0084,Zone_9,15.46,79.01,340.61,Cash,2023-07-23,1,Kavya Sharma,38.0,Male,Jaipur,2019-07-21,366.0,6.0,4.67,11037.0,1.83,56.1,Mixed,2.4094522173722823,1.6208804328601114,0,6,7,1,1.0,0.0,0.0,0.0,0.0,0.0,0.0,0.0,0.0,0.0,0.0,0.0,0.0,1.0,High,2,High,5.8336697354906235,2.800933195248924,8.888756943465156,0.20464480874316943,3.923060109289618,0,2575,0.01639344262295082,22.03169469598965
T00173,R0015,Zone_7,12.93,82.38,257.06,UPI,2023-08-31,0,Saanvi Patel,28.0,Other,Chennai,2022-12-19,46.0,1.0,3.87,11070.0,0.64,45.2,Industrial,1.4322661622961945,1.0523144696214253,0,3,8,2,0.0,0.0,1.0,0.0,0.0,0.0,0.0,0.0,0.0,0.0,0.0,1.0,0.0,0.0,Low,0,Low,5.5531921160237,2.6340447877917144,9.076342875850383,0.6521739130434783,12.996739130434783,0,1328,0.021739130434782608,19.880897138437742
T00174,R0080,Zone_7,12.97,93.21,158.32,Credit Card,2023-09-23,0,Reyansh Kumar,19.0,Female,Mumbai,2021-05-15,34.0,6.0,4.6,11070.0,0.64,45.2,Industrial,0.27742054795492677,1.0613036548109698,0,5,9,0,0.0,1.0,0.0,0.0,0.0,0.0,0.0,0.0,0.0,0.0,0.0,1.0,0.0,0.0,Low,0,Low,5.070914758313443,2.6369121732688705,9.654532614269838,1.6208823529411764,24.814117647058826,0,1911,0.17647058823529413,12.206630686198919
T00175,R0300,Zone_2,8.1,68.75,147.3,Wallet,2023-10-02,0,Saanvi Iyer,38.0,Female,Kolkata,2023-07-08,291.0,7.0,3.67,6371.0,0.91,58.4,Residential,0.14853257276715331,-0.033129642016066115,0,0,10,0,0.0,0.0,0.0,1.0,0.0,0.0,1.0,0.0,0.0,0.0,0.0,0.0,0.0,0.0,Low,0,Medium,4.999237249143887,2.2082744135228043,8.2915619758885,0.1885910652920962,3.4253264604810996,0,1127,0.024054982817869417,18.185185185185187
T00176,R0040,Zone_1,5.09,29.36,48.22,Cash,2023-09-04,0,Aarav Gupta,34.0,Other,Surat,2023-05-05,485.0,36.0,4.41,4921.0,2.43,30.9,Residential,-1.0102896215708335,-0.7095658275292853,0,0,9,2,1.0,0.0,0.0,0.0,1.0,0.0,0.0,0.0,0.0,0.0,0.0,0.0,0.0,0.0,High,2,High,3.89630004496291,1.8066480817218056,5.418486873657627,0.1658762886597938,2.352061855670103,0,1191,0.07422680412371134,9.473477406679764
T00177,R0147,Zone_10,4.7,29.3,99.31,Cash,2023-06-06,1,Saanvi Nair,35.0,Other,Mumbai,2022-08-29,239.0,21.0,3.91,2440.0,1.54,35.4,Industrial,-0.4127499979462095,-0.7972103831273435,0,1,6,2,1.0,0.0,0.0,0.0,0.0,1.0,0.0,0.0,0.0,0.0,0.0,0.0,0.0,0.0,Medium,1,Medium,4.608265390895394,1.7404661748405046,5.412947441089743,0.26589958158995813,4.27531380753138,0,1440,0.08786610878661087,21.129787234042553
T00178,R0019,Zone_3,11.75,101.41,164.45,Cash,2023-04-26,0,Kavya Patel,40.0,Other,Mumbai,2023-04-02,266.0,24.0,4.08,12971.0,2.11,38.0,Business,0.3491159461310657,0.7871335065298642,0,2,4,2,1.0,0.0,0.0,0.0,0.0,0.0,0.0,1.0,0.0,0.0,0.0,0.0,0.0,0.0,High,2,Medium,5.1086690343676215,2.545531271604435,10.070253224224304,0.14567669172932332,2.3796616541353384,0,1224,0.09022556390977443,13.995744680851063
T00179,R0270,Zone_3,4.19,36.56,98.82,Credit Card,2024-01-02,1,Aadhya Reddy,35.0,Male,Hyderabad,2022-01-02,455.0,64.0,3.08,12971.0,2.11,38.0,Business,-0.4184809514708928,-0.9118224942940352,0,1,1,1,0.0,1.0,0.0,0.0,0.0,0.0,0.0,1.0,0.0,0.0,0.0,0.0,0.0,0.0,High,2,High,4.603368564041463,1.6467336971777973,6.04648658313239,0.12975824175824174,2.420945054945055,0,1679,0.14065934065934066,23.584725536992835
T00180,R0281,Zone_7,1.46,11.89,33.0,Wallet,2023-05-23,1,Arjun Iyer,21.0,Female,Jaipur,2020-10-15,268.0,17.0,4.74,11070.0,0.64,45.2,Industrial,-1.1883000555416061,-1.5253343834804434,0,1,5,0,0.0,0.0,0.0,1.0,0.0,0.0,0.0,0.0,0.0,0.0,0.0,1.0,0.0,0.0,Low,0,Medium,3.5263605246161616,0.9001613499442714,3.448187929913334,0.1422761194029851,2.050858208955224,0,2123,0.06343283582089553,22.602739726027398
T00181,R0057,Zone_10,3.18,19.42,75.71,Credit Card,2024-03-09,1,Aadhya Reddy,39.0,Male,Bengaluru,2023-06-04,407.0,11.0,3.66,2440.0,1.54,35.4,Industrial,-0.6887714330125851,-1.1387994203300325,0,5,3,1,0.0,1.0,0.0,0.0,0.0,1.0,0.0,0.0,0.0,0.0,0.0,0.0,0.0,0.0,Medium,1,High,4.3400320779712045,1.430311246536665,4.406812907306141,0.24648648648648647,3.8921621621621623,0,1161,0.02702702702702703,23.808176100628927
T00182,R0051,Zone_8,6.76,49.58,154.69,Credit Card,2023-07-18,1,Aarav Nair,21.0,Male,Kolkata,2020-04-05,213.0,14.0,4.02,4516.0,1.93,31.0,Business,0.2349647085781919,-0.33426734586580487,0,1,7,1,0.0,1.0,0.0,0.0,0.0,0.0,0.0,0.0,0.0,0.0,0.0,0.0,1.0,0.0,High,2,Medium,5.047866850701583,2.048982334195127,7.041306696913578,0.2778403755868545,5.169107981220657,0,2316,0.06572769953051644,22.88313609467456
T00183,R0023,Zone_7,5.16,48.34,100.06,Credit Card,2024-03-11,0,Meera Iyer,24.0,Other,Jaipur,2019-10-09,176.0,32.0,3.21,11070.0,0.64,45.2,Industrial,-0.40397813030638824,-0.6938347534475825,0,0,3,2,0.0,1.0,0.0,0.0,0.0,0.0,0.0,0.0,0.0,0.0,0.0,1.0,0.0,0.0,Low,0,Medium,4.615714399863762,1.8180767775454285,6.952697318307479,0.36880681818181815,6.793295454545454,0,2495,0.18181818181818182,19.391472868217054
T00184,R0125,Zone_7,14.29,104.09,309.14,Wallet,2023-09-12,1,Saanvi Ghosh,44.0,Male,Ahmedabad,2023-04-22,99.0,19.0,3.89,11070.0,0.64,45.2,Industrial,2.0413846512053824,1.3579467660659361,0,1,9,1,0.0,0.0,0.0,1.0,0.0,0.0,0.0,0.0,0.0,0.0,0.0,1.0,0.0,0.0,Low,0,Low,5.737023808436003,2.727199019940971,10.202450685987166,0.5633333333333332,11.28040404040404,0,1204,0.1919191919191919,21.633310006997903
T00185,R0103,Zone_4,11.0,74.86,89.96,UPI,2023-03-08,0,Ishaan Gupta,37.0,Other,Surat,2022-11-24,175.0,14.0,3.07,4038.0,2.46,48.2,Business,-0.5221059478559813,0.618586284225906,0,2,3,2,0.0,0.0,1.0,0.0,0.0,0.0,0.0,0.0,1.0,0.0,0.0,0.0,0.0,0.0,High,2,Medium,4.510419849442281,2.4849066497880004,8.652167358529306,0.40817142857142863,7.065371428571429,0,1353,0.08,8.178181818181818
T00186,R0222,Zone_6,17.92,173.85,213.11,Wallet,2024-07-25,0,Aarav Singh,27.0,Male,Surat,2022-08-28,475.0,12.0,3.44,14627.0,0.54,37.6,Mixed,0.918234718602669,2.173715322017095,0,3,7,1,0.0,0.0,0.0,1.0,0.0,0.0,0.0,0.0,0.0,0.0,1.0,0.0,0.0,0.0,Low,0,High,5.366489901651086,2.9402195636237325,13.185218997043622,0.16642105263157894,2.7908000000000004,0,1441,0.02526315789473684,11.892299107142858
T00187,R0282,Zone_9,13.31,103.62,240.96,Wallet,2024-05-01,0,Reyansh Kumar,22.0,Other,Bengaluru,2022-05-02,319.0,3.0,4.47,11037.0,1.83,56.1,Mixed,1.2439634036280316,1.1377117289220977,0,2,5,2,0.0,0.0,0.0,1.0,0.0,0.0,0.0,0.0,0.0,0.0,0.0,0.0,0.0,1.0,High,2,Medium,5.488772423238713,2.6609585935683597,10.179390944452424,0.29112852664576805,4.387931034482759,0,1559,0.009404388714733543,18.10368144252442
T00188,R0050,Zone_1,13.15,88.72,164.35,UPI,2024-08-14,0,Diya Das,49.0,Male,Ahmedabad,2022-10-06,330.0,41.0,3.42,4921.0,2.43,30.9,Residential,0.34794636377908966,1.1017549881639197,0,2,8,1,0.0,0.0,1.0,0.0,1.0,0.0,0.0,0.0,0.0,0.0,0.0,0.0,0.0,0.0,High,2,Medium,5.108064439427801,2.649714624089247,9.419129471453294,0.1821212121212121,2.775181818181818,0,1402,0.12424242424242424,12.498098859315588
T00189,R0076,Zone_10,19.25,97.76,276.55,Cash,2024-06-21,0,Reyansh Reddy,40.0,Male,Bengaluru,2022-01-02,137.0,13.0,3.34,2440.0,1.54,35.4,Industrial,1.6602177626963497,2.4726057295694472,0,4,6,1,1.0,0.0,0.0,0.0,0.0,1.0,0.0,0.0,0.0,0.0,0.0,0.0,0.0,0.0,Medium,1,Low,5.626001097136171,3.0081547935525483,9.88736567544662,0.4143795620437956,6.3124817518248175,0,1679,0.0948905109489051,14.366233766233767
T00190,R0115,Zone_6,5.15,36.77,125.32,UPI,2023-12-02,1,Aarav Ghosh,40.0,Female,Bengaluru,2020-03-01,170.0,15.0,4.4,14627.0,0.54,37.6,Mixed,-0.10854162819720849,-0.6960820497449686,0,5,12,0,0.0,0.0,1.0,0.0,0.0,0.0,0.0,0.0,0.0,0.0,1.0,0.0,0.0,0.0,Low,0,Medium,4.838818369947386,1.8164520818184267,6.063827174318213,0.49105882352941177,8.388058823529413,0,2351,0.08823529411764706,24.33398058252427
T00191,R0272,Zone_9,0.48,4.4,11.34,UPI,2024-07-01,1,Kavya Ghosh,21.0,Male,Kolkata,2020-01-15,432.0,4.0,4.79,11037.0,1.83,56.1,Mixed,-1.441631592979644,-1.745569420624282,0,0,7,1,0.0,0.0,1.0,0.0,0.0,0.0,0.0,0.0,0.0,0.0,0.0,0.0,0.0,1.0,High,2,High,2.5128460184772416,0.3920420877760237,2.0976176963403033,0.09326388888888888,1.6012962962962962,0,2397,0.009259259259259259,23.625
T00192,R0110,Zone_2,6.84,51.48,83.3,Cash,2023-03-24,0,Vivaan Patel,19.0,Female,Kolkata,2023-02-04,224.0,28.0,4.43,6371.0,0.91,58.4,Residential,-0.600000132497594,-0.316288975486716,0,4,3,0,1.0,0.0,0.0,0.0,0.0,0.0,1.0,0.0,0.0,0.0,0.0,0.0,0.0,0.0,Low,0,Medium,4.4343818650078095,2.0592388343623163,7.174956445860839,0.26571428571428574,4.226249999999999,0,1281,0.125,12.178362573099415
T00193,R0158,Zone_7,3.88,31.14,76.98,Cash,2023-10-18,0,Aarav Iyer,27.0,Male,Ahmedabad,2020-07-26,441.0,60.0,3.57,11070.0,0.64,45.2,Industrial,-0.6739177371424876,-0.9814886795130047,0,2,10,1,1.0,0.0,0.0,0.0,0.0,0.0,0.0,0.0,0.0,0.0,0.0,1.0,0.0,0.0,Low,0,High,4.356452383554451,1.5851452198650557,5.580322571321482,0.057732426303854875,0.8727210884353742,0,2204,0.1360544217687075,19.840206185567013
T00194,R0189,Zone_10,6.72,37.27,98.74,Credit Card,2023-07-09,0,Reyansh Gupta,29.0,Female,Delhi,2019-09-16,238.0,42.0,3.28,2440.0,1.54,35.4,Industrial,-0.41941661735247376,-0.3432565310553493,0,6,7,0,0.0,1.0,0.0,0.0,0.0,1.0,0.0,0.0,0.0,0.0,0.0,0.0,0.0,0.0,Medium,1,Medium,4.602566800117977,2.0438143640366846,6.104916051838878,0.30264705882352944,6.2214285714285715,0,2518,0.17647058823529413,14.693452380952381
T00195,R0223,Zone_9,2.75,20.37,46.02,Wallet,2024-02-05,0,Meera Ghosh,30.0,Female,Surat,2019-11-29,158.0,10.0,4.04,11037.0,1.83,56.1,Mixed,-1.036020433314309,-1.235433161117635,0,0,2,0,0.0,0.0,0.0,1.0,0.0,0.0,0.0,0.0,0.0,0.0,0.0,0.0,0.0,1.0,High,2,Low,3.8505730431119236,1.3217558399823195,4.513313638558703,0.3569620253164557,6.248164556962026,0,2444,0.06329113924050633,16.734545454545454
T00196,R0185,Zone_7,10.84,92.85,164.56,UPI,2024-06-22,0,Vivaan Sharma,27.0,Male,Delhi,2021-08-27,201.0,12.0,4.05,11070.0,0.64,45.2,Industrial,0.3504024867182397,0.5826295434677282,0,5,6,1,0.0,0.0,1.0,0.0,0.0,0.0,0.0,0.0,0.0,0.0,0.0,1.0,0.0,0.0,Low,0,Medium,5.109333666880532,2.4714836294558595,9.635870484808313,0.21756218905472638,3.7018905472636816,0,1807,0.05970149253731343,15.180811808118081
T00197,R0187,Zone_5,10.56,80.12,167.39,Cash,2023-05-24,0,Saanvi Reddy,27.0,Other,Surat,2022-08-05,357.0,38.0,4.71,2590.0,1.31,43.9,Business,0.383501667279165,0.5197052471409173,0,2,5,2,1.0,0.0,0.0,0.0,0.0,0.0,0.0,0.0,0.0,1.0,0.0,0.0,0.0,0.0,Medium,1,High,5.126282717622217,2.4475508632442313,8.9509776002401,0.21170868347338936,3.818879551820728,0,1464,0.10644257703081232,15.851325757575756
T00198,R0247,Zone_4,7.87,60.68,112.59,UPI,2023-05-13,0,Aadhya Das,37.0,Male,Bengaluru,2021-05-11,249.0,47.0,4.92,4038.0,2.46,48.2,Business,-0.25742946160377445,-0.08481745685594655,0,5,5,1,0.0,0.0,1.0,0.0,0.0,0.0,0.0,0.0,1.0,0.0,0.0,0.0,0.0,0.0,High,2,Medium,4.73259547424333,2.1826747963214883,7.789736837660179,0.5360642570281124,9.507791164658634,0,1915,0.18875502008032127,14.306226175349428
T00199,R0051,Zone_6,9.56,52.34,228.89,UPI,2024-02-02,1,Aarav Nair,21.0,Male,Kolkata,2020-04-05,213.0,14.0,4.02,14627.0,0.54,37.6,Mixed,1.102794813744508,0.2949756174023062,0,4,2,1,0.0,0.0,1.0,0.0,0.0,0.0,0.0,0.0,0.0,0.0,1.0,0.0,0.0,0.0,Low,0,Medium,5.4376009336504225,2.3570732782781154,7.234638899074369,0.2778403755868545,5.169107981220657,0,2316,0.06572769953051644,23.94246861924686
T00200,R0223,Zone_1,7.29,64.81,133.2,Credit Card,2023-05-16,0,Meera Ghosh,30.0,Female,Surat,2019-11-29,158.0,10.0,4.04,4921.0,2.43,30.9,Residential,-0.016378538861486547,-0.21516064210434097,0,1,5,0,0.0,1.0,0.0,0.0,1.0,0.0,0.0,0.0,0.0,0.0,0.0,0.0,0.0,0.0,High,2,Low,4.8993312245375815,2.1150499691472033,8.050465825031493,0.3569620253164557,6.248164556962026,0,2444,0.06329113924050633,18.271604938271604
T00201,R0100,Zone_10,11.76,78.75,188.51,UPI,2023-12-12,0,Ishaan Gupta,28.0,Male,Delhi,2021-05-24,383.0,60.0,3.79,2440.0,1.54,35.4,Industrial,0.6305174600165316,0.7893808028272503,0,1,12,1,0.0,0.0,1.0,0.0,0.0,1.0,0.0,0.0,0.0,0.0,0.0,0.0,0.0,0.0,Medium,1,High,5.244441793578718,2.546315277916644,8.874119674649425,0.26488250652741513,4.327650130548303,0,1902,0.1566579634464752,16.029761904761905
T00202,R0295,Zone_2,8.35,45.08,97.01,Cash,2024-08-08,0,Kavya Gupta,18.0,Female,Delhi,2019-05-29,98.0,18.0,3.59,6371.0,0.91,58.4,Residential,-0.43965039204166134,0.023052765418586647,0,3,8,0,1.0,0.0,0.0,0.0,0.0,0.0,1.0,0.0,0.0,0.0,0.0,0.0,0.0,0.0,Low,0,Low,4.585069514281089,2.2353763433005955,6.714164132637808,0.45683673469387753,5.34734693877551,0,2628,0.1836734693877551,11.617964071856289
T00203,R0098,Zone_1,6.67,55.29,86.4,Cash,2023-03-21,0,Diya Singh,21.0,Other,Bengaluru,2023-04-29,286.0,56.0,3.5,4921.0,2.43,30.9,Residential,-0.5637430795863326,-0.35449301254227983,0,1,3,2,1.0,0.0,0.0,0.0,1.0,0.0,0.0,0.0,0.0,0.0,0.0,0.0,0.0,0.0,High,2,Medium,4.470495282661489,2.0373166153791646,7.4357245780085215,0.24779720279720283,3.7473776223776225,0,1197,0.1958041958041958,12.95352323838081
T00204,R0124,Zone_6,12.65,71.89,238.72,Credit Card,2024-02-11,0,Aadhya Das,37.0,Other,Hyderabad,2022-06-09,419.0,25.0,3.59,14627.0,0.54,37.6,Mixed,1.2177647589437652,0.9893901732946143,0,6,2,2,0.0,1.0,0.0,0.0,0.0,0.0,0.0,0.0,0.0,0.0,1.0,0.0,0.0,0.0,Low,0,High,5.479471575589985,2.613739521630969,8.478797084492587,0.10162291169451074,1.5354415274463007,0,1521,0.059665871121718374,18.871146245059286
T00205,R0024,Zone_2,14.3,71.55,222.77,UPI,2024-08-06,0,Meera Kumar,41.0,Other,Chennai,2019-07-10,140.0,16.0,3.49,6371.0,0.91,58.4,Residential,1.0312163738035667,1.3601940623633226,0,1,8,2,0.0,0.0,1.0,0.0,0.0,0.0,1.0,0.0,0.0,0.0,0.0,0.0,0.0,0.0,Low,0,Low,5.410618738635182,2.72785282839839,8.45872330792301,0.2212142857142857,3.4135,0,2586,0.11428571428571428,15.578321678321679
T00206,R0167,Zone_5,14.69,126.65,200.33,Wallet,2023-06-23,0,Kavya Nair,44.0,Male,Hyderabad,2022-08-25,117.0,5.0,4.75,2590.0,1.31,43.9,Business,0.7687620940201149,1.4478386179613807,0,4,6,1,0.0,0.0,0.0,1.0,0.0,0.0,0.0,0.0,0.0,1.0,0.0,0.0,0.0,0.0,Medium,1,Low,5.304945352838257,2.753023566744941,11.253888216967503,0.5496581196581197,9.192735042735043,0,1444,0.042735042735042736,13.637168141592921
T00207,R0246,Zone_2,3.05,27.75,62.86,Cash,2024-07-06,1,Vivaan Das,29.0,Other,Mumbai,2021-03-31,240.0,34.0,4.79,6371.0,0.91,58.4,Residential,-0.8390627652415226,-1.1680142721960518,0,5,7,2,1.0,0.0,0.0,0.0,0.0,0.0,1.0,0.0,0.0,0.0,0.0,0.0,0.0,0.0,Low,0,Medium,4.156693187286636,1.3987168811184478,5.267826876426369,0.34891666666666665,6.460624999999999,0,1956,0.14166666666666666,20.60983606557377
T00208,R0287,Zone_5,5.33,52.14,47.6,Cash,2023-09-15,0,Saanvi Singh,18.0,Other,Delhi,2021-12-17,320.0,34.0,3.33,2590.0,1.31,43.9,Business,-1.0175410321530858,-0.6556307163920186,0,4,9,2,1.0,0.0,0.0,0.0,0.0,0.0,0.0,0.0,0.0,1.0,0.0,0.0,0.0,0.0,Medium,1,Medium,3.883623530906448,1.8453002361560848,7.2208032794142785,0.12587500000000001,2.3166874999999996,0,1695,0.10625,8.930581613508442
T00209,R0284,Zone_7,0.51,2.85,10.2,Wallet,2023-08-11,0,Vivaan Das,28.0,Female,Surat,2019-07-31,135.0,19.0,4.95,11070.0,0.64,45.2,Industrial,-1.4549648317921722,-1.7388275317321238,0,4,8,0,0.0,0.0,0.0,1.0,0.0,0.0,0.0,0.0,0.0,0.0,0.0,1.0,0.0,0.0,Low,0,Low,2.4159137783010487,0.412109650826833,1.6881943016134133,0.45118518518518513,7.306148148148148,0,2565,0.14074074074074075,20.0
T00210,R0065,Zone_10,6.8100000000000005,66.23,169.57,UPI,2024-04-24,1,Meera Nair,43.0,Other,Mumbai,2023-06-28,180.0,32.0,4.52,2440.0,1.54,35.4,Industrial,0.4089985625522456,-0.3230308643788742,0,2,4,2,0.0,0.0,1.0,0.0,0.0,1.0,0.0,0.0,0.0,0.0,0.0,0.0,0.0,0.0,Medium,1,Medium,5.139145769652782,2.0554049638515948,8.138181615078395,0.13622222222222224,2.370611111111111,0,1137,0.17777777777777778,24.90014684287812
T00211,R0092,Zone_10,10.08,81.12,86.38,Wallet,2024-07-11,0,Aarav Nair,21.0,Male,Surat,2019-07-18,252.0,23.0,4.51,2440.0,1.54,35.4,Industrial,-0.563976996056728,0.41183502486638385,0,3,7,1,0.0,0.0,0.0,1.0,0.0,1.0,0.0,0.0,0.0,0.0,0.0,0.0,0.0,0.0,Medium,1,Medium,4.47026642352329,2.405141681319138,9.006664199358163,0.22694444444444448,3.415357142857143,0,2578,0.09126984126984126,8.569444444444445
T00212,R0193,Zone_5,7.34,58.06,132.45,Wallet,2023-01-16,0,Kavya Singh,33.0,Female,Chennai,2022-01-03,389.0,68.0,4.41,2590.0,1.31,43.9,Business,-0.025150406501307804,-0.20392416061741045,0,0,1,0,0.0,0.0,0.0,1.0,0.0,0.0,0.0,0.0,0.0,1.0,0.0,0.0,0.0,0.0,Medium,1,High,4.8937268758505335,2.1210632163706555,7.619711280619496,0.14419023136246786,2.5851928020565555,0,1678,0.17480719794344474,18.044959128065393
T00213,R0070,Zone_1,17.65,151.29,379.63,Cash,2023-08-14,1,Meera Reddy,33.0,Male,Bengaluru,2023-01-03,310.0,6.0,3.54,4921.0,2.43,30.9,Residential,2.927343282827329,2.113038321987669,0,0,8,1,1.0,0.0,0.0,0.0,1.0,0.0,0.0,0.0,0.0,0.0,0.0,0.0,0.0,0.0,High,2,Medium,5.94182777466688,2.9258461460898246,12.299999999999999,0.2897096774193548,5.337709677419355,0,1313,0.01935483870967742,21.508781869688388
T00214,R0127,Zone_5,5.97,42.78,71.24,Credit Card,2023-09-04,0,Vivaan Kumar,38.0,Male,Chennai,2020-03-17,43.0,2.0,4.83,2590.0,1.31,43.9,Business,-0.7410517641459198,-0.5118037533593076,0,0,9,1,0.0,1.0,0.0,0.0,0.0,0.0,0.0,0.0,0.0,1.0,0.0,0.0,0.0,0.0,Medium,1,Low,4.27999390910873,1.9416152247724325,6.540642170307133,1.6467441860465117,32.56906976744186,0,2335,0.046511627906976744,11.932998324958124
T00215,R0132,Zone_7,2.56,18.78,54.82,Wallet,2023-02-12,1,Aadhya Iyer,23.0,Male,Surat,2022-12-09,484.0,25.0,3.32,11070.0,0.64,45.2,Industrial,-0.9330971863404065,-1.278131790767971,0,6,2,1,0.0,0.0,0.0,1.0,0.0,0.0,0.0,0.0,0.0,0.0,0.0,1.0,0.0,0.0,Low,0,High,4.022132228108176,1.269760544863939,4.3335897360040905,0.1433884297520661,2.2561776859504135,0,1338,0.05165289256198347,21.4140625
T00216,R0266,Zone_6,10.84,100.15,237.72,Wallet,2023-07-01,1,Diya Reddy,29.0,Other,Chennai,2020-09-25,98.0,13.0,3.9,14627.0,0.54,37.6,Mixed,1.2060689354240037,0.5826295434677282,0,5,7,2,0.0,0.0,0.0,1.0,0.0,0.0,0.0,0.0,0.0,0.0,1.0,0.0,0.0,0.0,Low,0,Low,5.475291317015396,2.4714836294558595,10.007497189607399,0.7445918367346939,12.729081632653061,0,2143,0.1326530612244898,21.929889298892988
T00217,R0149,Zone_4,8.75,46.78,158.78,Wallet,2023-12-03,0,Diya Reddy,30.0,Male,Jaipur,2019-09-14,89.0,8.0,4.57,4038.0,2.46,48.2,Business,0.2828006267740172,0.11294461731403115,0,6,12,1,0.0,0.0,0.0,1.0,0.0,0.0,0.0,0.0,1.0,0.0,0.0,0.0,0.0,0.0,High,2,Low,5.073797869053896,2.277267285009756,6.839590631024637,0.4766292134831461,7.428314606741573,0,2520,0.0898876404494382,18.146285714285714
T00218,R0091,Zone_10,10.75,99.03,209.14,Cash,2023-05-09,0,Meera Das,41.0,Other,Surat,2022-04-16,334.0,43.0,3.4,2440.0,1.54,35.4,Industrial,0.8718022992292149,0.5624038767912533,0,1,5,2,1.0,0.0,0.0,0.0,0.0,1.0,0.0,0.0,0.0,0.0,0.0,0.0,0.0,0.0,Medium,1,High,5.347773975260629,2.463853240590168,9.951381813597546,0.14934131736526945,2.7054191616766468,0,1575,0.12874251497005987,19.45488372093023
T00219,R0273,Zone_8,9.52,62.91,231.76,UPI,2024-02-09,1,Aadhya Nair,43.0,Male,Delhi,2022-09-17,289.0,48.0,3.76,4516.0,1.93,31.0,Business,1.136361827246224,0.28598643221276154,0,4,2,1,0.0,0.0,1.0,0.0,0.0,0.0,0.0,0.0,0.0,0.0,0.0,0.0,1.0,0.0,High,2,Medium,5.450007879788469,2.3532782073095637,7.931582439841371,0.2589965397923875,3.313044982698962,0,1421,0.16608996539792387,24.34453781512605
T00220,R0166,Zone_1,9.22,87.28,208.55,Credit Card,2024-04-06,1,Reyansh Sharma,24.0,Other,Chennai,2021-03-16,349.0,63.0,4.29,4921.0,2.43,30.9,Residential,0.8649017633525558,0.21856754329117847,0,5,4,2,0.0,1.0,0.0,0.0,1.0,0.0,0.0,0.0,0.0,0.0,0.0,0.0,0.0,0.0,High,2,High,5.344962374371081,2.3243465847755584,9.34237657130133,0.12366762177650428,1.7994555873925502,0,1971,0.18051575931232092,22.619305856832973
T00221,R0270,Zone_1,2.61,18.59,38.99,UPI,2023-10-26,0,Aadhya Reddy,35.0,Male,Hyderabad,2022-01-02,455.0,64.0,3.08,4921.0,2.43,30.9,Residential,-1.1182420726582336,-1.2668953092810409,0,3,10,1,0.0,0.0,1.0,0.0,1.0,0.0,0.0,0.0,0.0,0.0,0.0,0.0,0.0,0.0,High,2,High,3.688629422858727,1.2837077723447896,4.31161222746202,0.12975824175824174,2.420945054945055,0,1679,0.14065934065934066,14.938697318007664
T00222,R0283,Zone_1,4.37,22.07,62.46,UPI,2024-03-04,0,Diya Nair,19.0,Male,Surat,2023-06-15,245.0,45.0,3.55,4921.0,2.43,30.9,Residential,-0.8437410946494271,-0.8713711609410852,0,0,3,1,0.0,0.0,1.0,0.0,1.0,0.0,0.0,0.0,0.0,0.0,0.0,0.0,0.0,0.0,High,2,Medium,4.150409786155049,1.6808279085207734,4.697871858618538,0.22844897959183674,4.135632653061225,0,1150,0.1836734693877551,14.292906178489702
T00223,R0260,Zone_8,5.05,27.22,67.14,Wallet,2023-06-16,0,Reyansh Das,55.0,Other,Mumbai,2019-07-17,63.0,3.0,4.24,4516.0,1.93,31.0,Business,-0.7890046405769425,-0.7185550127188297,0,4,6,2,0.0,0.0,0.0,1.0,0.0,0.0,0.0,0.0,0.0,0.0,0.0,0.0,1.0,0.0,High,2,Low,4.22156441223282,1.80005827204275,5.217278984298233,0.5998412698412698,10.94063492063492,0,2579,0.047619047619047616,13.295049504950496
T00224,R0084,Zone_1,6.26,43.28,123.04,Cash,2023-03-13,0,Kavya Sharma,38.0,Male,Jaipur,2019-07-21,366.0,6.0,4.67,4921.0,2.43,30.9,Residential,-0.13520810582226495,-0.4466321607351104,0,0,3,1,1.0,0.0,0.0,0.0,1.0,0.0,0.0,0.0,0.0,0.0,0.0,0.0,0.0,0.0,High,2,High,4.820604094232248,1.9823798288367047,6.5787536813594105,0.20464480874316943,3.923060109289618,0,2575,0.01639344262295082,19.65495207667732
T00225,R0230,Zone_8,5.76,28.81,115.75,UPI,2024-01-07,1,Kavya Gupta,32.0,Male,Chennai,2022-11-22,183.0,23.0,3.65,4516.0,1.93,31.0,Business,-0.2204706592813276,-0.558996975604416,0,6,1,1,0.0,0.0,1.0,0.0,0.0,0.0,0.0,0.0,0.0,0.0,0.0,0.0,1.0,0.0,High,2,Medium,4.760034896549007,1.9110228900548727,5.367494760127856,0.32054644808743166,4.962950819672131,0,1355,0.12568306010928962,20.09548611111111
T00226,R0282,Zone_8,10.06,93.03,113.24,UPI,2023-08-30,0,Reyansh Kumar,22.0,Other,Bengaluru,2022-05-02,319.0,3.0,4.47,4516.0,1.93,31.0,Business,-0.2498271763159295,0.4073404322716117,0,2,8,2,0.0,0.0,1.0,0.0,0.0,0.0,0.0,0.0,0.0,0.0,0.0,0.0,1.0,0.0,High,2,Medium,4.738301498591274,2.403334996094189,9.645206063117573,0.29112852664576805,4.387931034482759,0,1559,0.009404388714733543,11.256461232604373
T00227,R0067,Zone_6,11.0,56.68,274.82,UPI,2023-07-18,1,Saanvi Iyer,32.0,Male,Pune,2022-07-24,348.0,9.0,3.38,14627.0,0.54,37.6,Mixed,1.6399839880071616,0.618586284225906,0,1,7,1,0.0,0.0,1.0,0.0,0.0,0.0,0.0,0.0,0.0,0.0,1.0,0.0,0.0,0.0,Low,0,High,5.619748479046192,2.4849066497880004,7.528612089887485,0.32491379310344826,5.3069252873563215,0,1476,0.02586206896551724,24.983636363636364
T00228,R0139,Zone_9,2.34,21.45,50.18,UPI,2023-12-16,1,Diya Gupta,44.0,Other,Kolkata,2023-10-09,155.0,7.0,4.39,11037.0,1.83,56.1,Mixed,-0.9873658074721005,-1.3275723093104657,0,5,12,2,0.0,0.0,1.0,0.0,0.0,0.0,0.0,0.0,0.0,0.0,0.0,0.0,0.0,1.0,High,2,Low,3.935348830731643,1.205970806988609,4.631414470763764,0.38012903225806455,6.466,0,1034,0.04516129032258064,21.444444444444446
T00229,R0202,Zone_2,11.43,101.31,137.08,Cash,2024-05-27,0,Aadhya Reddy,27.0,Male,Ahmedabad,2021-10-28,317.0,0.0,4.72,6371.0,0.91,58.4,Residential,0.029001256395189023,0.7152200250135087,0,0,5,1,1.0,0.0,0.0,0.0,0.0,0.0,1.0,0.0,0.0,0.0,0.0,0.0,0.0,0.0,Low,0,Medium,4.9278332273351175,2.5201129055226197,10.065286881157437,0.23249211356466878,2.86794952681388,0,1745,0.0,11.99300087489064
T00230,R0040,Zone_5,10.93,60.73,105.22,UPI,2023-08-23,0,Aarav Gupta,34.0,Other,Surat,2023-05-05,485.0,36.0,4.41,2590.0,1.31,43.9,Business,-0.34362768094441803,0.6028552101442032,0,2,8,2,0.0,0.0,1.0,0.0,0.0,0.0,0.0,0.0,0.0,1.0,0.0,0.0,0.0,0.0,Medium,1,High,4.665512414994253,2.4790562361098245,7.792945527847606,0.1658762886597938,2.352061855670103,0,1191,0.07422680412371134,9.626715462031108
T00231,R0026,Zone_5,10.33,93.77,103.48,Cash,2023-08-22,0,Aarav Kumar,26.0,Female,Surat,2020-04-17,44.0,5.0,3.17,2590.0,1.31,43.9,Business,-0.3639784138688033,0.4680174323010366,0,1,8,0,1.0,0.0,0.0,0.0,0.0,0.0,0.0,0.0,0.0,1.0,0.0,0.0,0.0,0.0,Medium,1,Low,4.648995665528121,2.427454075039915,9.683491106000975,1.8020454545454547,22.11795454545455,0,2304,0.11363636363636363,10.017424975798646
T00232,R0263,Zone_8,0.91,5.48,15.01,Wallet,2023-09-17,0,Ishaan Das,31.0,Other,Chennai,2020-12-30,297.0,21.0,3.84,4516.0,1.93,31.0,Business,-1.3987079206621185,-1.6489356798366794,0,6,9,2,0.0,0.0,0.0,1.0,0.0,0.0,0.0,0.0,0.0,0.0,0.0,0.0,1.0,0.0,High,2,Medium,2.773213527008623,0.6471032420585384,2.340939982143925,0.3522558922558922,5.2110101010101015,0,2047,0.0707070707070707,16.494505494505493
T00233,R0089,Zone_2,10.2,86.91,111.34,Cash,2023-12-14,0,Saanvi Reddy,48.0,Other,Surat,2022-09-21,308.0,6.0,3.91,6371.0,0.91,58.4,Residential,-0.27204924100347655,0.438802580435017,0,3,12,2,1.0,0.0,0.0,0.0,0.0,0.0,1.0,0.0,0.0,0.0,0.0,0.0,0.0,0.0,Low,0,Medium,4.721529987104287,2.4159137783010487,9.322553298319082,0.29165584415584417,4.595941558441559,0,1417,0.01948051948051948,10.915686274509804
T00234,R0169,Zone_6,8.41,64.65,179.19,Cash,2024-03-02,1,Reyansh Kumar,32.0,Male,Delhi,2023-02-21,497.0,81.0,4.19,14627.0,0.54,37.6,Mixed,0.521512384812353,0.03653654320290342,0,5,3,1,1.0,0.0,0.0,0.0,0.0,0.0,0.0,0.0,0.0,0.0,1.0,0.0,0.0,0.0,Low,0,High,5.194011849738723,2.2417729535972883,8.040522371090077,0.14167002012072433,2.841871227364185,0,1264,0.16297786720321933,21.306777645659928
T00235,R0133,Zone_7,12.8,120.24,107.26,Cash,2023-09-22,0,Diya Kumar,25.0,Female,Delhi,2019-07-13,155.0,11.0,4.4,11070.0,0.64,45.2,Industrial,-0.3197682009641042,1.023099617755406,0,4,9,0,1.0,0.0,0.0,0.0,0.0,0.0,0.0,0.0,0.0,0.0,0.0,1.0,0.0,0.0,Low,0,Low,4.6845357413688316,2.624668592163159,10.965400129498239,0.4186451612903226,5.272709677419355,0,2583,0.07096774193548387,8.3796875
T00236,R0067,Zone_2,16.92,98.41,247.24,UPI,2023-08-31,0,Saanvi Iyer,32.0,Male,Pune,2022-07-24,348.0,9.0,3.38,6371.0,0.91,58.4,Residential,1.317413175332135,1.9489856922784838,0,3,8,1,0.0,0.0,1.0,0.0,0.0,0.0,1.0,0.0,0.0,0.0,0.0,0.0,0.0,0.0,Low,0,High,5.514396020140125,2.8859174075467844,9.920181449953423,0.32491379310344826,5.3069252873563215,0,1476,0.02586206896551724,14.612293144208037
T00237,R0176,Zone_8,15.94,123.81,128.13,Cash,2023-12-22,0,Kavya Gupta,43.0,Male,Mumbai,2019-05-24,260.0,13.0,3.95,4516.0,1.93,31.0,Business,-0.07567636410667815,1.7287506551346443,0,4,12,1,1.0,0.0,0.0,0.0,0.0,0.0,0.0,0.0,0.0,0.0,0.0,0.0,1.0,0.0,High,2,Medium,4.86081964885856,2.8296776892239084,11.126994203287786,0.3502307692307692,6.3002692307692305,0,2633,0.05,8.038268506900879
T00238,R0073,Zone_4,8.56,81.63,170.79,Credit Card,2023-12-27,0,Meera Das,41.0,Other,Ahmedabad,2021-06-19,490.0,30.0,3.01,4038.0,2.46,48.2,Business,0.4232674672463548,0.07024598766369516,0,2,12,2,0.0,1.0,0.0,0.0,0.0,0.0,0.0,0.0,1.0,0.0,0.0,0.0,0.0,0.0,High,2,High,5.1462728006383545,2.25758772706331,9.034932207825358,0.16042857142857142,2.6034693877551023,0,1876,0.061224489795918366,19.952102803738317
T00239,R0121,Zone_1,7.99,55.69,194.69,UPI,2024-07-22,1,Diya Iyer,29.0,Male,Pune,2023-07-13,378.0,10.0,4.17,4921.0,2.43,30.9,Residential,0.7027976493686588,-0.0578499012873132,0,0,7,1,0.0,0.0,1.0,0.0,1.0,0.0,0.0,0.0,0.0,0.0,0.0,0.0,0.0,0.0,High,2,High,5.276531774476115,2.196112848483529,7.462573282722254,0.23269841269841268,3.8740211640211637,0,1122,0.026455026455026454,24.36670838548185
T00240,R0062,Zone_8,11.16,77.6,131.63,Credit Card,2023-03-19,0,Kavya Sharma,38.0,Male,Jaipur,2019-05-13,57.0,3.0,3.58,4516.0,1.93,31.0,Business,-0.034740981787512296,0.6545430249840838,0,6,3,1,0.0,1.0,0.0,0.0,0.0,0.0,0.0,0.0,0.0,0.0,0.0,0.0,1.0,0.0,High,2,Low,4.887563296506261,2.498151876538021,8.809086218218097,1.1587719298245613,15.605438596491227,0,2644,0.05263157894736842,11.794802867383511
T00241,R0057,Zone_2,2.42,24.09,30.44,UPI,2023-09-24,0,Aadhya Reddy,39.0,Male,Bengaluru,2023-06-04,407.0,11.0,3.66,6371.0,0.91,58.4,Residential,-1.218241363752196,-1.3095939389313769,0,6,9,1,0.0,0.0,1.0,0.0,0.0,0.0,1.0,0.0,0.0,0.0,0.0,0.0,0.0,0.0,Low,0,High,3.448080967561006,1.2296405510745139,4.90815647672321,0.24648648648648647,3.8921621621621623,0,1161,0.02702702702702703,12.578512396694215
T00242,R0252,Zone_2,0.75,4.34,7.02,UPI,2024-02-08,0,Reyansh Gupta,38.0,Other,Ahmedabad,2020-09-23,392.0,47.0,4.83,6371.0,0.91,58.4,Residential,-1.4921575505850144,-1.6848924205948572,0,3,2,2,0.0,0.0,1.0,0.0,0.0,0.0,1.0,0.0,0.0,0.0,0.0,0.0,0.0,0.0,Low,0,High,2.081938421878423,0.5596157879354227,2.083266665599966,0.25614795918367345,4.290943877551021,0,2145,0.11989795918367346,9.36
T00243,R0162,Zone_2,5.64,46.77,85.06,UPI,2023-12-22,0,Meera Patel,30.0,Male,Hyderabad,2023-08-14,394.0,38.0,4.28,6371.0,0.91,58.4,Residential,-0.5794154831028133,-0.5859645311730493,0,4,12,1,0.0,0.0,1.0,0.0,0.0,0.0,1.0,0.0,0.0,0.0,0.0,0.0,0.0,0.0,Low,0,High,4.455044727410454,1.8931119634883424,6.838859554048468,0.13484771573604062,2.3779187817258887,0,1090,0.09644670050761421,15.081560283687944
T00244,R0076,Zone_1,14.1,117.87,299.16,UPI,2023-09-25,1,Reyansh Reddy,40.0,Male,Bengaluru,2022-01-02,137.0,13.0,3.34,4921.0,2.43,30.9,Residential,1.9246603324781613,1.3152481364156001,0,0,9,1,0.0,0.0,1.0,0.0,1.0,0.0,0.0,0.0,0.0,0.0,0.0,0.0,0.0,0.0,High,2,Low,5.70431566581786,2.714694743820879,10.85679510721281,0.4143795620437956,6.3124817518248175,0,1679,0.0948905109489051,21.217021276595748
T00245,R0202,Zone_4,6.34,58.22,58.89,UPI,2023-01-25,0,Aadhya Reddy,27.0,Male,Ahmedabad,2021-10-28,317.0,0.0,4.72,4038.0,2.46,48.2,Business,-0.8854951846149763,-0.4286537903560215,0,2,1,1,0.0,0.0,1.0,0.0,0.0,0.0,0.0,0.0,1.0,0.0,0.0,0.0,0.0,0.0,High,2,Medium,4.092509546276371,1.9933388426264242,7.630203142774116,0.23249211356466878,2.86794952681388,0,1745,0.0,9.288643533123029
T00246,R0157,Zone_8,15.51,145.17,288.59,Credit Card,2023-12-16,0,Kavya Nair,36.0,Female,Hyderabad,2021-11-23,319.0,27.0,4.65,4516.0,1.93,31.0,Business,1.8010354778742796,1.6321169143470418,0,5,12,0,0.0,1.0,0.0,0.0,0.0,0.0,0.0,0.0,0.0,0.0,0.0,0.0,1.0,0.0,High,2,Medium,5.668466129528634,2.8039662579320366,12.04865137681392,0.3570532915360502,5.880658307210031,0,1719,0.08463949843260188,18.6067053513862
T00247,R0056,Zone_1,5.94,56.15,62.89,Cash,2023-03-13,0,Meera Patel,40.0,Other,Hyderabad,2021-02-26,93.0,13.0,3.25,4921.0,2.43,30.9,Residential,-0.8387118905359296,-0.5185456422514658,0,0,3,2,1.0,0.0,0.0,0.0,1.0,0.0,0.0,0.0,0.0,0.0,0.0,0.0,0.0,0.0,High,2,Low,4.157162854614252,1.937301774518713,7.493330367733695,0.7120430107526882,9.976236559139785,0,1989,0.13978494623655913,10.587542087542086
T00248,R0011,Zone_7,0.06,0.36,3.27,Cash,2023-10-12,1,Vivaan Nair,26.0,Male,Chennai,2020-04-14,208.0,34.0,4.0,11070.0,0.64,45.2,Industrial,-1.5659581969947105,-1.8399558651144987,0,3,10,1,1.0,0.0,0.0,0.0,0.0,0.0,0.0,0.0,0.0,0.0,0.0,1.0,0.0,0.0,Low,0,Medium,1.451613827240533,0.05826890812397577,0.6,0.4276923076923077,7.8547115384615385,0,2307,0.16346153846153846,54.5
T00249,R0082,Zone_5,7.38,41.21,121.67,Cash,2023-09-12,0,Kavya Singh,26.0,Other,Pune,2022-12-27,274.0,23.0,3.15,2590.0,1.31,43.9,Business,-0.1512313840443385,-0.194934975427866,0,1,9,2,1.0,0.0,0.0,0.0,0.0,0.0,0.0,0.0,0.0,1.0,0.0,0.0,0.0,0.0,Medium,1,Medium,4.80949782304466,2.1258479144939915,6.419501538281613,0.08985401459854014,1.0863503649635036,0,1320,0.08394160583941605,16.486449864498645
T00250,R0019,Zone_2,12.44,100.53,277.71,Wallet,2023-10-23,1,Kavya Patel,40.0,Other,Mumbai,2023-04-02,266.0,24.0,4.08,6371.0,0.91,58.4,Residential,1.6737849179792728,0.9421969510495057,0,0,10,2,0.0,0.0,0.0,1.0,0.0,0.0,1.0,0.0,0.0,0.0,0.0,0.0,0.0,0.0,Low,0,Medium,5.630171814719692,2.5982353350950036,10.026464980241043,0.14567669172932332,2.3796616541353384,0,1224,0.09022556390977443,22.323954983922828
T00251,R0098,Zone_8,7.65,60.38,105.72,Credit Card,2024-01-16,0,Diya Singh,21.0,Other,Bengaluru,2023-04-29,286.0,56.0,3.5,4516.0,1.93,31.0,Business,-0.3377797691845372,-0.13425797539844092,0,1,1,2,0.0,1.0,0.0,0.0,0.0,0.0,0.0,0.0,0.0,0.0,0.0,0.0,1.0,0.0,High,2,Medium,4.670208582167313,2.157559320943788,7.770456872024965,0.24779720279720283,3.7473776223776225,0,1197,0.1958041958041958,13.819607843137254
T00252,R0095,Zone_9,7.52,46.67,157.71,Credit Card,2024-04-18,1,Kavya Iyer,29.0,Female,Chennai,2020-10-07,481.0,77.0,4.26,11037.0,1.83,56.1,Mixed,0.2702860956078723,-0.16347282726446052,0,3,4,0,0.0,1.0,0.0,0.0,0.0,0.0,0.0,0.0,0.0,0.0,0.0,0.0,0.0,1.0,High,2,High,5.067078637519467,2.1424163408412245,6.831544481301428,0.23856548856548856,3.907713097713098,0,2131,0.1600831600831601,20.972074468085108
T00253,R0183,Zone_2,7.39,49.26,151.29,UPI,2024-05-18,1,Arjun Patel,43.0,Other,Jaipur,2022-08-27,406.0,66.0,3.79,6371.0,0.91,58.4,Residential,0.19519890861100217,-0.19268767913047993,0,5,5,2,0.0,0.0,1.0,0.0,0.0,0.0,1.0,0.0,0.0,0.0,0.0,0.0,0.0,0.0,Low,0,High,5.0257865978636,2.127040520479115,7.018546858146634,0.14231527093596058,2.0964039408866997,0,1442,0.1625615763546798,20.472259810554803
T00254,R0199,Zone_5,0.81,7.51,9.48,Wallet,2023-12-30,0,Aarav Das,29.0,Male,Ahmedabad,2021-08-03,344.0,27.0,3.91,2590.0,1.31,43.9,Business,-1.4633858247264007,-1.6714086428105404,0,5,12,1,0.0,0.0,0.0,1.0,0.0,0.0,0.0,0.0,0.0,1.0,0.0,0.0,0.0,0.0,Medium,1,High,2.349468678892896,0.5933268452777344,2.7404379212089442,0.24752906976744188,4.652616279069767,0,1831,0.07848837209302326,11.703703703703704
T00255,R0189,Zone_3,13.79,108.02,332.1,Credit Card,2023-11-18,1,Reyansh Gupta,29.0,Female,Delhi,2019-09-16,238.0,42.0,3.28,12971.0,2.11,38.0,Business,2.3099207592191107,1.2455819511966306,0,5,11,0,0.0,1.0,0.0,0.0,0.0,0.0,0.0,1.0,0.0,0.0,0.0,0.0,0.0,0.0,High,2,Medium,5.808442745199634,2.6939512767227085,10.393267051317405,0.30264705882352944,6.2214285714285715,0,2518,0.17647058823529413,24.082668600435102
T00256,R0089,Zone_9,4.59,37.26,55.71,UPI,2024-02-14,0,Saanvi Reddy,48.0,Other,Surat,2022-09-21,308.0,6.0,3.91,11037.0,1.83,56.1,Mixed,-0.9226879034078184,-0.8219306423985908,0,2,2,2,0.0,0.0,1.0,0.0,0.0,0.0,0.0,0.0,0.0,0.0,0.0,0.0,0.0,1.0,High,2,Medium,4.037950562025936,1.7209792871670078,6.104096984812741,0.29165584415584417,4.595941558441559,0,1417,0.01948051948051948,12.137254901960786
T00257,R0248,Zone_5,13.45,76.93,208.47,Wallet,2023-06-24,0,Vivaan Ghosh,18.0,Female,Chennai,2021-10-24,104.0,12.0,3.65,2590.0,1.31,43.9,Business,0.8639660974709747,1.169173877085503,0,5,6,0,0.0,0.0,0.0,1.0,0.0,0.0,0.0,0.0,0.0,1.0,0.0,0.0,0.0,0.0,Medium,1,Low,5.344580531017675,2.670694414558441,8.770974860299168,0.5549999999999999,9.03519230769231,0,1749,0.11538461538461539,15.499628252788105
T00258,R0036,Zone_5,7.65,72.54,96.95,Credit Card,2024-07-05,0,Aadhya Das,30.0,Female,Surat,2022-03-16,177.0,15.0,4.9,2590.0,1.31,43.9,Business,-0.44035214145284707,-0.13425797539844092,0,4,7,0,0.0,1.0,0.0,0.0,0.0,0.0,0.0,0.0,0.0,1.0,0.0,0.0,0.0,0.0,Medium,1,Medium,4.58445714439055,2.157559320943788,8.517041739947034,0.36819209039548023,5.884293785310734,0,1606,0.0847457627118644,12.673202614379084
T00259,R0277,Zone_8,13.34,120.48,265.12,Credit Card,2024-04-28,0,Kavya Gupta,42.0,Female,Jaipur,2021-01-22,433.0,16.0,3.06,4516.0,1.93,31.0,Business,1.5265344998654735,1.1444536178142557,0,6,4,0,0.0,1.0,0.0,0.0,0.0,0.0,0.0,0.0,0.0,0.0,0.0,0.0,1.0,0.0,High,2,High,5.583947334873687,2.663052835171474,10.976338187209794,0.20076212471131638,3.2397228637413393,0,2024,0.03695150115473441,19.874062968515744
T00260,R0030,Zone_8,9.72,89.48,187.93,UPI,2024-01-22,0,Saanvi Patel,25.0,Other,Mumbai,2021-01-08,442.0,58.0,3.72,4516.0,1.93,31.0,Business,0.62373388237507,0.330932358160484,0,0,1,2,0.0,0.0,1.0,0.0,0.0,0.0,0.0,0.0,0.0,0.0,0.0,0.0,1.0,0.0,High,2,High,5.2413765760852264,2.372111155642656,9.459386872308373,0.1833710407239819,3.5865384615384617,0,2038,0.13122171945701358,19.334362139917694
T00261,R0297,Zone_7,7.47,64.32,112.52,UPI,2023-03-15,0,Saanvi Gupta,47.0,Male,Pune,2023-09-20,396.0,46.0,3.87,11070.0,0.64,45.2,Industrial,-0.25824816925015787,-0.17470930875139104,0,2,3,1,0.0,0.0,1.0,0.0,0.0,0.0,0.0,0.0,0.0,0.0,0.0,1.0,0.0,0.0,Low,0,High,4.731979032851787,2.136530508663963,8.019975062305368,0.059898989898989896,1.0166161616161615,0,1053,0.11616161616161616,15.062918340026775
T00262,R0258,Zone_4,9.13,74.19,153.15,Wallet,2023-10-21,0,Vivaan Nair,32.0,Female,Jaipur,2020-01-29,313.0,39.0,3.76,4038.0,2.46,48.2,Business,0.21695314035775903,0.1983418766147035,0,5,10,0,0.0,0.0,0.0,1.0,0.0,0.0,0.0,0.0,1.0,0.0,0.0,0.0,0.0,0.0,High,2,Medium,5.037926154332159,2.315501318260592,8.613361713059541,0.09338658146964858,1.5953674121405752,0,2383,0.12460063897763578,16.774370208105147
T00263,R0171,Zone_5,0.64,4.35,8.82,UPI,2024-04-14,0,Kavya Singh,23.0,Female,Jaipur,2019-05-13,276.0,19.0,4.3,2590.0,1.31,43.9,Business,-1.4711050682494435,-1.7096126798661044,0,6,4,0,0.0,0.0,1.0,0.0,0.0,0.0,0.0,0.0,0.0,1.0,0.0,0.0,0.0,0.0,Medium,1,Medium,2.2844211223663744,0.49469624183610705,2.085665361461421,0.043913043478260874,0.518550724637681,0,2644,0.06884057971014493,13.78125
T00264,R0194,Zone_8,8.03,50.32,196.06,Wallet,2023-08-26,1,Arjun Iyer,30.0,Other,Jaipur,2023-02-10,10.0,2.0,4.06,4516.0,1.93,31.0,Business,0.7188209275907324,-0.04886071609776895,0,5,8,2,0.0,0.0,0.0,1.0,0.0,0.0,0.0,0.0,0.0,0.0,0.0,0.0,1.0,0.0,High,2,Low,5.283508250894329,2.200552367428894,7.093659140387279,4.361,68.455,0,1275,0.2,24.415940224159403
T00265,R0247,Zone_10,16.58,92.71,367.35,Cash,2023-02-15,1,Aadhya Das,37.0,Male,Bengaluru,2021-05-11,249.0,47.0,4.92,2440.0,1.54,35.4,Industrial,2.7221985382907095,1.8725776181673552,0,2,2,1,1.0,0.0,0.0,0.0,0.0,1.0,0.0,0.0,0.0,0.0,0.0,0.0,0.0,0.0,Medium,1,Medium,5.909033573128823,2.866761892257031,9.628603221651622,0.5360642570281124,9.507791164658634,0,1915,0.18875502008032127,22.156212303980702
T00266,R0029,Zone_7,14.54,94.52,264.43,Wallet,2023-08-18,0,Kavya Iyer,30.0,Male,Surat,2022-07-24,4.0,0.0,3.69,11070.0,0.64,45.2,Industrial,1.5184643816368382,1.414129173500589,0,4,8,1,0.0,0.0,0.0,1.0,0.0,0.0,0.0,0.0,0.0,0.0,0.0,1.0,0.0,0.0,Low,0,Low,5.581351152435311,2.7434173449395014,9.722139682189306,14.942499999999999,284.4425,0,1476,0.0,18.186382393397526
T00267,R0276,Zone_3,3.07,28.47,50.2,Cash,2023-07-26,0,Aadhya Ghosh,26.0,Other,Chennai,2022-11-07,196.0,1.0,3.63,12971.0,2.11,38.0,Business,-0.9871318910017053,-1.1635196796012794,0,2,7,2,1.0,0.0,0.0,0.0,0.0,0.0,0.0,1.0,0.0,0.0,0.0,0.0,0.0,0.0,High,2,Medium,3.9357395320454622,1.4036429994545037,5.33572862878164,0.1556122448979592,2.5521428571428575,0,1370,0.00510204081632653,16.351791530944627
T00268,R0181,Zone_9,10.53,91.09,114.62,Wallet,2023-09-16,0,Arjun Patel,32.0,Male,Hyderabad,2019-01-09,349.0,32.0,3.75,11037.0,1.83,56.1,Mixed,-0.23368693985865827,0.5129633582487586,0,5,9,1,0.0,0.0,0.0,1.0,0.0,0.0,0.0,0.0,0.0,0.0,0.0,0.0,0.0,1.0,High,2,High,4.75030895165433,2.4449523342809676,9.544108130150246,0.08501432664756446,1.329484240687679,0,2768,0.09169054441260745,10.885090218423553
T00269,R0234,Zone_7,9.24,82.63,141.91,Credit Card,2023-08-09,0,Saanvi Nair,32.0,Other,Pune,2022-12-01,183.0,31.0,3.98,11070.0,0.64,45.2,Industrial,0.08549208399563772,0.2230621358859506,0,2,8,2,0.0,1.0,0.0,0.0,0.0,0.0,0.0,0.0,0.0,0.0,0.0,1.0,0.0,0.0,Low,0,Medium,4.962215061493703,2.3263016196113617,9.090104509850258,0.34677595628415303,6.222677595628415,0,1346,0.16939890710382513,15.358225108225108
T00270,R0129,Zone_4,12.09,107.4,169.03,Credit Card,2023-05-25,0,Vivaan Singh,35.0,Male,Hyderabad,2022-10-08,158.0,10.0,3.9,4038.0,2.46,48.2,Business,0.40268281785157434,0.863541580640992,0,3,5,1,0.0,1.0,0.0,0.0,0.0,0.0,0.0,0.0,1.0,0.0,0.0,0.0,0.0,0.0,High,2,Low,5.135974892069394,2.5718485799218085,10.363397126425292,0.5688607594936709,9.54620253164557,0,1400,0.06329113924050633,13.980976013234079
T00271,R0186,Zone_9,8.47,61.46,150.05,Wallet,2023-11-14,0,Ishaan Sharma,18.0,Other,Hyderabad,2020-12-11,373.0,19.0,3.26,11037.0,1.83,56.1,Mixed,0.18069608744649793,0.050020320987220195,0,1,11,2,0.0,0.0,0.0,1.0,0.0,0.0,0.0,0.0,0.0,0.0,0.0,0.0,0.0,1.0,High,2,High,5.017610907832681,2.248128907197987,7.839642849007856,0.18386058981233244,2.5169436997319035,0,2066,0.05093833780160858,17.71546635182999
T00272,R0268,Zone_5,6.83,55.86,110.21,Credit Card,2024-06-12,0,Ishaan Kumar,34.0,Male,Chennai,2022-10-16,10.0,0.0,4.6,2590.0,1.31,43.9,Business,-0.28526552158080737,-0.31853627178410204,0,2,6,1,0.0,1.0,0.0,0.0,0.0,0.0,0.0,0.0,0.0,1.0,0.0,0.0,0.0,0.0,Medium,1,Low,4.71142030583075,2.057962510002712,7.473954776421918,4.252,72.60799999999999,0,1392,0.0,16.136163982430453
T00273,R0157,Zone_9,14.65,125.74,288.9,UPI,2023-03-18,0,Kavya Nair,36.0,Female,Hyderabad,2021-11-23,319.0,27.0,4.65,11037.0,1.83,56.1,Mixed,1.8046611831654058,1.4388494327718364,0,5,3,0,0.0,0.0,1.0,0.0,0.0,0.0,0.0,0.0,0.0,0.0,0.0,0.0,0.0,1.0,High,2,Medium,5.66953603592761,2.750470916986162,11.21338485917611,0.3570532915360502,5.880658307210031,0,1719,0.08463949843260188,19.72013651877133
T00274,R0088,Zone_10,9.08,47.12,207.15,Credit Card,2023-11-08,1,Diya Iyer,22.0,Other,Jaipur,2019-07-07,438.0,0.0,4.78,2440.0,1.54,35.4,Industrial,0.8485276104248894,0.1871053951277728,0,2,11,2,0.0,1.0,0.0,0.0,0.0,1.0,0.0,0.0,0.0,0.0,0.0,0.0,0.0,0.0,Medium,1,High,5.3382589736409845,2.3105532626432224,6.864400920692205,0.1421232876712329,2.0405479452054793,0,2589,0.0,22.81387665198238
T00275,R0018,Zone_7,14.28,111.85,278.59,Cash,2024-07-03,0,Aarav Reddy,49.0,Female,Delhi,2023-01-09,446.0,86.0,3.29,11070.0,0.64,45.2,Industrial,1.684077242676663,1.35569946976855,0,2,7,0,1.0,0.0,0.0,0.0,0.0,0.0,0.0,0.0,0.0,0.0,0.0,1.0,0.0,0.0,Low,0,High,5.633324244340946,2.7265447837383743,10.575916035975323,0.12150224215246637,2.3415470852017934,0,1307,0.19282511210762332,19.509103641456583
T00276,R0099,Zone_3,12.87,123.91,270.61,Wallet,2024-03-13,1,Diya Gupta,35.0,Other,Mumbai,2021-08-21,80.0,8.0,3.7,12971.0,2.11,38.0,Business,1.5907445709889654,1.0388306918371084,0,2,3,2,0.0,0.0,0.0,1.0,0.0,0.0,0.0,1.0,0.0,0.0,0.0,0.0,0.0,0.0,High,2,Low,5.604367213857996,2.6297282343267403,11.131486872830601,0.867125,16.033250000000002,0,1813,0.1,21.02641802641803
T00277,R0250,Zone_10,6.38,48.44,91.22,Wallet,2023-09-27,0,Aadhya Iyer,34.0,Female,Jaipur,2021-02-01,163.0,31.0,4.63,2440.0,1.54,35.4,Industrial,-0.5073692102210815,-0.4196646051664771,0,2,9,0,0.0,0.0,0.0,1.0,0.0,1.0,0.0,0.0,0.0,0.0,0.0,0.0,0.0,0.0,Medium,1,Low,4.52417702677856,1.998773638612381,6.959885056522126,0.46208588957055213,6.91601226993865,0,2014,0.1901840490797546,14.297805642633229
T00278,R0045,Zone_6,7.16,58.69,62.36,Credit Card,2023-02-02,0,Saanvi Iyer,34.0,Other,Ahmedabad,2023-07-12,100.0,16.0,4.88,14627.0,0.54,37.6,Mixed,-0.8449106770014033,-0.24437549397036037,0,3,2,2,0.0,1.0,0.0,0.0,0.0,0.0,0.0,0.0,0.0,0.0,1.0,0.0,0.0,0.0,Low,0,Low,4.14883274750617,2.0992441689760155,7.6609398901179215,0.8753,15.298499999999999,0,1123,0.16,8.70949720670391
T00279,R0254,Zone_2,17.65,102.86,180.18,UPI,2023-02-16,0,Meera Kumar,18.0,Male,Delhi,2020-03-09,363.0,70.0,3.68,6371.0,0.91,58.4,Residential,0.533091250096917,2.113038321987669,0,3,2,1,0.0,0.0,1.0,0.0,0.0,0.0,1.0,0.0,0.0,0.0,0.0,0.0,0.0,0.0,Low,0,High,5.1994910122411415,2.9258461460898246,10.14199191480648,0.2269146005509642,3.346005509641873,0,2343,0.1928374655647383,10.208498583569407
T00280,R0006,Zone_8,8.96,56.76,197.75,Cash,2023-02-04,1,Aarav Das,45.0,Female,Jaipur,2023-06-30,248.0,13.0,4.64,4516.0,1.93,31.0,Business,0.7385868693391296,0.16013783955913966,0,5,2,0,1.0,0.0,0.0,0.0,0.0,0.0,0.0,0.0,0.0,0.0,0.0,0.0,1.0,0.0,High,2,Medium,5.292047753534441,2.298577071596507,7.533923280734945,0.255,4.417056451612903,0,1135,0.05241935483870968,22.070312499999996
T00281,R0173,Zone_3,4.21,33.25,38.42,UPI,2023-07-13,0,Saanvi Ghosh,26.0,Other,Mumbai,2020-01-15,389.0,55.0,4.28,12971.0,2.11,38.0,Business,-1.1249086920644977,-0.907327901699263,0,3,7,2,0.0,0.0,1.0,0.0,0.0,0.0,0.0,1.0,0.0,0.0,0.0,0.0,0.0,0.0,High,2,High,3.674273301724574,1.6505798557652755,5.766281297335398,0.1286375321336761,2.2145758354755785,0,2397,0.14138817480719795,9.125890736342043
T00282,R0234,Zone_8,2.0,17.63,21.3,Wallet,2024-01-11,0,Saanvi Nair,32.0,Other,Pune,2022-12-01,183.0,31.0,3.98,4516.0,1.93,31.0,Business,-1.3251411907228177,-1.4039803834215934,0,3,1,2,0.0,0.0,0.0,1.0,0.0,0.0,0.0,0.0,0.0,0.0,0.0,0.0,1.0,0.0,High,2,Medium,3.104586678466073,1.0986122886681098,4.198809355043403,0.34677595628415303,6.222677595628415,0,1346,0.16939890710382513,10.65
T00283,R0232,Zone_2,12.87,74.19,128.37,Credit Card,2024-03-24,0,Meera Das,38.0,Male,Jaipur,2022-12-08,172.0,15.0,3.94,6371.0,0.91,58.4,Residential,-0.07286936646193524,1.0388306918371084,0,6,3,1,0.0,1.0,0.0,0.0,0.0,0.0,1.0,0.0,0.0,0.0,0.0,0.0,0.0,0.0,Low,0,Medium,4.86267651592981,2.6297282343267403,8.613361713059541,0.541860465116279,8.667674418604651,0,1339,0.0872093023255814,9.974358974358974
T00284,R0129,Zone_1,8.8,75.07,115.67,Wallet,2024-01-03,0,Vivaan Singh,35.0,Male,Hyderabad,2022-10-08,158.0,10.0,3.9,4921.0,2.43,30.9,Residential,-0.22140632516290853,0.12418109880096186,0,2,1,1,0.0,0.0,0.0,1.0,1.0,0.0,0.0,0.0,0.0,0.0,0.0,0.0,0.0,0.0,High,2,Low,4.759349436835766,2.2823823856765264,8.664294547163086,0.5688607594936709,9.54620253164557,0,1400,0.06329113924050633,13.14431818181818
T00285,R0133,Zone_9,4.04,28.1,81.2,Credit Card,2024-06-12,1,Diya Kumar,25.0,Female,Delhi,2019-07-13,155.0,11.0,4.4,11037.0,1.83,56.1,Mixed,-0.6245613618890934,-0.9455319387548269,0,2,6,0,0.0,1.0,0.0,0.0,0.0,0.0,0.0,0.0,0.0,0.0,0.0,0.0,0.0,1.0,High,2,Low,4.409155302062135,1.6174060820832772,5.300943312279429,0.4186451612903226,5.272709677419355,0,2583,0.07096774193548387,20.0990099009901
T00286,R0127,Zone_4,11.37,66.58,179.05,Credit Card,2024-08-23,0,Vivaan Kumar,38.0,Male,Chennai,2020-03-17,43.0,2.0,4.83,4038.0,2.46,48.2,Business,0.5198749695195864,0.7017362472291919,0,4,8,1,0.0,1.0,0.0,0.0,0.0,0.0,0.0,0.0,1.0,0.0,0.0,0.0,0.0,0.0,High,2,Low,5.193234590094884,2.5152741864043966,8.15965685553014,1.6467441860465117,32.56906976744186,0,2335,0.046511627906976744,15.747581354441515
T00287,R0237,Zone_5,8.8,81.48,147.6,Credit Card,2023-09-02,0,Aadhya Nair,40.0,Male,Chennai,2022-12-13,36.0,3.0,3.71,2590.0,1.31,43.9,Business,0.1520413198230816,0.12418109880096186,0,5,9,1,0.0,1.0,0.0,0.0,0.0,0.0,0.0,0.0,0.0,1.0,0.0,0.0,0.0,0.0,Medium,1,Low,5.001258132283659,2.2823823856765264,9.026627277117406,2.7047222222222222,48.88055555555556,0,1334,0.08333333333333333,16.77272727272727
T00288,R0180,Zone_2,0.30000000000000004,2.4,6.82,Credit Card,2024-01-07,1,Diya Kumar,33.0,Male,Hyderabad,2019-12-03,44.0,4.0,4.53,6371.0,0.91,58.4,Residential,-1.4944967152889668,-1.7860207539772321,0,6,1,1,0.0,1.0,0.0,0.0,0.0,0.0,1.0,0.0,0.0,0.0,0.0,0.0,0.0,0.0,Low,0,Low,2.05668455455722,0.26236426446749106,1.5491933384829668,0.12840909090909092,1.929318181818182,0,2440,0.09090909090909091,22.73333333333333
T00289,R0277,Zone_1,10.94,104.91,138.1,Credit Card,2024-08-15,0,Kavya Gupta,42.0,Female,Jaipur,2021-01-22,433.0,16.0,3.06,4921.0,2.43,30.9,Residential,0.04093099638534572,0.6051025064415892,0,3,8,0,0.0,1.0,0.0,0.0,1.0,0.0,0.0,0.0,0.0,0.0,0.0,0.0,0.0,0.0,High,2,High,4.935193098929397,2.479894107964456,10.24255827418131,0.20076212471131638,3.2397228637413393,0,2024,0.03695150115473441,12.623400365630713
T00290,R0068,Zone_1,14.67,124.27,256.47,Wallet,2024-04-21,0,Meera Singh,30.0,Female,Ahmedabad,2022-08-31,456.0,70.0,4.97,4921.0,2.43,30.9,Residential,1.4253656264195353,1.4433440253666086,0,6,4,0,0.0,0.0,0.0,1.0,1.0,0.0,0.0,0.0,0.0,0.0,0.0,0.0,0.0,0.0,High,2,High,5.550903208462204,2.7517480563679295,11.147645491313401,0.15745614035087718,2.4136622807017547,0,1438,0.15350877192982457,17.482617586912067
T00291,R0169,Zone_10,20.8,164.64,379.11,UPI,2023-02-18,0,Reyansh Kumar,32.0,Male,Delhi,2023-02-21,497.0,81.0,4.19,2440.0,1.54,35.4,Industrial,2.859741422883107,2.8209366556642945,0,5,2,1,0.0,0.0,1.0,0.0,0.0,1.0,0.0,0.0,0.0,0.0,0.0,0.0,0.0,0.0,Medium,1,High,5.940460684515219,3.0819099697950434,12.831211945876351,0.14167002012072433,2.841871227364185,0,1264,0.16297786720321933,18.22644230769231
T00292,R0190,Zone_4,8.17,66.73,198.59,Cash,2024-08-05,1,Saanvi Iyer,35.0,Other,Surat,2020-09-25,274.0,47.0,4.12,4038.0,2.46,48.2,Business,0.7484113610957295,-0.017398567934363278,0,0,8,2,1.0,0.0,0.0,0.0,0.0,0.0,0.0,0.0,1.0,0.0,0.0,0.0,0.0,0.0,High,2,Medium,5.2962652624219055,2.2159372862683733,8.16884324736373,0.25543795620437953,4.08,0,2143,0.17153284671532848,24.307221542227662
T00293,R0109,Zone_10,9.16,66.29,213.82,UPI,2023-05-12,1,Vivaan Kumar,35.0,Female,Delhi,2022-11-19,62.0,5.0,3.35,2440.0,1.54,35.4,Industrial,0.9265387533016997,0.2050837655068617,0,4,5,0,0.0,0.0,1.0,0.0,0.0,1.0,0.0,0.0,0.0,0.0,0.0,0.0,0.0,0.0,Medium,1,Low,5.369800468169901,2.318458442150336,8.141867107733951,0.6974193548387098,11.13532258064516,0,1358,0.08064516129032258,23.342794759825328
T00294,R0094,Zone_6,16.03,147.85,146.27,Wallet,2023-01-12,0,Diya Iyer,41.0,Other,Delhi,2023-04-13,480.0,62.0,4.87,14627.0,0.54,37.6,Mixed,0.13648587454179878,1.7489763218111198,0,3,1,2,0.0,0.0,0.0,1.0,0.0,0.0,0.0,0.0,0.0,0.0,1.0,0.0,0.0,0.0,Low,0,High,4.992267636738071,2.834976494674597,12.159358535712318,0.09941666666666667,1.5616666666666668,0,1213,0.12916666666666668,9.124766063630693
T00295,R0229,Zone_1,8.84,79.58,96.2,Wallet,2023-04-08,0,Reyansh Ghosh,22.0,Female,Mumbai,2020-11-23,146.0,16.0,4.43,4921.0,2.43,30.9,Residential,-0.4491240090926683,0.1331702839905061,0,5,4,0,0.0,0.0,0.0,1.0,1.0,0.0,0.0,0.0,0.0,0.0,0.0,0.0,0.0,0.0,High,2,Low,4.576770711466393,2.286455711064162,8.920762299265686,0.26493150684931505,4.715753424657534,0,2084,0.1095890410958904,10.882352941176471
T00296,R0084,Zone_5,9.38,67.84,183.0,Cash,2023-12-18,0,Kavya Sharma,38.0,Male,Jaipur,2019-07-21,366.0,6.0,4.67,2590.0,1.31,43.9,Business,0.5660734724226449,0.2545242840493563,0,0,12,1,1.0,0.0,0.0,0.0,0.0,0.0,0.0,0.0,0.0,1.0,0.0,0.0,0.0,0.0,Medium,1,High,5.214935757608986,2.3398808777377424,8.2365041127896,0.20464480874316943,3.923060109289618,0,2575,0.01639344262295082,19.50959488272921
T00297,R0013,Zone_7,4.85,41.88,92.68,Wallet,2023-12-07,0,Ishaan Gupta,43.0,Female,Kolkata,2019-04-01,6.0,0.0,3.91,11070.0,0.64,45.2,Industrial,-0.49029330788222936,-0.763500938666552,0,3,12,0,0.0,0.0,0.0,1.0,0.0,0.0,0.0,0.0,0.0,0.0,0.0,1.0,0.0,0.0,Low,0,Low,4.539884719289462,1.766441661243765,6.471475874945375,13.418333333333335,238.80666666666664,0,2686,0.0,19.109278350515467
T00298,R0222,Zone_10,1.03,6.71,22.09,Wallet,2023-08-10,1,Aarav Singh,27.0,Male,Surat,2022-08-28,475.0,12.0,3.44,2440.0,1.54,35.4,Industrial,-1.315901490142206,-1.6219681242680462,0,3,8,1,0.0,0.0,0.0,1.0,0.0,1.0,0.0,0.0,0.0,0.0,0.0,0.0,0.0,0.0,Medium,1,High,3.139399623366404,0.708035793053696,2.5903667693977237,0.16642105263157894,2.7908000000000004,0,1441,0.02526315789473684,21.446601941747574
T00299,R0110,Zone_3,12.56,73.2,187.1,Wallet,2023-12-07,0,Vivaan Patel,19.0,Female,Kolkata,2023-02-04,224.0,28.0,4.43,12971.0,2.11,38.0,Business,0.6140263488536677,0.9691645066181394,0,3,12,0,0.0,0.0,0.0,1.0,0.0,0.0,0.0,1.0,0.0,0.0,0.0,0.0,0.0,0.0,High,2,Medium,5.236973736306985,2.6071242825122494,8.555699854482976,0.26571428571428574,4.226249999999999,0,1281,0.125,14.896496815286623
T00300,R0030,Zone_10,1.63,9.91,36.07,UPI,2023-09-08,1,Saanvi Patel,25.0,Other,Mumbai,2021-01-08,442.0,58.0,3.72,2440.0,1.54,35.4,Industrial,-1.152393877335938,-1.4871303464248795,0,4,9,2,0.0,0.0,1.0,0.0,0.0,1.0,0.0,0.0,0.0,0.0,0.0,0.0,0.0,0.0,Medium,1,High,3.612808017162641,0.9669838461896731,3.1480152477394387,0.1833710407239819,3.5865384615384617,0,2038,0.13122171945701358,22.12883435582822
T00301,R0037,Zone_10,13.7,92.43,300.6,Wallet,2024-01-21,1,Aadhya Iyer,32.0,Other,Ahmedabad,2020-11-21,489.0,6.0,3.36,2440.0,1.54,35.4,Industrial,1.941502318346618,1.2253562845201555,0,6,1,2,0.0,0.0,0.0,1.0,0.0,1.0,0.0,0.0,0.0,0.0,0.0,0.0,0.0,0.0,Medium,1,High,5.709101636133801,2.6878474937846906,9.614052215377239,0.15969325153374234,2.6884662576687117,0,2086,0.012269938650306749,21.941605839416063
T00302,R0191,Zone_8,4.06,26.03,73.11,Credit Card,2023-05-07,0,Meera Gupta,33.0,Other,Surat,2020-08-14,87.0,6.0,4.56,4516.0,1.93,31.0,Business,-0.7191805741639654,-0.9410373461600547,0,6,5,2,0.0,1.0,0.0,0.0,0.0,0.0,0.0,0.0,0.0,0.0,0.0,0.0,1.0,0.0,High,2,Low,4.305550475963267,1.6213664832993742,5.101960407529639,0.9559770114942528,15.24735632183908,0,2185,0.06896551724137931,18.007389162561577
T00303,R0047,Zone_2,9.33,90.48,95.23,Cash,2024-01-23,0,Reyansh Iyer,51.0,Female,Bengaluru,2021-10-07,69.0,3.0,4.86,6371.0,0.91,58.4,Residential,-0.4604689579068371,0.24328780256242558,0,1,1,0,1.0,0.0,0.0,0.0,0.0,0.0,1.0,0.0,0.0,0.0,0.0,0.0,0.0,0.0,Low,0,Low,4.566741159368309,2.3350522831315472,9.512097560475292,0.9018840579710146,16.592318840579708,0,1766,0.043478260869565216,10.206859592711684
T00304,R0153,Zone_4,6.14,51.22,62.16,Cash,2023-06-15,0,Aadhya Ghosh,20.0,Male,Mumbai,2020-05-04,76.0,14.0,4.54,4038.0,2.46,48.2,Business,-0.8472498417053558,-0.47359971630374376,0,3,6,1,1.0,0.0,0.0,0.0,0.0,0.0,0.0,0.0,1.0,0.0,0.0,0.0,0.0,0.0,High,2,Low,4.145671189387441,1.965712776351493,7.1568149340331555,0.3794736842105263,6.065131578947368,0,2287,0.18421052631578946,10.123778501628664
T00305,R0037,Zone_6,13.87,104.8,212.4,UPI,2023-05-15,0,Aadhya Iyer,32.0,Other,Ahmedabad,2020-11-21,489.0,6.0,3.36,14627.0,0.54,37.6,Mixed,0.9099306839036382,1.2635603215757194,0,0,5,2,0.0,0.0,1.0,0.0,0.0,0.0,0.0,0.0,0.0,0.0,1.0,0.0,0.0,0.0,Low,0,High,5.363168338867653,2.6993457604720636,10.237187113655782,0.15969325153374234,2.6884662576687117,0,2086,0.012269938650306749,15.313626532083635
T00306,R0164,Zone_10,9.5,52.89,128.05,UPI,2024-01-14,0,Aadhya Ghosh,37.0,Other,Ahmedabad,2022-07-06,249.0,23.0,4.02,2440.0,1.54,35.4,Industrial,-0.0766120299882589,0.2814918396179894,0,6,1,2,0.0,0.0,1.0,0.0,0.0,1.0,0.0,0.0,0.0,0.0,0.0,0.0,0.0,0.0,Medium,1,Medium,4.860199926164623,2.3513752571634776,7.2725511342306834,0.40273092369477914,7.062208835341366,0,1494,0.09236947791164658,13.478947368421053
T00307,R0090,Zone_4,17.8,146.74,379.63,Wallet,2024-03-08,1,Kavya Iyer,33.0,Female,Mumbai,2021-01-31,152.0,25.0,4.51,4038.0,2.46,48.2,Business,3.519268911162468,2.146747766448461,0,4,3,0,0.0,0.0,0.0,1.0,0.0,0.0,0.0,0.0,1.0,0.0,0.0,0.0,0.0,0.0,High,2,Low,5.94182777466688,2.9338568698359038,12.113628688382354,0.7113815789473685,12.63078947368421,0,2015,0.16447368421052633,21.32752808988764
T00308,R0074,Zone_3,2.58,22.59,36.36,Credit Card,2023-04-16,0,Vivaan Ghosh,23.0,Male,Kolkata,2023-09-11,199.0,22.0,4.89,12971.0,2.11,38.0,Business,-1.1490020885152068,-1.2736371981731989,0,6,4,1,0.0,1.0,0.0,0.0,0.0,0.0,0.0,1.0,0.0,0.0,0.0,0.0,0.0,0.0,High,2,Medium,3.620600613360642,1.275362800412609,4.752893855326458,0.2321105527638191,4.106884422110553,0,1062,0.11055276381909548,14.093023255813954
T00309,R0080,Zone_4,10.07,64.41,162.79,Wallet,2023-01-19,0,Reyansh Kumar,19.0,Female,Mumbai,2021-05-15,34.0,6.0,4.6,4038.0,2.46,48.2,Business,0.3297008790882614,0.4095877285689978,0,3,1,0,0.0,0.0,0.0,1.0,0.0,0.0,0.0,0.0,1.0,0.0,0.0,0.0,0.0,0.0,High,2,Low,5.098585119494288,2.4042387467205457,8.025584090893322,1.6208823529411764,24.814117647058826,0,1911,0.17647058823529413,16.165839126117177
T00310,R0004,Zone_5,8.24,60.17,80.25,UPI,2024-07-23,0,Aarav Nair,19.0,Other,Kolkata,2019-07-28,464.0,5.0,3.19,2590.0,1.31,43.9,Business,-0.635672394232867,-0.00166749385266044,0,1,7,2,0.0,0.0,1.0,0.0,0.0,0.0,0.0,0.0,0.0,1.0,0.0,0.0,0.0,0.0,Medium,1,High,4.3975308212098465,2.2235418856535927,7.756932383358772,0.08019396551724138,1.4720474137931034,0,2568,0.010775862068965518,9.739077669902912
T00311,R0007,Zone_1,9.4,56.5,111.17,Credit Card,2023-06-17,0,Ishaan Ghosh,18.0,Female,Mumbai,2021-03-26,458.0,82.0,4.03,4921.0,2.43,30.9,Residential,-0.27403753100183603,0.2590188766441284,0,5,6,0,0.0,1.0,0.0,0.0,1.0,0.0,0.0,0.0,0.0,0.0,0.0,0.0,0.0,0.0,High,2,High,4.720015577657132,2.341805806147327,7.516648189186454,0.08650655021834062,1.3033187772925765,0,1961,0.17903930131004367,11.826595744680851
T00312,R0027,Zone_5,15.98,118.94,161.91,Cash,2023-02-26,0,Ishaan Iyer,39.0,Male,Jaipur,2019-10-05,403.0,61.0,3.98,2590.0,1.31,43.9,Business,0.3194085543908712,1.737739840324189,0,6,2,1,1.0,0.0,0.0,0.0,0.0,0.0,0.0,0.0,0.0,1.0,0.0,0.0,0.0,0.0,Medium,1,High,5.093197901078078,2.8320361808832013,10.90596167240652,0.14349875930521092,2.052803970223325,0,2499,0.1513647642679901,10.132040050062578
T00313,R0017,Zone_8,10.93,83.99,142.44,UPI,2023-12-01,0,Meera Das,49.0,Female,Mumbai,2023-03-18,288.0,21.0,3.83,4516.0,1.93,31.0,Business,0.09169087046111142,0.6028552101442032,0,4,12,0,0.0,0.0,1.0,0.0,0.0,0.0,0.0,0.0,0.0,0.0,0.0,0.0,1.0,0.0,High,2,Medium,4.965916829296877,2.4790562361098245,9.164605828948673,0.19437500000000002,2.820520833333333,0,1239,0.07291666666666667,13.032021957913999
T00314,R0173,Zone_3,2.26,18.32,40.95,UPI,2023-06-22,0,Saanvi Ghosh,26.0,Other,Mumbai,2020-01-15,389.0,55.0,4.28,12971.0,2.11,38.0,Business,-1.0953182585595007,-1.3455506796895547,0,3,6,2,0.0,0.0,1.0,0.0,0.0,0.0,0.0,1.0,0.0,0.0,0.0,0.0,0.0,0.0,High,2,High,3.7364784329132155,1.1817271953786161,4.280186911806539,0.1286375321336761,2.2145758354755785,0,2397,0.14138817480719795,18.119469026548675
T00315,R0080,Zone_5,10.67,101.39,221.3,Cash,2023-08-25,1,Reyansh Kumar,19.0,Female,Mumbai,2021-05-15,34.0,6.0,4.6,2590.0,1.31,43.9,Business,1.0140235132295172,0.5444255064121644,0,4,8,0,1.0,0.0,0.0,0.0,0.0,0.0,0.0,0.0,0.0,1.0,0.0,0.0,0.0,0.0,Medium,1,Low,5.404027820970151,2.4570214462984645,10.069260151570223,1.6208823529411764,24.814117647058826,0,1911,0.17647058823529413,20.740393626991565
T00316,R0212,Zone_1,5.92,31.63,94.3,UPI,2024-05-05,0,Aadhya Iyer,36.0,Female,Ahmedabad,2023-09-11,73.0,12.0,3.22,4921.0,2.43,30.9,Residential,-0.47134607378021554,-0.5230402348462381,0,6,5,0,0.0,0.0,1.0,0.0,1.0,0.0,0.0,0.0,0.0,0.0,0.0,0.0,0.0,0.0,High,2,Low,4.557029810660157,1.9344157696295783,5.624055476255546,0.8024657534246575,15.458767123287672,0,1062,0.1643835616438356,15.929054054054054
T00317,R0113,Zone_4,5.63,55.52,108.99,Wallet,2024-08-23,0,Aadhya Singh,26.0,Other,Chennai,2019-03-09,423.0,26.0,4.61,4038.0,2.46,48.2,Business,-0.2995344262749166,-0.5882118274704353,0,4,8,2,0.0,0.0,0.0,1.0,0.0,0.0,0.0,0.0,1.0,0.0,0.0,0.0,0.0,0.0,High,2,High,4.700389452569025,1.891604804197771,7.451174404078864,0.1300709219858156,2.591702127659574,0,2709,0.061465721040189124,19.358792184724688
T00318,R0102,Zone_8,13.23,79.32,207.3,Wallet,2023-08-18,0,Aarav Nair,18.0,Female,Chennai,2023-05-13,123.0,22.0,4.1,4516.0,1.93,31.0,Business,0.8502819839528537,1.1197333585430087,0,4,8,0,0.0,0.0,0.0,1.0,0.0,0.0,0.0,0.0,0.0,0.0,0.0,0.0,1.0,0.0,High,2,Low,5.3389793482669266,2.655352412101761,8.906177631284926,0.29130081300813004,3.9292682926829268,0,1183,0.17886178861788618,15.668934240362812
T00319,R0178,Zone_2,4.99,39.38,106.51,Cash,2023-12-24,1,Saanvi Ghosh,27.0,Male,Delhi,2021-05-15,56.0,7.0,3.13,6371.0,0.91,58.4,Residential,-0.32854006860392543,-0.7320387905031464,0,6,12,1,1.0,0.0,0.0,0.0,0.0,0.0,1.0,0.0,0.0,0.0,0.0,0.0,0.0,0.0,Low,0,Low,4.6775838664971365,1.7900914121273581,6.275348595894893,1.1296428571428572,18.581071428571427,0,1911,0.125,21.344689378757515
T00320,R0294,Zone_6,6.1,41.42,74.02,UPI,2023-01-15,0,Arjun Reddy,24.0,Male,Surat,2021-04-02,41.0,7.0,3.2,14627.0,0.54,37.6,Mixed,-0.7085373747609823,-0.4825889014932882,0,6,1,1,0.0,0.0,1.0,0.0,0.0,0.0,0.0,0.0,0.0,0.0,1.0,0.0,0.0,0.0,Low,0,Low,4.317754744653741,1.9600947840472698,6.435837163881635,1.3824390243902438,20.37560975609756,0,1954,0.17073170731707318,12.134426229508197
T00321,R0040,Zone_7,8.16,74.12,71.85,Credit Card,2024-02-03,0,Aarav Gupta,34.0,Other,Surat,2023-05-05,485.0,36.0,4.41,11070.0,0.64,45.2,Industrial,-0.7339173117988651,-0.01964586423174934,0,5,2,2,0.0,1.0,0.0,0.0,0.0,0.0,0.0,0.0,0.0,0.0,0.0,1.0,0.0,0.0,Low,0,High,4.288402532641213,2.214846178686039,8.609297300012354,0.1658762886597938,2.352061855670103,0,1191,0.07422680412371134,8.805147058823529
T00322,R0094,Zone_7,12.73,115.69,253.21,UPI,2023-07-11,0,Diya Iyer,41.0,Other,Delhi,2023-04-13,480.0,62.0,4.87,11070.0,0.64,45.2,Industrial,1.3872372417451122,1.0073685436737032,0,1,7,2,0.0,0.0,1.0,0.0,0.0,0.0,0.0,0.0,0.0,0.0,0.0,1.0,0.0,0.0,Low,0,High,5.53816069708466,2.6195832197798796,10.75592859775482,0.09941666666666667,1.5616666666666668,0,1213,0.12916666666666668,19.89080911233307
T00323,R0150,Zone_7,10.91,87.34,95.48,Cash,2024-04-17,0,Ishaan Gupta,33.0,Male,Pune,2022-02-27,215.0,16.0,4.95,11070.0,0.64,45.2,Industrial,-0.4575450020268967,0.598360617549431,0,2,4,1,1.0,0.0,0.0,0.0,0.0,0.0,0.0,0.0,0.0,0.0,0.0,1.0,0.0,0.0,Low,0,Medium,4.5693357329788755,2.477378383367209,9.34558719396486,0.25795348837209303,3.506232558139535,0,1623,0.07441860465116279,8.75160403299725
T00324,R0074,Zone_2,6.83,40.8,78.43,Cash,2023-11-03,0,Vivaan Ghosh,23.0,Male,Kolkata,2023-09-11,199.0,22.0,4.89,6371.0,0.91,58.4,Residential,-0.6569587930388332,-0.31853627178410204,0,4,11,1,1.0,0.0,0.0,0.0,0.0,0.0,1.0,0.0,0.0,0.0,0.0,0.0,0.0,0.0,Low,0,Medium,4.374876130645041,2.057962510002712,6.387487769068525,0.2321105527638191,4.106884422110553,0,1062,0.11055276381909548,11.483162518301611
T00325,R0075,Zone_6,6.64,33.91,133.09,UPI,2024-02-28,1,Diya Reddy,18.0,Female,Mumbai,2021-04-30,108.0,7.0,4.83,14627.0,0.54,37.6,Mixed,-0.01766507944866016,-0.3612349014344382,0,2,2,0,0.0,0.0,1.0,0.0,0.0,0.0,0.0,0.0,0.0,0.0,1.0,0.0,0.0,0.0,Low,0,Low,4.898511216291551,2.033397603178429,5.823229344616267,0.43657407407407406,6.526018518518519,0,1926,0.06481481481481481,20.043674698795183
T00326,R0038,Zone_3,2.2,17.29,35.33,UPI,2024-06-10,0,Aarav Singh,37.0,Other,Kolkata,2023-02-11,68.0,7.0,4.07,12971.0,2.11,38.0,Business,-1.1610487867405614,-1.359034457473871,0,0,6,2,0.0,0.0,1.0,0.0,0.0,0.0,0.0,1.0,0.0,0.0,0.0,0.0,0.0,0.0,High,2,Low,3.5926438462331105,1.1631508098056809,4.158124577258358,0.43720588235294117,6.673970588235294,0,1274,0.10294117647058823,16.05909090909091
T00327,R0059,Zone_8,4.2,31.26,68.6,Wallet,2023-11-23,0,Aarav Sharma,43.0,Male,Delhi,2021-08-02,357.0,11.0,3.27,4516.0,1.93,31.0,Business,-0.7719287382380906,-0.9095751979966491,0,3,11,1,0.0,0.0,0.0,1.0,0.0,0.0,0.0,0.0,0.0,0.0,0.0,0.0,1.0,0.0,High,2,High,4.242764567340374,1.6486586255873816,5.591064299397745,0.09803921568627451,1.4979831932773109,0,1832,0.03081232492997199,16.333333333333332
T00328,R0096,Zone_9,4.73,37.52,89.79,UPI,2023-08-10,0,Reyansh Das,40.0,Female,Kolkata,2019-12-28,121.0,3.0,4.46,11037.0,1.83,56.1,Mixed,-0.5240942378543406,-0.7904684942351852,0,3,8,0,0.0,0.0,1.0,0.0,0.0,0.0,0.0,0.0,0.0,0.0,0.0,0.0,0.0,1.0,High,2,Low,4.508549147383666,1.7457155307266483,6.125357132445422,0.2265289256198347,2.933471074380165,0,2415,0.024793388429752067,18.983086680761097
T00329,R0195,Zone_7,7.25,40.59,150.9,Credit Card,2024-07-06,1,Aadhya Reddy,33.0,Male,Kolkata,2021-05-27,72.0,10.0,4.97,11070.0,0.64,45.2,Industrial,0.19063753743829526,-0.2241498272938854,0,5,7,1,0.0,1.0,0.0,0.0,0.0,0.0,0.0,0.0,0.0,0.0,0.0,1.0,0.0,0.0,Low,0,Low,5.023222409601727,2.1102132003465894,6.371028174478591,0.9766666666666668,14.502361111111112,0,1899,0.1388888888888889,20.813793103448276
T00330,R0233,Zone_8,17.93,155.66,164.79,Cash,2023-08-01,0,Ishaan Iyer,30.0,Other,Hyderabad,2023-11-23,469.0,41.0,4.37,4516.0,1.93,31.0,Business,0.35309252612778474,2.1759626183144802,0,1,8,2,1.0,0.0,0.0,0.0,0.0,0.0,0.0,0.0,0.0,0.0,0.0,0.0,1.0,0.0,High,2,High,5.110721927251374,2.9407479652212314,12.476377679438851,0.1903411513859275,3.3757569296375265,0,989,0.08742004264392324,9.19074177356386
T00331,R0014,Zone_5,4.62,33.69,68.83,Credit Card,2023-07-22,0,Aarav Das,26.0,Female,Ahmedabad,2021-06-08,325.0,53.0,3.0,2590.0,1.31,43.9,Business,-0.7692386988285453,-0.8151887535064324,0,5,7,0,0.0,1.0,0.0,0.0,0.0,0.0,0.0,0.0,0.0,1.0,0.0,0.0,0.0,0.0,Medium,1,Medium,4.246063716857944,1.7263316639055997,5.80430874437258,0.1298153846153846,2.710769230769231,0,1887,0.16307692307692306,14.898268398268398
T00332,R0067,Zone_3,6.52,63.41,59.94,UPI,2023-06-29,0,Saanvi Iyer,32.0,Male,Pune,2022-07-24,348.0,9.0,3.38,12971.0,2.11,38.0,Business,-0.8732145699192266,-0.3882024570030716,0,3,6,1,0.0,0.0,1.0,0.0,0.0,0.0,0.0,1.0,0.0,0.0,0.0,0.0,0.0,0.0,High,2,High,4.109889773557563,2.017566137961748,7.963039620647382,0.32491379310344826,5.3069252873563215,0,1476,0.02586206896551724,9.193251533742332
T00333,R0256,Zone_3,2.26,18.78,22.4,Credit Card,2024-07-21,0,Aadhya Sharma,31.0,Female,Delhi,2021-03-25,265.0,8.0,3.65,12971.0,2.11,38.0,Business,-1.3122757848510798,-1.3455506796895547,0,6,7,0,0.0,1.0,0.0,0.0,0.0,0.0,0.0,1.0,0.0,0.0,0.0,0.0,0.0,0.0,High,2,Medium,3.152736022363656,1.1817271953786161,4.3335897360040905,0.15641509433962264,2.8445283018867924,0,1962,0.03018867924528302,9.91150442477876
T00334,R0178,Zone_10,11.0,61.05,200.36,Cash,2024-01-27,0,Saanvi Ghosh,27.0,Male,Delhi,2021-05-15,56.0,7.0,3.13,2440.0,1.54,35.4,Industrial,0.7691129687257078,0.618586284225906,0,5,1,1,1.0,0.0,0.0,0.0,0.0,1.0,0.0,0.0,0.0,0.0,0.0,0.0,0.0,0.0,Medium,1,Low,5.30509435082706,2.4849066497880004,7.813449942247022,1.1296428571428572,18.581071428571427,0,1911,0.125,18.214545454545455
T00335,R0170,Zone_2,0.11,1.02,3.27,UPI,2024-05-14,1,Saanvi Kumar,29.0,Other,Bengaluru,2020-05-20,28.0,3.0,3.68,6371.0,0.91,58.4,Residential,-1.5536775822989608,-1.8287193836275684,0,1,5,2,0.0,0.0,1.0,0.0,0.0,0.0,1.0,0.0,0.0,0.0,0.0,0.0,0.0,0.0,Low,0,Low,1.451613827240533,0.10436001532424277,1.0099504938362078,1.9110714285714285,33.70392857142857,0,2271,0.10714285714285714,29.727272727272727
T00336,R0224,Zone_2,3.47,17.54,72.48,Cash,2023-01-08,1,Ishaan Sharma,29.0,Female,Ahmedabad,2020-08-04,200.0,1.0,4.31,6371.0,0.91,58.4,Residential,-0.7265489429814151,-1.073627827705835,0,6,1,0,1.0,0.0,0.0,0.0,0.0,0.0,1.0,0.0,0.0,0.0,0.0,0.0,0.0,0.0,Low,0,Medium,4.297013260346925,1.4973884086254776,4.188078318274385,0.20855,2.5707,0,2195,0.005,20.887608069164266
T00337,R0115,Zone_8,13.21,99.53,292.15,Wallet,2024-05-15,1,Aarav Ghosh,40.0,Female,Bengaluru,2020-03-01,170.0,15.0,4.4,4516.0,1.93,31.0,Business,1.8426726096046313,1.1152387659482366,0,2,5,0,0.0,0.0,0.0,1.0,0.0,0.0,0.0,0.0,0.0,0.0,0.0,0.0,1.0,0.0,High,2,Medium,5.680684423410224,2.6539459421090092,9.976472322419383,0.49105882352941177,8.388058823529413,0,2351,0.08823529411764706,22.11582134746404
T00338,R0136,Zone_1,2.52,16.42,53.39,Cash,2023-02-11,1,Diya Ghosh,34.0,Male,Hyderabad,2019-01-19,339.0,11.0,3.82,4921.0,2.43,30.9,Residential,-0.9498222139736655,-1.2871209759575157,0,5,2,1,1.0,0.0,0.0,0.0,1.0,0.0,0.0,0.0,0.0,0.0,0.0,0.0,0.0,0.0,High,2,High,3.9961803134348695,1.2584609896100056,4.052159917870962,0.0792330383480826,1.0111799410029498,0,2758,0.032448377581120944,21.186507936507937
T00339,R0152,Zone_5,8.48,84.12,165.16,UPI,2024-05-08,0,Arjun Patel,34.0,Female,Bengaluru,2021-05-04,143.0,24.0,3.91,2590.0,1.31,43.9,Business,0.35741998083009663,0.05226761728460626,0,2,5,0,0.0,0.0,1.0,0.0,0.0,0.0,0.0,0.0,0.0,1.0,0.0,0.0,0.0,0.0,Medium,1,Low,5.112951179567857,2.2491843162669305,9.171695590238482,0.3393706293706294,6.395524475524475,0,1922,0.16783216783216784,19.47641509433962
T00340,R0223,Zone_1,12.0,90.38,197.57,Wallet,2023-09-14,0,Meera Ghosh,30.0,Female,Surat,2019-11-29,158.0,10.0,4.04,4921.0,2.43,30.9,Residential,0.7364816211055725,0.843315913964517,0,3,9,0,0.0,0.0,0.0,1.0,1.0,0.0,0.0,0.0,0.0,0.0,0.0,0.0,0.0,0.0,High,2,Low,5.2911416827989415,2.5649493574615367,9.506839643120104,0.3569620253164557,6.248164556962026,0,2444,0.06329113924050633,16.464166666666667
T00341,R0054,Zone_5,15.63,117.8,255.15,Cash,2023-08-12,0,Meera Iyer,25.0,Other,Mumbai,2021-06-30,267.0,22.0,3.58,2590.0,1.31,43.9,Business,1.4099271393734498,1.6590844699156753,0,5,8,2,1.0,0.0,0.0,0.0,0.0,0.0,0.0,0.0,0.0,1.0,0.0,0.0,0.0,0.0,Medium,1,Medium,5.5457632103852115,2.8112082932048366,10.853570840972107,0.05853932584269663,0.9556179775280899,0,1865,0.08239700374531835,16.324376199616122
T00342,R0105,Zone_5,3.4,31.54,36.83,Credit Card,2023-02-12,0,Diya Das,31.0,Female,Jaipur,2020-09-28,346.0,9.0,3.69,2590.0,1.31,43.9,Business,-1.1435050514609189,-1.0893589017875378,0,6,2,0,0.0,1.0,0.0,0.0,0.0,0.0,0.0,0.0,0.0,1.0,0.0,0.0,0.0,0.0,Medium,1,High,3.6331024386449378,1.4816045409242156,5.616048432839588,0.27514450867052026,3.7604624277456646,0,2140,0.02601156069364162,10.83235294117647
T00343,R0232,Zone_7,4.88,42.08,121.38,UPI,2024-06-08,1,Meera Das,38.0,Male,Jaipur,2022-12-08,172.0,15.0,3.94,11070.0,0.64,45.2,Industrial,-0.15462317286506944,-0.7567590497743936,0,5,6,1,0.0,0.0,1.0,0.0,0.0,0.0,0.0,0.0,0.0,0.0,0.0,1.0,0.0,0.0,Low,0,Medium,4.807130958034395,1.7715567619105355,6.486909896090742,0.541860465116279,8.667674418604651,0,1339,0.0872093023255814,24.87295081967213
T00344,R0036,Zone_8,17.02,161.82,174.34,Cash,2023-08-24,0,Aadhya Das,30.0,Female,Surat,2022-03-16,177.0,15.0,4.9,4516.0,1.93,31.0,Business,0.46478764074150886,1.9714586552523443,0,3,8,0,1.0,0.0,0.0,0.0,0.0,0.0,0.0,0.0,0.0,0.0,0.0,0.0,1.0,0.0,High,2,Medium,5.1667269461604395,2.8914822521801917,12.720849028268514,0.36819209039548023,5.884293785310734,0,1606,0.0847457627118644,10.243243243243244
T00345,R0174,Zone_9,7.87,67.67,133.1,Cash,2023-01-22,0,Aadhya Patel,32.0,Male,Kolkata,2019-02-07,320.0,7.0,3.8,11037.0,1.83,56.1,Mixed,-0.01754812121346265,-0.08481745685594655,0,6,1,1,1.0,0.0,0.0,0.0,0.0,0.0,0.0,0.0,0.0,0.0,0.0,0.0,0.0,1.0,High,2,Medium,4.898585790287632,2.1826747963214883,8.226177727231525,0.1941875,2.88059375,0,2739,0.021875,16.912325285895808
T00346,R0051,Zone_1,4.32,22.26,93.22,Credit Card,2023-05-04,1,Aarav Nair,21.0,Male,Kolkata,2020-04-05,213.0,14.0,4.02,4921.0,2.43,30.9,Residential,-0.48397756318155816,-0.8826076424280157,0,3,5,1,0.0,1.0,0.0,0.0,1.0,0.0,0.0,0.0,0.0,0.0,0.0,0.0,0.0,0.0,High,2,Medium,4.545632473271895,1.6714733033535532,4.71805044483418,0.2778403755868545,5.169107981220657,0,2316,0.06572769953051644,21.578703703703702
T00347,R0140,Zone_4,4.41,35.96,40.09,UPI,2023-02-08,0,Aadhya Nair,29.0,Female,Delhi,2020-04-17,499.0,45.0,4.92,4038.0,2.46,48.2,Business,-1.1053766667864957,-0.8623819757515407,0,2,2,0,0.0,0.0,1.0,0.0,0.0,0.0,0.0,0.0,1.0,0.0,0.0,0.0,0.0,0.0,High,2,High,3.7157647828953184,1.6882490928583902,5.99666574022598,0.06975951903807616,1.2386973947895792,0,2304,0.09018036072144289,9.090702947845806
T00348,R0155,Zone_3,3.14,26.64,33.21,Wallet,2023-06-30,0,Meera Reddy,23.0,Male,Hyderabad,2019-02-10,353.0,8.0,3.14,12971.0,2.11,38.0,Business,-1.1858439326024561,-1.1477886055195767,0,4,6,1,0.0,0.0,0.0,1.0,0.0,0.0,0.0,1.0,0.0,0.0,0.0,0.0,0.0,0.0,High,2,High,3.5325179989895132,1.420695787837223,5.1613951602255765,0.17254957507082153,2.639405099150142,0,2736,0.0226628895184136,10.576433121019107
T00349,R0018,Zone_9,5.8,30.14,46.49,Wallet,2023-04-28,0,Aarav Reddy,49.0,Female,Delhi,2023-01-09,446.0,86.0,3.29,11037.0,1.83,56.1,Mixed,-1.030523396260021,-0.5500077904148715,0,4,4,0,0.0,0.0,0.0,1.0,0.0,0.0,0.0,0.0,0.0,0.0,0.0,0.0,0.0,1.0,High,2,High,3.8605191625610304,1.916922612182061,5.489990892524322,0.12150224215246637,2.3415470852017934,0,1307,0.19282511210762332,8.01551724137931
T00350,R0184,Zone_1,13.44,90.43,219.56,Cash,2023-10-19,0,Meera Nair,29.0,Female,Surat,2020-03-04,285.0,27.0,3.97,4921.0,2.43,30.9,Residential,0.9936727803051317,1.1669265807881168,0,3,10,0,1.0,0.0,0.0,0.0,1.0,0.0,0.0,0.0,0.0,0.0,0.0,0.0,0.0,0.0,High,2,Medium,5.396169766715541,2.67000213346468,9.509468965194639,0.24266666666666664,4.2551578947368425,0,2348,0.09473684210526316,16.336309523809526
T00351,R0278,Zone_7,12.44,86.85,295.14,UPI,2024-05-17,1,Aarav Reddy,20.0,Female,Mumbai,2021-09-02,382.0,58.0,4.27,11070.0,0.64,45.2,Industrial,1.8776431219287189,0.9421969510495057,0,4,5,0,0.0,0.0,1.0,0.0,0.0,0.0,0.0,0.0,0.0,0.0,0.0,1.0,0.0,0.0,Low,0,High,5.690832315480573,2.5982353350950036,9.31933474020544,0.25536649214659685,5.527120418848168,0,1801,0.1518324607329843,23.72508038585209
T00352,R0190,Zone_1,2.13,11.74,23.56,Wallet,2024-07-31,0,Saanvi Iyer,35.0,Other,Surat,2020-09-25,274.0,47.0,4.12,4921.0,2.43,30.9,Residential,-1.2987086295681562,-1.374765531555574,0,2,7,2,0.0,0.0,0.0,1.0,1.0,0.0,0.0,0.0,0.0,0.0,0.0,0.0,0.0,0.0,High,2,Medium,3.2011191032789417,1.1410330045520618,3.4263683398023628,0.25543795620437953,4.08,0,2143,0.17153284671532848,11.061032863849766
T00353,R0066,Zone_1,9.07,47.59,170.17,Credit Card,2023-06-11,0,Arjun Patel,38.0,Female,Bengaluru,2022-06-03,167.0,28.0,4.72,4921.0,2.43,30.9,Residential,0.4160160566641025,0.18485809883038673,0,6,6,0,0.0,1.0,0.0,0.0,1.0,0.0,0.0,0.0,0.0,0.0,0.0,0.0,0.0,0.0,High,2,Low,5.142657214707572,2.309560706730471,6.898550572402873,0.25431137724550895,3.449940119760479,0,1527,0.16766467065868262,18.761852260198456
T00354,R0094,Zone_5,5.99,57.23,112.32,Cash,2023-10-03,0,Diya Iyer,41.0,Other,Delhi,2023-04-13,480.0,62.0,4.87,2590.0,1.31,43.9,Business,-0.2605873339541102,-0.5073091607645352,0,1,10,2,1.0,0.0,0.0,0.0,0.0,0.0,0.0,0.0,0.0,1.0,0.0,0.0,0.0,0.0,Medium,1,High,4.730215674962316,1.944480556245719,7.565051222562872,0.09941666666666667,1.5616666666666668,0,1213,0.12916666666666668,18.751252086811352
T00355,R0042,Zone_3,11.91,74.32,100.52,Cash,2024-07-01,0,Arjun Reddy,18.0,Female,Chennai,2021-05-20,23.0,4.0,3.03,12971.0,2.11,38.0,Business,-0.39859805148729793,0.823090247288042,0,0,7,0,1.0,0.0,0.0,0.0,0.0,0.0,0.0,1.0,0.0,0.0,0.0,0.0,0.0,0.0,High,2,Low,4.620255823406132,2.558002204858551,8.620904824900922,2.0069565217391303,32.10782608695652,0,1906,0.17391304347826086,8.439966414777498
T00356,R0252,Zone_6,7.22,71.74,179.88,UPI,2023-01-30,1,Reyansh Gupta,38.0,Other,Ahmedabad,2020-09-23,392.0,47.0,4.83,14627.0,0.54,37.6,Mixed,0.5295825030409884,-0.23089171618604382,0,0,1,2,0.0,0.0,1.0,0.0,0.0,0.0,0.0,0.0,0.0,0.0,1.0,0.0,0.0,0.0,Low,0,High,5.197833827969714,2.1065702090680882,8.469946871143879,0.25614795918367345,4.290943877551021,0,2145,0.11989795918367346,24.914127423822716
T00357,R0070,Zone_2,9.86,84.18,174.1,UPI,2023-02-03,0,Meera Reddy,33.0,Male,Bengaluru,2023-01-03,310.0,6.0,3.54,6371.0,0.91,58.4,Residential,0.46198064309676595,0.36239450632388925,0,4,2,1,0.0,0.0,1.0,0.0,0.0,0.0,1.0,0.0,0.0,0.0,0.0,0.0,0.0,0.0,Low,0,Medium,5.165357239291806,2.3850863145057892,9.174965939991276,0.2897096774193548,5.337709677419355,0,1313,0.01935483870967742,17.657200811359026
T00358,R0262,Zone_4,7.21,64.54,104.14,UPI,2023-10-29,0,Meera Singh,30.0,Male,Ahmedabad,2019-04-21,6.0,0.0,3.35,4038.0,2.46,48.2,Business,-0.35625917034576066,-0.23313901248342986,0,6,10,1,0.0,0.0,1.0,0.0,0.0,0.0,0.0,0.0,1.0,0.0,0.0,0.0,0.0,0.0,High,2,Low,4.655292795391302,2.105352923464337,8.033679107357974,9.936666666666667,161.22666666666666,0,2666,0.0,14.44382801664355
T00359,R0266,Zone_6,2.94,23.28,30.06,UPI,2024-01-22,0,Diya Reddy,29.0,Other,Chennai,2020-09-25,98.0,13.0,3.9,14627.0,0.54,37.6,Mixed,-1.2226857766897055,-1.192734531467299,0,0,1,2,0.0,0.0,1.0,0.0,0.0,0.0,0.0,0.0,0.0,0.0,1.0,0.0,0.0,0.0,Low,0,Low,3.435920817720541,1.3711807233098425,4.824935232725927,0.7445918367346939,12.729081632653061,0,2143,0.1326530612244898,10.224489795918368
T00360,R0135,Zone_8,8.24,46.06,136.7,Credit Card,2024-08-06,0,Reyansh Patel,38.0,Female,Ahmedabad,2022-02-24,153.0,8.0,3.47,4516.0,1.93,31.0,Business,0.02455684345767931,-0.00166749385266044,0,1,8,0,0.0,1.0,0.0,0.0,0.0,0.0,0.0,0.0,0.0,0.0,0.0,0.0,1.0,0.0,High,2,Low,4.925077405734609,2.2235418856535927,6.786751800382861,0.4352941176470588,6.4845098039215685,0,1626,0.05228758169934641,16.589805825242717
T00361,R0205,Zone_8,1.6400000000000001,12.3,18.88,Credit Card,2024-04-13,0,Diya Singh,31.0,Other,Surat,2019-05-12,100.0,14.0,4.66,4516.0,1.93,31.0,Business,-1.3534450836406409,-1.4848830501274932,0,5,4,2,0.0,1.0,0.0,0.0,0.0,0.0,0.0,0.0,0.0,0.0,0.0,0.0,1.0,0.0,High,2,Low,2.989714201228428,0.9707789171582248,3.5071355833500366,0.25549999999999995,2.659,0,2645,0.14,11.512195121951217
T00362,R0011,Zone_8,11.74,95.8,271.65,UPI,2024-04-20,1,Vivaan Nair,26.0,Male,Chennai,2020-04-14,208.0,34.0,4.0,4516.0,1.93,31.0,Business,1.602908227449517,0.7848862102324782,0,5,4,1,0.0,0.0,1.0,0.0,0.0,0.0,0.0,0.0,0.0,0.0,0.0,0.0,1.0,0.0,High,2,Medium,5.60818892137207,2.5447466501440172,9.787747442593725,0.4276923076923077,7.8547115384615385,0,2307,0.16346153846153846,23.13884156729131
T00363,R0163,Zone_9,4.6,41.6,101.86,Wallet,2023-01-09,1,Kavya Gupta,33.0,Other,Ahmedabad,2020-02-20,302.0,21.0,3.56,11037.0,1.83,56.1,Mixed,-0.38292564797081724,-0.8196833461012047,0,0,1,2,0.0,0.0,0.0,1.0,0.0,0.0,0.0,0.0,0.0,0.0,0.0,0.0,0.0,1.0,High,2,Medium,4.63336884034677,1.7227665977411035,6.44980619863884,0.06221854304635761,1.0750993377483444,0,2361,0.0695364238410596,22.143478260869568
T00364,R0289,Zone_2,4.97,39.77,98.47,Credit Card,2023-10-20,0,Aarav Gupta,21.0,Other,Chennai,2021-09-30,322.0,14.0,4.17,6371.0,0.91,58.4,Residential,-0.42257448970280936,-0.7365333830979186,0,4,10,2,0.0,1.0,0.0,0.0,0.0,0.0,1.0,0.0,0.0,0.0,0.0,0.0,0.0,0.0,Low,0,Medium,4.599856091164322,1.7867469274045107,6.3063460101710245,0.2053726708074534,3.8337888198757764,0,1773,0.043478260869565216,19.81287726358149
T00365,R0025,Zone_6,7.96,43.83,195.74,Credit Card,2024-03-19,1,Meera Das,21.0,Female,Mumbai,2021-10-22,42.0,3.0,4.01,14627.0,0.54,37.6,Mixed,0.7150782640644088,-0.06459179017947159,0,1,3,0,0.0,1.0,0.0,0.0,0.0,0.0,0.0,0.0,0.0,0.0,1.0,0.0,0.0,0.0,Low,0,Low,5.281883060084612,2.192770226986839,6.620422947214173,1.125,17.129285714285714,0,1751,0.07142857142857142,24.590452261306535
T00366,R0096,Zone_6,10.89,105.07,117.8,Credit Card,2024-01-16,0,Reyansh Das,40.0,Female,Kolkata,2019-12-28,121.0,3.0,4.46,14627.0,0.54,37.6,Mixed,-0.1964942210658162,0.5938660249546589,0,1,1,0,0.0,1.0,0.0,0.0,0.0,0.0,0.0,0.0,0.0,0.0,1.0,0.0,0.0,0.0,Low,0,Low,4.777441406928545,2.4756977107026903,10.250365847129554,0.2265289256198347,2.933471074380165,0,2415,0.024793388429752067,10.81726354453627
T00367,R0289,Zone_2,7.15,66.44,145.31,Credit Card,2024-05-24,1,Aarav Gupta,21.0,Other,Chennai,2021-09-30,322.0,14.0,4.17,6371.0,0.91,58.4,Residential,0.12525788396282747,-0.24662279026774644,0,4,5,2,0.0,1.0,0.0,0.0,0.0,0.0,1.0,0.0,0.0,0.0,0.0,0.0,0.0,0.0,Low,0,Medium,4.985727658390071,2.0980179272527715,8.151073548925932,0.2053726708074534,3.8337888198757764,0,1773,0.043478260869565216,20.323076923076922
T00368,R0046,Zone_5,16.21,93.77,326.52,Cash,2024-04-29,1,Vivaan Singh,31.0,Female,Kolkata,2019-08-16,31.0,4.0,3.87,2590.0,1.31,43.9,Business,2.2446580639788403,1.7894276551640698,0,0,4,0,1.0,0.0,0.0,0.0,0.0,0.0,0.0,0.0,0.0,1.0,0.0,0.0,0.0,0.0,Medium,1,Low,5.791549121912979,2.845490610223448,9.683491106000975,2.581290322580645,41.82,0,2549,0.12903225806451613,20.1431215299198
T00369,R0176,Zone_3,16.24,81.44,229.65,Credit Card,2024-07-10,0,Kavya Gupta,43.0,Male,Mumbai,2019-05-24,260.0,13.0,3.95,12971.0,2.11,38.0,Business,1.111683639619527,1.7961695440562275,0,2,7,1,0.0,1.0,0.0,0.0,0.0,0.0,0.0,1.0,0.0,0.0,0.0,0.0,0.0,0.0,High,2,Medium,5.440901410003829,2.847232265235547,9.024411338142782,0.3502307692307692,6.3002692307692305,0,2633,0.05,14.14100985221675
T00370,R0263,Zone_8,16.58,129.55,182.4,UPI,2023-07-30,0,Ishaan Das,31.0,Other,Chennai,2020-12-30,297.0,21.0,3.84,4516.0,1.93,31.0,Business,0.559055978310788,1.8725776181673552,0,6,7,2,0.0,0.0,1.0,0.0,0.0,0.0,0.0,0.0,0.0,0.0,0.0,0.0,1.0,0.0,High,2,Medium,5.211669559822364,2.866761892257031,11.382003338604326,0.3522558922558922,5.2110101010101015,0,2047,0.0707070707070707,11.001206272617614
T00371,R0122,Zone_2,6.83,37.86,114.4,Wallet,2023-04-09,0,Ishaan Patel,27.0,Female,Kolkata,2022-11-22,324.0,17.0,4.98,6371.0,0.91,58.4,Residential,-0.2362600210330058,-0.31853627178410204,0,6,4,0,0.0,0.0,0.0,1.0,0.0,0.0,1.0,0.0,0.0,0.0,0.0,0.0,0.0,0.0,Low,0,Medium,4.748404354073999,2.057962510002712,6.153048025166064,0.05098765432098765,1.0863888888888888,0,1355,0.05246913580246913,16.749633967789165
T00372,R0039,Zone_5,0.59,3.19,9.63,UPI,2023-08-02,0,Aadhya Iyer,24.0,Male,Chennai,2023-11-18,190.0,14.0,4.2,2590.0,1.31,43.9,Business,-1.4616314511984365,-1.720849161353035,0,2,8,1,0.0,0.0,1.0,0.0,0.0,0.0,0.0,0.0,0.0,1.0,0.0,0.0,0.0,0.0,Medium,1,Medium,2.363680192353857,0.4637340162321401,1.786057109949175,0.17821052631578946,2.674,0,994,0.07368421052631578,16.322033898305087
T00373,R0056,Zone_7,14.1,122.83,199.13,Credit Card,2024-04-20,0,Meera Patel,40.0,Other,Hyderabad,2021-02-26,93.0,13.0,3.25,11070.0,0.64,45.2,Industrial,0.7547271057964007,1.3152481364156001,0,5,4,2,0.0,1.0,0.0,0.0,0.0,0.0,0.0,0.0,0.0,0.0,0.0,1.0,0.0,0.0,Low,0,Low,5.2989671553895334,2.714694743820879,11.08286966448672,0.7120430107526882,9.976236559139785,0,1989,0.13978494623655913,14.122695035460993
T00374,R0168,Zone_8,5.92,56.52,144.08,Cash,2023-02-27,1,Diya Das,23.0,Male,Pune,2019-10-08,471.0,74.0,4.03,4516.0,1.93,31.0,Business,0.11087202103352074,-0.5230402348462381,0,0,2,1,1.0,0.0,0.0,0.0,0.0,0.0,0.0,0.0,0.0,0.0,0.0,0.0,1.0,0.0,High,2,High,4.977285314414702,1.9344157696295783,7.517978451685001,0.0743524416135881,1.2087261146496815,0,2496,0.15711252653927812,24.33783783783784
T00375,R0129,Zone_2,8.19,65.45,127.35,Wallet,2023-11-11,0,Vivaan Singh,35.0,Male,Hyderabad,2022-10-08,158.0,10.0,3.9,6371.0,0.91,58.4,Residential,-0.08479910645209227,-0.012903975339591152,0,5,11,1,0.0,0.0,0.0,1.0,0.0,0.0,1.0,0.0,0.0,0.0,0.0,0.0,0.0,0.0,Low,0,Low,4.854760907317149,2.2181159363675955,8.090117428072352,0.5688607594936709,9.54620253164557,0,1400,0.06329113924050633,15.54945054945055
T00376,R0110,Zone_1,11.14,68.08,170.22,Cash,2024-05-07,0,Vivaan Patel,19.0,Female,Kolkata,2023-02-04,224.0,28.0,4.43,4921.0,2.43,30.9,Residential,0.4166008478400907,0.6500484323893116,0,1,5,0,1.0,0.0,0.0,0.0,1.0,0.0,0.0,0.0,0.0,0.0,0.0,0.0,0.0,0.0,High,2,Medium,5.142949279314339,2.4965057856313524,8.251060537894507,0.26571428571428574,4.226249999999999,0,1281,0.125,15.280071813285456
T00377,R0197,Zone_4,0.02,0.19,3.27,UPI,2024-03-11,1,Saanvi Das,29.0,Female,Bengaluru,2020-10-08,475.0,87.0,3.87,4038.0,2.46,48.2,Business,-1.5713382758138008,-1.8489450503040434,0,0,3,0,0.0,0.0,1.0,0.0,0.0,0.0,0.0,0.0,1.0,0.0,0.0,0.0,0.0,0.0,High,2,High,1.451613827240533,0.019802627296179712,0.43588989435406733,0.14964210526315788,2.048421052631579,0,2130,0.1831578947368421,163.5
T00378,R0053,Zone_6,16.15,86.4,233.26,Credit Card,2023-06-30,0,Arjun Reddy,45.0,Female,Delhi,2019-09-16,63.0,7.0,4.85,14627.0,0.54,37.6,Mixed,1.1539055625258665,1.7759438773797525,0,4,6,0,0.0,1.0,0.0,0.0,0.0,0.0,0.0,0.0,0.0,0.0,1.0,0.0,0.0,0.0,Low,0,Low,5.4564316096417285,2.8419981736119486,9.2951600308978,0.6984126984126984,11.318095238095237,0,2518,0.1111111111111111,14.443343653250775
T00379,R0288,Zone_5,12.37,74.24,206.15,UPI,2023-04-21,0,Diya Ghosh,42.0,Male,Ahmedabad,2021-08-30,43.0,5.0,4.56,2590.0,1.31,43.9,Business,0.8368317869051277,0.9264658769678029,0,4,4,1,0.0,0.0,1.0,0.0,0.0,0.0,0.0,0.0,0.0,1.0,0.0,0.0,0.0,0.0,Medium,1,Low,5.333443168523411,2.5930133911138515,8.616263691415206,1.2111627906976743,18.50232558139535,0,1804,0.11627906976744186,16.665319320937755
T00380,R0095,Zone_3,9.76,91.81,107.79,Wallet,2024-06-20,0,Kavya Iyer,29.0,Female,Chennai,2020-10-07,481.0,77.0,4.26,12971.0,2.11,38.0,Business,-0.31356941449863046,0.3399215433500282,0,3,6,0,0.0,0.0,0.0,1.0,0.0,0.0,0.0,1.0,0.0,0.0,0.0,0.0,0.0,0.0,High,2,High,4.689419418432991,2.3758355547336385,9.581753492967767,0.23856548856548856,3.907713097713098,0,2131,0.1600831600831601,11.044057377049182
T00381,R0184,Zone_10,12.45,65.64,223.92,Credit Card,2023-01-16,0,Meera Nair,29.0,Female,Surat,2020-03-04,285.0,27.0,3.97,2440.0,1.54,35.4,Industrial,1.0446665708512926,0.9444442473468918,0,0,1,0,0.0,1.0,0.0,0.0,0.0,1.0,0.0,0.0,0.0,0.0,0.0,0.0,0.0,0.0,Medium,1,Medium,5.415744783424001,2.598979106047848,8.101851640211638,0.24266666666666664,4.2551578947368425,0,2348,0.09473684210526316,17.985542168674698
T00382,R0012,Zone_7,10.78,83.18,92.76,UPI,2023-05-25,0,Aarav Das,31.0,Female,Hyderabad,2022-01-19,248.0,11.0,3.31,11070.0,0.64,45.2,Industrial,-0.4893576420006484,0.5691457656834115,0,3,5,0,0.0,0.0,1.0,0.0,0.0,0.0,0.0,0.0,0.0,0.0,0.0,1.0,0.0,0.0,Low,0,Medium,4.540738325828703,2.4664031782234406,9.120307012376283,0.11737903225806451,1.4224193548387096,0,1662,0.04435483870967742,8.604823747680891
T00383,R0195,Zone_6,8.58,81.92,159.71,Credit Card,2023-11-28,0,Aadhya Reddy,33.0,Male,Kolkata,2021-05-27,72.0,10.0,4.97,14627.0,0.54,37.6,Mixed,0.29367774264739566,0.07474058025846728,0,1,11,1,0.0,1.0,0.0,0.0,0.0,0.0,0.0,0.0,0.0,0.0,1.0,0.0,0.0,0.0,Low,0,Low,5.0796014985609785,2.259677591982769,9.050966799187808,0.9766666666666668,14.502361111111112,0,1899,0.1388888888888889,18.614219114219114
T00384,R0067,Zone_4,6.46,58.17,128.32,Credit Card,2023-01-28,0,Saanvi Iyer,32.0,Male,Pune,2022-07-24,348.0,9.0,3.38,4038.0,2.46,48.2,Business,-0.07345415763792346,-0.40168623478738813,0,5,1,1,0.0,1.0,0.0,0.0,0.0,0.0,0.0,0.0,1.0,0.0,0.0,0.0,0.0,0.0,High,2,High,4.862289952857232,2.0095554142156695,7.626925986267338,0.32491379310344826,5.3069252873563215,0,1476,0.02586206896551724,19.86377708978328
T00385,R0110,Zone_3,4.3,21.99,82.52,Cash,2024-04-30,0,Vivaan Patel,19.0,Female,Kolkata,2023-02-04,224.0,28.0,4.43,12971.0,2.11,38.0,Business,-0.6091228748430081,-0.8871022350227881,0,1,4,0,1.0,0.0,0.0,0.0,0.0,0.0,0.0,1.0,0.0,0.0,0.0,0.0,0.0,0.0,High,2,Medium,4.425086124134329,1.667706820558076,4.689349635077342,0.26571428571428574,4.226249999999999,0,1281,0.125,19.190697674418605
T00386,R0009,Zone_2,9.44,90.19,229.79,UPI,2023-08-08,1,Diya Patel,42.0,Female,Ahmedabad,2019-12-15,172.0,21.0,4.11,6371.0,0.91,58.4,Residential,1.1133210549122936,0.26800806183367265,0,1,8,0,0.0,0.0,1.0,0.0,0.0,0.0,1.0,0.0,0.0,0.0,0.0,0.0,0.0,0.0,Low,0,Medium,5.441508206138953,2.3456445824544927,9.496841580230766,0.37720930232558136,5.327848837209302,0,2428,0.12209302325581395,24.342161016949152
T00387,R0275,Zone_3,9.81,51.13,99.7,Credit Card,2024-03-04,0,Ishaan Das,21.0,Other,Jaipur,2022-10-04,247.0,17.0,3.07,12971.0,2.11,38.0,Business,-0.4081886267735024,0.35115802483695896,0,0,3,2,0.0,1.0,0.0,0.0,0.0,0.0,0.0,1.0,0.0,0.0,0.0,0.0,0.0,0.0,High,2,Medium,4.612145799724517,2.3804716316511167,7.150524456289903,0.13704453441295547,1.3201214574898787,0,1404,0.06882591093117409,10.163098878695209
T00388,R0112,Zone_7,13.42,97.7,132.57,Credit Card,2024-08-07,0,Meera Nair,41.0,Female,Delhi,2020-11-13,311.0,11.0,3.24,11070.0,0.64,45.2,Industrial,-0.02374690767893635,1.1624319881933447,0,2,8,0,0.0,1.0,0.0,0.0,0.0,0.0,0.0,0.0,0.0,0.0,0.0,1.0,0.0,0.0,Low,0,Medium,4.8946256849890135,2.668616131856803,9.884331034521255,0.28787781350482317,3.6986173633440513,0,2094,0.03536977491961415,9.87853949329359
T00389,R0198,Zone_3,9.0,71.82,152.12,Wallet,2023-05-25,0,Vivaan Kumar,31.0,Other,Mumbai,2021-12-10,202.0,23.0,3.85,12971.0,2.11,38.0,Business,0.2049064421324045,0.1691270247486839,0,3,5,2,0.0,0.0,0.0,1.0,0.0,0.0,0.0,1.0,0.0,0.0,0.0,0.0,0.0,0.0,High,2,Medium,5.031221927704644,2.302585092994046,8.474668135095321,0.19361386138613862,2.9134158415841584,0,1702,0.11386138613861387,16.90222222222222
T00390,R0296,Zone_10,3.73,22.49,81.24,UPI,2024-01-10,1,Reyansh Patel,37.0,Other,Hyderabad,2021-02-20,390.0,58.0,3.97,2440.0,1.54,35.4,Industrial,-0.6240935289483031,-1.0151981239737962,0,2,1,2,0.0,0.0,1.0,0.0,0.0,1.0,0.0,0.0,0.0,0.0,0.0,0.0,0.0,0.0,Medium,1,High,4.409641801706855,1.5539252025038417,4.742362280551751,0.20374358974358978,3.349897435897436,0,1995,0.14871794871794872,21.780160857908847
T00391,R0094,Zone_2,0.12,0.86,3.27,Credit Card,2024-05-15,1,Diya Iyer,41.0,Other,Delhi,2023-04-13,480.0,62.0,4.87,6371.0,0.91,58.4,Residential,-1.5617477005275964,-1.8264720873301823,0,2,5,2,0.0,1.0,0.0,0.0,0.0,0.0,1.0,0.0,0.0,0.0,0.0,0.0,0.0,0.0,Low,0,High,1.451613827240533,0.11332868530700317,0.9273618495495703,0.09941666666666667,1.5616666666666668,0,1213,0.12916666666666668,27.25
T00392,R0014,Zone_1,7.36,66.1,171.59,Wallet,2023-05-07,1,Aarav Das,26.0,Female,Ahmedabad,2021-06-08,325.0,53.0,3.0,4921.0,2.43,30.9,Residential,0.43262412606216427,-0.19942956802263814,0,6,5,0,0.0,0.0,0.0,1.0,1.0,0.0,0.0,0.0,0.0,0.0,0.0,0.0,0.0,0.0,High,2,Medium,5.150918839543312,2.1234584270966104,8.130190649671137,0.1298153846153846,2.710769230769231,0,1887,0.16307692307692306,23.313858695652172
T00393,R0173,Zone_7,7.86,54.7,159.7,Credit Card,2023-06-03,1,Saanvi Ghosh,26.0,Other,Mumbai,2020-01-15,389.0,55.0,4.28,11070.0,0.64,45.2,Industrial,0.2935607844121978,-0.08706475315333262,0,5,6,2,0.0,1.0,0.0,0.0,0.0,0.0,0.0,0.0,0.0,0.0,0.0,1.0,0.0,0.0,Low,0,High,5.0795392727434665,2.1815467646169897,7.395944834840239,0.1286375321336761,2.2145758354755785,0,2397,0.14138817480719795,20.31806615776081
T00394,R0068,Zone_4,7.51,70.61,110.17,Cash,2023-05-28,0,Meera Singh,30.0,Female,Ahmedabad,2022-08-31,456.0,70.0,4.97,4038.0,2.46,48.2,Business,-0.28573335452159776,-0.1657201235618466,0,6,5,0,1.0,0.0,0.0,0.0,0.0,0.0,0.0,0.0,1.0,0.0,0.0,0.0,0.0,0.0,High,2,High,4.711060561245524,2.1412419425852827,8.402975663418287,0.15745614035087718,2.4136622807017547,0,1438,0.15350877192982457,14.66977363515313
T00395,R0051,Zone_9,0.35000000000000003,2.22,3.27,Cash,2024-08-15,0,Aarav Nair,21.0,Male,Kolkata,2020-04-05,213.0,14.0,4.02,11037.0,1.83,56.1,Mixed,-1.5360168887841206,-1.7747842724903018,0,3,8,1,1.0,0.0,0.0,0.0,0.0,0.0,0.0,0.0,0.0,0.0,0.0,0.0,0.0,1.0,High,2,Medium,1.451613827240533,0.3001045924503381,1.489966442575134,0.2778403755868545,5.169107981220657,0,2316,0.06572769953051644,9.342857142857142
T00396,R0208,Zone_3,13.37,91.14,196.06,Credit Card,2023-01-22,0,Aadhya Iyer,24.0,Other,Chennai,2020-01-08,356.0,53.0,4.75,12971.0,2.11,38.0,Business,0.7188209275907324,1.151195506706414,0,6,1,2,0.0,1.0,0.0,0.0,0.0,0.0,0.0,1.0,0.0,0.0,0.0,0.0,0.0,0.0,High,2,High,5.283508250894329,2.6651427000909336,9.546727187890099,0.13882022471910113,1.691376404494382,0,2404,0.14887640449438203,14.664173522812268
T00397,R0256,Zone_1,13.36,71.18,261.94,UPI,2024-07-08,0,Aadhya Sharma,31.0,Female,Delhi,2021-03-25,265.0,8.0,3.65,4921.0,2.43,30.9,Residential,1.4893417810726315,1.1489482104090278,0,0,7,0,0.0,0.0,1.0,0.0,1.0,0.0,0.0,0.0,0.0,0.0,0.0,0.0,0.0,0.0,High,2,Medium,5.571925869268458,2.664446563620078,8.436824046997781,0.15641509433962264,2.8445283018867924,0,1962,0.03018867924528302,19.606287425149702
T00398,R0124,Zone_10,3.88,37.71,93.97,Cash,2023-10-02,1,Aadhya Das,37.0,Other,Hyderabad,2022-06-09,419.0,25.0,3.59,2440.0,1.54,35.4,Industrial,-0.47520569554173686,-0.9814886795130047,0,0,10,2,1.0,0.0,0.0,0.0,0.0,1.0,0.0,0.0,0.0,0.0,0.0,0.0,0.0,0.0,Medium,1,High,4.553561052254861,1.5851452198650557,6.140846847137616,0.10162291169451074,1.5354415274463007,0,1521,0.059665871121718374,24.219072164948454
T00399,R0129,Zone_6,12.03,83.87,251.96,Wallet,2024-06-25,1,Vivaan Singh,35.0,Male,Hyderabad,2022-10-08,158.0,10.0,3.9,14627.0,0.54,37.6,Mixed,1.37261746234541,0.8500578028566752,0,1,6,1,0.0,0.0,0.0,1.0,0.0,0.0,0.0,0.0,0.0,0.0,1.0,0.0,0.0,0.0,Low,0,Low,5.533231373461162,2.567254391136754,9.158056562393574,0.5688607594936709,9.54620253164557,0,1400,0.06329113924050633,20.94430590191189
T00400,R0254,Zone_3,12.76,94.88,248.24,UPI,2024-01-01,0,Meera Kumar,18.0,Male,Delhi,2020-03-09,363.0,70.0,3.68,12971.0,2.11,38.0,Business,1.3291089988518967,1.0141104325658614,0,0,1,1,0.0,0.0,1.0,0.0,0.0,0.0,0.0,1.0,0.0,0.0,0.0,0.0,0.0,0.0,High,2,High,5.518416287676021,2.6217658325051976,9.740636529508736,0.2269146005509642,3.346005509641873,0,2343,0.1928374655647383,19.454545454545457
T00401,R0273,Zone_2,8.19,69.1,106.28,UPI,2024-01-29,0,Aadhya Nair,43.0,Male,Delhi,2022-09-17,289.0,48.0,3.76,6371.0,0.91,58.4,Residential,-0.33123010801347064,-0.012903975339591152,0,0,1,1,0.0,0.0,1.0,0.0,0.0,0.0,1.0,0.0,0.0,0.0,0.0,0.0,0.0,0.0,Low,0,Medium,4.675442238973423,2.2181159363675955,8.312640976248161,0.2589965397923875,3.313044982698962,0,1421,0.16608996539792387,12.976800976800977
T00402,R0258,Zone_6,3.26,29.49,44.3,Wallet,2024-06-20,0,Vivaan Nair,32.0,Female,Jaipur,2020-01-29,313.0,39.0,3.76,14627.0,0.54,37.6,Mixed,-1.0561372497682993,-1.1208210499509434,0,3,6,0,0.0,0.0,0.0,1.0,0.0,0.0,0.0,0.0,0.0,0.0,1.0,0.0,0.0,0.0,Low,0,Medium,3.8133070324889884,1.449269160281279,5.430469592954186,0.09338658146964858,1.5953674121405752,0,2383,0.12460063897763578,13.588957055214724
T00403,R0009,Zone_3,16.07,154.61,132.04,Credit Card,2024-03-08,0,Diya Patel,42.0,Female,Ahmedabad,2019-12-15,172.0,21.0,4.11,12971.0,2.11,38.0,Business,-0.02994569414441005,1.7579655070006641,0,4,3,0,0.0,1.0,0.0,0.0,0.0,0.0,0.0,1.0,0.0,0.0,0.0,0.0,0.0,0.0,High,2,Medium,4.890649834884672,2.837322536806349,12.434226956268734,0.37720930232558136,5.327848837209302,0,2428,0.12209302325581395,8.216552582451772
T00404,R0266,Zone_4,9.9,93.13,150.23,UPI,2023-05-02,0,Diya Reddy,29.0,Other,Chennai,2020-09-25,98.0,13.0,3.9,4038.0,2.46,48.2,Business,0.18280133568005477,0.3713836915134339,0,1,5,2,0.0,0.0,1.0,0.0,0.0,0.0,0.0,0.0,1.0,0.0,0.0,0.0,0.0,0.0,High,2,Low,5.018801856762649,2.388762789235098,9.650388593212192,0.7445918367346939,12.729081632653061,0,2143,0.1326530612244898,15.174747474747473
T00405,R0079,Zone_4,6.74,35.29,90.18,Wallet,2024-03-01,0,Ishaan Nair,25.0,Male,Bengaluru,2020-09-23,146.0,28.0,4.92,4038.0,2.46,48.2,Business,-0.5195328666816336,-0.338761938460577,0,4,3,1,0.0,0.0,0.0,1.0,0.0,0.0,0.0,0.0,1.0,0.0,0.0,0.0,0.0,0.0,High,2,Low,4.512835574785296,2.046401687601636,5.940538696111658,0.24972602739726027,4.194589041095891,0,2145,0.1917808219178082,13.379821958456974
T00406,R0283,Zone_1,11.86,115.04,274.75,Wallet,2024-02-27,1,Diya Nair,19.0,Male,Surat,2023-06-15,245.0,45.0,3.55,4921.0,2.43,30.9,Residential,1.6391652803607784,0.8118537658011113,0,1,2,1,0.0,0.0,0.0,1.0,1.0,0.0,0.0,0.0,0.0,0.0,0.0,0.0,0.0,0.0,High,2,Medium,5.619494658133612,2.554121718809473,10.725670142233538,0.22844897959183674,4.135632653061225,0,1150,0.1836734693877551,23.16610455311973
T00407,R0106,Zone_1,16.11,85.39,157.69,Cash,2024-05-08,0,Aarav Patel,32.0,Other,Bengaluru,2021-11-25,6.0,1.0,4.03,4921.0,2.43,30.9,Residential,0.2700521791374769,1.7669546921902084,0,2,5,2,1.0,0.0,0.0,0.0,1.0,0.0,0.0,0.0,0.0,0.0,0.0,0.0,0.0,0.0,High,2,Low,5.066952613574751,2.839663087904102,9.240670971309388,6.611666666666667,73.10333333333334,0,1717,0.16666666666666666,9.788330229671011
T00408,R0132,Zone_5,5.51,42.54,85.51,UPI,2024-02-15,0,Aadhya Iyer,23.0,Male,Surat,2022-12-09,484.0,25.0,3.32,2590.0,1.31,43.9,Business,-0.5741523625189205,-0.6151793830390687,0,3,2,1,0.0,0.0,1.0,0.0,0.0,0.0,0.0,0.0,0.0,1.0,0.0,0.0,0.0,0.0,Medium,1,High,4.460260014192283,1.873339456220478,6.522269543648131,0.1433884297520661,2.2561776859504135,0,1338,0.05165289256198347,15.519056261343014
T00409,R0186,Zone_8,11.46,111.49,132.95,UPI,2023-10-10,0,Ishaan Sharma,18.0,Other,Hyderabad,2020-12-11,373.0,19.0,3.26,4516.0,1.93,31.0,Business,-0.01930249474142697,0.7219619139056672,0,1,10,2,0.0,0.0,1.0,0.0,0.0,0.0,0.0,0.0,0.0,0.0,0.0,0.0,1.0,0.0,High,2,High,4.897466595990617,2.522523513359307,10.558882516630252,0.18386058981233244,2.5169436997319035,0,2066,0.05093833780160858,11.601221640488655
T00410,R0098,Zone_10,17.72,114.01,300.05,UPI,2023-09-08,0,Diya Singh,21.0,Other,Bengaluru,2023-04-29,286.0,56.0,3.5,2440.0,1.54,35.4,Industrial,1.935069615410749,2.128769396069372,0,4,9,2,0.0,0.0,1.0,0.0,0.0,1.0,0.0,0.0,0.0,0.0,0.0,0.0,0.0,0.0,Medium,1,Medium,5.707276363910457,2.929592471049446,10.677546534667972,0.24779720279720283,3.7473776223776225,0,1197,0.1958041958041958,16.932844243792328
T00411,R0103,Zone_4,2.42,21.19,39.08,Credit Card,2023-06-18,0,Ishaan Gupta,37.0,Other,Surat,2022-11-24,175.0,14.0,3.07,4038.0,2.46,48.2,Business,-1.117189448541455,-1.3095939389313769,0,6,6,2,0.0,1.0,0.0,0.0,0.0,0.0,0.0,0.0,1.0,0.0,0.0,0.0,0.0,0.0,High,2,Medium,3.6908774567766094,1.2296405510745139,4.603259714593562,0.40817142857142863,7.065371428571429,0,1353,0.08,16.14876033057851
T00412,R0153,Zone_7,5.25,49.11,64.3,Cash,2023-01-07,0,Aadhya Ghosh,20.0,Male,Mumbai,2020-05-04,76.0,14.0,4.54,11070.0,0.64,45.2,Industrial,-0.8222207793730657,-0.6736090867711075,0,5,1,1,1.0,0.0,0.0,0.0,0.0,0.0,0.0,0.0,0.0,0.0,0.0,1.0,0.0,0.0,Low,0,Low,4.178992036282385,1.8325814637483102,7.0078527381787925,0.3794736842105263,6.065131578947368,0,2287,0.18421052631578946,12.247619047619047
T00413,R0172,Zone_8,5.01,40.1,53.07,UPI,2024-01-02,0,Reyansh Reddy,31.0,Other,Pune,2019-12-24,168.0,14.0,3.72,4516.0,1.93,31.0,Business,-0.9535648774999894,-0.7275441979083742,0,1,1,2,0.0,0.0,1.0,0.0,0.0,0.0,0.0,0.0,0.0,0.0,0.0,0.0,1.0,0.0,High,2,Low,3.9902795033939134,1.7934247485471162,6.332456079595025,0.5050595238095238,8.86077380952381,0,2419,0.08333333333333333,10.592814371257486
T00414,R0049,Zone_8,7.21,67.64,164.58,Wallet,2024-02-08,1,Meera Iyer,39.0,Male,Mumbai,2020-05-19,375.0,55.0,4.4,4516.0,1.93,31.0,Business,0.35063640318863504,-0.23313901248342986,0,3,2,1,0.0,0.0,0.0,1.0,0.0,0.0,0.0,0.0,0.0,0.0,0.0,0.0,1.0,0.0,High,2,High,5.10945446171066,2.105352923464337,8.224354077980836,0.15565333333333334,2.6144,0,2272,0.14666666666666667,22.826629680998614
T00415,R0245,Zone_10,6.95,36.19,144.82,UPI,2023-07-01,1,Diya Sharma,35.0,Female,Hyderabad,2020-03-04,265.0,48.0,4.73,2440.0,1.54,35.4,Industrial,0.11952693043814415,-0.2915687162154687,0,5,7,0,0.0,0.0,1.0,0.0,0.0,1.0,0.0,0.0,0.0,0.0,0.0,0.0,0.0,0.0,Medium,1,Medium,4.9823729843782845,2.0731719286662407,6.015812497078013,0.14988679245283018,2.8352075471698113,0,2348,0.1811320754716981,20.837410071942443
T00416,R0123,Zone_8,9.5,49.27,219.89,Cash,2024-05-26,1,Meera Ghosh,32.0,Male,Bengaluru,2023-06-24,156.0,26.0,3.31,4516.0,1.93,31.0,Business,0.9975324020666528,0.2814918396179894,0,6,5,1,1.0,0.0,0.0,0.0,0.0,0.0,0.0,0.0,0.0,0.0,0.0,0.0,1.0,0.0,High,2,Low,5.397664840048735,2.3513752571634776,7.019259220174163,0.2416666666666667,4.584487179487179,0,1141,0.16666666666666666,23.146315789473682
T00417,R0030,Zone_8,3.9,26.49,53.68,Cash,2024-04-23,0,Saanvi Patel,25.0,Other,Mumbai,2021-01-08,442.0,58.0,3.72,4516.0,1.93,31.0,Business,-0.9464304251529346,-0.9769940869182323,0,1,4,2,1.0,0.0,0.0,0.0,0.0,0.0,0.0,0.0,0.0,0.0,0.0,0.0,1.0,0.0,High,2,High,4.001498011855749,1.589235205116581,5.146843692983108,0.1833710407239819,3.5865384615384617,0,2038,0.13122171945701358,13.764102564102565
T00418,R0261,Zone_3,4.89,34.6,109.0,Credit Card,2023-06-04,1,Aarav Kumar,31.0,Male,Pune,2022-08-26,477.0,83.0,4.24,12971.0,2.11,38.0,Business,-0.2994174680397189,-0.7545117534770076,0,6,6,1,0.0,1.0,0.0,0.0,0.0,0.0,0.0,1.0,0.0,0.0,0.0,0.0,0.0,0.0,High,2,High,4.700480365792417,1.7732559976634952,5.882176467941097,0.10308176100628931,1.3621174004192873,0,1443,0.1740041928721174,22.290388548057262
T00419,R0171,Zone_1,9.51,59.25,86.21,Cash,2024-07-02,0,Kavya Singh,23.0,Female,Jaipur,2019-05-13,276.0,19.0,4.3,4921.0,2.43,30.9,Residential,-0.5659652860550876,0.2837391359153755,0,1,7,0,1.0,0.0,0.0,0.0,1.0,0.0,0.0,0.0,0.0,0.0,0.0,0.0,0.0,0.0,High,2,Medium,4.468319003238894,2.3523271848888596,7.697402159170326,0.043913043478260874,0.518550724637681,0,2644,0.06884057971014493,9.065194532071503
T00420,R0232,Zone_10,8.77,78.52,188.49,Cash,2023-05-16,1,Meera Das,38.0,Male,Jaipur,2022-12-08,172.0,15.0,3.94,2440.0,1.54,35.4,Industrial,0.6302835435461366,0.11743920990880327,0,1,5,1,1.0,0.0,0.0,0.0,0.0,1.0,0.0,0.0,0.0,0.0,0.0,0.0,0.0,0.0,Medium,1,Medium,5.244336252681523,2.2793164660546914,8.861151166750288,0.541860465116279,8.667674418604651,0,1339,0.0872093023255814,21.49258836944128
T00421,R0132,Zone_8,12.37,80.33,158.37,Wallet,2024-04-25,0,Aadhya Iyer,23.0,Male,Surat,2022-12-09,484.0,25.0,3.32,4516.0,1.93,31.0,Business,0.27800533913091496,0.9264658769678029,0,3,4,1,0.0,0.0,0.0,1.0,0.0,0.0,0.0,0.0,0.0,0.0,0.0,0.0,1.0,0.0,High,2,High,5.071228542871542,2.5930133911138515,8.962700485902673,0.1433884297520661,2.2561776859504135,0,1338,0.05165289256198347,12.802748585286986
T00422,R0298,Zone_1,10.05,61.85,106.57,Cash,2024-07-13,0,Vivaan Singh,35.0,Female,Ahmedabad,2020-03-25,65.0,11.0,3.88,4921.0,2.43,30.9,Residential,-0.32783831919273987,0.40509313597422564,0,5,7,0,1.0,0.0,0.0,0.0,1.0,0.0,0.0,0.0,0.0,0.0,0.0,0.0,0.0,0.0,High,2,Low,4.678141798443914,2.402430427963762,7.864477096412704,0.9721538461538463,15.421692307692307,0,2327,0.16923076923076924,10.603980099502486
T00423,R0126,Zone_4,11.86,84.04,104.63,Credit Card,2024-05-13,0,Diya Reddy,29.0,Female,Surat,2022-09-25,411.0,20.0,3.65,4038.0,2.46,48.2,Business,-0.3505282168210775,0.8118537658011113,0,0,5,0,0.0,1.0,0.0,0.0,0.0,0.0,0.0,0.0,1.0,0.0,0.0,0.0,0.0,0.0,High,2,High,4.659942421835071,2.554121718809473,9.167333309092673,0.08686131386861315,1.009537712895377,0,1413,0.04866180048661801,8.822091062394604
T00424,R0224,Zone_9,2.29,16.33,23.04,Cash,2024-07-23,0,Ishaan Sharma,29.0,Female,Ahmedabad,2020-08-04,200.0,1.0,4.31,11037.0,1.83,56.1,Mixed,-1.3047904577984324,-1.3388087907973962,0,1,7,0,1.0,0.0,0.0,0.0,0.0,0.0,0.0,0.0,0.0,0.0,0.0,0.0,0.0,1.0,High,2,Medium,3.179719109667007,1.1908875647772805,4.04103947023535,0.20855,2.5707,0,2195,0.005,10.061135371179038
T00425,R0280,Zone_7,6.08,41.88,74.74,UPI,2023-05-10,0,Saanvi Gupta,26.0,Other,Chennai,2023-05-31,172.0,23.0,4.43,11070.0,0.64,45.2,Industrial,-0.700116381826754,-0.48708349408806034,0,2,5,2,0.0,0.0,1.0,0.0,0.0,0.0,0.0,0.0,0.0,0.0,0.0,1.0,0.0,0.0,Low,0,Medium,4.327306422473649,1.9572739077056285,6.471475874945375,0.29517441860465116,4.2749999999999995,0,1165,0.13372093023255813,12.292763157894736
T00426,R0177,Zone_9,17.24,167.72,310.76,UPI,2023-10-16,0,Ishaan Reddy,34.0,Other,Bengaluru,2023-02-15,489.0,63.0,4.48,11037.0,1.83,56.1,Mixed,2.0603318853073964,2.0208991737948385,0,0,10,2,0.0,0.0,1.0,0.0,0.0,0.0,0.0,0.0,0.0,0.0,0.0,0.0,0.0,1.0,High,2,High,5.742233661030454,2.9036169846461855,12.95067565804966,0.23668711656441715,3.8175051124744375,0,1270,0.12883435582822086,18.02552204176334
T00427,R0116,Zone_7,9.96,63.62,227.53,Credit Card,2023-11-16,1,Ishaan Kumar,34.0,Female,Bengaluru,2020-02-08,238.0,30.0,4.58,11070.0,0.64,45.2,Industrial,1.0868884937576322,0.3848674692977507,0,3,11,0,0.0,1.0,0.0,0.0,0.0,0.0,0.0,0.0,0.0,0.0,0.0,1.0,0.0,0.0,Low,0,Medium,5.431667492744793,2.3942522815198695,7.976214641043708,0.2126470588235294,3.3368067226890754,0,2373,0.12605042016806722,22.844377510040157
T00428,R0252,Zone_6,11.74,101.14,211.83,Cash,2024-05-16,0,Reyansh Gupta,38.0,Other,Ahmedabad,2020-09-23,392.0,47.0,4.83,14627.0,0.54,37.6,Mixed,0.9032640644973741,0.7848862102324782,0,3,5,2,1.0,0.0,0.0,0.0,0.0,0.0,0.0,0.0,0.0,0.0,1.0,0.0,0.0,0.0,Low,0,High,5.360493724974712,2.5447466501440172,10.056838469419702,0.25614795918367345,4.290943877551021,0,2145,0.11989795918367346,18.04344122657581
T00429,R0022,Zone_7,9.36,52.4,222.66,UPI,2023-02-19,1,Aarav Nair,43.0,Female,Kolkata,2020-09-14,220.0,1.0,3.32,11070.0,0.64,45.2,Industrial,1.0299298332163929,0.25002969145458376,0,6,2,0,0.0,0.0,1.0,0.0,0.0,0.0,0.0,0.0,0.0,0.0,0.0,1.0,0.0,0.0,Low,0,Medium,5.410127041600043,2.337952236831337,7.238784428341543,0.2375,3.760090909090909,0,2154,0.004545454545454545,23.78846153846154
T00430,R0108,Zone_6,10.13,52.56,173.97,Cash,2024-02-23,0,Reyansh Gupta,18.0,Male,Pune,2019-05-31,184.0,32.0,4.88,14627.0,0.54,37.6,Mixed,0.460460186039197,0.42307150635331453,0,4,2,1,1.0,0.0,0.0,0.0,0.0,0.0,0.0,0.0,0.0,0.0,1.0,0.0,0.0,0.0,Low,0,Medium,5.164614530656529,2.4096441652874536,7.249827584156743,0.23695652173913045,4.754836956521739,0,2626,0.17391304347826086,17.173741362290226
T00431,R0036,Zone_2,6.85,61.24,133.58,Credit Card,2024-02-26,0,Aadhya Das,30.0,Female,Surat,2022-03-16,177.0,15.0,4.9,6371.0,0.91,58.4,Residential,-0.011934125923976833,-0.3140416791893299,0,0,2,0,0.0,1.0,0.0,0.0,0.0,0.0,1.0,0.0,0.0,0.0,0.0,0.0,0.0,0.0,Low,0,Medium,4.9021588177601725,2.060513531794317,7.825599018605541,0.36819209039548023,5.884293785310734,0,1606,0.0847457627118644,19.500729927007303
T00432,R0075,Zone_6,25.86,178.53,344.97,Credit Card,2024-06-26,0,Diya Reddy,18.0,Female,Mumbai,2021-04-30,108.0,7.0,4.83,14627.0,0.54,37.6,Mixed,2.4604460079184434,3.9580685821416663,0,2,6,0,0.0,1.0,0.0,0.0,0.0,0.0,0.0,0.0,0.0,0.0,1.0,0.0,0.0,0.0,Low,0,Low,5.846352066096299,3.2906381910950917,13.361511890501015,0.43657407407407406,6.526018518518519,0,1926,0.06481481481481481,13.339907192575408
T00433,R0132,Zone_6,6.02,37.05,97.71,Wallet,2023-03-20,0,Aadhya Iyer,23.0,Male,Surat,2022-12-09,484.0,25.0,3.32,14627.0,0.54,37.6,Mixed,-0.4314633155778283,-0.5005672718723772,0,0,3,1,0.0,0.0,0.0,1.0,0.0,0.0,0.0,0.0,0.0,0.0,1.0,0.0,0.0,0.0,Low,0,High,4.5921862584297966,1.9487632180377197,6.08687111741328,0.1433884297520661,2.2561776859504135,0,1338,0.05165289256198347,16.230897009966778
T00434,R0113,Zone_6,7.8100000000000005,68.77,146.59,Credit Card,2023-05-07,0,Aadhya Singh,26.0,Other,Chennai,2019-03-09,423.0,26.0,4.61,14627.0,0.54,37.6,Mixed,0.14022853806812244,-0.09830123464026312,0,6,5,2,0.0,1.0,0.0,0.0,0.0,0.0,0.0,0.0,0.0,0.0,1.0,0.0,0.0,0.0,Low,0,High,4.994438159193685,2.175887439948088,8.292767933567175,0.1300709219858156,2.591702127659574,0,2709,0.061465721040189124,18.769526248399487
T00435,R0118,Zone_3,4.12,33.38,98.53,Cash,2024-08-03,1,Reyansh Gupta,29.0,Male,Surat,2023-09-26,165.0,24.0,4.13,12971.0,2.11,38.0,Business,-0.42187274029162364,-0.927553568375738,0,5,8,1,1.0,0.0,0.0,0.0,0.0,0.0,0.0,1.0,0.0,0.0,0.0,0.0,0.0,0.0,High,2,Low,4.600459106257972,1.6331544390514163,5.7775427302617155,0.23163636363636364,3.228424242424243,0,1047,0.14545454545454545,23.91504854368932
T00436,R0155,Zone_1,13.53,122.37,318.68,Credit Card,2023-07-05,1,Meera Reddy,23.0,Male,Hyderabad,2019-02-10,353.0,8.0,3.14,4921.0,2.43,30.9,Residential,2.1529628075839087,1.1871522474645917,0,2,7,1,0.0,1.0,0.0,0.0,1.0,0.0,0.0,0.0,0.0,0.0,0.0,0.0,0.0,0.0,High,2,High,5.767320495460189,2.6762154775821916,11.062097450302995,0.17254957507082153,2.639405099150142,0,2736,0.0226628895184136,23.55358462675536
T00437,R0167,Zone_1,5.24,44.91,76.91,Cash,2024-02-03,0,Kavya Nair,44.0,Male,Hyderabad,2022-08-25,117.0,5.0,4.75,4921.0,2.43,30.9,Residential,-0.6747364447888711,-0.6758563830684936,0,5,2,1,1.0,0.0,0.0,0.0,1.0,0.0,0.0,0.0,0.0,0.0,0.0,0.0,0.0,0.0,High,2,Low,4.355554314342767,1.8309801823813363,6.701492371106602,0.5496581196581197,9.192735042735043,0,1444,0.042735042735042736,14.677480916030532
T00438,R0147,Zone_4,7.7,47.39,74.01,Wallet,2023-11-17,0,Saanvi Nair,35.0,Other,Mumbai,2022-08-29,239.0,21.0,3.91,4038.0,2.46,48.2,Business,-0.7086543329961797,-0.1230214939115104,0,4,11,2,0.0,0.0,0.0,1.0,0.0,0.0,0.0,0.0,1.0,0.0,0.0,0.0,0.0,0.0,High,2,Medium,4.317621437981545,2.163323025660538,6.884039511798287,0.26589958158995813,4.27531380753138,0,1440,0.08786610878661087,9.611688311688312
T00439,R0177,Zone_4,5.36,48.65,47.27,Wallet,2023-01-29,0,Ishaan Reddy,34.0,Other,Bengaluru,2023-02-15,489.0,63.0,4.48,4038.0,2.46,48.2,Business,-1.021400653914607,-0.6488888274998602,0,6,1,2,0.0,0.0,0.0,1.0,0.0,0.0,0.0,0.0,1.0,0.0,0.0,0.0,0.0,0.0,High,2,High,3.8768102496724017,1.8500283773520307,6.974955196988724,0.23668711656441715,3.8175051124744375,0,1270,0.12883435582822086,8.819029850746269
T00440,R0125,Zone_2,7.31,37.33,145.67,Credit Card,2023-09-22,0,Saanvi Ghosh,44.0,Male,Ahmedabad,2023-04-22,99.0,19.0,3.89,6371.0,0.91,58.4,Residential,0.1294683804299415,-0.21066604950956885,0,4,9,1,0.0,1.0,0.0,0.0,0.0,0.0,1.0,0.0,0.0,0.0,0.0,0.0,0.0,0.0,Low,0,Low,4.988185165258664,2.1174596088673567,6.109828148156051,0.5633333333333332,11.28040404040404,0,1204,0.1919191919191919,19.92749658002736
T00441,R0259,Zone_6,6.58,37.19,116.31,Credit Card,2023-05-17,0,Aadhya Das,32.0,Male,Jaipur,2019-06-25,150.0,27.0,3.52,14627.0,0.54,37.6,Mixed,-0.21392099811026105,-0.3747186792187548,0,2,5,1,0.0,1.0,0.0,0.0,0.0,0.0,0.0,0.0,0.0,0.0,1.0,0.0,0.0,0.0,Low,0,Low,4.764820003517629,2.0255131996542803,6.09836043539573,0.5316000000000001,8.553866666666666,0,2601,0.18,17.67629179331307
T00442,R0229,Zone_2,7.78,70.99,182.86,Cash,2023-01-12,1,Reyansh Ghosh,22.0,Female,Mumbai,2020-11-23,146.0,16.0,4.43,6371.0,0.91,58.4,Residential,0.5644360571298784,-0.10504312353242151,0,3,1,0,1.0,0.0,0.0,0.0,0.0,0.0,1.0,0.0,0.0,0.0,0.0,0.0,0.0,0.0,Low,0,Low,5.2141745984356085,2.1724764076470255,8.425556361451747,0.26493150684931505,4.715753424657534,0,2084,0.1095890410958904,23.503856041131108
T00443,R0015,Zone_10,7.74,59.73,140.85,Credit Card,2024-08-02,0,Saanvi Patel,28.0,Other,Chennai,2022-12-19,46.0,1.0,3.87,2440.0,1.54,35.4,Industrial,0.07309451106469032,-0.11403230872196596,0,4,8,2,0.0,1.0,0.0,0.0,0.0,1.0,0.0,0.0,0.0,0.0,0.0,0.0,0.0,0.0,Medium,1,Low,4.95477016125486,2.167910189667444,7.728518616138541,0.6521739130434783,12.996739130434783,0,1328,0.021739130434782608,18.19767441860465
T00444,R0188,Zone_6,7.23,46.75,174.1,Wallet,2024-06-10,1,Vivaan Gupta,24.0,Male,Delhi,2020-07-16,436.0,64.0,3.15,14627.0,0.54,37.6,Mixed,0.46198064309676595,-0.22864441988865755,0,0,6,1,0.0,0.0,0.0,1.0,0.0,0.0,0.0,0.0,0.0,0.0,1.0,0.0,0.0,0.0,Low,0,High,5.165357239291806,2.1077860146889784,6.837397165588672,0.05607798165137615,1.069816513761468,0,2214,0.14678899082568808,24.08022130013831
T00445,R0133,Zone_3,7.16,40.94,90.92,Credit Card,2024-04-07,0,Diya Kumar,25.0,Female,Delhi,2019-07-13,155.0,11.0,4.4,12971.0,2.11,38.0,Business,-0.5108779572770099,-0.24437549397036037,0,6,4,0,0.0,1.0,0.0,0.0,0.0,0.0,0.0,1.0,0.0,0.0,0.0,0.0,0.0,0.0,High,2,Low,4.5209186335405,2.0992441689760155,6.398437309218556,0.4186451612903226,5.272709677419355,0,2583,0.07096774193548387,12.69832402234637
T00446,R0107,Zone_4,14.54,124.1,302.41,UPI,2024-08-13,1,Reyansh Gupta,33.0,Male,Hyderabad,2020-01-11,179.0,14.0,3.66,4038.0,2.46,48.2,Business,1.9626717589173865,1.414129173500589,0,1,8,1,0.0,0.0,1.0,0.0,0.0,0.0,0.0,0.0,1.0,0.0,0.0,0.0,0.0,0.0,High,2,Medium,5.715085026160327,2.7434173449395014,11.140017953306897,0.18195530726256984,3.5079888268156427,0,2401,0.0782122905027933,20.79848693259973
T00447,R0081,Zone_4,12.41,72.07,107.14,Credit Card,2023-08-19,0,Diya Reddy,42.0,Other,Mumbai,2022-01-31,114.0,2.0,3.9,4038.0,2.46,48.2,Business,-0.32117169978647564,0.9354550621573476,0,5,8,2,0.0,1.0,0.0,0.0,0.0,0.0,0.0,0.0,1.0,0.0,0.0,0.0,0.0,0.0,High,2,Low,4.683426683953859,2.596000697293587,8.48940516172953,0.46421052631578946,7.123421052631579,0,1650,0.017543859649122806,8.633360193392425
T00448,R0073,Zone_8,12.44,80.29,212.53,Wallet,2023-01-08,0,Meera Das,41.0,Other,Ahmedabad,2021-06-19,490.0,30.0,3.01,4516.0,1.93,31.0,Business,0.9114511409612072,0.9421969510495057,0,6,1,2,0.0,0.0,0.0,1.0,0.0,0.0,0.0,0.0,0.0,0.0,0.0,0.0,1.0,0.0,High,2,High,5.363777338019823,2.5982353350950036,8.960468737739115,0.16042857142857142,2.6034693877551023,0,1876,0.061224489795918366,17.084405144694536
T00449,R0151,Zone_7,4.34,40.27,49.93,UPI,2024-01-06,0,Meera Reddy,34.0,Male,Hyderabad,2023-02-25,394.0,56.0,5.0,11070.0,0.64,45.2,Industrial,-0.9902897633520409,-0.8781130498332436,0,5,1,1,0.0,0.0,1.0,0.0,0.0,0.0,0.0,0.0,0.0,0.0,0.0,1.0,0.0,0.0,Low,0,High,3.9304521408965134,1.6752256529721035,6.345864795282043,0.15967005076142132,2.8274111675126905,0,1260,0.14213197969543148,11.504608294930875
T00450,R0296,Zone_3,14.28,140.86,313.9,Cash,2024-03-26,1,Reyansh Patel,37.0,Other,Hyderabad,2021-02-20,390.0,58.0,3.97,12971.0,2.11,38.0,Business,2.0970567711594477,1.35569946976855,0,1,3,2,1.0,0.0,0.0,0.0,0.0,0.0,0.0,1.0,0.0,0.0,0.0,0.0,0.0,0.0,High,2,High,5.752255128106979,2.7265447837383743,11.868445559549912,0.20374358974358978,3.349897435897436,0,1995,0.14871794871794872,21.981792717086833
T00451,R0064,Zone_2,13.66,132.11,299.48,Cash,2024-06-13,1,Ishaan Nair,21.0,Female,Bengaluru,2023-09-30,214.0,2.0,4.21,6371.0,0.91,58.4,Residential,1.9284029960044848,1.2163670993306115,0,3,6,0,1.0,0.0,0.0,0.0,0.0,0.0,1.0,0.0,0.0,0.0,0.0,0.0,0.0,0.0,Low,0,Medium,5.705381196019898,2.6851226964585053,11.49391143171027,0.26429906542056075,5.103691588785047,0,1043,0.009345794392523364,21.923865300146414
T00452,R0087,Zone_3,5.23,26.79,48.52,Credit Card,2023-08-28,0,Saanvi Das,26.0,Female,Jaipur,2021-05-11,362.0,33.0,3.57,12971.0,2.11,38.0,Business,-1.0067808745149047,-0.6781036793658797,0,0,8,0,0.0,1.0,0.0,0.0,0.0,0.0,0.0,1.0,0.0,0.0,0.0,0.0,0.0,0.0,High,2,High,3.9023766283763406,1.8293763327993617,5.175905717843014,0.07339779005524862,1.0319060773480664,0,1915,0.09116022099447514,9.277246653919693
T00453,R0230,Zone_4,15.62,115.51,156.82,Credit Card,2023-01-08,0,Kavya Gupta,32.0,Male,Chennai,2022-11-22,183.0,23.0,3.65,4038.0,2.46,48.2,Business,0.25987681267528423,1.6568371736182887,0,6,1,1,0.0,1.0,0.0,0.0,0.0,0.0,0.0,0.0,1.0,0.0,0.0,0.0,0.0,0.0,High,2,Medium,5.061455143092889,2.810606789427302,10.747557862137798,0.32054644808743166,4.962950819672131,0,1355,0.12568306010928962,10.039692701664533
T00454,R0168,Zone_9,4.58,44.62,41.31,Credit Card,2023-06-18,0,Diya Das,23.0,Male,Pune,2019-10-08,471.0,74.0,4.03,11037.0,1.83,56.1,Mixed,-1.0911077620923866,-0.8241779386959769,0,6,6,1,0.0,1.0,0.0,0.0,0.0,0.0,0.0,0.0,0.0,0.0,0.0,0.0,0.0,1.0,High,2,High,3.7450234647319762,1.7191887763932197,6.679820356865894,0.0743524416135881,1.2087261146496815,0,2496,0.15711252653927812,9.019650655021834
T00455,R0262,Zone_8,1.21,8.06,26.79,Credit Card,2023-11-04,1,Meera Singh,30.0,Male,Ahmedabad,2019-04-21,6.0,0.0,3.35,4516.0,1.93,31.0,Business,-1.2609311195993262,-1.5815167909150962,0,5,11,1,0.0,1.0,0.0,0.0,0.0,0.0,0.0,0.0,0.0,0.0,0.0,0.0,1.0,0.0,High,2,Low,3.3246762437544124,0.7929925155296614,2.839013913315678,9.936666666666667,161.22666666666666,0,2666,0.0,22.140495867768596
T00456,R0134,Zone_5,13.51,129.59,215.2,Wallet,2024-04-11,0,Aadhya Singh,34.0,Male,Jaipur,2022-07-30,410.0,29.0,4.59,2590.0,1.31,43.9,Business,0.9426789897589707,1.1826576548698196,0,3,4,1,0.0,0.0,0.0,1.0,0.0,0.0,0.0,0.0,0.0,1.0,0.0,0.0,0.0,0.0,Medium,1,High,5.376203905205108,2.6748380668960965,11.383760362902937,0.13614634146341464,2.644878048780488,0,1470,0.07073170731707316,15.928941524796446
T00457,R0035,Zone_4,7.4,67.21,125.26,UPI,2024-06-06,0,Reyansh Das,39.0,Male,Kolkata,2022-03-20,392.0,41.0,3.49,4038.0,2.46,48.2,Business,-0.10924337760839405,-0.1904403828330937,0,3,6,1,0.0,0.0,1.0,0.0,0.0,0.0,0.0,0.0,1.0,0.0,0.0,0.0,0.0,0.0,High,2,High,4.83834327293948,2.128231705849268,8.19817052762383,0.07392857142857143,1.0711989795918366,0,1602,0.10459183673469388,16.927027027027027
T00458,R0049,Zone_8,12.88,109.54,291.71,UPI,2024-08-12,1,Meera Iyer,39.0,Male,Mumbai,2020-05-19,375.0,55.0,4.4,4516.0,1.93,31.0,Business,1.8375264472559363,1.041077988134495,0,0,8,1,0.0,0.0,1.0,0.0,0.0,0.0,0.0,0.0,0.0,0.0,0.0,0.0,1.0,0.0,High,2,High,5.679182357787968,2.6304489550786583,10.466135867644754,0.15565333333333334,2.6144,0,2272,0.14666666666666667,22.648291925465834
T00459,R0044,Zone_4,4.23,33.09,33.99,Credit Card,2024-06-11,0,Arjun Gupta,36.0,Female,Hyderabad,2020-08-01,271.0,5.0,3.21,4038.0,2.46,48.2,Business,-1.176721190257042,-0.9028333091044907,0,1,6,0,0.0,1.0,0.0,0.0,0.0,0.0,0.0,0.0,1.0,0.0,0.0,0.0,0.0,0.0,High,2,Medium,3.5550623063795967,1.6544112780768316,5.7523908073078625,0.37734317343173435,6.127380073800738,0,2198,0.01845018450184502,8.035460992907801
T00460,R0033,Zone_1,1.69,14.68,38.42,UPI,2023-12-28,1,Diya Iyer,18.0,Female,Chennai,2019-05-22,472.0,37.0,3.24,4921.0,2.43,30.9,Residential,-1.1249086920644977,-1.4736465686405629,0,3,12,0,0.0,0.0,1.0,0.0,1.0,0.0,0.0,0.0,0.0,0.0,0.0,0.0,0.0,0.0,High,2,High,3.674273301724574,0.9895411936137477,3.8314488121336034,0.06792372881355933,1.2849364406779662,0,2635,0.07838983050847458,22.73372781065089
T00461,R0045,Zone_1,14.16,107.93,251.3,Wallet,2023-10-14,0,Saanvi Iyer,34.0,Other,Ahmedabad,2023-07-12,100.0,16.0,4.88,4921.0,2.43,30.9,Residential,1.3648982188223673,1.328731914199917,0,5,10,2,0.0,0.0,0.0,1.0,1.0,0.0,0.0,0.0,0.0,0.0,0.0,0.0,0.0,0.0,High,2,Low,5.530618855647012,2.7186603802142257,10.388936422945324,0.8753,15.298499999999999,0,1123,0.16,17.747175141242938
T00462,R0170,Zone_9,0.96,8.71,12.92,Credit Card,2023-10-24,0,Saanvi Kumar,29.0,Other,Bengaluru,2020-05-20,28.0,3.0,3.68,11037.0,1.83,56.1,Mixed,-1.4231521918184205,-1.6376991983497489,0,1,10,2,0.0,1.0,0.0,0.0,0.0,0.0,0.0,0.0,0.0,0.0,0.0,0.0,0.0,1.0,High,2,Low,2.6333266549062735,0.6729444732424258,2.951270912674741,1.9110714285714285,33.70392857142857,0,2271,0.10714285714285714,13.458333333333334
T00463,R0039,Zone_8,0.19,0.98,3.37,Credit Card,2024-02-12,0,Aadhya Iyer,24.0,Male,Chennai,2023-11-18,190.0,14.0,4.2,4516.0,1.93,31.0,Business,-1.5348473064321444,-1.8107410132484796,0,0,2,1,0.0,1.0,0.0,0.0,0.0,0.0,0.0,0.0,0.0,0.0,0.0,0.0,1.0,0.0,High,2,Medium,1.4747630091074988,0.17395330712343804,0.9899494936611666,0.17821052631578946,2.674,0,994,0.07368421052631578,17.736842105263158
T00464,R0242,Zone_6,1.63,12.85,13.09,Wallet,2024-03-12,0,Kavya Iyer,34.0,Male,Ahmedabad,2022-06-05,445.0,8.0,4.54,14627.0,0.54,37.6,Mixed,-1.421163901820061,-1.4871303464248795,0,1,3,1,0.0,0.0,0.0,1.0,0.0,0.0,0.0,0.0,0.0,0.0,1.0,0.0,0.0,0.0,Low,0,High,2.645465325910589,0.9669838461896731,3.5846896657869842,0.05903370786516854,0.7375056179775281,0,1525,0.017977528089887642,8.030674846625768
T00465,R0294,Zone_5,5.97,39.2,130.88,Cash,2023-10-12,1,Arjun Reddy,24.0,Male,Surat,2021-04-02,41.0,7.0,3.2,2590.0,1.31,43.9,Business,-0.04351284942733355,-0.5118037533593076,0,3,10,1,1.0,0.0,0.0,0.0,0.0,0.0,0.0,0.0,0.0,1.0,0.0,0.0,0.0,0.0,Medium,1,Low,4.88189241820353,1.9416152247724325,6.260990336999411,1.3824390243902438,20.37560975609756,0,1954,0.17073170731707318,21.922948073701843
T00466,R0245,Zone_8,2.8,24.45,37.18,UPI,2024-05-11,0,Diya Sharma,35.0,Female,Hyderabad,2020-03-04,265.0,48.0,4.73,4516.0,1.93,31.0,Business,-1.1394115132290021,-1.2241966796307047,0,5,5,0,0.0,0.0,1.0,0.0,0.0,0.0,0.0,0.0,0.0,0.0,0.0,0.0,1.0,0.0,High,2,Medium,3.6423118182976015,1.33500106673234,4.944694126030447,0.14988679245283018,2.8352075471698113,0,2348,0.1811320754716981,13.278571428571428
T00467,R0251,Zone_8,2.85,18.25,47.1,UPI,2023-09-06,0,Vivaan Iyer,46.0,Female,Mumbai,2020-01-13,213.0,26.0,4.48,4516.0,1.93,31.0,Business,-1.0233889439129666,-1.212960198143774,0,2,9,0,0.0,0.0,1.0,0.0,0.0,0.0,0.0,0.0,0.0,0.0,0.0,0.0,1.0,0.0,High,2,Medium,3.8732821771117156,1.3480731482996928,4.272001872658765,0.18032863849765257,3.5801877934272297,0,2399,0.12206572769953052,16.526315789473685
T00468,R0112,Zone_5,7.82,40.71,120.44,Credit Card,2023-11-30,0,Meera Nair,41.0,Female,Delhi,2020-11-13,311.0,11.0,3.24,2590.0,1.31,43.9,Business,-0.16561724697364538,-0.09605393834287707,0,3,11,0,0.0,1.0,0.0,0.0,0.0,0.0,0.0,0.0,0.0,1.0,0.0,0.0,0.0,0.0,Medium,1,Medium,4.79942031364732,2.1770218700187,6.380438856379708,0.28787781350482317,3.6986173633440513,0,2094,0.03536977491961415,15.401534526854219
T00469,R0261,Zone_1,3.18,23.36,70.05,Cash,2023-10-18,1,Aarav Kumar,31.0,Male,Pune,2022-08-26,477.0,83.0,4.24,4921.0,2.43,30.9,Residential,-0.7549697941344361,-1.1387994203300325,0,2,10,1,1.0,0.0,0.0,0.0,1.0,0.0,0.0,0.0,0.0,0.0,0.0,0.0,0.0,0.0,High,2,High,4.263383854543109,1.430311246536665,4.833218389437829,0.10308176100628931,1.3621174004192873,0,1443,0.1740041928721174,22.028301886792452
T00470,R0181,Zone_5,2.5300000000000002,19.07,56.62,Wallet,2024-06-26,1,Arjun Patel,32.0,Male,Hyderabad,2019-01-09,349.0,32.0,3.75,2590.0,1.31,43.9,Business,-0.9120447040048353,-1.2848736796601294,0,2,6,1,0.0,0.0,0.0,1.0,0.0,0.0,0.0,0.0,0.0,1.0,0.0,0.0,0.0,0.0,Medium,1,High,4.053869729656382,1.2612978709452054,4.36692111217961,0.08501432664756446,1.329484240687679,0,2768,0.09169054441260745,22.379446640316203
T00471,R0273,Zone_5,19.66,158.79,212.08,Credit Card,2024-08-15,0,Aadhya Nair,43.0,Male,Delhi,2022-09-17,289.0,48.0,3.76,2590.0,1.31,43.9,Business,0.9061880203773145,2.5647448777622777,0,3,8,1,0.0,1.0,0.0,0.0,0.0,0.0,0.0,0.0,0.0,1.0,0.0,0.0,0.0,0.0,Medium,1,Medium,5.3616676820487985,3.0281994636914926,12.601190419956362,0.2589965397923875,3.313044982698962,0,1421,0.16608996539792387,10.78738555442523
T00472,R0120,Zone_5,9.73,83.96,146.57,Credit Card,2023-03-30,0,Ishaan Gupta,18.0,Other,Surat,2020-07-12,311.0,15.0,4.55,2590.0,1.31,43.9,Business,0.13999462159772708,0.33317965445787007,0,3,3,2,0.0,1.0,0.0,0.0,0.0,0.0,0.0,0.0,0.0,1.0,0.0,0.0,0.0,0.0,Medium,1,Medium,4.994302639475358,2.373043556642607,9.162968951164245,0.21929260450160773,3.260289389067524,0,2218,0.04823151125401929,15.06372045220966
T00473,R0172,Zone_6,8.26,50.02,199.22,UPI,2024-02-18,1,Reyansh Reddy,31.0,Other,Pune,2019-12-24,168.0,14.0,3.72,14627.0,0.54,37.6,Mixed,0.7557797299131792,0.002827098742111685,0,6,2,2,0.0,0.0,1.0,0.0,0.0,0.0,0.0,0.0,0.0,0.0,1.0,0.0,0.0,0.0,Low,0,Low,5.2994167619913375,2.225704048658088,7.07248188403477,0.5050595238095238,8.86077380952381,0,2419,0.08333333333333333,24.11864406779661
T00474,R0217,Zone_4,0.1,0.67,3.27,Wallet,2023-08-17,1,Kavya Iyer,39.0,Other,Jaipur,2023-03-03,104.0,5.0,3.52,4038.0,2.46,48.2,Business,-1.5474787958334872,-1.8309666799249544,0,3,8,2,0.0,0.0,0.0,1.0,0.0,0.0,0.0,0.0,1.0,0.0,0.0,0.0,0.0,0.0,High,2,Low,1.451613827240533,0.09531017980432487,0.8185352771872451,0.40807692307692306,7.267596153846155,0,1254,0.04807692307692308,32.699999999999996
T00475,R0010,Zone_4,6.77,51.15,72.84,UPI,2023-01-12,0,Vivaan Gupta,25.0,Female,Surat,2023-05-14,173.0,1.0,3.38,4038.0,2.46,48.2,Business,-0.722338446514301,-0.3320200495684188,0,3,1,0,0.0,0.0,1.0,0.0,0.0,0.0,0.0,0.0,1.0,0.0,0.0,0.0,0.0,0.0,High,2,Medium,4.301900590194597,2.050270164379556,7.151922818375489,0.49277456647398843,6.962485549132948,0,1182,0.005780346820809248,10.75923190546529
T00476,R0070,Zone_10,8.24,56.92,150.77,Credit Card,2023-06-09,0,Meera Reddy,33.0,Male,Bengaluru,2023-01-03,310.0,6.0,3.54,2440.0,1.54,35.4,Industrial,0.1891170803807263,-0.00166749385266044,0,4,6,1,0.0,1.0,0.0,0.0,0.0,1.0,0.0,0.0,0.0,0.0,0.0,0.0,0.0,0.0,Medium,1,Medium,5.022366216971954,2.2235418856535927,7.544534445544006,0.2897096774193548,5.337709677419355,0,1313,0.01935483870967742,18.29733009708738
T00477,R0143,Zone_4,0.03,0.22,3.27,Credit Card,2024-07-26,1,Meera Kumar,42.0,Other,Kolkata,2023-03-28,74.0,13.0,4.56,4038.0,2.46,48.2,Business,-1.5672447375818843,-1.8466977540066574,0,4,7,2,0.0,1.0,0.0,0.0,0.0,0.0,0.0,0.0,1.0,0.0,0.0,0.0,0.0,0.0,High,2,Low,1.451613827240533,0.0295588022415444,0.469041575982343,0.6636486486486486,11.666486486486486,0,1229,0.17567567567567569,109.0
T00478,R0237,Zone_8,8.63,63.21,201.88,UPI,2023-08-21,1,Aadhya Nair,40.0,Male,Chennai,2022-12-13,36.0,3.0,3.71,4516.0,1.93,31.0,Business,0.7868906204757452,0.085977061745398,0,0,8,1,0.0,0.0,1.0,0.0,0.0,0.0,0.0,0.0,0.0,0.0,0.0,0.0,1.0,0.0,High,2,Low,5.312614671248861,2.2648832258100344,7.950471684120383,2.7047222222222222,48.88055555555556,0,1334,0.08333333333333333,23.392815758980298
T00479,R0062,Zone_10,13.96,88.15,160.7,UPI,2024-03-02,0,Kavya Sharma,38.0,Male,Jaipur,2019-05-13,57.0,3.0,3.58,2440.0,1.54,35.4,Industrial,0.30525660793195947,1.283785988252195,0,5,3,1,0.0,0.0,1.0,0.0,0.0,1.0,0.0,0.0,0.0,0.0,0.0,0.0,0.0,0.0,Medium,1,Low,5.085742766583061,2.7053799725463312,9.388823142439099,1.1587719298245613,15.605438596491227,0,2644,0.05263157894736842,11.511461318051575
T00480,R0022,Zone_9,6.26,40.23,59.35,UPI,2023-05-26,0,Aarav Nair,43.0,Female,Kolkata,2020-09-14,220.0,1.0,3.32,11037.0,1.83,56.1,Mixed,-0.880115105795886,-0.4466321607351104,0,4,5,0,0.0,0.0,1.0,0.0,0.0,0.0,0.0,0.0,0.0,0.0,0.0,0.0,0.0,1.0,High,2,Medium,4.10016094754354,1.9823798288367047,6.342712353559792,0.2375,3.760090909090909,0,2154,0.004545454545454545,9.480830670926519
T00481,R0259,Zone_6,7.01,54.23,151.29,Credit Card,2023-11-19,1,Aadhya Das,32.0,Male,Jaipur,2019-06-25,150.0,27.0,3.52,14627.0,0.54,37.6,Mixed,0.19519890861100217,-0.2780849384311521,0,6,11,1,0.0,1.0,0.0,0.0,0.0,0.0,0.0,0.0,0.0,0.0,1.0,0.0,0.0,0.0,Low,0,Low,5.0257865978636,2.080690761080268,7.3641021177058645,0.5316000000000001,8.553866666666666,0,2601,0.18,21.582025677603422
T00482,R0004,Zone_10,2.21,18.13,49.89,Credit Card,2023-01-12,1,Aarav Nair,19.0,Other,Kolkata,2019-07-28,464.0,5.0,3.19,2440.0,1.54,35.4,Industrial,-0.9907575962928314,-1.356787161176485,0,3,1,2,0.0,1.0,0.0,0.0,0.0,1.0,0.0,0.0,0.0,0.0,0.0,0.0,0.0,0.0,Medium,1,High,3.9296664406007413,1.1662709371419244,4.257933771208753,0.08019396551724138,1.4720474137931034,0,2568,0.010775862068965518,22.574660633484164
T00483,R0257,Zone_6,1.0,9.25,20.02,Wallet,2023-04-14,1,Arjun Reddy,36.0,Other,Delhi,2023-03-11,459.0,19.0,4.82,14627.0,0.54,37.6,Mixed,-1.3401118448281126,-1.6287100131602044,0,4,4,2,0.0,0.0,0.0,1.0,0.0,0.0,0.0,0.0,0.0,0.0,1.0,0.0,0.0,0.0,Low,0,High,3.045474365448805,0.6931471805599453,3.0413812651491097,0.12224400871459695,1.7913507625272331,0,1246,0.04139433551198257,20.02
T00484,R0002,Zone_5,13.29,118.88,145.19,Cash,2023-11-02,0,Ishaan Nair,39.0,Female,Mumbai,2019-11-23,70.0,5.0,4.12,2590.0,1.31,43.9,Business,0.12385438514045602,1.1332171363273251,0,3,11,0,1.0,0.0,0.0,0.0,0.0,0.0,0.0,0.0,0.0,1.0,0.0,0.0,0.0,0.0,Medium,1,Low,4.9849071455235245,2.659559991941776,10.903210536351208,1.0812857142857142,16.794428571428572,0,2450,0.07142857142857142,10.924755455229496
T00485,R0196,Zone_4,4.69,45.53,99.57,UPI,2023-06-15,1,Vivaan Das,18.0,Male,Hyderabad,2019-06-24,51.0,9.0,4.93,4038.0,2.46,48.2,Business,-0.4097090838310716,-0.7994576794247296,0,3,6,1,0.0,0.0,1.0,0.0,0.0,0.0,0.0,0.0,1.0,0.0,0.0,0.0,0.0,0.0,High,2,Low,4.610854002456389,1.7387102481382397,6.747592163134936,1.8813725490196078,31.831960784313726,0,2602,0.17647058823529413,21.230277185501063
T00486,R0076,Zone_4,3.35,29.26,53.06,UPI,2024-05-06,0,Reyansh Reddy,40.0,Male,Bengaluru,2022-01-02,137.0,13.0,3.34,4038.0,2.46,48.2,Business,-0.953681835735187,-1.1005953832744686,0,0,5,1,0.0,0.0,1.0,0.0,0.0,0.0,0.0,0.0,1.0,0.0,0.0,0.0,0.0,0.0,High,2,Low,3.9900945408483017,1.4701758451005926,5.409251334519409,0.4143795620437956,6.3124817518248175,0,1679,0.0948905109489051,15.838805970149254
T00487,R0242,Zone_7,4.54,23.31,73.76,Cash,2023-09-19,0,Kavya Iyer,34.0,Male,Ahmedabad,2022-06-05,445.0,8.0,4.54,11070.0,0.64,45.2,Industrial,-0.7115782888761202,-0.8331671238855214,0,1,9,1,1.0,0.0,0.0,0.0,0.0,0.0,0.0,0.0,0.0,0.0,0.0,1.0,0.0,0.0,Low,0,High,4.314282982587362,1.7119945007591924,4.828043081829324,0.05903370786516854,0.7375056179775281,0,1525,0.017977528089887642,16.24669603524229
T00488,R0086,Zone_5,7.71,51.69,103.17,Wallet,2024-05-18,0,Vivaan Patel,23.0,Male,Hyderabad,2019-11-08,337.0,17.0,4.56,2590.0,1.31,43.9,Business,-0.36760411915992947,-0.12077419761412435,0,5,5,1,0.0,0.0,0.0,1.0,0.0,0.0,0.0,0.0,0.0,1.0,0.0,0.0,0.0,0.0,Medium,1,High,4.646024179996357,2.1644717908644115,7.189575787207476,0.19192878338278935,3.352581602373887,0,2465,0.050445103857566766,13.381322957198444
T00489,R0037,Zone_8,2.21,13.05,40.52,UPI,2024-03-25,0,Aadhya Iyer,32.0,Other,Ahmedabad,2020-11-21,489.0,6.0,3.36,4516.0,1.93,31.0,Business,-1.100347462672998,-1.356787161176485,0,0,3,2,0.0,0.0,1.0,0.0,0.0,0.0,0.0,0.0,0.0,0.0,0.0,0.0,1.0,0.0,High,2,High,3.7261752388576332,1.1662709371419244,3.6124783736376886,0.15969325153374234,2.6884662576687117,0,2086,0.012269938650306749,18.33484162895928
T00490,R0067,Zone_2,8.63,78.42,161.07,Cash,2024-04-29,0,Saanvi Iyer,32.0,Male,Pune,2022-07-24,348.0,9.0,3.38,6371.0,0.91,58.4,Residential,0.30958406263427135,0.085977061745398,0,0,4,1,1.0,0.0,0.0,0.0,0.0,0.0,1.0,0.0,0.0,0.0,0.0,0.0,0.0,0.0,Low,0,High,5.088028340670028,2.2648832258100344,8.855506761332183,0.32491379310344826,5.3069252873563215,0,1476,0.02586206896551724,18.663962920046348
T00491,R0163,Zone_3,1.2,6.8100000000000005,16.77,UPI,2024-07-06,0,Kavya Gupta,33.0,Other,Ahmedabad,2020-02-20,302.0,21.0,3.56,12971.0,2.11,38.0,Business,-1.3781232712673381,-1.5837640872124823,0,5,7,2,0.0,0.0,1.0,0.0,0.0,0.0,0.0,1.0,0.0,0.0,0.0,0.0,0.0,0.0,High,2,Medium,2.87751164216656,0.7884573603642702,2.6095976701399777,0.06221854304635761,1.0750993377483444,0,2361,0.0695364238410596,13.975
T00492,R0045,Zone_1,11.87,66.9,296.53,UPI,2024-07-17,1,Saanvi Iyer,34.0,Other,Ahmedabad,2023-07-12,100.0,16.0,4.88,4921.0,2.43,30.9,Residential,1.8939003166211874,0.8141010620984974,0,2,7,2,0.0,0.0,1.0,0.0,1.0,0.0,0.0,0.0,0.0,0.0,0.0,0.0,0.0,0.0,High,2,Low,5.695515060237774,2.554899021608035,8.179242018671413,0.8753,15.298499999999999,0,1123,0.16,24.98146588037068
T00493,R0038,Zone_4,2.71,22.93,49.0,Credit Card,2023-03-30,0,Aarav Singh,37.0,Other,Kolkata,2023-02-11,68.0,7.0,4.07,4038.0,2.46,48.2,Business,-1.0011668792254194,-1.2444223463071795,0,3,3,2,0.0,1.0,0.0,0.0,0.0,0.0,0.0,0.0,1.0,0.0,0.0,0.0,0.0,0.0,High,2,Low,3.912023005428146,1.3110318766193438,4.788527957525152,0.43720588235294117,6.673970588235294,0,1274,0.10294117647058823,18.081180811808117
T00494,R0296,Zone_3,14.6,144.15,132.06,Cash,2023-07-11,0,Reyansh Patel,37.0,Other,Hyderabad,2021-02-20,390.0,58.0,3.97,12971.0,2.11,38.0,Business,-0.029711777674014696,1.4276129512849056,0,1,7,2,1.0,0.0,0.0,0.0,0.0,0.0,0.0,1.0,0.0,0.0,0.0,0.0,0.0,0.0,High,2,High,4.890800154313742,2.747270914255491,12.006248373242993,0.20374358974358978,3.349897435897436,0,1995,0.14871794871794872,9.045205479452056
T00495,R0167,Zone_7,7.95,68.38,178.37,Credit Card,2024-02-10,1,Kavya Nair,44.0,Male,Hyderabad,2022-08-25,117.0,5.0,4.75,11070.0,0.64,45.2,Industrial,0.5119218095261484,-0.06683908647685766,0,5,2,1,0.0,1.0,0.0,0.0,0.0,0.0,0.0,0.0,0.0,0.0,0.0,1.0,0.0,0.0,Low,0,Low,5.189450711560923,2.191653532286764,8.269220035771209,0.5496581196581197,9.192735042735043,0,1444,0.042735042735042736,22.436477987421384
T00496,R0295,Zone_10,3.77,21.04,33.34,Wallet,2024-05-09,0,Kavya Gupta,18.0,Female,Delhi,2019-05-29,98.0,18.0,3.59,2440.0,1.54,35.4,Industrial,-1.184323475544887,-1.0062089387842519,0,3,5,0,0.0,0.0,0.0,1.0,0.0,1.0,0.0,0.0,0.0,0.0,0.0,0.0,0.0,0.0,Medium,1,Low,3.5363108554693294,1.5623463049002497,4.586937976471886,0.45683673469387753,5.34734693877551,0,2628,0.1836734693877551,8.843501326259949
T00497,R0043,Zone_2,12.56,91.02,170.33,Credit Card,2023-12-11,0,Diya Kumar,28.0,Male,Ahmedabad,2021-12-10,85.0,16.0,4.68,6371.0,0.91,58.4,Residential,0.41788738842726464,0.9691645066181394,0,0,12,1,0.0,1.0,0.0,0.0,0.0,0.0,1.0,0.0,0.0,0.0,0.0,0.0,0.0,0.0,Low,0,Low,5.143591521344882,2.6071242825122494,9.540440241414439,0.7901176470588235,10.147058823529411,0,1702,0.18823529411764706,13.561305732484078
T00498,R0113,Zone_8,1.13,5.93,27.77,Credit Card,2024-01-17,1,Aadhya Singh,26.0,Other,Chennai,2019-03-09,423.0,26.0,4.61,4516.0,1.93,31.0,Business,-1.2494692125499598,-1.599495161294185,0,2,1,2,0.0,1.0,0.0,0.0,0.0,0.0,0.0,0.0,0.0,0.0,0.0,0.0,1.0,0.0,High,2,High,3.3593331775634567,0.7561219797213337,2.435159132377184,0.1300709219858156,2.591702127659574,0,2709,0.061465721040189124,24.575221238938056
T00499,R0100,Zone_5,5.26,43.63,102.93,Cash,2023-04-02,0,Ishaan Gupta,28.0,Male,Delhi,2021-05-24,383.0,60.0,3.79,2590.0,1.31,43.9,Business,-0.3704111168046722,-0.6713617904737215,0,6,4,1,1.0,0.0,0.0,0.0,0.0,0.0,0.0,0.0,0.0,1.0,0.0,0.0,0.0,0.0,Medium,1,High,4.6437175956003305,1.8341801851120072,6.605300901548695,0.26488250652741513,4.327650130548303,0,1902,0.1566579634464752,19.568441064638787
T00500,R0033,Zone_9,8.0,50.09,151.72,Cash,2024-01-22,0,Diya Iyer,18.0,Female,Chennai,2019-05-22,472.0,37.0,3.24,11037.0,1.83,56.1,Mixed,0.20022811272449975,-0.05560260498992714,0,0,1,0,1.0,0.0,0.0,0.0,0.0,0.0,0.0,0.0,0.0,0.0,0.0,0.0,0.0,1.0,High,2,High,5.028606179417492,2.1972245773362196,7.077428911688199,0.06792372881355933,1.2849364406779662,0,2635,0.07838983050847458,18.965
T00501,R0048,Zone_10,7.39,40.87,166.35,Wallet,2024-05-28,1,Kavya Sharma,35.0,Male,Hyderabad,2019-05-31,207.0,1.0,3.02,2440.0,1.54,35.4,Industrial,0.371338010818613,-0.19268767913047993,0,1,5,1,0.0,0.0,0.0,1.0,0.0,1.0,0.0,0.0,0.0,0.0,0.0,0.0,0.0,0.0,Medium,1,Medium,5.120087427657335,2.127040520479115,6.392964883369843,0.14072463768115942,2.4457971014492754,0,2626,0.004830917874396135,22.510148849797023
T00502,R0256,Zone_9,2.04,11.32,41.24,Credit Card,2024-06-26,1,Aadhya Sharma,31.0,Female,Delhi,2021-03-25,265.0,8.0,3.65,11037.0,1.83,56.1,Mixed,-1.0919264697387698,-1.3949911982320489,0,2,6,0,0.0,1.0,0.0,0.0,0.0,0.0,0.0,0.0,0.0,0.0,0.0,0.0,0.0,1.0,High,2,Medium,3.743367639398006,1.1118575154181303,3.3645207682521443,0.15641509433962264,2.8445283018867924,0,1962,0.03018867924528302,20.215686274509803
T00503,R0195,Zone_5,3.4,17.39,52.47,UPI,2024-07-22,0,Aadhya Reddy,33.0,Male,Kolkata,2021-05-27,72.0,10.0,4.97,2590.0,1.31,43.9,Business,-0.9605823716118463,-1.0893589017875378,0,0,7,1,0.0,0.0,1.0,0.0,0.0,0.0,0.0,0.0,0.0,1.0,0.0,0.0,0.0,0.0,Medium,1,Low,3.97912074896064,1.4816045409242156,4.170131892398609,0.9766666666666668,14.502361111111112,0,1899,0.1388888888888889,15.43235294117647
T00504,R0092,Zone_10,8.84,67.65,83.37,Wallet,2023-02-27,0,Aarav Nair,21.0,Male,Surat,2019-07-18,252.0,23.0,4.51,2440.0,1.54,35.4,Industrial,-0.5991814248512105,0.1331702839905061,0,0,2,1,0.0,0.0,0.0,1.0,0.0,1.0,0.0,0.0,0.0,0.0,0.0,0.0,0.0,0.0,Medium,1,Medium,4.435211888177536,2.286455711064162,8.224962005991275,0.22694444444444448,3.415357142857143,0,2578,0.09126984126984126,9.430995475113123
T00505,R0126,Zone_5,1.4,13.21,12.73,UPI,2024-04-19,0,Diya Reddy,29.0,Female,Surat,2022-09-25,411.0,20.0,3.65,2590.0,1.31,43.9,Business,-1.4253743982871752,-1.53881816126476,0,4,4,0,0.0,0.0,1.0,0.0,0.0,0.0,0.0,0.0,0.0,1.0,0.0,0.0,0.0,0.0,Medium,1,High,2.6195832197798796,0.8754687373538999,3.6345563690772495,0.08686131386861315,1.009537712895377,0,1413,0.04866180048661801,9.092857142857143
T00506,R0058,Zone_9,14.33,74.67,196.98,Wallet,2023-07-07,0,Vivaan Reddy,46.0,Male,Kolkata,2021-05-31,480.0,25.0,4.32,11037.0,1.83,56.1,Mixed,0.729581085228913,1.3669359512554808,0,4,7,1,0.0,0.0,0.0,1.0,0.0,0.0,0.0,0.0,0.0,0.0,0.0,0.0,0.0,1.0,High,2,High,5.288166015491662,2.7298116928837226,8.641180474911978,0.15858333333333335,2.1738958333333334,0,1895,0.052083333333333336,13.745987438939288
T00507,R0146,Zone_3,10.48,81.92,95.74,Credit Card,2024-02-21,0,Kavya Gupta,30.0,Male,Surat,2020-04-15,80.0,11.0,3.89,12971.0,2.11,38.0,Business,-0.4545040879117588,0.5017268767618284,0,2,2,1,0.0,1.0,0.0,0.0,0.0,0.0,0.0,1.0,0.0,0.0,0.0,0.0,0.0,0.0,High,2,Low,4.572026967394837,2.4406063908914204,9.050966799187808,0.843,11.730875000000001,0,2306,0.1375,9.135496183206106
T00508,R0027,Zone_4,5.43,36.8,93.29,UPI,2024-02-22,0,Ishaan Iyer,39.0,Male,Jaipur,2019-10-05,403.0,61.0,3.98,4038.0,2.46,48.2,Business,-0.48315885553517474,-0.6331577534181576,0,3,2,1,0.0,0.0,1.0,0.0,0.0,0.0,0.0,0.0,1.0,0.0,0.0,0.0,0.0,0.0,High,2,High,4.546375139477586,1.860974538249528,6.06630035524124,0.14349875930521092,2.052803970223325,0,2499,0.1513647642679901,17.1804788213628
T00509,R0040,Zone_3,6.9,44.89,136.69,Credit Card,2024-01-21,0,Aarav Gupta,34.0,Other,Surat,2023-05-05,485.0,36.0,4.41,12971.0,2.11,38.0,Business,0.0244398852224818,-0.3028051977023992,0,6,1,2,0.0,1.0,0.0,0.0,0.0,0.0,0.0,1.0,0.0,0.0,0.0,0.0,0.0,0.0,High,2,High,4.925004781456281,2.066862759472976,6.7,0.1658762886597938,2.352061855670103,0,1191,0.07422680412371134,19.810144927536232
T00510,R0044,Zone_6,17.31,121.35,305.08,UPI,2024-04-04,0,Arjun Gupta,36.0,Female,Hyderabad,2020-08-01,271.0,5.0,3.21,14627.0,0.54,37.6,Mixed,1.9938996077151498,2.0366302478765412,0,3,4,0,0.0,0.0,1.0,0.0,0.0,0.0,0.0,0.0,0.0,0.0,1.0,0.0,0.0,0.0,Low,0,Medium,5.7238465056919425,2.907447358686419,11.015897603009932,0.37734317343173435,6.127380073800738,0,2198,0.01845018450184502,17.624494511842865
T00511,R0255,Zone_1,12.68,79.77,161.39,Wallet,2023-01-04,0,Reyansh Sharma,37.0,Female,Bengaluru,2021-07-06,475.0,42.0,3.12,4921.0,2.43,30.9,Residential,0.313326726160595,0.9961320621867725,0,2,1,0,0.0,0.0,0.0,1.0,1.0,0.0,0.0,0.0,0.0,0.0,0.0,0.0,0.0,0.0,High,2,High,5.090000849476996,2.615934912194404,8.931405264570632,0.15162105263157893,2.6573052631578946,0,1859,0.08842105263157894,12.727917981072554
T00512,R0119,Zone_2,9.9,57.09,121.66,Credit Card,2024-05-21,0,Saanvi Iyer,47.0,Male,Hyderabad,2023-05-05,30.0,1.0,4.39,6371.0,0.91,58.4,Residential,-0.15134834227953617,0.3713836915134339,0,1,5,1,0.0,1.0,0.0,0.0,0.0,0.0,1.0,0.0,0.0,0.0,0.0,0.0,0.0,0.0,Low,0,Low,4.809416300197838,2.388762789235098,7.555792479945436,0.9743333333333334,13.516666666666667,0,1191,0.03333333333333333,12.288888888888888
T00513,R0203,Zone_7,0.92,6.6,18.93,Credit Card,2024-02-08,1,Kavya Gupta,49.0,Female,Bengaluru,2023-07-25,152.0,9.0,3.6,11070.0,0.64,45.2,Industrial,-1.3528602924646527,-1.6466883835392934,0,3,2,0,0.0,1.0,0.0,0.0,0.0,0.0,0.0,0.0,0.0,0.0,0.0,1.0,0.0,0.0,Low,0,Low,2.9922261342247034,0.6523251860396903,2.569046515733026,0.25513157894736843,4.596381578947369,0,1110,0.05921052631578947,20.57608695652174
T00514,R0257,Zone_3,16.15,85.54,168.43,Cash,2023-05-20,0,Arjun Reddy,36.0,Other,Delhi,2023-03-11,459.0,19.0,4.82,12971.0,2.11,38.0,Business,0.3956653237397174,1.7759438773797525,0,5,5,2,1.0,0.0,0.0,0.0,0.0,0.0,0.0,1.0,0.0,0.0,0.0,0.0,0.0,0.0,High,2,High,5.132439862170015,2.8419981736119486,9.248783703817493,0.12224400871459695,1.7913507625272331,0,1246,0.04139433551198257,10.429102167182664
T00515,R0200,Zone_3,13.26,86.99,131.03,Cash,2023-11-11,0,Kavya Kumar,30.0,Other,Bengaluru,2021-11-15,443.0,87.0,3.6,12971.0,2.11,38.0,Business,-0.041758475899369235,1.126475247435167,0,5,11,2,1.0,0.0,0.0,0.0,0.0,0.0,0.0,1.0,0.0,0.0,0.0,0.0,0.0,0.0,High,2,High,4.88302916949111,2.65745841498615,9.326842981416595,0.09022573363431151,1.1048532731376977,0,1727,0.1963882618510158,9.8815987933635
T00516,R0103,Zone_1,7.26,67.64,94.7,Credit Card,2023-09-18,0,Ishaan Gupta,37.0,Other,Surat,2022-11-24,175.0,14.0,3.07,4921.0,2.43,30.9,Residential,-0.4666677443723108,-0.22190253099649937,0,0,9,2,0.0,1.0,0.0,0.0,1.0,0.0,0.0,0.0,0.0,0.0,0.0,0.0,0.0,0.0,High,2,Medium,4.5612182984589085,2.1114245875328868,8.224354077980836,0.40817142857142863,7.065371428571429,0,1353,0.08,13.044077134986226
T00517,R0055,Zone_3,5.25,28.74,49.29,Wallet,2023-07-08,0,Kavya Singh,32.0,Male,Delhi,2021-11-07,425.0,12.0,4.19,12971.0,2.11,38.0,Business,-0.9977750904046885,-0.6736090867711075,0,5,7,1,0.0,0.0,0.0,1.0,0.0,0.0,0.0,1.0,0.0,0.0,0.0,0.0,0.0,0.0,High,2,High,3.9178062501838733,1.8325814637483102,5.360970061472083,0.16870588235294118,2.610729411764706,0,1735,0.02823529411764706,9.388571428571428
T00518,R0291,Zone_5,7.06,49.66,112.18,Wallet,2023-02-23,0,Arjun Ghosh,23.0,Other,Pune,2021-04-19,499.0,94.0,3.46,2590.0,1.31,43.9,Business,-0.2622247492468767,-0.2668484569442216,0,3,2,2,0.0,0.0,0.0,1.0,0.0,0.0,0.0,0.0,0.0,1.0,0.0,0.0,0.0,0.0,Medium,1,High,4.728979471714378,2.0869135565185366,7.046985170979147,0.09308617234468938,1.59436873747495,0,1937,0.18837675350701402,15.889518413597736
T00519,R0180,Zone_7,1.99,19.56,17.39,Credit Card,2023-08-08,0,Diya Kumar,33.0,Male,Hyderabad,2019-12-03,44.0,4.0,4.53,11070.0,0.64,45.2,Industrial,-1.3708718606850858,-1.4062276797189794,0,1,8,1,0.0,1.0,0.0,0.0,0.0,0.0,0.0,0.0,0.0,0.0,0.0,1.0,0.0,0.0,Low,0,Low,2.91180703861623,1.095273387402595,4.422668877499196,0.12840909090909092,1.929318181818182,0,2440,0.09090909090909091,8.738693467336685
T00520,R0221,Zone_10,5.65,30.29,109.51,UPI,2024-04-23,0,Diya Patel,21.0,Female,Delhi,2021-01-13,106.0,1.0,4.41,2440.0,1.54,35.4,Industrial,-0.2934525980446404,-0.583717234875663,0,1,4,0,0.0,0.0,1.0,0.0,0.0,1.0,0.0,0.0,0.0,0.0,0.0,0.0,0.0,0.0,Medium,1,Low,4.705106014600691,1.8946168546677629,5.503635162326805,0.5540566037735849,8.615943396226415,0,2033,0.009433962264150943,19.38230088495575
T00521,R0240,Zone_10,11.82,111.26,263.6,UPI,2024-02-13,1,Aarav Iyer,30.0,Male,Delhi,2020-05-18,174.0,2.0,4.07,2440.0,1.54,35.4,Industrial,1.508756848115436,0.8028645806115671,0,1,2,1,0.0,0.0,1.0,0.0,0.0,1.0,0.0,0.0,0.0,0.0,0.0,0.0,0.0,0.0,Medium,1,Medium,5.5782192516808555,2.551006451492524,10.547985589675406,0.5294252873563219,7.0199425287356325,0,2273,0.011494252873563218,22.30118443316413
T00522,R0131,Zone_2,1.04,5.23,12.62,Cash,2024-07-25,0,Reyansh Ghosh,24.0,Male,Surat,2019-10-22,99.0,7.0,3.6,6371.0,0.91,58.4,Residential,-1.426660938874349,-1.61972082797066,0,3,7,1,1.0,0.0,0.0,0.0,0.0,0.0,1.0,0.0,0.0,0.0,0.0,0.0,0.0,0.0,Low,0,Low,2.611539300721366,0.712949807856125,2.2869193252058544,0.2724242424242424,4.396262626262627,0,2482,0.0707070707070707,12.134615384615383
T00523,R0044,Zone_4,6.43,50.8,80.02,UPI,2024-01-20,0,Arjun Gupta,36.0,Female,Hyderabad,2020-08-01,271.0,5.0,3.21,4038.0,2.46,48.2,Business,-0.6383624336424123,-0.40842812367954656,0,5,1,0,0.0,0.0,1.0,0.0,0.0,0.0,0.0,0.0,1.0,0.0,0.0,0.0,0.0,0.0,High,2,Medium,4.394696037774544,2.005525858729668,7.127411872482185,0.37734317343173435,6.127380073800738,0,2198,0.01845018450184502,12.444790046656298
T00524,R0100,Zone_4,8.57,83.49,71.4,Wallet,2024-01-08,0,Ishaan Gupta,28.0,Male,Delhi,2021-05-24,383.0,60.0,3.79,4038.0,2.46,48.2,Business,-0.7391804323827578,0.07249328396108122,0,0,1,1,0.0,0.0,0.0,1.0,0.0,0.0,0.0,0.0,1.0,0.0,0.0,0.0,0.0,0.0,High,2,High,4.282206299391671,2.258633205464863,9.137286249209883,0.26488250652741513,4.327650130548303,0,1902,0.1566579634464752,8.331388564760793
T00525,R0207,Zone_3,8.52,62.34,174.3,Wallet,2023-11-13,1,Ishaan Iyer,31.0,Male,Mumbai,2023-12-06,47.0,3.0,3.93,12971.0,2.11,38.0,Business,0.4643198078007185,0.06125680247415051,0,0,11,1,0.0,0.0,0.0,1.0,0.0,0.0,0.0,1.0,0.0,0.0,0.0,0.0,0.0,0.0,High,2,Low,5.1664987919271885,2.253394848803274,7.895568377260753,1.3504255319148937,26.20127659574468,0,976,0.06382978723404255,20.457746478873243
T00526,R0207,Zone_3,2.11,18.12,29.03,Wallet,2023-11-20,0,Ishaan Iyer,31.0,Male,Mumbai,2023-12-06,47.0,3.0,3.93,12971.0,2.11,38.0,Business,-1.2347324749150599,-1.3792601241503464,0,0,11,1,0.0,0.0,0.0,1.0,0.0,0.0,0.0,1.0,0.0,0.0,0.0,0.0,0.0,0.0,High,2,Low,3.402196881995239,1.1346227261911428,4.256759330758553,1.3504255319148937,26.20127659574468,0,976,0.06382978723404255,13.75829383886256
T00527,R0292,Zone_1,2.09,13.43,47.71,Credit Card,2024-02-19,1,Diya Patel,37.0,Female,Jaipur,2020-06-28,141.0,19.0,4.39,4921.0,2.43,30.9,Residential,-1.0162544915659117,-1.3837547167451185,0,0,2,0,0.0,1.0,0.0,0.0,1.0,0.0,0.0,0.0,0.0,0.0,0.0,0.0,0.0,0.0,High,2,Low,3.8858843478184513,1.128171090909654,3.664696440361739,0.5628368794326241,8.070141843971632,0,2232,0.1347517730496454,22.82775119617225
T00528,R0257,Zone_3,13.45,121.78,305.45,Cash,2023-05-08,1,Arjun Reddy,36.0,Other,Delhi,2023-03-11,459.0,19.0,4.82,12971.0,2.11,38.0,Business,1.9982270624174616,1.169173877085503,0,0,5,2,1.0,0.0,0.0,0.0,0.0,0.0,0.0,1.0,0.0,0.0,0.0,0.0,0.0,0.0,High,2,High,5.725054609931741,2.670694414558441,11.035397591387452,0.12224400871459695,1.7913507625272331,0,1246,0.04139433551198257,22.71003717472119
T00529,R0015,Zone_7,1.88,10.26,33.99,Wallet,2024-01-28,0,Saanvi Patel,28.0,Other,Chennai,2022-12-19,46.0,1.0,3.87,11070.0,0.64,45.2,Industrial,-1.176721190257042,-1.4309479389902267,0,6,1,2,0.0,0.0,0.0,1.0,0.0,0.0,0.0,0.0,0.0,0.0,0.0,1.0,0.0,0.0,Low,0,Low,3.5550623063795967,1.0577902941478545,3.2031234756093934,0.6521739130434783,12.996739130434783,0,1328,0.021739130434782608,18.079787234042556
T00530,R0112,Zone_1,13.04,99.41,118.18,Cash,2023-03-08,0,Meera Nair,41.0,Female,Delhi,2020-11-13,311.0,11.0,3.24,4921.0,2.43,30.9,Residential,-0.19204980812830666,1.0770347288926723,0,2,3,0,1.0,0.0,0.0,0.0,1.0,0.0,0.0,0.0,0.0,0.0,0.0,0.0,0.0,0.0,High,2,Medium,4.780634955318833,2.641910398597665,9.970456358662826,0.28787781350482317,3.6986173633440513,0,2094,0.03536977491961415,9.062883435582823
T00531,R0267,Zone_2,5.59,46.5,122.05,UPI,2024-04-24,1,Arjun Iyer,37.0,Other,Jaipur,2021-01-01,131.0,11.0,4.5,6371.0,0.91,58.4,Residential,-0.14678697110682912,-0.5972010126599798,0,2,4,2,0.0,0.0,1.0,0.0,0.0,0.0,1.0,0.0,0.0,0.0,0.0,0.0,0.0,0.0,Low,0,Low,4.812590776837065,1.8855533485144158,6.819090848492928,0.3602290076335878,5.203740458015267,0,2045,0.08396946564885496,21.833631484794275
T00532,R0263,Zone_1,13.4,77.64,221.62,Wallet,2023-06-03,0,Ishaan Das,31.0,Other,Chennai,2020-12-30,297.0,21.0,3.84,4921.0,2.43,30.9,Residential,1.0177661767558408,1.1579373955985726,0,5,6,2,0.0,0.0,0.0,1.0,1.0,0.0,0.0,0.0,0.0,0.0,0.0,0.0,0.0,0.0,High,2,Medium,5.405466282065079,2.667228206581955,8.811356308764276,0.3522558922558922,5.2110101010101015,0,2047,0.0707070707070707,16.538805970149255
T00533,R0172,Zone_7,5.89,32.82,57.12,UPI,2023-02-01,0,Reyansh Reddy,31.0,Other,Pune,2019-12-24,168.0,14.0,3.72,11070.0,0.64,45.2,Industrial,-0.9061967922449544,-0.5297821237383965,0,2,2,2,0.0,0.0,1.0,0.0,0.0,0.0,0.0,0.0,0.0,0.0,0.0,1.0,0.0,0.0,Low,0,Low,4.062509838702082,1.9300710850255671,5.728874234961001,0.5050595238095238,8.86077380952381,0,2419,0.08333333333333333,9.69779286926995
T00534,R0284,Zone_8,2.17,13.05,51.16,UPI,2024-06-07,1,Vivaan Das,28.0,Female,Surat,2019-07-31,135.0,19.0,4.95,4516.0,1.93,31.0,Business,-0.9759039004227341,-1.3657763463660295,0,4,6,0,0.0,0.0,1.0,0.0,0.0,0.0,0.0,0.0,0.0,0.0,0.0,0.0,1.0,0.0,High,2,Low,3.9543159176183975,1.1537315878891892,3.6124783736376886,0.45118518518518513,7.306148148148148,0,2565,0.14074074074074075,23.576036866359445
T00535,R0268,Zone_5,12.28,103.14,253.82,Wallet,2023-11-20,1,Ishaan Kumar,34.0,Male,Chennai,2022-10-16,10.0,0.0,4.6,2590.0,1.31,43.9,Business,1.3943716940921664,0.906240210291328,0,0,11,1,0.0,0.0,0.0,1.0,0.0,0.0,0.0,0.0,0.0,1.0,0.0,0.0,0.0,0.0,Medium,1,Low,5.540557413553235,2.5862591440482876,10.155786527886454,4.252,72.60799999999999,0,1392,0.0,20.66938110749186
T00536,R0008,Zone_6,7.91,52.23,180.63,Cash,2023-10-12,1,Ishaan Ghosh,28.0,Female,Jaipur,2022-10-01,215.0,23.0,4.02,14627.0,0.54,37.6,Mixed,0.5383543706808097,-0.0758282716664021,0,3,10,0,1.0,0.0,0.0,0.0,0.0,0.0,0.0,0.0,0.0,0.0,1.0,0.0,0.0,0.0,Low,0,Medium,5.201971650761352,2.187174241482718,7.227032586061862,0.22441860465116278,4.1547441860465115,0,1407,0.10697674418604651,22.835651074589126
T00537,R0183,Zone_6,15.24,150.36,141.28,Credit Card,2023-03-22,0,Arjun Patel,43.0,Other,Jaipur,2022-08-27,406.0,66.0,3.79,14627.0,0.54,37.6,Mixed,0.07812371517818792,1.5714399143176168,0,2,3,2,0.0,1.0,0.0,0.0,0.0,0.0,0.0,0.0,0.0,0.0,1.0,0.0,0.0,0.0,Low,0,High,4.957796947080254,2.787477334733532,12.262136844775466,0.14231527093596058,2.0964039408866997,0,1442,0.1625615763546798,9.270341207349082
T00538,R0234,Zone_1,12.46,108.52,224.08,Credit Card,2023-09-02,0,Saanvi Nair,32.0,Other,Pune,2022-12-01,183.0,31.0,3.98,4921.0,2.43,30.9,Residential,1.0465379026144546,0.9466915436442783,0,5,9,2,0.0,1.0,0.0,0.0,1.0,0.0,0.0,0.0,0.0,0.0,0.0,0.0,0.0,0.0,High,2,Medium,5.416455894565078,2.599722324216582,10.417293314484334,0.34677595628415303,6.222677595628415,0,1346,0.16939890710382513,17.98394863563403
T00539,R0172,Zone_6,6.85,45.73,120.22,UPI,2024-03-03,0,Reyansh Reddy,31.0,Other,Pune,2019-12-24,168.0,14.0,3.72,14627.0,0.54,37.6,Mixed,-0.16819032814799295,-0.3140416791893299,0,6,3,2,0.0,0.0,1.0,0.0,0.0,0.0,0.0,0.0,0.0,0.0,1.0,0.0,0.0,0.0,Low,0,Low,4.797607076523139,2.060513531794317,6.762396025078685,0.5050595238095238,8.86077380952381,0,2419,0.08333333333333333,17.55036496350365
T00540,R0023,Zone_5,5.75,56.32,70.29,Credit Card,2023-03-02,0,Meera Iyer,24.0,Other,Jaipur,2019-10-09,176.0,32.0,3.21,2590.0,1.31,43.9,Business,-0.7521627964896932,-0.561244271901802,0,3,3,2,0.0,1.0,0.0,0.0,0.0,0.0,0.0,0.0,0.0,1.0,0.0,0.0,0.0,0.0,Medium,1,Medium,4.266756065129537,1.9095425048844386,7.504665215717488,0.36880681818181815,6.793295454545454,0,2495,0.18181818181818182,12.224347826086957
T00541,R0288,Zone_8,8.12,67.78,81.83,Cash,2023-10-21,0,Diya Ghosh,42.0,Male,Ahmedabad,2021-08-30,43.0,5.0,4.56,4516.0,1.93,31.0,Business,-0.6171929930716435,-0.02863504942129399,0,5,10,1,1.0,0.0,0.0,0.0,0.0,0.0,0.0,0.0,0.0,0.0,0.0,0.0,1.0,0.0,High,2,Low,4.416790314610172,2.21046980408624,8.232860985101109,1.2111627906976743,18.50232558139535,0,1804,0.11627906976744186,10.077586206896552
T00542,R0238,Zone_2,8.95,74.18,155.25,Wallet,2023-03-20,0,Reyansh Patel,30.0,Other,Pune,2019-04-22,362.0,56.0,4.91,6371.0,0.91,58.4,Residential,0.2415143697492585,0.1578905432617532,0,0,3,2,0.0,0.0,0.0,1.0,0.0,0.0,1.0,0.0,0.0,0.0,0.0,0.0,0.0,0.0,Low,0,High,5.051457288616511,2.2975725511705014,8.61278120005379,0.10698895027624308,1.6299171270718231,0,2665,0.15469613259668508,17.346368715083802
T00543,R0005,Zone_10,3.59,22.45,59.14,Credit Card,2023-02-19,0,Diya Reddy,27.0,Male,Ahmedabad,2021-05-31,294.0,30.0,3.53,2440.0,1.54,35.4,Industrial,-0.8825712287350359,-1.0466602721372018,0,6,2,1,0.0,1.0,0.0,0.0,0.0,1.0,0.0,0.0,0.0,0.0,0.0,0.0,0.0,0.0,Medium,1,Medium,4.096675177560383,1.5238800240724537,4.738143096192854,0.17435374149659866,3.1511904761904765,0,1895,0.10204081632653061,16.473537604456826
T00544,R0133,Zone_3,12.21,79.45,159.69,Cash,2023-01-03,0,Diya Kumar,25.0,Female,Delhi,2019-07-13,155.0,11.0,4.4,12971.0,2.11,38.0,Business,0.29344382617700027,0.8905091362096256,0,1,1,0,1.0,0.0,0.0,0.0,0.0,0.0,0.0,1.0,0.0,0.0,0.0,0.0,0.0,0.0,High,2,Low,5.079477043053662,2.580974118534234,8.913472948295743,0.4186451612903226,5.272709677419355,0,2583,0.07096774193548387,13.078624078624077
T00545,R0051,Zone_5,6.01,59.55,60.9,Credit Card,2024-08-07,0,Aarav Nair,21.0,Male,Kolkata,2020-04-05,213.0,14.0,4.02,2590.0,1.31,43.9,Business,-0.8619865793402554,-0.5028145681697631,0,2,8,1,0.0,1.0,0.0,0.0,0.0,0.0,0.0,0.0,0.0,1.0,0.0,0.0,0.0,0.0,Medium,1,Medium,4.12552017969055,1.9473377010464987,7.7168646482881895,0.2778403755868545,5.169107981220657,0,2316,0.06572769953051644,10.133111480865225
T00546,R0178,Zone_4,5.88,40.04,144.17,Wallet,2024-06-27,1,Saanvi Ghosh,27.0,Male,Delhi,2021-05-15,56.0,7.0,3.13,4038.0,2.46,48.2,Business,0.111924645150299,-0.5320294200357826,0,3,6,1,0.0,0.0,0.0,1.0,0.0,0.0,0.0,0.0,1.0,0.0,0.0,0.0,0.0,0.0,High,2,Low,4.9779054694733365,1.9286186519452522,6.32771680782255,1.1296428571428572,18.581071428571427,0,1911,0.125,24.518707482993197
T00547,R0016,Zone_9,5.3,29.91,48.14,UPI,2023-11-08,0,Aarav Iyer,28.0,Female,Delhi,2022-01-24,356.0,51.0,3.06,11037.0,1.83,56.1,Mixed,-1.0112252874524144,-0.662372605284177,0,2,11,0,0.0,0.0,1.0,0.0,0.0,0.0,0.0,0.0,0.0,0.0,0.0,0.0,0.0,1.0,High,2,High,3.894673367093033,1.840549633397487,5.469003565550127,0.11584269662921348,1.9316853932584273,0,1657,0.14325842696629212,9.083018867924528
T00548,R0211,Zone_4,9.16,68.5,91.28,UPI,2023-08-10,0,Arjun Reddy,36.0,Female,Mumbai,2021-04-04,435.0,17.0,3.63,4038.0,2.46,48.2,Business,-0.5066674608098958,0.2050837655068617,0,3,8,0,0.0,0.0,1.0,0.0,0.0,0.0,0.0,0.0,1.0,0.0,0.0,0.0,0.0,0.0,High,2,High,4.524827433305553,2.318458442150336,8.276472678623424,0.10593103448275862,1.4847816091954023,0,1952,0.03908045977011494,9.965065502183407
T00549,R0046,Zone_2,4.54,30.89,73.67,Wallet,2024-05-28,0,Vivaan Singh,31.0,Female,Kolkata,2019-08-16,31.0,4.0,3.87,6371.0,0.91,58.4,Residential,-0.7126309129928988,-0.8331671238855214,0,1,5,0,0.0,0.0,0.0,1.0,0.0,0.0,1.0,0.0,0.0,0.0,0.0,0.0,0.0,0.0,Low,0,Low,4.3130784050476105,1.7119945007591924,5.5578772926361015,2.581290322580645,41.82,0,2549,0.12903225806451613,16.226872246696036
T00550,R0129,Zone_6,8.67,86.27,133.85,UPI,2023-01-05,0,Vivaan Singh,35.0,Male,Hyderabad,2022-10-08,158.0,10.0,3.9,14627.0,0.54,37.6,Mixed,-0.008776253573641394,0.09496624693494224,0,3,1,1,0.0,0.0,1.0,0.0,0.0,0.0,0.0,0.0,0.0,0.0,1.0,0.0,0.0,0.0,Low,0,Low,4.904163049585739,2.269028309465203,9.288164511893617,0.5688607594936709,9.54620253164557,0,1400,0.06329113924050633,15.438292964244521
T00551,R0121,Zone_9,21.83,190.53,354.27,Wallet,2023-11-27,0,Diya Iyer,29.0,Male,Pune,2023-07-13,378.0,10.0,4.17,11037.0,1.83,56.1,Mixed,2.5692171666522263,3.052408174295063,0,0,11,1,0.0,0.0,0.0,1.0,0.0,0.0,0.0,0.0,0.0,0.0,0.0,0.0,0.0,1.0,High,2,High,5.872878063773937,3.1280754605417043,13.803260484392808,0.23269841269841268,3.8740211640211637,0,1122,0.026455026455026454,16.22858451672011
T00552,R0005,Zone_2,7.73,64.25,102.14,Credit Card,2024-07-27,0,Diya Reddy,27.0,Male,Ahmedabad,2021-05-31,294.0,30.0,3.53,6371.0,0.91,58.4,Residential,-0.379650817385284,-0.11627960501935203,0,5,7,1,0.0,1.0,0.0,0.0,0.0,0.0,1.0,0.0,0.0,0.0,0.0,0.0,0.0,0.0,Low,0,Medium,4.636087288622813,2.166765369851511,8.0156097709407,0.17435374149659866,3.1511904761904765,0,1895,0.10204081632653061,13.213454075032342
T00553,R0292,Zone_7,5.83,32.17,85.19,Wallet,2024-06-23,0,Diya Patel,37.0,Female,Jaipur,2020-06-28,141.0,19.0,4.39,11070.0,0.64,45.2,Industrial,-0.5778950260452443,-0.543265901522713,0,6,6,0,0.0,0.0,0.0,1.0,0.0,0.0,0.0,0.0,0.0,0.0,0.0,1.0,0.0,0.0,Low,0,Low,4.456554161659308,1.9213246735826988,5.671860364994893,0.5628368794326241,8.070141843971632,0,2232,0.1347517730496454,14.612349914236706
T00554,R0143,Zone_6,0.34,2.43,6.66,Wallet,2023-10-27,0,Meera Kumar,42.0,Other,Kolkata,2023-03-28,74.0,13.0,4.56,14627.0,0.54,37.6,Mixed,-1.4963680470521286,-1.7770315687876879,0,4,10,2,0.0,0.0,0.0,1.0,0.0,0.0,0.0,0.0,0.0,0.0,1.0,0.0,0.0,0.0,Low,0,Low,2.0360119837525,0.29266961396282,1.5588457268119895,0.6636486486486486,11.666486486486486,0,1229,0.17567567567567569,19.588235294117645
T00555,R0293,Zone_3,8.25,70.59,124.79,Cash,2023-01-06,0,Arjun Kumar,39.0,Female,Delhi,2019-10-01,248.0,44.0,3.2,12971.0,2.11,38.0,Business,-0.11474041466268202,0.0005798024447256225,0,4,1,0,1.0,0.0,0.0,0.0,0.0,0.0,0.0,1.0,0.0,0.0,0.0,0.0,0.0,0.0,High,2,Medium,4.834613849850781,2.224623551524334,8.401785524517988,0.09040322580645162,1.6186290322580645,0,2503,0.1774193548387097,15.126060606060607
T00556,R0175,Zone_10,2.45,19.43,53.43,Cash,2024-06-09,1,Diya Patel,35.0,Male,Chennai,2022-08-18,98.0,8.0,3.48,2440.0,1.54,35.4,Industrial,-0.9493543810328751,-1.3028520500392184,0,6,6,1,1.0,0.0,0.0,0.0,0.0,1.0,0.0,0.0,0.0,0.0,0.0,0.0,0.0,0.0,Medium,1,Low,3.9969154724461085,1.2383742310432684,4.407947368106838,0.7169387755102041,12.928877551020408,0,1451,0.08163265306122448,21.80816326530612
T00557,R0196,Zone_10,6.12,31.21,115.58,Cash,2023-01-05,0,Vivaan Das,18.0,Male,Hyderabad,2019-06-24,51.0,9.0,4.93,2440.0,1.54,35.4,Industrial,-0.22245894927968712,-0.4780943088985159,0,3,1,1,1.0,0.0,0.0,0.0,0.0,1.0,0.0,0.0,0.0,0.0,0.0,0.0,0.0,0.0,Medium,1,Low,4.758577732617404,1.9629077254238845,5.586591089385369,1.8813725490196078,31.831960784313726,0,2602,0.17647058823529413,18.88562091503268
T00558,R0145,Zone_5,8.76,84.65,94.17,Wallet,2023-06-29,0,Saanvi Nair,36.0,Female,Jaipur,2022-12-09,222.0,43.0,4.3,2590.0,1.31,43.9,Business,-0.4728665308377845,0.1151919136114172,0,3,6,0,0.0,0.0,0.0,1.0,0.0,0.0,0.0,0.0,0.0,1.0,0.0,0.0,0.0,0.0,Medium,1,Medium,4.555664766084252,2.278292400425001,9.200543462209176,0.20873873873873874,2.948918918918919,0,1338,0.19369369369369369,10.75
T00559,R0010,Zone_1,0.65,4.04,5.95,Credit Card,2023-07-19,0,Vivaan Gupta,25.0,Female,Surat,2023-05-14,173.0,1.0,3.38,4921.0,2.43,30.9,Residential,-1.5046720817511594,-1.7073653835687181,0,2,7,0,0.0,1.0,0.0,0.0,1.0,0.0,0.0,0.0,0.0,0.0,0.0,0.0,0.0,0.0,High,2,Medium,1.9387416595767009,0.5007752879124893,2.009975124224178,0.49277456647398843,6.962485549132948,0,1182,0.005780346820809248,9.153846153846153
T00560,R0106,Zone_1,8.79,44.59,85.75,UPI,2023-03-08,0,Aarav Patel,32.0,Other,Bengaluru,2021-11-25,6.0,1.0,4.03,4921.0,2.43,30.9,Residential,-0.5713453648741779,0.1219338025035754,0,2,3,2,0.0,0.0,1.0,0.0,1.0,0.0,0.0,0.0,0.0,0.0,0.0,0.0,0.0,0.0,High,2,Low,4.4630304188269685,2.281361456542419,6.67757440991862,6.611666666666667,73.10333333333334,0,1717,0.16666666666666666,9.755403868031856
T00561,R0278,Zone_9,9.52,81.51,158.21,UPI,2023-09-18,0,Aarav Reddy,20.0,Female,Mumbai,2021-09-02,382.0,58.0,4.27,11037.0,1.83,56.1,Mixed,0.2761340073677531,0.28598643221276154,0,0,9,0,0.0,0.0,1.0,0.0,0.0,0.0,0.0,0.0,0.0,0.0,0.0,0.0,0.0,1.0,High,2,High,5.070224085507913,2.3532782073095637,9.028288874421332,0.25536649214659685,5.527120418848168,0,1801,0.1518324607329843,16.6186974789916
T00562,R0242,Zone_10,1.51,13.28,20.21,UPI,2024-06-13,0,Kavya Iyer,34.0,Male,Ahmedabad,2022-06-05,445.0,8.0,4.54,2440.0,1.54,35.4,Industrial,-1.3378896383593577,-1.5140979019935128,0,3,6,1,0.0,0.0,1.0,0.0,0.0,1.0,0.0,0.0,0.0,0.0,0.0,0.0,0.0,0.0,Medium,1,High,3.0544727685765913,0.9202827531436926,3.6441734316577197,0.05903370786516854,0.7375056179775281,0,1525,0.017977528089887642,13.3841059602649
T00563,R0211,Zone_5,6.04,52.85,79.74,Credit Card,2023-05-08,0,Arjun Reddy,36.0,Female,Mumbai,2021-04-04,435.0,17.0,3.63,2590.0,1.31,43.9,Business,-0.6416372642279455,-0.4960726792776048,0,0,5,0,0.0,1.0,0.0,0.0,0.0,0.0,0.0,0.0,0.0,1.0,0.0,0.0,0.0,0.0,Medium,1,High,4.391234115424795,1.951608170169951,7.269800547470337,0.10593103448275862,1.4847816091954023,0,1952,0.03908045977011494,13.201986754966887
T00564,R0003,Zone_5,1.15,8.5,17.88,Wallet,2023-01-26,0,Kavya Reddy,34.0,Male,Pune,2023-05-04,45.0,9.0,3.76,2590.0,1.31,43.9,Business,-1.3651409071604026,-1.5950005686994126,0,3,1,1,0.0,0.0,0.0,1.0,0.0,0.0,0.0,0.0,0.0,1.0,0.0,0.0,0.0,0.0,Medium,1,Low,2.9381031607173544,0.7654678421395714,2.9154759474226504,1.5040000000000002,21.593555555555557,0,1192,0.2,15.547826086956523
T00565,R0139,Zone_9,15.88,90.14,211.49,UPI,2023-09-04,0,Diya Gupta,44.0,Other,Kolkata,2023-10-09,155.0,7.0,4.39,11037.0,1.83,56.1,Mixed,0.8992874845006551,1.7152668773503281,0,0,9,2,0.0,0.0,1.0,0.0,0.0,0.0,0.0,0.0,0.0,0.0,0.0,0.0,0.0,1.0,High,2,Low,5.358894928433641,2.826129489167811,9.494208761134336,0.38012903225806455,6.466,0,1034,0.04516129032258064,13.31801007556675
T00566,R0028,Zone_3,9.65,86.84,188.55,Wallet,2023-09-29,0,Reyansh Sharma,20.0,Female,Surat,2023-11-11,249.0,21.0,3.79,12971.0,2.11,38.0,Business,0.6309852929573223,0.3152012840787812,0,4,9,0,0.0,0.0,0.0,1.0,0.0,0.0,0.0,1.0,0.0,0.0,0.0,0.0,0.0,0.0,High,2,Medium,5.244652841962344,2.365559892155434,9.318798205777396,0.34088353413654615,6.022128514056225,0,1001,0.08433734939759036,19.538860103626945
T00567,R0177,Zone_10,7.1,55.19,140.55,Wallet,2024-02-06,0,Ishaan Reddy,34.0,Other,Bengaluru,2023-02-15,489.0,63.0,4.48,2440.0,1.54,35.4,Industrial,0.06958576400876201,-0.25785927175467716,0,1,2,2,0.0,0.0,0.0,1.0,0.0,1.0,0.0,0.0,0.0,0.0,0.0,0.0,0.0,0.0,Medium,1,High,4.952653011557909,2.0918640616783932,7.4289972405433025,0.23668711656441715,3.8175051124744375,0,1270,0.12883435582822086,19.795774647887328
T00568,R0067,Zone_7,7.18,67.45,151.87,UPI,2023-04-01,1,Saanvi Iyer,32.0,Male,Pune,2022-07-24,348.0,9.0,3.38,11070.0,0.64,45.2,Industrial,0.20198248625246407,-0.23988090137558826,0,5,4,1,0.0,0.0,1.0,0.0,0.0,0.0,0.0,0.0,0.0,0.0,0.0,1.0,0.0,0.0,Low,0,High,5.0295878870129425,2.1016921506146558,8.212794895770866,0.32491379310344826,5.3069252873563215,0,1476,0.02586206896551724,21.15181058495822
T00569,R0077,Zone_3,13.66,71.95,231.84,Cash,2023-09-16,0,Reyansh Das,28.0,Male,Mumbai,2019-09-07,406.0,72.0,3.79,12971.0,2.11,38.0,Business,1.137297493127805,1.2163670993306115,0,5,9,1,1.0,0.0,0.0,0.0,0.0,0.0,0.0,1.0,0.0,0.0,0.0,0.0,0.0,0.0,High,2,High,5.450351522403535,2.6851226964585053,8.482334584299302,0.3617241379310345,5.7729556650246305,0,2527,0.17733990147783252,16.972181551976576
T00570,R0167,Zone_9,7.53,47.67,122.72,Cash,2023-08-08,0,Kavya Nair,44.0,Male,Hyderabad,2022-08-25,117.0,5.0,4.75,11037.0,1.83,56.1,Mixed,-0.13895076934858877,-0.16122553096707426,0,1,8,1,1.0,0.0,0.0,0.0,0.0,0.0,0.0,0.0,0.0,0.0,0.0,0.0,0.0,1.0,High,2,Low,4.818020947816869,2.143589361503588,6.904346457123947,0.5496581196581197,9.192735042735043,0,1444,0.042735042735042736,16.297476759628154
T00571,R0167,Zone_10,9.65,81.83,191.62,Credit Card,2024-07-24,0,Kavya Nair,44.0,Male,Hyderabad,2022-08-25,117.0,5.0,4.75,2440.0,1.54,35.4,Industrial,0.6668914711629906,0.3152012840787812,0,2,7,1,0.0,1.0,0.0,0.0,0.0,1.0,0.0,0.0,0.0,0.0,0.0,0.0,0.0,0.0,Medium,1,Low,5.260719336132718,2.365559892155434,9.045993588324059,0.5496581196581197,9.192735042735043,0,1444,0.042735042735042736,19.85699481865285
T00572,R0086,Zone_3,15.59,152.65,354.96,Wallet,2024-04-19,1,Vivaan Patel,23.0,Male,Hyderabad,2019-11-08,337.0,17.0,4.56,12971.0,2.11,38.0,Business,2.577287284880862,1.6500952847261305,0,4,4,1,0.0,0.0,0.0,1.0,0.0,0.0,0.0,1.0,0.0,0.0,0.0,0.0,0.0,0.0,High,2,High,5.874818364988662,2.808800104202353,12.355160864998885,0.19192878338278935,3.352581602373887,0,2465,0.050445103857566766,22.76844130853111
T00573,R0170,Zone_1,6.27,60.88,114.19,UPI,2024-02-15,0,Saanvi Kumar,29.0,Other,Bengaluru,2020-05-20,28.0,3.0,3.68,4921.0,2.43,30.9,Residential,-0.23871614397215585,-0.44438486443772435,0,3,2,2,0.0,0.0,1.0,0.0,1.0,0.0,0.0,0.0,0.0,0.0,0.0,0.0,0.0,0.0,High,2,Low,4.746582938938415,1.9837562915454279,7.802563681252464,1.9110714285714285,33.70392857142857,0,2271,0.10714285714285714,18.212121212121215
T00574,R0236,Zone_6,2.54,22.73,20.65,Wallet,2023-11-05,0,Arjun Gupta,28.0,Male,Ahmedabad,2020-08-10,61.0,1.0,3.36,14627.0,0.54,37.6,Mixed,-1.3327434760106627,-1.2826263833627434,0,6,11,1,0.0,0.0,0.0,1.0,0.0,0.0,0.0,0.0,0.0,0.0,1.0,0.0,0.0,0.0,Low,0,Low,3.075005454448499,1.264126727145683,4.767598976424087,0.8198360655737704,12.599016393442623,0,2189,0.01639344262295082,8.129921259842519
T00575,R0141,Zone_8,3.88,25.14,92.56,UPI,2024-05-26,1,Arjun Das,25.0,Other,Jaipur,2019-07-08,53.0,0.0,4.29,4516.0,1.93,31.0,Business,-0.4916968067046008,-0.9814886795130047,0,6,5,2,0.0,0.0,1.0,0.0,0.0,0.0,0.0,0.0,0.0,0.0,0.0,0.0,1.0,0.0,High,2,Low,4.538602941715978,1.5851452198650557,5.01398045468867,0.5720754716981132,10.239622641509435,0,2588,0.0,23.855670103092784
T00576,R0049,Zone_10,15.14,80.45,148.79,Wallet,2023-08-31,0,Meera Iyer,39.0,Male,Mumbai,2020-05-19,375.0,55.0,4.4,2440.0,1.54,35.4,Industrial,0.165959349811598,1.5489669513437558,0,3,8,1,0.0,0.0,0.0,1.0,0.0,1.0,0.0,0.0,0.0,0.0,0.0,0.0,0.0,0.0,Medium,1,High,5.009234313180627,2.7813006628418027,8.969392398596462,0.15565333333333334,2.6144,0,2272,0.14666666666666667,9.827608982826948
T00577,R0055,Zone_6,8.46,68.07,69.76,Credit Card,2023-01-09,0,Kavya Singh,32.0,Male,Delhi,2021-11-07,425.0,12.0,4.19,14627.0,0.54,37.6,Mixed,-0.7583615829551669,0.04777302468983413,0,0,1,1,0.0,1.0,0.0,0.0,0.0,0.0,0.0,0.0,0.0,0.0,1.0,0.0,0.0,0.0,Low,0,High,4.259293869291585,2.247072383063787,8.250454532933322,0.16870588235294118,2.610729411764706,0,1735,0.02823529411764706,8.245862884160756
T00578,R0007,Zone_10,5.49,44.83,83.51,Credit Card,2024-02-09,0,Ishaan Ghosh,18.0,Female,Mumbai,2021-03-26,458.0,82.0,4.03,2440.0,1.54,35.4,Industrial,-0.5975440095584439,-0.6196739756338409,0,4,2,0,0.0,1.0,0.0,0.0,0.0,1.0,0.0,0.0,0.0,0.0,0.0,0.0,0.0,0.0,Medium,1,High,4.436869870556391,1.8702625307159986,6.695520890864279,0.08650655021834062,1.3033187772925765,0,1961,0.17903930131004367,15.211293260473589
T00579,R0249,Zone_1,12.87,127.32,191.9,Wallet,2024-05-23,0,Diya Nair,20.0,Male,Mumbai,2023-03-24,396.0,48.0,4.49,4921.0,2.43,30.9,Residential,0.6701663017485239,1.0388306918371084,0,3,5,1,0.0,0.0,0.0,1.0,1.0,0.0,0.0,0.0,0.0,0.0,0.0,0.0,0.0,0.0,High,2,High,5.262171919911683,2.6297282343267403,11.283616441549224,0.1634090909090909,2.728611111111111,0,1233,0.12121212121212122,14.910644910644912
T00580,R0284,Zone_3,12.99,102.01,116.95,UPI,2024-06-21,0,Vivaan Das,28.0,Female,Surat,2019-07-31,135.0,19.0,4.95,12971.0,2.11,38.0,Business,-0.20643567105761357,1.065798247405742,0,4,6,0,0.0,0.0,1.0,0.0,0.0,0.0,0.0,1.0,0.0,0.0,0.0,0.0,0.0,0.0,High,2,Low,4.770260805853684,2.63834278867739,10.1,0.45118518518518513,7.306148148148148,0,2565,0.14074074074074075,9.003079291762894
T00581,R0193,Zone_5,5.62,32.23,112.89,Wallet,2023-12-21,1,Kavya Singh,33.0,Female,Chennai,2022-01-03,389.0,68.0,4.41,2590.0,1.31,43.9,Business,-0.253920714547846,-0.5904591237678214,0,3,12,0,0.0,0.0,0.0,1.0,0.0,0.0,0.0,0.0,0.0,1.0,0.0,0.0,0.0,0.0,Medium,1,High,4.7352330702862595,1.890095369948917,5.677147170894902,0.14419023136246786,2.5851928020565555,0,1678,0.17480719794344474,20.087188612099645
T00582,R0177,Zone_5,3.14,17.29,38.14,Credit Card,2024-08-10,0,Ishaan Reddy,34.0,Other,Bengaluru,2023-02-15,489.0,63.0,4.48,2590.0,1.31,43.9,Business,-1.1281835226500312,-1.1477886055195767,0,5,8,2,0.0,1.0,0.0,0.0,0.0,0.0,0.0,0.0,0.0,1.0,0.0,0.0,0.0,0.0,Medium,1,High,3.66714496196793,1.420695787837223,4.158124577258358,0.23668711656441715,3.8175051124744375,0,1270,0.12883435582822086,12.146496815286623
T00583,R0147,Zone_5,0.15,1.49,3.27,Wallet,2023-02-10,1,Saanvi Nair,35.0,Other,Mumbai,2022-08-29,239.0,21.0,3.91,2590.0,1.31,43.9,Business,-1.542566549955187,-1.8197301984380236,0,4,2,2,0.0,0.0,0.0,1.0,0.0,0.0,0.0,0.0,0.0,1.0,0.0,0.0,0.0,0.0,Medium,1,Medium,1.451613827240533,0.1397619423751587,1.2206555615733703,0.26589958158995813,4.27531380753138,0,1440,0.08786610878661087,21.8
T00584,R0104,Zone_5,0.97,6.57,11.09,Cash,2024-03-04,0,Diya Gupta,52.0,Male,Kolkata,2021-05-27,328.0,1.0,3.7,2590.0,1.31,43.9,Business,-1.4445555488595843,-1.6354519020523628,0,0,3,1,1.0,0.0,0.0,0.0,0.0,0.0,0.0,0.0,0.0,1.0,0.0,0.0,0.0,0.0,Medium,1,Medium,2.492378664626701,0.6780335427498971,2.563201123595259,0.14234756097560977,2.3335060975609756,0,1899,0.003048780487804878,11.43298969072165
T00585,R0088,Zone_9,6.68,60.36,76.64,Wallet,2023-08-03,0,Diya Iyer,22.0,Other,Jaipur,2019-07-07,438.0,0.0,4.78,11037.0,1.83,56.1,Mixed,-0.6778943171392067,-0.35224571624489376,0,3,8,2,0.0,0.0,0.0,1.0,0.0,0.0,0.0,0.0,0.0,0.0,0.0,0.0,0.0,1.0,High,2,High,4.35208275830081,2.038619547159581,7.769169839822013,0.1421232876712329,2.0405479452054793,0,2589,0.0,11.47305389221557
T00586,R0040,Zone_3,3.5300000000000002,33.61,32.14,UPI,2024-06-26,0,Aarav Gupta,34.0,Other,Surat,2023-05-05,485.0,36.0,4.41,12971.0,2.11,38.0,Business,-1.1983584637686011,-1.0601440499215184,0,2,6,2,0.0,0.0,1.0,0.0,0.0,0.0,0.0,1.0,0.0,0.0,0.0,0.0,0.0,0.0,High,2,High,3.500741011998417,1.5107219394949427,5.797413216254298,0.1658762886597938,2.352061855670103,0,1191,0.07422680412371134,9.104815864022662
T00587,R0176,Zone_9,17.29,129.09,379.63,Wallet,2024-02-04,1,Kavya Gupta,43.0,Male,Mumbai,2019-05-24,260.0,13.0,3.95,11037.0,1.83,56.1,Mixed,2.8658232511133828,2.032135655281769,0,6,2,1,0.0,0.0,0.0,1.0,0.0,0.0,0.0,0.0,0.0,0.0,0.0,0.0,0.0,1.0,High,2,Medium,5.94182777466688,2.906354462402774,11.361778029868388,0.3502307692307692,6.3002692307692305,0,2633,0.05,21.95662232504338
T00588,R0103,Zone_7,8.29,74.64,139.36,Cash,2023-06-22,0,Ishaan Gupta,37.0,Other,Surat,2022-11-24,175.0,14.0,3.07,11070.0,0.64,45.2,Industrial,0.05566773402024565,0.009568987634269872,0,3,6,2,1.0,0.0,0.0,0.0,0.0,0.0,0.0,0.0,0.0,0.0,0.0,1.0,0.0,0.0,Low,0,Medium,4.944210550715014,2.2289385528257473,8.63944442658207,0.40817142857142863,7.065371428571429,0,1353,0.08,16.810615199034984
T00589,R0149,Zone_6,1.71,13.77,28.65,Credit Card,2023-10-05,0,Diya Reddy,30.0,Male,Jaipur,2019-09-14,89.0,8.0,4.57,14627.0,0.54,37.6,Mixed,-1.2391768878525693,-1.4691519760457905,0,3,10,1,0.0,1.0,0.0,0.0,0.0,0.0,0.0,0.0,0.0,0.0,1.0,0.0,0.0,0.0,Low,0,Low,3.3894621254437345,0.9969486348916096,3.7107950630558943,0.4766292134831461,7.428314606741573,0,2520,0.0898876404494382,16.75438596491228
T00590,R0067,Zone_6,15.09,133.2,145.23,Credit Card,2024-06-17,0,Saanvi Iyer,32.0,Male,Pune,2022-07-24,348.0,9.0,3.38,14627.0,0.54,37.6,Mixed,0.1243222180812464,1.537730469856825,0,0,6,1,0.0,1.0,0.0,0.0,0.0,0.0,0.0,0.0,0.0,0.0,1.0,0.0,0.0,0.0,Low,0,High,4.985180724623787,2.7781979610042917,11.541230437002806,0.32491379310344826,5.3069252873563215,0,1476,0.02586206896551724,9.624254473161033
T00591,R0028,Zone_4,8.81,61.37,116.5,Cash,2023-08-24,0,Reyansh Sharma,20.0,Female,Surat,2023-11-11,249.0,21.0,3.79,4038.0,2.46,48.2,Business,-0.21169879164150637,0.1264283950983479,0,3,8,0,1.0,0.0,0.0,0.0,0.0,0.0,0.0,0.0,1.0,0.0,0.0,0.0,0.0,0.0,High,2,Medium,4.7664383335842135,2.2834022735772717,7.8339006886735545,0.34088353413654615,6.022128514056225,0,1001,0.08433734939759036,13.223609534619749
T00592,R0098,Zone_5,11.52,78.71,114.56,Credit Card,2023-02-05,0,Diya Singh,21.0,Other,Bengaluru,2023-04-29,286.0,56.0,3.5,2590.0,1.31,43.9,Business,-0.234388689269844,0.7354456916899836,0,6,2,2,0.0,1.0,0.0,0.0,0.0,0.0,0.0,0.0,0.0,1.0,0.0,0.0,0.0,0.0,Medium,1,Medium,4.749789875598035,2.5273273656719524,8.871865643707642,0.24779720279720283,3.7473776223776225,0,1197,0.1958041958041958,9.944444444444445
T00593,R0154,Zone_4,11.41,58.38,228.63,Wallet,2023-08-24,1,Kavya Patel,18.0,Other,Kolkata,2019-03-25,466.0,79.0,4.68,4038.0,2.46,48.2,Business,1.09975389962937,0.7107254324187365,0,3,8,2,0.0,0.0,0.0,1.0,0.0,0.0,0.0,0.0,1.0,0.0,0.0,0.0,0.0,0.0,High,2,High,5.436469317930779,2.5185025992165158,7.6406805979572265,0.2974678111587983,4.419570815450644,0,2693,0.16952789699570817,20.03768624014023
T00594,R0187,Zone_9,9.48,82.32,229.76,Cash,2024-07-23,1,Saanvi Reddy,27.0,Other,Surat,2022-08-05,357.0,38.0,4.71,11037.0,1.83,56.1,Mixed,1.1129701802067007,0.2769972470232173,0,1,7,2,1.0,0.0,0.0,0.0,0.0,0.0,0.0,0.0,0.0,0.0,0.0,0.0,0.0,1.0,High,2,High,5.441378209388689,2.349468678892896,9.073036977771004,0.21170868347338936,3.818879551820728,0,1464,0.10644257703081232,24.236286919831223
T00595,R0175,Zone_2,10.62,80.66,135.0,Cash,2024-01-16,0,Diya Patel,35.0,Male,Chennai,2022-08-18,98.0,8.0,3.48,6371.0,0.91,58.4,Residential,0.004673943474084596,0.5331890249252336,0,1,1,1,1.0,0.0,0.0,0.0,0.0,0.0,1.0,0.0,0.0,0.0,0.0,0.0,0.0,0.0,Low,0,Low,4.912654885736052,2.4527277514237653,8.981091247727083,0.7169387755102041,12.928877551020408,0,1451,0.08163265306122448,12.711864406779663
T00596,R0290,Zone_10,9.19,58.17,176.65,UPI,2023-09-09,0,Saanvi Kumar,34.0,Other,Chennai,2020-05-06,169.0,4.0,4.28,2440.0,1.54,35.4,Industrial,0.49180499307215836,0.2118256543990199,0,5,9,2,0.0,0.0,1.0,0.0,0.0,1.0,0.0,0.0,0.0,0.0,0.0,0.0,0.0,0.0,Medium,1,Low,5.179815322467036,2.321406847234633,7.626925986267338,0.40366863905325445,6.376745562130178,0,2285,0.023668639053254437,19.22198041349293
T00597,R0019,Zone_5,2.47,20.08,56.95,Cash,2023-07-11,1,Kavya Patel,40.0,Other,Mumbai,2023-04-02,266.0,24.0,4.08,2590.0,1.31,43.9,Business,-0.908185082243314,-1.298357457444446,0,1,7,2,1.0,0.0,0.0,0.0,0.0,0.0,0.0,0.0,0.0,1.0,0.0,0.0,0.0,0.0,Medium,1,Medium,4.059580569785761,1.244154593958768,4.481071300481616,0.14567669172932332,2.3796616541353384,0,1224,0.09022556390977443,23.05668016194332
T00598,R0077,Zone_8,9.83,57.3,109.08,Credit Card,2023-10-08,0,Reyansh Das,28.0,Male,Mumbai,2019-09-07,406.0,72.0,3.79,4516.0,1.93,31.0,Business,-0.298481802158138,0.3556526174317311,0,6,10,1,0.0,1.0,0.0,0.0,0.0,0.0,0.0,0.0,0.0,0.0,0.0,0.0,1.0,0.0,High,2,High,4.701207374185033,2.382320061012899,7.569676347110224,0.3617241379310345,5.7729556650246305,0,2527,0.17733990147783252,11.096642929806714
T00599,R0077,Zone_8,13.12,118.75,124.69,UPI,2023-08-18,0,Reyansh Das,28.0,Male,Mumbai,2019-09-07,406.0,72.0,3.79,4516.0,1.93,31.0,Business,-0.11590999701465829,1.0950130992717613,0,4,8,1,0.0,0.0,1.0,0.0,0.0,0.0,0.0,0.0,0.0,0.0,0.0,0.0,1.0,0.0,High,2,High,4.8338185579367465,2.647592232065096,10.897247358851684,0.3617241379310345,5.7729556650246305,0,2527,0.17733990147783252,9.503810975609756
T00600,R0058,Zone_9,6.95,59.97,83.74,Wallet,2023-09-10,0,Vivaan Reddy,46.0,Male,Kolkata,2021-05-31,480.0,25.0,4.32,11037.0,1.83,56.1,Mixed,-0.5948539701488988,-0.2915687162154687,0,6,9,1,0.0,0.0,0.0,1.0,0.0,0.0,0.0,0.0,0.0,0.0,0.0,0.0,0.0,1.0,High,2,High,4.439587745198413,2.0731719286662407,7.744029958619737,0.15858333333333335,2.1738958333333334,0,1895,0.052083333333333336,12.048920863309352
T00601,R0070,Zone_3,10.76,96.0,254.15,Wallet,2024-05-04,1,Meera Reddy,33.0,Male,Bengaluru,2023-01-03,310.0,6.0,3.54,12971.0,2.11,38.0,Business,1.398231315853688,0.5646511730886393,0,5,5,1,0.0,0.0,0.0,1.0,0.0,0.0,0.0,1.0,0.0,0.0,0.0,0.0,0.0,0.0,High,2,Medium,5.54185160750998,2.464703942470481,9.797958971132712,0.2897096774193548,5.337709677419355,0,1313,0.01935483870967742,23.619888475836433
T00602,R0268,Zone_10,10.1,100.47,211.34,UPI,2023-07-25,1,Ishaan Kumar,34.0,Male,Chennai,2022-10-16,10.0,0.0,4.6,2440.0,1.54,35.4,Industrial,0.8975331109726907,0.416329617461156,0,1,7,1,0.0,0.0,1.0,0.0,0.0,1.0,0.0,0.0,0.0,0.0,0.0,0.0,0.0,0.0,Medium,1,Low,5.358188763585427,2.4069451083182885,10.023472452199387,4.252,72.60799999999999,0,1392,0.0,20.924752475247526
T00603,R0021,Zone_10,17.08,144.62,379.63,Wallet,2023-04-09,1,Diya Ghosh,37.0,Female,Pune,2019-05-08,380.0,17.0,3.91,2440.0,1.54,35.4,Industrial,2.9962316833587255,1.9849424330366607,0,6,4,0,0.0,0.0,0.0,1.0,0.0,1.0,0.0,0.0,0.0,0.0,0.0,0.0,0.0,0.0,Medium,1,High,5.94182777466688,2.89480635496403,12.025805586321441,0.09136842105263157,1.7853684210526317,0,2649,0.04473684210526316,22.22658079625293
T00604,R0290,Zone_6,6.74,55.38,55.87,Credit Card,2023-06-02,0,Saanvi Kumar,34.0,Other,Chennai,2020-05-06,169.0,4.0,4.28,14627.0,0.54,37.6,Mixed,-0.9208165716446566,-0.338761938460577,0,4,6,2,0.0,1.0,0.0,0.0,0.0,0.0,0.0,0.0,0.0,0.0,1.0,0.0,0.0,0.0,Low,0,Low,4.040767961318708,2.046401687601636,7.441773982055623,0.40366863905325445,6.376745562130178,0,2285,0.023668639053254437,8.289317507418398
T00605,R0134,Zone_2,6.54,58.19,156.44,Wallet,2023-07-10,1,Aadhya Singh,34.0,Male,Jaipur,2022-07-30,410.0,29.0,4.59,6371.0,0.91,58.4,Residential,0.2554323997377749,-0.38370786440829924,0,0,7,1,0.0,0.0,0.0,1.0,0.0,0.0,1.0,0.0,0.0,0.0,0.0,0.0,0.0,0.0,Low,0,High,5.059044433303943,2.020222182019865,7.62823701781742,0.13614634146341464,2.644878048780488,0,1470,0.07073170731707316,23.920489296636084
T00606,R0190,Zone_1,7.42,41.81,83.65,Wallet,2024-06-01,0,Saanvi Iyer,35.0,Other,Surat,2020-09-25,274.0,47.0,4.12,4921.0,2.43,30.9,Residential,-0.5959065942656773,-0.18594579023832156,0,5,6,2,0.0,0.0,0.0,1.0,1.0,0.0,0.0,0.0,0.0,0.0,0.0,0.0,0.0,0.0,High,2,Medium,4.438525108579144,2.130609828254235,6.466065264130885,0.25543795620437953,4.08,0,2143,0.17153284671532848,11.273584905660378
T00607,R0232,Zone_7,7.49,65.67,161.66,UPI,2024-06-28,1,Meera Das,38.0,Male,Jaipur,2022-12-08,172.0,15.0,3.94,11070.0,0.64,45.2,Industrial,0.31648459851093075,-0.17021471615661873,0,4,6,1,0.0,0.0,1.0,0.0,0.0,0.0,0.0,0.0,0.0,0.0,0.0,1.0,0.0,0.0,Low,0,Medium,5.091662132738629,2.138889000323256,8.103702857336268,0.541860465116279,8.667674418604651,0,1339,0.0872093023255814,21.583444592790386
T00608,R0180,Zone_10,3.36,18.11,60.68,Cash,2023-09-26,0,Diya Kumar,33.0,Male,Hyderabad,2019-12-03,44.0,4.0,4.53,2440.0,1.54,35.4,Industrial,-0.8645596605146029,-1.0983480869770825,0,1,9,1,1.0,0.0,0.0,0.0,0.0,1.0,0.0,0.0,0.0,0.0,0.0,0.0,0.0,0.0,Medium,1,Low,4.1219597292550745,1.4724720573609429,4.255584566190643,0.12840909090909092,1.929318181818182,0,2440,0.09090909090909091,18.05952380952381
T00609,R0088,Zone_9,4.79,26.77,39.37,UPI,2024-02-17,0,Diya Iyer,22.0,Other,Jaipur,2019-07-07,438.0,0.0,4.78,11037.0,1.83,56.1,Mixed,-1.1137976597207242,-0.7769847164508685,0,5,2,2,0.0,0.0,1.0,0.0,0.0,0.0,0.0,0.0,0.0,0.0,0.0,0.0,0.0,1.0,High,2,High,3.6980869348648495,1.7561322915849038,5.173973328110612,0.1421232876712329,2.0405479452054793,0,2589,0.0,8.21920668058455
T00610,R0157,Zone_6,9.5,80.41,84.66,Wallet,2023-09-18,0,Kavya Nair,36.0,Female,Hyderabad,2021-11-23,319.0,27.0,4.65,14627.0,0.54,37.6,Mixed,-0.5840938125107181,0.2814918396179894,0,0,9,0,0.0,0.0,0.0,1.0,0.0,0.0,0.0,0.0,0.0,0.0,1.0,0.0,0.0,0.0,Low,0,Medium,4.450385972187225,2.3513752571634776,8.967162315916893,0.3570532915360502,5.880658307210031,0,1719,0.08463949843260188,8.91157894736842
T00611,R0099,Zone_4,7.96,61.42,151.42,UPI,2024-01-28,0,Diya Gupta,35.0,Other,Mumbai,2021-08-21,80.0,8.0,3.7,4038.0,2.46,48.2,Business,0.19671936566857112,-0.06459179017947159,0,6,1,2,0.0,0.0,1.0,0.0,0.0,0.0,0.0,0.0,1.0,0.0,0.0,0.0,0.0,0.0,High,2,Low,5.026639868237972,2.192770226986839,7.8370912971586595,0.867125,16.033250000000002,0,1813,0.1,19.02261306532663
T00612,R0247,Zone_8,4.0,39.7,87.48,Credit Card,2024-03-07,1,Aadhya Das,37.0,Male,Bengaluru,2021-05-11,249.0,47.0,4.92,4516.0,1.93,31.0,Business,-0.5511115901849901,-0.9545211239443713,0,3,3,1,0.0,1.0,0.0,0.0,0.0,0.0,0.0,0.0,0.0,0.0,0.0,0.0,1.0,0.0,High,2,Medium,4.482776537774025,1.6094379124341003,6.300793600809346,0.5360642570281124,9.507791164658634,0,1915,0.18875502008032127,21.87
T00613,R0148,Zone_3,4.68,38.57,101.07,Cash,2024-08-01,1,Aarav Kumar,44.0,Male,Ahmedabad,2019-09-30,412.0,34.0,3.36,12971.0,2.11,38.0,Business,-0.39216534855142904,-0.8017049757221159,0,3,8,1,1.0,0.0,0.0,0.0,0.0,0.0,0.0,1.0,0.0,0.0,0.0,0.0,0.0,0.0,High,2,High,4.625658852415407,1.7369512327330598,6.210475022089695,0.056286407766990294,0.9918203883495146,0,2504,0.0825242718446602,21.596153846153847
T00614,R0252,Zone_5,6.22,32.14,82.7,UPI,2024-02-10,0,Reyansh Gupta,38.0,Other,Ahmedabad,2020-09-23,392.0,47.0,4.83,2590.0,1.31,43.9,Business,-0.6070176266094509,-0.45562134592465486,0,5,2,2,0.0,0.0,1.0,0.0,0.0,0.0,0.0,0.0,0.0,1.0,0.0,0.0,0.0,0.0,Medium,1,High,4.4272389774954295,1.9768549529047348,5.669215113223347,0.25614795918367345,4.290943877551021,0,2145,0.11989795918367346,13.29581993569132
T00615,R0249,Zone_1,3.99,20.79,81.77,Wallet,2023-11-30,1,Diya Nair,20.0,Male,Mumbai,2023-03-24,396.0,48.0,4.49,4921.0,2.43,30.9,Residential,-0.6178947424828293,-0.9567684202417573,0,3,11,1,0.0,0.0,0.0,1.0,1.0,0.0,0.0,0.0,0.0,0.0,0.0,0.0,0.0,0.0,High,2,High,4.416065676897304,1.6074359097634274,4.559605246071199,0.1634090909090909,2.728611111111111,0,1233,0.12121212121212122,20.493734335839598
T00616,R0182,Zone_4,5.43,34.75,111.09,Credit Card,2024-01-15,1,Meera Patel,43.0,Male,Jaipur,2020-09-30,8.0,0.0,4.4,4038.0,2.46,48.2,Business,-0.274973196883417,-0.6331577534181576,0,0,1,1,0.0,1.0,0.0,0.0,0.0,0.0,0.0,0.0,1.0,0.0,0.0,0.0,0.0,0.0,High,2,Low,4.719302120033004,1.860974538249528,5.894913061275798,6.19125,104.47625,0,2138,0.0,20.458563535911605
T00617,R0215,Zone_7,5.3,47.72,89.41,Cash,2024-05-26,0,Saanvi Gupta,26.0,Female,Hyderabad,2020-02-28,438.0,48.0,3.24,11070.0,0.64,45.2,Industrial,-0.5285386507918501,-0.662372605284177,0,6,5,0,1.0,0.0,0.0,0.0,0.0,0.0,0.0,0.0,0.0,0.0,0.0,1.0,0.0,0.0,Low,0,High,4.504354880749275,1.840549633397487,6.907966415668217,0.04143835616438356,0.8495433789954339,0,2353,0.1095890410958904,16.869811320754717
T00618,R0282,Zone_2,12.48,112.31,131.55,Wallet,2024-03-17,0,Reyansh Kumar,22.0,Other,Bengaluru,2022-05-02,319.0,3.0,4.47,6371.0,0.91,58.4,Residential,-0.035676647669093044,0.9511861362390505,0,6,3,2,0.0,0.0,0.0,1.0,0.0,0.0,1.0,0.0,0.0,0.0,0.0,0.0,0.0,0.0,Low,0,Medium,4.886959932735035,2.601207105484161,10.59764124699454,0.29112852664576805,4.387931034482759,0,1559,0.009404388714733543,10.540865384615385
T00619,R0026,Zone_8,13.08,87.75,177.87,Credit Card,2024-07-08,0,Aarav Kumar,26.0,Female,Surat,2020-04-17,44.0,5.0,3.17,4516.0,1.93,31.0,Business,0.5060738977662675,1.086023914082217,0,0,7,0,0.0,1.0,0.0,0.0,0.0,0.0,0.0,0.0,0.0,0.0,0.0,0.0,1.0,0.0,High,2,Low,5.186659285005154,2.644755350729896,9.367496997597597,1.8020454545454547,22.11795454545455,0,2304,0.11363636363636363,13.59862385321101
T00620,R0120,Zone_9,12.67,91.94,164.83,Credit Card,2024-07-20,0,Ishaan Gupta,18.0,Other,Surat,2020-07-12,311.0,15.0,4.55,11037.0,1.83,56.1,Mixed,0.35356035906857547,0.9938847658893865,0,5,7,2,0.0,1.0,0.0,0.0,0.0,0.0,0.0,0.0,0.0,0.0,0.0,0.0,0.0,1.0,High,2,Medium,5.110963167226007,2.6152036507358583,9.588534820294496,0.21929260450160773,3.260289389067524,0,2218,0.04823151125401929,13.009471191791635
T00621,R0261,Zone_4,10.13,63.13,190.94,Credit Card,2023-12-11,0,Aarav Kumar,31.0,Male,Pune,2022-08-26,477.0,83.0,4.24,4038.0,2.46,48.2,Business,0.6589383111695526,0.42307150635331453,0,0,12,1,0.0,1.0,0.0,0.0,0.0,0.0,0.0,0.0,1.0,0.0,0.0,0.0,0.0,0.0,High,2,High,5.257182823189481,2.4096441652874536,7.945438943192503,0.10308176100628931,1.3621174004192873,0,1443,0.1740041928721174,18.848963474827244
T00622,R0117,Zone_3,4.46,30.63,101.5,Cash,2023-07-24,1,Aadhya Gupta,21.0,Female,Ahmedabad,2021-06-12,369.0,37.0,3.16,12971.0,2.11,38.0,Business,-0.3871361444379315,-0.8511454942646103,0,0,7,0,1.0,0.0,0.0,0.0,0.0,0.0,0.0,1.0,0.0,0.0,0.0,0.0,0.0,0.0,High,2,High,4.629862798578463,1.6974487897568136,5.534437640808685,0.07910569105691057,1.3319241192411924,0,1883,0.1002710027100271,22.757847533632287
T00623,R0236,Zone_3,12.8,93.31,160.15,Wallet,2023-06-23,0,Arjun Gupta,28.0,Male,Ahmedabad,2020-08-10,61.0,1.0,3.36,12971.0,2.11,38.0,Business,0.29882390499609074,1.023099617755406,0,4,6,1,0.0,0.0,0.0,1.0,0.0,0.0,0.0,1.0,0.0,0.0,0.0,0.0,0.0,0.0,High,2,Low,5.082335608261447,2.624668592163159,9.659710140578753,0.8198360655737704,12.599016393442623,0,2189,0.01639344262295082,12.51171875
T00624,R0199,Zone_7,6.43,46.45,157.91,UPI,2023-01-31,1,Aarav Das,29.0,Male,Ahmedabad,2021-08-03,344.0,27.0,3.91,11070.0,0.64,45.2,Industrial,0.2726252603118245,-0.40842812367954656,0,1,1,1,0.0,0.0,1.0,0.0,0.0,0.0,0.0,0.0,0.0,0.0,0.0,1.0,0.0,0.0,Low,0,High,5.068338004224545,2.005525858729668,6.815423684555495,0.24752906976744188,4.652616279069767,0,1831,0.07848837209302326,24.55832037325039
T00625,R0099,Zone_2,8.12,45.04,125.93,Cash,2023-06-06,0,Diya Gupta,35.0,Other,Mumbai,2021-08-21,80.0,8.0,3.7,6371.0,0.91,58.4,Residential,-0.1014071758501537,-0.02863504942129399,0,1,6,2,1.0,0.0,0.0,0.0,0.0,0.0,1.0,0.0,0.0,0.0,0.0,0.0,0.0,0.0,Low,0,Low,4.843635753400086,2.21046980408624,6.711184694225007,0.867125,16.033250000000002,0,1813,0.1,15.508620689655174
T00626,R0254,Zone_6,14.69,127.86,246.29,Wallet,2024-04-17,0,Meera Kumar,18.0,Male,Delhi,2020-03-09,363.0,70.0,3.68,14627.0,0.54,37.6,Mixed,1.3063021429883612,1.4478386179613807,0,2,4,1,0.0,0.0,0.0,1.0,0.0,0.0,0.0,0.0,0.0,0.0,1.0,0.0,0.0,0.0,Low,0,High,5.510561736993246,2.753023566744941,11.30751962191532,0.2269146005509642,3.346005509641873,0,2343,0.1928374655647383,16.76582709326072
T00627,R0215,Zone_1,8.42,65.2,194.46,Wallet,2023-06-11,1,Saanvi Gupta,26.0,Female,Hyderabad,2020-02-28,438.0,48.0,3.24,4921.0,2.43,30.9,Residential,0.7001076099591138,0.038783839500289484,0,6,6,0,0.0,0.0,0.0,1.0,1.0,0.0,0.0,0.0,0.0,0.0,0.0,0.0,0.0,0.0,High,2,High,5.27535575491069,2.2428350885882717,8.07465169527454,0.04143835616438356,0.8495433789954339,0,2353,0.1095890410958904,23.095011876484563
T00628,R0011,Zone_9,9.24,53.33,173.78,Wallet,2023-01-17,0,Vivaan Nair,26.0,Male,Chennai,2020-04-14,208.0,34.0,4.0,11037.0,1.83,56.1,Mixed,0.4582379795704423,0.2230621358859506,0,1,1,1,0.0,0.0,0.0,1.0,0.0,0.0,0.0,0.0,0.0,0.0,0.0,0.0,0.0,1.0,High,2,Medium,5.163528040199398,2.3263016196113617,7.302739212103908,0.4276923076923077,7.8547115384615385,0,2307,0.16346153846153846,18.807359307359306
T00629,R0202,Zone_2,0.9400000000000001,9.32,8.98,Credit Card,2023-07-30,0,Aadhya Reddy,27.0,Male,Ahmedabad,2021-10-28,317.0,0.0,4.72,6371.0,0.91,58.4,Residential,-1.4692337364862815,-1.642193790944521,0,6,7,1,0.0,1.0,0.0,0.0,0.0,0.0,1.0,0.0,0.0,0.0,0.0,0.0,0.0,0.0,Low,0,Medium,2.300583090323373,0.6626879730752369,3.0528675044947495,0.23249211356466878,2.86794952681388,0,1745,0.0,9.553191489361701
T00630,R0014,Zone_9,10.44,104.32,248.28,Wallet,2024-04-02,1,Aarav Das,26.0,Female,Ahmedabad,2021-06-08,325.0,53.0,3.0,11037.0,1.83,56.1,Mixed,1.329576831792687,0.4927376915722837,0,1,4,0,0.0,0.0,0.0,1.0,0.0,0.0,0.0,0.0,0.0,0.0,0.0,0.0,0.0,1.0,High,2,Medium,5.518576762682383,2.437115985951652,10.213716267842964,0.1298153846153846,2.710769230769231,0,1887,0.16307692307692306,23.7816091954023
T00631,R0223,Zone_1,3.1,23.61,60.84,UPI,2023-01-12,0,Meera Ghosh,30.0,Female,Surat,2019-11-29,158.0,10.0,4.04,4921.0,2.43,30.9,Residential,-0.8626883287514411,-1.1567777907091212,0,3,1,0,0.0,0.0,1.0,0.0,1.0,0.0,0.0,0.0,0.0,0.0,0.0,0.0,0.0,0.0,High,2,Low,4.124550404279167,1.410986973710262,4.859012245302536,0.3569620253164557,6.248164556962026,0,2444,0.06329113924050633,19.625806451612902
T00632,R0296,Zone_1,13.06,98.26,211.91,Cash,2024-08-04,0,Reyansh Patel,37.0,Other,Hyderabad,2021-02-20,390.0,58.0,3.97,4921.0,2.43,30.9,Residential,0.9041997303789548,1.0815293214874449,0,6,8,2,1.0,0.0,0.0,0.0,1.0,0.0,0.0,0.0,0.0,0.0,0.0,0.0,0.0,0.0,High,2,High,5.360869541205001,2.643333886382519,9.912618221237011,0.20374358974358978,3.349897435897436,0,1995,0.14871794871794872,16.225880551301685
T00633,R0073,Zone_5,7.08,40.86,147.7,Wallet,2023-10-16,1,Meera Das,41.0,Other,Ahmedabad,2021-06-19,490.0,30.0,3.01,2590.0,1.31,43.9,Business,0.15321090217505773,-0.2623538643494493,0,0,10,2,0.0,0.0,0.0,1.0,0.0,0.0,0.0,0.0,0.0,1.0,0.0,0.0,0.0,0.0,Medium,1,High,5.001930853466109,2.089391872533004,6.3921827257987545,0.16042857142857142,2.6034693877551023,0,1876,0.061224489795918366,20.86158192090395
T00634,R0154,Zone_2,3.18,26.38,41.28,Credit Card,2024-03-16,0,Kavya Patel,18.0,Other,Kolkata,2019-03-25,466.0,79.0,4.68,6371.0,0.91,58.4,Residential,-1.0914586367979795,-1.1387994203300325,0,5,3,2,0.0,1.0,0.0,0.0,0.0,0.0,1.0,0.0,0.0,0.0,0.0,0.0,0.0,0.0,Low,0,High,3.7443141610020367,1.430311246536665,5.136146415358503,0.2974678111587983,4.419570815450644,0,2693,0.16952789699570817,12.981132075471697
T00635,R0275,Zone_10,6.21,54.65,58.18,Credit Card,2024-07-02,0,Ishaan Das,21.0,Other,Jaipur,2022-10-04,247.0,17.0,3.07,2440.0,1.54,35.4,Industrial,-0.8937992193140071,-0.45786864222204093,0,1,7,2,0.0,1.0,0.0,0.0,0.0,1.0,0.0,0.0,0.0,0.0,0.0,0.0,0.0,0.0,Medium,1,Medium,4.080583646972063,1.9754689512968577,7.392563831310488,0.13704453441295547,1.3201214574898787,0,1404,0.06882591093117409,9.368760064412239
T00636,R0156,Zone_10,6.86,62.33,169.38,Wallet,2023-02-15,1,Ishaan Iyer,33.0,Female,Jaipur,2022-07-07,255.0,18.0,4.28,2440.0,1.54,35.4,Industrial,0.4067763560834909,-0.31179438289194367,0,2,2,0,0.0,0.0,0.0,1.0,0.0,1.0,0.0,0.0,0.0,0.0,0.0,0.0,0.0,0.0,Medium,1,Medium,5.138031236614695,2.061786606441115,7.894935085230276,0.09482352941176471,1.8989411764705884,0,1493,0.07058823529411765,24.69096209912536
T00637,R0097,Zone_9,10.43,91.42,172.22,Cash,2023-06-23,0,Aarav Iyer,23.0,Other,Bengaluru,2021-01-25,478.0,5.0,3.28,11037.0,1.83,56.1,Mixed,0.43999249487961406,0.49049039527489763,0,4,6,2,1.0,0.0,0.0,0.0,0.0,0.0,0.0,0.0,0.0,0.0,0.0,0.0,0.0,1.0,High,2,High,5.1545624629028985,2.4362414778067194,9.561380653441217,0.1452510460251046,2.3370292887029285,0,2021,0.010460251046025104,16.511984659635665
T00638,R0074,Zone_10,11.35,102.24,272.71,Cash,2024-07-10,1,Vivaan Ghosh,23.0,Male,Kolkata,2023-09-11,199.0,22.0,4.89,2440.0,1.54,35.4,Industrial,1.6153058003804643,0.6972416546344198,0,2,7,1,1.0,0.0,0.0,0.0,0.0,1.0,0.0,0.0,0.0,0.0,0.0,0.0,0.0,0.0,Medium,1,Medium,5.612069151732869,2.513656063073986,10.11137972781163,0.2321105527638191,4.106884422110553,0,1062,0.11055276381909548,24.027312775330394
T00639,R0291,Zone_2,6.36,52.12,77.79,Wallet,2023-09-19,0,Arjun Ghosh,23.0,Other,Pune,2021-04-19,499.0,94.0,3.46,6371.0,0.91,58.4,Residential,-0.6644441200914807,-0.42415919776124916,0,1,9,2,0.0,0.0,0.0,1.0,0.0,0.0,1.0,0.0,0.0,0.0,0.0,0.0,0.0,0.0,Low,0,High,4.366786085257597,1.9960599327407849,7.219418259112018,0.09308617234468938,1.59436873747495,0,1937,0.18837675350701402,12.231132075471699
T00640,R0105,Zone_2,13.06,111.2,238.26,Cash,2023-12-14,0,Diya Das,31.0,Female,Jaipur,2020-09-28,346.0,9.0,3.69,6371.0,0.91,58.4,Residential,1.212384680124675,1.0815293214874449,0,3,12,0,1.0,0.0,0.0,0.0,0.0,0.0,1.0,0.0,0.0,0.0,0.0,0.0,0.0,0.0,Low,0,High,5.477550826742758,2.643333886382519,10.545141061171254,0.27514450867052026,3.7604624277456646,0,2140,0.02601156069364162,18.243491577335373
T00641,R0298,Zone_2,7.84,51.89,109.17,Cash,2024-08-07,0,Vivaan Singh,35.0,Female,Ahmedabad,2020-03-25,65.0,11.0,3.88,6371.0,0.91,58.4,Residential,-0.29742917804135943,-0.09155934574810494,0,2,8,0,1.0,0.0,0.0,0.0,0.0,0.0,1.0,0.0,0.0,0.0,0.0,0.0,0.0,0.0,Low,0,Low,4.702024627351974,2.179286876649552,7.2034713853808015,0.9721538461538463,15.421692307692307,0,2327,0.16923076923076924,13.924744897959185
T00642,R0064,Zone_6,4.43,26.39,92.16,Cash,2024-06-01,1,Ishaan Nair,21.0,Female,Bengaluru,2023-09-30,214.0,2.0,4.21,14627.0,0.54,37.6,Mixed,-0.49637513611250556,-0.8578873831567686,0,5,6,0,1.0,0.0,0.0,0.0,0.0,0.0,0.0,0.0,0.0,0.0,1.0,0.0,0.0,0.0,Low,0,Medium,4.53431844501614,1.691939133945844,5.137119815616529,0.26429906542056075,5.103691588785047,0,1043,0.009345794392523364,20.803611738148984
T00643,R0216,Zone_2,2.44,13.98,20.76,Cash,2023-01-13,0,Ishaan Ghosh,44.0,Female,Chennai,2019-08-01,335.0,24.0,3.4,6371.0,0.91,58.4,Residential,-1.3314569354234889,-1.3050993463366047,0,4,1,0,1.0,0.0,0.0,0.0,0.0,0.0,1.0,0.0,0.0,0.0,0.0,0.0,0.0,0.0,Low,0,High,3.080073421987742,1.235471471385307,3.7389838191679834,0.0884776119402985,1.4891940298507462,0,2564,0.07164179104477612,8.508196721311476
T00644,R0113,Zone_3,1.73,14.83,27.56,Cash,2023-01-07,0,Aadhya Singh,26.0,Other,Chennai,2019-03-09,423.0,26.0,4.61,12971.0,2.11,38.0,Business,-1.2519253354891096,-1.4646573834510184,0,5,1,2,1.0,0.0,0.0,0.0,0.0,0.0,0.0,1.0,0.0,0.0,0.0,0.0,0.0,0.0,High,2,High,3.3520071374713836,1.0043016091968684,3.850973902793941,0.1300709219858156,2.591702127659574,0,2709,0.061465721040189124,15.93063583815029
T00645,R0115,Zone_1,12.8,66.54,204.15,Credit Card,2024-02-23,0,Aarav Ghosh,40.0,Female,Bengaluru,2020-03-01,170.0,15.0,4.4,4921.0,2.43,30.9,Residential,0.8134401398656044,1.023099617755406,0,4,2,0,0.0,1.0,0.0,0.0,1.0,0.0,0.0,0.0,0.0,0.0,0.0,0.0,0.0,0.0,High,2,Medium,5.323741418888195,2.624668592163159,8.157205403813245,0.49105882352941177,8.388058823529413,0,2351,0.08823529411764706,15.94921875
T00646,R0174,Zone_7,12.15,64.55,263.3,UPI,2024-02-10,1,Aadhya Patel,32.0,Male,Kolkata,2019-02-07,320.0,7.0,3.8,11070.0,0.64,45.2,Industrial,1.5052481010595073,0.8770253584253088,0,5,2,1,0.0,0.0,1.0,0.0,0.0,0.0,0.0,0.0,0.0,0.0,0.0,1.0,0.0,0.0,Low,0,Medium,5.577084821610244,2.5764217586237734,8.034301463101817,0.1941875,2.88059375,0,2739,0.021875,21.670781893004115
T00647,R0056,Zone_6,4.12,38.92,80.46,UPI,2024-02-10,0,Meera Patel,40.0,Other,Hyderabad,2021-02-26,93.0,13.0,3.25,14627.0,0.54,37.6,Mixed,-0.6332162712937172,-0.927553568375738,0,5,2,2,0.0,0.0,1.0,0.0,0.0,0.0,0.0,0.0,0.0,0.0,1.0,0.0,0.0,0.0,Low,0,Low,4.400112102220266,1.6331544390514163,6.238589584192889,0.7120430107526882,9.976236559139785,0,1989,0.13978494623655913,19.52912621359223
T00648,R0110,Zone_8,13.89,96.27,200.61,Cash,2023-03-20,0,Vivaan Patel,19.0,Female,Kolkata,2023-02-04,224.0,28.0,4.43,4516.0,1.93,31.0,Business,0.7720369246056481,1.268054914170492,0,0,3,0,1.0,0.0,0.0,0.0,0.0,0.0,0.0,0.0,0.0,0.0,0.0,0.0,1.0,0.0,High,2,Medium,5.30633513814162,2.7006898466959175,9.81172767661231,0.26571428571428574,4.226249999999999,0,1281,0.125,14.442764578833694
T00649,R0278,Zone_10,8.51,72.63,199.06,Wallet,2024-07-30,1,Aarav Reddy,20.0,Female,Mumbai,2021-09-02,382.0,58.0,4.27,2440.0,1.54,35.4,Industrial,0.7539083981500174,0.05900950617676445,0,1,7,0,0.0,0.0,0.0,1.0,0.0,1.0,0.0,0.0,0.0,0.0,0.0,0.0,0.0,0.0,Medium,1,High,5.2986173215570345,2.252343876557299,8.522323626805074,0.25536649214659685,5.527120418848168,0,1801,0.1518324607329843,23.39130434782609
T00650,R0183,Zone_3,5.89,52.13,120.01,Cash,2023-02-09,1,Arjun Patel,43.0,Other,Jaipur,2022-08-27,406.0,66.0,3.79,12971.0,2.11,38.0,Business,-0.17064645108714283,-0.5297821237383965,0,3,2,2,1.0,0.0,0.0,0.0,0.0,0.0,0.0,1.0,0.0,0.0,0.0,0.0,0.0,0.0,High,2,High,4.7958731868099616,1.9300710850255671,7.220110802473879,0.14231527093596058,2.0964039408866997,0,1442,0.1625615763546798,20.37521222410866
T00651,R0253,Zone_9,4.54,40.37,36.81,Cash,2023-09-16,0,Ishaan Gupta,26.0,Male,Surat,2021-08-19,173.0,24.0,3.16,11037.0,1.83,56.1,Mixed,-1.1437389679313141,-0.8331671238855214,0,5,9,1,1.0,0.0,0.0,0.0,0.0,0.0,0.0,0.0,0.0,0.0,0.0,0.0,0.0,1.0,High,2,Medium,3.6325736179028416,1.7119945007591924,6.353739056650029,0.28797687861271676,4.304104046242775,0,1815,0.13872832369942195,8.107929515418503
T00652,R0051,Zone_2,4.11,36.54,92.07,Cash,2024-03-14,1,Aarav Nair,21.0,Male,Kolkata,2020-04-05,213.0,14.0,4.02,6371.0,0.91,58.4,Residential,-0.49742776022928414,-0.9298008646731241,0,3,3,1,1.0,0.0,0.0,0.0,0.0,0.0,1.0,0.0,0.0,0.0,0.0,0.0,0.0,0.0,Low,0,Medium,4.533351898197619,1.631199404215613,6.044832503882965,0.2778403755868545,5.169107981220657,0,2316,0.06572769953051644,22.401459854014597
T00653,R0076,Zone_7,10.36,60.83,106.01,Wallet,2023-10-31,0,Reyansh Reddy,40.0,Male,Bengaluru,2022-01-02,137.0,13.0,3.34,11070.0,0.64,45.2,Industrial,-0.33438798036380624,0.4747593211931948,0,1,10,1,0.0,0.0,0.0,1.0,0.0,0.0,0.0,0.0,0.0,0.0,0.0,1.0,0.0,0.0,Low,0,Low,4.67292228803891,2.4300984132930052,7.7993589480161765,0.4143795620437956,6.3124817518248175,0,1679,0.0948905109489051,10.232625482625483
T00654,R0091,Zone_6,11.25,78.11,193.37,Credit Card,2024-07-13,0,Meera Das,41.0,Other,Surat,2022-04-16,334.0,43.0,3.4,14627.0,0.54,37.6,Mixed,0.6873591623225735,0.6747686916605588,0,5,7,2,0.0,1.0,0.0,0.0,0.0,0.0,0.0,0.0,0.0,0.0,1.0,0.0,0.0,0.0,Low,0,High,5.269763559129975,2.505525936990736,8.83798619596116,0.14934131736526945,2.7054191616766468,0,1575,0.12874251497005987,17.188444444444446
T00655,R0299,Zone_4,9.19,69.59,159.7,Wallet,2023-12-19,0,Ishaan Gupta,33.0,Other,Kolkata,2020-09-04,457.0,0.0,3.92,4038.0,2.46,48.2,Business,0.2935607844121978,0.2118256543990199,0,1,12,2,0.0,0.0,0.0,1.0,0.0,0.0,0.0,0.0,1.0,0.0,0.0,0.0,0.0,0.0,High,2,High,5.0795392727434665,2.321406847234633,8.342062095189654,0.06540481400437637,1.0091903719912472,0,2164,0.0,17.377584330794342
T00656,R0073,Zone_10,2.25,11.5,41.0,Credit Card,2023-02-08,0,Meera Das,41.0,Other,Ahmedabad,2021-06-19,490.0,30.0,3.01,2440.0,1.54,35.4,Industrial,-1.0947334673835127,-1.3477979759869407,0,2,2,2,0.0,1.0,0.0,0.0,0.0,1.0,0.0,0.0,0.0,0.0,0.0,0.0,0.0,0.0,Medium,1,High,3.7376696182833684,1.1786549963416462,3.391164991562634,0.16042857142857142,2.6034693877551023,0,1876,0.061224489795918366,18.22222222222222
T00657,R0101,Zone_6,9.48,67.16,153.7,Credit Card,2023-07-18,0,Aarav Singh,37.0,Female,Delhi,2020-11-01,228.0,29.0,3.03,14627.0,0.54,37.6,Mixed,0.22338584329362776,0.2769972470232173,0,1,7,0,0.0,1.0,0.0,0.0,0.0,0.0,0.0,0.0,0.0,0.0,1.0,0.0,0.0,0.0,Low,0,Medium,5.04148775757902,2.349468678892896,8.19512049941915,0.19864035087719298,2.9445614035087715,0,2106,0.12719298245614036,16.21308016877637
T00658,R0034,Zone_4,10.83,85.4,175.44,UPI,2024-06-29,0,Arjun Iyer,26.0,Other,Chennai,2019-04-23,484.0,48.0,3.1,4038.0,2.46,48.2,Business,0.47765304661324665,0.5803822471703421,0,5,6,2,0.0,0.0,1.0,0.0,0.0,0.0,0.0,0.0,1.0,0.0,0.0,0.0,0.0,0.0,High,2,High,5.172980875236739,2.4706386779902956,9.241212041718338,0.047231404958677684,0.8786157024793388,0,2664,0.09917355371900827,16.1994459833795
T00659,R0235,Zone_8,4.65,41.2,54.67,Cash,2023-03-24,0,Aarav Ghosh,34.0,Other,Delhi,2021-02-15,284.0,8.0,4.06,4516.0,1.93,31.0,Business,-0.9348515598683707,-0.8084468646142741,0,4,3,2,1.0,0.0,0.0,0.0,0.0,0.0,0.0,0.0,0.0,0.0,0.0,0.0,1.0,0.0,High,2,Medium,4.019441402195416,1.7316555451583497,6.418722614352485,0.1959507042253521,2.9790845070422534,0,2000,0.028169014084507043,11.756989247311827
T00660,R0298,Zone_4,8.22,44.79,124.91,Credit Card,2023-05-08,0,Vivaan Singh,35.0,Female,Ahmedabad,2020-03-25,65.0,11.0,3.88,4038.0,2.46,48.2,Business,-0.11333691584031073,-0.006162086447432565,0,0,5,0,0.0,1.0,0.0,0.0,0.0,0.0,0.0,0.0,1.0,0.0,0.0,0.0,0.0,0.0,High,2,Low,4.835567366013609,2.2213750375685026,6.692533152700851,0.9721538461538463,15.421692307692307,0,2327,0.16923076923076924,15.195863746958636
T00661,R0232,Zone_1,1.32,10.7,16.12,Cash,2024-05-24,0,Meera Das,38.0,Male,Jaipur,2022-12-08,172.0,15.0,3.94,4921.0,2.43,30.9,Residential,-1.3857255565551831,-1.5567965316438488,0,4,5,1,1.0,0.0,0.0,0.0,1.0,0.0,0.0,0.0,0.0,0.0,0.0,0.0,0.0,0.0,High,2,Medium,2.840247370713596,0.8415671856782186,3.271085446759225,0.541860465116279,8.667674418604651,0,1339,0.0872093023255814,12.212121212121213
T00662,R0263,Zone_1,1.85,9.39,39.72,UPI,2023-11-22,1,Ishaan Das,31.0,Other,Chennai,2020-12-30,297.0,21.0,3.84,4921.0,2.43,30.9,Residential,-1.1097041214888077,-1.437689827882385,0,2,11,2,0.0,0.0,1.0,0.0,1.0,0.0,0.0,0.0,0.0,0.0,0.0,0.0,0.0,0.0,High,2,Medium,3.7067193722422673,1.0473189942805592,3.0643106892089125,0.3522558922558922,5.2110101010101015,0,2047,0.0707070707070707,21.47027027027027
T00663,R0219,Zone_1,6.38,39.23,98.44,Wallet,2023-05-12,0,Vivaan Sharma,25.0,Female,Pune,2021-04-13,498.0,83.0,4.15,4921.0,2.43,30.9,Residential,-0.4229253644084022,-0.4196646051664771,0,4,5,0,0.0,0.0,0.0,1.0,1.0,0.0,0.0,0.0,0.0,0.0,0.0,0.0,0.0,0.0,High,2,High,4.599554447202456,1.998773638612381,6.263385665915839,0.025783132530120483,0.3268473895582329,0,1943,0.16666666666666666,15.429467084639498
T00664,R0164,Zone_1,6.45,40.09,156.9,Wallet,2024-05-09,1,Aadhya Ghosh,37.0,Other,Ahmedabad,2022-07-06,249.0,23.0,4.02,4921.0,2.43,30.9,Residential,0.2608124785568653,-0.4039335310847742,0,3,5,2,0.0,0.0,0.0,1.0,1.0,0.0,0.0,0.0,0.0,0.0,0.0,0.0,0.0,0.0,High,2,Medium,5.061961921261596,2.0082140323914683,6.331666447310692,0.40273092369477914,7.062208835341366,0,1494,0.09236947791164658,24.325581395348838
T00665,R0068,Zone_6,9.76,72.89,188.8,Cash,2023-03-14,0,Meera Singh,30.0,Female,Ahmedabad,2022-08-31,456.0,70.0,4.97,14627.0,0.54,37.6,Mixed,0.6339092488372627,0.3399215433500282,0,1,3,0,1.0,0.0,0.0,0.0,0.0,0.0,0.0,0.0,0.0,0.0,1.0,0.0,0.0,0.0,Low,0,High,5.245970886175828,2.3758355547336385,8.537564055396597,0.15745614035087718,2.4136622807017547,0,1438,0.15350877192982457,19.34426229508197
T00666,R0078,Zone_6,2.07,20.62,19.63,UPI,2023-10-30,0,Saanvi Sharma,30.0,Other,Jaipur,2023-01-02,97.0,9.0,3.62,14627.0,0.54,37.6,Mixed,-1.3446732160008197,-1.3882493093398907,0,0,10,2,0.0,0.0,1.0,0.0,0.0,0.0,0.0,0.0,0.0,0.0,1.0,0.0,0.0,0.0,Low,0,Low,3.0267463270831603,1.1216775615991057,4.540925015897091,0.025670103092783503,0.26979381443298966,0,1314,0.09278350515463918,9.483091787439614
T00667,R0169,Zone_8,6.29,59.47,147.72,Cash,2024-03-28,1,Reyansh Kumar,32.0,Male,Delhi,2023-02-21,497.0,81.0,4.19,4516.0,1.93,31.0,Business,0.15344481864545306,-0.439890271842952,0,3,3,1,1.0,0.0,0.0,0.0,0.0,0.0,0.0,0.0,0.0,0.0,0.0,0.0,1.0,0.0,High,2,High,5.0020653434131885,1.986503546020567,7.71167945391923,0.14167002012072433,2.841871227364185,0,1264,0.16297786720321933,23.484896661367248
T00668,R0131,Zone_10,5.55,47.04,109.67,UPI,2023-04-12,0,Reyansh Ghosh,24.0,Male,Surat,2019-10-22,99.0,7.0,3.6,2440.0,1.54,35.4,Industrial,-0.29158126628147857,-0.6061901978495242,0,2,4,1,0.0,0.0,1.0,0.0,0.0,1.0,0.0,0.0,0.0,0.0,0.0,0.0,0.0,0.0,Medium,1,Low,4.706552800276694,1.8794650496471605,6.858571279792899,0.2724242424242424,4.396262626262627,0,2482,0.0707070707070707,19.760360360360362
T00669,R0079,Zone_5,10.64,67.67,180.0,Credit Card,2024-06-22,0,Ishaan Nair,25.0,Male,Bengaluru,2020-09-23,146.0,28.0,4.92,2590.0,1.31,43.9,Business,0.5309860018633599,0.5376836175200062,0,5,6,1,0.0,1.0,0.0,0.0,0.0,0.0,0.0,0.0,0.0,1.0,0.0,0.0,0.0,0.0,Medium,1,Low,5.198497031265826,2.454447442303292,8.226177727231525,0.24972602739726027,4.194589041095891,0,2145,0.1917808219178082,16.917293233082706
T00670,R0225,Zone_2,15.11,116.09,132.56,Wallet,2024-03-19,0,Ishaan Sharma,39.0,Female,Delhi,2020-06-15,465.0,9.0,4.08,6371.0,0.91,58.4,Residential,-0.02386386591413386,1.5422250624515972,0,1,3,0,0.0,0.0,0.0,1.0,0.0,0.0,1.0,0.0,0.0,0.0,0.0,0.0,0.0,0.0,Low,0,High,4.894550815075454,2.779440197188883,10.774506949276148,0.10393548387096774,1.4471397849462366,0,2245,0.01935483870967742,8.772998014559894
T00671,R0083,Zone_5,16.6,148.36,220.66,Credit Card,2023-11-30,0,Kavya Patel,45.0,Female,Mumbai,2021-12-31,475.0,39.0,4.4,2590.0,1.31,43.9,Business,1.0065381861768694,1.877072210762128,0,3,11,0,0.0,1.0,0.0,0.0,0.0,0.0,0.0,0.0,0.0,1.0,0.0,0.0,0.0,0.0,Medium,1,High,5.401144676347507,2.8678989020441064,12.18031198286809,0.19498947368421055,2.9796421052631583,0,1681,0.08210526315789474,13.292771084337348
T00672,R0033,Zone_4,0.16,1.45,3.59,Wallet,2023-02-08,1,Diya Iyer,18.0,Female,Chennai,2019-05-22,472.0,37.0,3.24,4038.0,2.46,48.2,Business,-1.5322742252577968,-1.8174829021406378,0,2,2,0,0.0,0.0,0.0,1.0,0.0,0.0,0.0,0.0,1.0,0.0,0.0,0.0,0.0,0.0,High,2,High,1.5238800240724537,0.1484200051182733,1.2041594578792296,0.06792372881355933,1.2849364406779662,0,2635,0.07838983050847458,22.4375
T00673,R0226,Zone_7,7.76,47.47,102.43,Wallet,2023-11-25,0,Aarav Iyer,20.0,Other,Surat,2021-07-30,266.0,2.0,3.25,11070.0,0.64,45.2,Industrial,-0.376259028564553,-0.10953771612719383,0,5,11,2,0.0,0.0,0.0,1.0,0.0,0.0,0.0,0.0,0.0,0.0,0.0,1.0,0.0,0.0,Low,0,Medium,4.638895055389712,2.1701959049483,6.8898476035395735,0.2000375939849624,3.408571428571429,0,1835,0.007518796992481203,13.199742268041238
T00674,R0155,Zone_9,2.44,16.42,55.16,Credit Card,2023-03-24,1,Meera Reddy,23.0,Male,Hyderabad,2019-02-10,353.0,8.0,3.14,11037.0,1.83,56.1,Mixed,-0.9291206063436874,-1.3050993463366047,0,4,3,1,0.0,1.0,0.0,0.0,0.0,0.0,0.0,0.0,0.0,0.0,0.0,0.0,0.0,1.0,High,2,High,4.028204759717555,1.235471471385307,4.052159917870962,0.17254957507082153,2.639405099150142,0,2736,0.0226628895184136,22.606557377049178
T00675,R0299,Zone_5,7.68,47.46,127.94,Credit Card,2023-09-01,0,Ishaan Gupta,33.0,Other,Kolkata,2020-09-04,457.0,0.0,3.92,2590.0,1.31,43.9,Business,-0.07789857057543284,-0.12751608650628274,0,4,9,2,0.0,1.0,0.0,0.0,0.0,0.0,0.0,0.0,0.0,1.0,0.0,0.0,0.0,0.0,Medium,1,High,4.859347179882474,2.1610215286722587,6.889121859859935,0.06540481400437637,1.0091903719912472,0,2164,0.0,16.658854166666668
T00676,R0222,Zone_5,10.11,73.39,124.06,Wallet,2024-04-22,0,Aarav Singh,27.0,Male,Surat,2022-08-28,475.0,12.0,3.44,2590.0,1.31,43.9,Business,-0.12327836583210808,0.41857691375854206,0,0,4,1,0.0,0.0,0.0,1.0,0.0,0.0,0.0,0.0,0.0,1.0,0.0,0.0,0.0,0.0,Medium,1,High,4.828793622139152,2.4078456036515385,8.566796367370944,0.16642105263157894,2.7908000000000004,0,1441,0.02526315789473684,12.271018793273987
T00677,R0237,Zone_5,8.41,50.53,176.08,Credit Card,2023-12-01,1,Aadhya Nair,40.0,Male,Chennai,2022-12-13,36.0,3.0,3.71,2590.0,1.31,43.9,Business,0.4851383736658943,0.03653654320290342,0,4,12,1,0.0,1.0,0.0,0.0,0.0,0.0,0.0,0.0,0.0,1.0,0.0,0.0,0.0,0.0,Medium,1,Low,5.17660160786394,2.2417729535972883,7.108445681019163,2.7047222222222222,48.88055555555556,0,1334,0.08333333333333333,20.936979785969086
T00678,R0285,Zone_5,7.75,65.69,99.93,Credit Card,2023-02-19,0,Diya Iyer,29.0,Female,Chennai,2019-01-10,244.0,16.0,4.97,2590.0,1.31,43.9,Business,-0.4054985873639572,-0.1117850124245799,0,6,2,0,0.0,1.0,0.0,0.0,0.0,0.0,0.0,0.0,0.0,1.0,0.0,0.0,0.0,0.0,Medium,1,Medium,4.614427207250769,2.169053700369523,8.104936767180853,0.25774590163934424,4.5302459016393435,0,2767,0.06557377049180328,12.894193548387097
T00679,R0247,Zone_4,15.42,104.22,310.8,Wallet,2023-10-22,1,Aadhya Das,37.0,Male,Bengaluru,2021-05-11,249.0,47.0,4.92,4038.0,2.46,48.2,Business,2.060799718248187,1.6118912476705667,0,6,10,1,0.0,0.0,0.0,1.0,0.0,0.0,0.0,0.0,1.0,0.0,0.0,0.0,0.0,0.0,High,2,Medium,5.742361956623676,2.7985001040242823,10.208819716304133,0.5360642570281124,9.507791164658634,0,1915,0.18875502008032127,20.155642023346303
T00680,R0093,Zone_5,11.6,84.1,156.54,Wallet,2024-05-14,0,Diya Patel,33.0,Other,Surat,2019-05-30,119.0,18.0,3.77,2590.0,1.31,43.9,Business,0.25660198208975094,0.7534240620690725,0,1,5,2,0.0,0.0,0.0,1.0,0.0,0.0,0.0,0.0,0.0,1.0,0.0,0.0,0.0,0.0,Medium,1,Low,5.059679394275178,2.533696813957432,9.1706052144883,0.6012605042016808,9.999075630252099,0,2627,0.15126050420168066,13.494827586206897
T00681,R0288,Zone_2,6.64,65.31,66.38,Wallet,2023-08-13,0,Diya Ghosh,42.0,Male,Ahmedabad,2021-08-30,43.0,5.0,4.56,6371.0,0.91,58.4,Residential,-0.7978934664519615,-0.3612349014344382,0,6,8,1,0.0,0.0,0.0,1.0,0.0,0.0,1.0,0.0,0.0,0.0,0.0,0.0,0.0,0.0,Low,0,Low,4.2103482379784065,2.033397603178429,8.08146026408594,1.2111627906976743,18.50232558139535,0,1804,0.11627906976744186,9.99698795180723
T00682,R0263,Zone_4,8.12,48.79,66.14,Credit Card,2024-07-02,0,Ishaan Das,31.0,Other,Chennai,2020-12-30,297.0,21.0,3.84,4038.0,2.46,48.2,Business,-0.8007004640967043,-0.02863504942129399,0,1,7,2,0.0,1.0,0.0,0.0,0.0,0.0,0.0,0.0,1.0,0.0,0.0,0.0,0.0,0.0,High,2,Medium,4.206779991551889,2.21046980408624,6.984983894040129,0.3522558922558922,5.2110101010101015,0,2047,0.0707070707070707,8.145320197044336
T00683,R0143,Zone_3,12.35,76.72,167.95,Wallet,2024-02-16,0,Meera Kumar,42.0,Other,Kolkata,2023-03-28,74.0,13.0,4.56,12971.0,2.11,38.0,Business,0.3900513284502316,0.9219712843730308,0,4,2,2,0.0,0.0,0.0,1.0,0.0,0.0,0.0,1.0,0.0,0.0,0.0,0.0,0.0,0.0,High,2,Low,5.129602813160299,2.5915163848462583,8.758995376183275,0.6636486486486486,11.666486486486486,0,1229,0.17567567567567569,13.599190283400809
T00684,R0129,Zone_8,11.05,109.43,172.84,Credit Card,2024-06-24,0,Vivaan Singh,35.0,Male,Hyderabad,2022-10-08,158.0,10.0,3.9,4516.0,1.93,31.0,Business,0.4472439054618664,0.6298227657128367,0,0,6,1,0.0,1.0,0.0,0.0,0.0,0.0,0.0,0.0,0.0,0.0,0.0,0.0,1.0,0.0,High,2,Low,5.158135335948174,2.489064659936664,10.460879504133484,0.5688607594936709,9.54620253164557,0,1400,0.06329113924050633,15.641628959276018
T00685,R0293,Zone_1,5.87,55.88,88.65,Cash,2024-08-11,0,Arjun Kumar,39.0,Female,Delhi,2019-10-01,248.0,44.0,3.2,4921.0,2.43,30.9,Residential,-0.5374274766668689,-0.5342767163331686,0,6,8,0,1.0,0.0,0.0,0.0,1.0,0.0,0.0,0.0,0.0,0.0,0.0,0.0,0.0,0.0,High,2,Medium,4.495913200051142,1.927164106234258,7.475292636412303,0.09040322580645162,1.6186290322580645,0,2503,0.1774193548387097,15.10221465076661
T00686,R0183,Zone_6,0.88,5.24,15.53,Cash,2023-01-26,0,Arjun Patel,43.0,Other,Jaipur,2022-08-27,406.0,66.0,3.79,14627.0,0.54,37.6,Mixed,-1.3926260924318425,-1.6556775687288379,0,3,1,2,1.0,0.0,0.0,0.0,0.0,0.0,0.0,0.0,0.0,0.0,1.0,0.0,0.0,0.0,Low,0,High,2.805176911832933,0.6312717768418579,2.2891046284519194,0.14231527093596058,2.0964039408866997,0,1442,0.1625615763546798,17.647727272727273
T00687,R0011,Zone_10,2.08,18.39,45.79,Credit Card,2023-06-28,1,Vivaan Nair,26.0,Male,Chennai,2020-04-14,208.0,34.0,4.0,2440.0,1.54,35.4,Industrial,-1.0387104727238543,-1.3860020130425046,0,2,6,1,0.0,1.0,0.0,0.0,0.0,1.0,0.0,0.0,0.0,0.0,0.0,0.0,0.0,0.0,Medium,1,Medium,3.845669504878125,1.1249295969854831,4.288356328478313,0.4276923076923077,7.8547115384615385,0,2307,0.16346153846153846,22.014423076923077
T00688,R0240,Zone_1,8.73,81.6,82.5,Cash,2023-12-16,0,Aarav Iyer,30.0,Male,Delhi,2020-05-18,174.0,2.0,4.07,4921.0,2.43,30.9,Residential,-0.6093567913134033,0.10845002471925902,0,5,12,1,1.0,0.0,0.0,0.0,1.0,0.0,0.0,0.0,0.0,0.0,0.0,0.0,0.0,0.0,High,2,Medium,4.42484663185681,2.2752138961979136,9.033271832508971,0.5294252873563219,7.0199425287356325,0,2273,0.011494252873563218,9.450171821305842
T00689,R0023,Zone_9,0.93,5.95,23.2,Wallet,2023-03-31,1,Meera Iyer,24.0,Other,Jaipur,2019-10-09,176.0,32.0,3.21,11037.0,1.83,56.1,Mixed,-1.3029191260352704,-1.6444410872419073,0,4,3,2,0.0,0.0,0.0,1.0,0.0,0.0,0.0,0.0,0.0,0.0,0.0,0.0,0.0,1.0,High,2,Medium,3.186352633162641,0.6575200029167941,2.4392621835300936,0.36880681818181815,6.793295454545454,0,2495,0.18181818181818182,24.946236559139784
T00690,R0139,Zone_7,7.24,42.34,63.2,UPI,2024-04-12,0,Diya Gupta,44.0,Other,Kolkata,2023-10-09,155.0,7.0,4.39,11070.0,0.64,45.2,Industrial,-0.8350861852448035,-0.22639712359127148,0,4,4,2,0.0,0.0,1.0,0.0,0.0,0.0,0.0,0.0,0.0,0.0,0.0,1.0,0.0,0.0,Low,0,Low,4.162003210695915,2.1090003439213802,6.5069193939989765,0.38012903225806455,6.466,0,1034,0.04516129032258064,8.7292817679558
T00691,R0233,Zone_9,5.73,45.95,133.37,Credit Card,2024-08-03,1,Ishaan Iyer,30.0,Other,Hyderabad,2023-11-23,469.0,41.0,4.37,11037.0,1.83,56.1,Mixed,-0.014390248863126879,-0.5657388644965741,0,5,8,2,0.0,1.0,0.0,0.0,0.0,0.0,0.0,0.0,0.0,0.0,0.0,0.0,0.0,1.0,High,2,High,4.9005971888873185,1.9065751436566365,6.7786429320329304,0.1903411513859275,3.3757569296375265,0,989,0.08742004264392324,23.275741710296682
T00692,R0100,Zone_8,13.0,103.45,297.72,Cash,2023-09-29,1,Ishaan Gupta,28.0,Male,Delhi,2021-05-24,383.0,60.0,3.79,4516.0,1.93,31.0,Business,1.9078183466097045,1.068045543703128,0,4,9,1,1.0,0.0,0.0,0.0,0.0,0.0,0.0,0.0,0.0,0.0,0.0,0.0,1.0,0.0,High,2,High,5.699506679793412,2.6390573296152584,10.171037311896953,0.26488250652741513,4.327650130548303,0,1902,0.1566579634464752,22.901538461538465
T00693,R0007,Zone_8,1.4100000000000001,10.2,30.52,Cash,2024-05-08,1,Ishaan Ghosh,18.0,Female,Mumbai,2021-03-26,458.0,82.0,4.03,4516.0,1.93,31.0,Business,-1.2173056978706152,-1.536570864967374,0,2,5,0,1.0,0.0,0.0,0.0,0.0,0.0,0.0,0.0,0.0,0.0,0.0,0.0,1.0,0.0,High,2,High,3.4506222649896783,0.8796267475025636,3.1937438845342623,0.08650655021834062,1.3033187772925765,0,1961,0.17903930131004367,21.645390070921984
T00694,R0139,Zone_10,1.6600000000000001,12.39,22.71,Credit Card,2024-01-02,0,Diya Gupta,44.0,Other,Kolkata,2023-10-09,155.0,7.0,4.39,2440.0,1.54,35.4,Industrial,-1.3086500795599536,-1.480388457532721,0,1,1,2,0.0,1.0,0.0,0.0,0.0,1.0,0.0,0.0,0.0,0.0,0.0,0.0,0.0,0.0,Medium,1,Low,3.165896900077314,0.9783261227936078,3.5199431813596083,0.38012903225806455,6.466,0,1034,0.04516129032258064,13.680722891566264
T00695,R0210,Zone_3,5.9,41.55,120.7,Cash,2023-07-07,1,Meera Iyer,34.0,Other,Mumbai,2022-01-02,94.0,5.0,3.4,12971.0,2.11,38.0,Business,-0.1625763328585073,-0.5275348274410102,0,4,7,2,1.0,0.0,0.0,0.0,0.0,0.0,0.0,1.0,0.0,0.0,0.0,0.0,0.0,0.0,High,2,Low,4.801558999993482,1.9315214116032138,6.445928947793328,0.43127659574468086,5.512659574468086,0,1679,0.05319148936170213,20.457627118644066
T00696,R0212,Zone_5,11.17,61.83,259.1,UPI,2023-05-30,1,Aadhya Iyer,36.0,Female,Ahmedabad,2023-09-11,73.0,12.0,3.22,2590.0,1.31,43.9,Business,1.4561256422765085,0.6567903212814699,0,1,5,0,0.0,0.0,1.0,0.0,0.0,0.0,0.0,0.0,0.0,1.0,0.0,0.0,0.0,0.0,Medium,1,Low,5.5610661724546055,2.498973906999436,7.863205453248694,0.8024657534246575,15.458767123287672,0,1062,0.1643835616438356,23.196060877350046
T00697,R0020,Zone_10,13.35,124.39,176.41,Cash,2023-06-27,0,Diya Das,35.0,Female,Chennai,2019-09-17,274.0,21.0,4.03,2440.0,1.54,35.4,Industrial,0.48899799542741545,1.1467009141116418,0,1,6,0,1.0,0.0,0.0,0.0,0.0,1.0,0.0,0.0,0.0,0.0,0.0,0.0,0.0,0.0,Medium,1,Medium,5.178463438072558,2.66374994220563,11.153026495081951,0.19653284671532847,2.722846715328467,0,2517,0.07664233576642336,13.214232209737828
T00698,R0225,Zone_8,3.45,32.28,76.58,UPI,2023-08-29,1,Ishaan Sharma,39.0,Female,Delhi,2020-06-15,465.0,9.0,4.08,4516.0,1.93,31.0,Business,-0.6785960665503924,-1.0781224203006072,0,1,8,0,0.0,0.0,1.0,0.0,0.0,0.0,0.0,0.0,0.0,0.0,0.0,0.0,1.0,0.0,High,2,High,4.351309662011821,1.4929040961781488,5.681549084536717,0.10393548387096774,1.4471397849462366,0,2245,0.01935483870967742,22.19710144927536
T00699,R0008,Zone_1,10.35,92.59,230.94,UPI,2023-10-31,1,Ishaan Ghosh,28.0,Female,Jaipur,2022-10-01,215.0,23.0,4.02,4921.0,2.43,30.9,Residential,1.1267712519600195,0.47251202489580874,0,1,10,0,0.0,0.0,1.0,0.0,1.0,0.0,0.0,0.0,0.0,0.0,0.0,0.0,0.0,0.0,High,2,Medium,5.446478717528557,2.4292177439274116,9.622369770487934,0.22441860465116278,4.1547441860465115,0,1407,0.10697674418604651,22.31304347826087
T00700,R0057,Zone_5,2.44,14.61,25.52,UPI,2024-01-19,0,Aadhya Reddy,39.0,Male,Bengaluru,2023-06-04,407.0,11.0,3.66,2590.0,1.31,43.9,Business,-1.2757848154694234,-1.3050993463366047,0,4,1,1,0.0,0.0,1.0,0.0,0.0,0.0,0.0,0.0,0.0,1.0,0.0,0.0,0.0,0.0,Medium,1,High,3.277899165317662,1.235471471385307,3.8223029707232783,0.24648648648648647,3.8921621621621623,0,1161,0.02702702702702703,10.459016393442623
T00701,R0185,Zone_3,4.26,26.43,98.86,Credit Card,2023-09-16,1,Vivaan Sharma,27.0,Male,Delhi,2021-08-27,201.0,12.0,4.05,12971.0,2.11,38.0,Business,-0.4180131185301023,-0.8960914202123325,0,5,9,1,0.0,1.0,0.0,0.0,0.0,0.0,0.0,1.0,0.0,0.0,0.0,0.0,0.0,0.0,High,2,Medium,4.603769205072463,1.6601310267496185,5.141011573610781,0.21756218905472638,3.7018905472636816,0,1807,0.05970149253731343,23.206572769953052
T00702,R0166,Zone_9,10.84,82.23,127.69,Cash,2024-07-11,0,Reyansh Sharma,24.0,Other,Chennai,2021-03-16,349.0,63.0,4.29,11037.0,1.83,56.1,Mixed,-0.08082252645537326,0.5826295434677282,0,3,7,2,1.0,0.0,0.0,0.0,0.0,0.0,0.0,0.0,0.0,0.0,0.0,0.0,0.0,1.0,High,2,High,4.857406411505574,2.4714836294558595,9.068075870878012,0.12366762177650428,1.7994555873925502,0,1971,0.18051575931232092,11.779520295202952
T00703,R0169,Zone_6,11.59,84.56,254.99,Wallet,2023-04-12,1,Reyansh Kumar,32.0,Male,Delhi,2023-02-21,497.0,81.0,4.19,14627.0,0.54,37.6,Mixed,1.4080558076102878,0.7511767657716865,0,2,4,1,0.0,0.0,0.0,1.0,0.0,0.0,0.0,0.0,0.0,0.0,1.0,0.0,0.0,0.0,Low,0,High,5.545138381216603,2.532902848056256,9.19565114605812,0.14167002012072433,2.841871227364185,0,1264,0.16297786720321933,22.00086281276963
T00704,R0269,Zone_8,3.0,15.1,55.4,Wallet,2023-11-03,0,Aadhya Sharma,41.0,Male,Mumbai,2019-05-19,423.0,16.0,3.41,4516.0,1.93,31.0,Business,-0.9263136086989445,-1.1792507536829824,0,4,11,1,0.0,0.0,0.0,1.0,0.0,0.0,0.0,0.0,0.0,0.0,0.0,0.0,1.0,0.0,High,2,High,4.032469158504013,1.3862943611198906,3.8858718455450894,0.14907801418439717,3.4486288416075648,0,2638,0.037825059101654845,18.466666666666665
T00705,R0268,Zone_10,10.37,72.86,110.81,Cash,2023-07-31,0,Ishaan Kumar,34.0,Male,Chennai,2022-10-16,10.0,0.0,4.6,2440.0,1.54,35.4,Industrial,-0.2782480274689503,0.4770066174905809,0,0,7,1,1.0,0.0,0.0,0.0,0.0,1.0,0.0,0.0,0.0,0.0,0.0,0.0,0.0,0.0,Medium,1,Low,4.716801002159277,2.4309783077624445,8.53580693314932,4.252,72.60799999999999,0,1392,0.0,10.685631629701062
T00706,R0290,Zone_5,1.34,7.33,25.26,Cash,2023-09-16,0,Saanvi Kumar,34.0,Other,Chennai,2020-05-06,169.0,4.0,4.28,2590.0,1.31,43.9,Business,-1.2788257295845613,-1.5523019390490767,0,5,9,2,1.0,0.0,0.0,0.0,0.0,0.0,0.0,0.0,0.0,1.0,0.0,0.0,0.0,0.0,Medium,1,Low,3.26804686887465,0.8501509293696101,2.7073972741361767,0.40366863905325445,6.376745562130178,0,2285,0.023668639053254437,18.850746268656717
T00707,R0147,Zone_8,6.99,65.49,96.35,Credit Card,2023-11-13,0,Saanvi Nair,35.0,Other,Mumbai,2022-08-29,239.0,21.0,3.91,4516.0,1.93,31.0,Business,-0.44736963556470416,-0.28257953102592426,0,0,11,2,0.0,1.0,0.0,0.0,0.0,0.0,0.0,0.0,0.0,0.0,0.0,0.0,1.0,0.0,High,2,Medium,4.578312731818208,2.0781907597781832,8.092589202474075,0.26589958158995813,4.27531380753138,0,1440,0.08786610878661087,13.783977110157366
T00708,R0127,Zone_3,2.33,15.08,27.27,UPI,2023-02-27,0,Vivaan Kumar,38.0,Male,Chennai,2020-03-17,43.0,2.0,4.83,12971.0,2.11,38.0,Business,-1.2553171243098404,-1.3298196056078517,0,0,2,1,0.0,0.0,1.0,0.0,0.0,0.0,0.0,1.0,0.0,0.0,0.0,0.0,0.0,0.0,High,2,Low,3.341801171705499,1.2029723039923526,3.8832975677895196,1.6467441860465117,32.56906976744186,0,2335,0.046511627906976744,11.703862660944205
T00709,R0120,Zone_5,3.96,21.4,34.72,Wallet,2024-05-01,0,Ishaan Gupta,18.0,Other,Surat,2020-07-12,311.0,15.0,4.55,2590.0,1.31,43.9,Business,-1.1681832390876161,-0.9635103091339158,0,2,5,2,0.0,0.0,0.0,1.0,0.0,0.0,0.0,0.0,0.0,1.0,0.0,0.0,0.0,0.0,Medium,1,Medium,3.575710756008298,1.601405740736836,4.626013402488151,0.21929260450160773,3.260289389067524,0,2218,0.04823151125401929,8.767676767676768
T00710,R0104,Zone_6,1.62,8.4,39.64,UPI,2024-02-14,1,Diya Gupta,52.0,Male,Kolkata,2021-05-27,328.0,1.0,3.7,14627.0,0.54,37.6,Mixed,-1.1106397873703886,-1.4893776427222656,0,2,2,1,0.0,0.0,1.0,0.0,0.0,0.0,0.0,0.0,0.0,0.0,1.0,0.0,0.0,0.0,Low,0,Medium,3.7047528032702264,0.9631743177730056,2.898275349237888,0.14234756097560977,2.3335060975609756,0,1899,0.003048780487804878,24.469135802469136
T00711,R0138,Zone_10,10.77,59.63,129.77,UPI,2023-07-06,0,Ishaan Das,46.0,Male,Kolkata,2022-07-28,13.0,0.0,3.53,2440.0,1.54,35.4,Industrial,-0.05649521353426883,0.5668984693860254,0,3,7,1,0.0,0.0,1.0,0.0,0.0,1.0,0.0,0.0,0.0,0.0,0.0,0.0,0.0,0.0,Medium,1,Low,4.873440054918411,2.4655539212721855,7.722046360907192,2.4038461538461537,40.113846153846154,0,1472,0.0,12.04921077065924
T00712,R0186,Zone_2,10.77,97.47,91.35,Wallet,2024-06-27,0,Ishaan Sharma,18.0,Other,Hyderabad,2020-12-11,373.0,19.0,3.26,6371.0,0.91,58.4,Residential,-0.5058487531635125,0.5668984693860254,0,3,6,2,0.0,0.0,0.0,1.0,0.0,0.0,1.0,0.0,0.0,0.0,0.0,0.0,0.0,0.0,Low,0,High,4.5255857066452485,2.4655539212721855,9.8726896031426,0.18386058981233244,2.5169436997319035,0,2066,0.05093833780160858,8.481894150417826
T00713,R0155,Zone_5,4.54,30.68,56.41,UPI,2023-04-13,0,Meera Reddy,23.0,Male,Hyderabad,2019-02-10,353.0,8.0,3.14,2590.0,1.31,43.9,Business,-0.9145008269439854,-0.8331671238855214,0,3,4,1,0.0,0.0,1.0,0.0,0.0,0.0,0.0,0.0,0.0,1.0,0.0,0.0,0.0,0.0,Medium,1,High,4.050218504179545,1.7119945007591924,5.5389529696504916,0.17254957507082153,2.639405099150142,0,2736,0.0226628895184136,12.42511013215859
T00714,R0099,Zone_10,9.88,70.11,193.24,Cash,2023-01-25,0,Diya Gupta,35.0,Other,Mumbai,2021-08-21,80.0,8.0,3.7,2440.0,1.54,35.4,Industrial,0.6858387052650046,0.3668890989186618,0,2,1,2,1.0,0.0,0.0,0.0,0.0,1.0,0.0,0.0,0.0,0.0,0.0,0.0,0.0,0.0,Medium,1,Low,5.2690945078711335,2.3869262414277967,8.373171442171717,0.867125,16.033250000000002,0,1813,0.1,19.558704453441294
T00715,R0085,Zone_4,9.31,81.46,121.48,Credit Card,2024-05-31,0,Aadhya Ghosh,29.0,Female,Chennai,2022-09-17,94.0,12.0,4.95,4038.0,2.46,48.2,Business,-0.15345359051309318,0.23879320996765344,0,4,5,0,0.0,1.0,0.0,0.0,0.0,0.0,0.0,0.0,1.0,0.0,0.0,0.0,0.0,0.0,High,2,Low,4.807947751349428,2.333114298028869,9.02551937563706,0.46797872340425534,5.4245744680851065,0,1421,0.1276595744680851,13.048335123523094
T00716,R0202,Zone_4,7.36,39.52,103.51,Wallet,2024-04-23,0,Aadhya Reddy,27.0,Male,Ahmedabad,2021-10-28,317.0,0.0,4.72,4038.0,2.46,48.2,Business,-0.36362753916321044,-0.19942956802263814,0,1,4,1,0.0,0.0,0.0,1.0,0.0,0.0,0.0,0.0,1.0,0.0,0.0,0.0,0.0,0.0,High,2,Medium,4.649282760606412,2.1234584270966104,6.286493458200685,0.23249211356466878,2.86794952681388,0,1745,0.0,14.063858695652174
T00717,R0281,Zone_9,18.79,108.29,303.19,Wallet,2024-07-06,0,Arjun Iyer,21.0,Female,Jaipur,2020-10-15,268.0,17.0,4.74,11037.0,1.83,56.1,Mixed,1.9717945012628004,2.369230099889686,0,5,7,0,0.0,0.0,0.0,1.0,0.0,0.0,0.0,0.0,0.0,0.0,0.0,0.0,0.0,1.0,High,2,Medium,5.717652506175064,2.9851767596144745,10.406248123122953,0.1422761194029851,2.050858208955224,0,2123,0.06343283582089553,16.13571048430016
T00718,R0019,Zone_5,3.8,22.43,34.99,Cash,2023-07-19,0,Kavya Patel,40.0,Other,Mumbai,2023-04-02,266.0,24.0,4.08,2590.0,1.31,43.9,Business,-1.1650253667372803,-0.9994670498920936,0,2,7,2,1.0,0.0,0.0,0.0,0.0,0.0,0.0,0.0,0.0,1.0,0.0,0.0,0.0,0.0,Medium,1,Medium,3.5832411220909393,1.5686159179138452,4.736032094485847,0.14567669172932332,2.3796616541353384,0,1224,0.09022556390977443,9.207894736842107
T00719,R0088,Zone_9,8.07,64.32,70.11,UPI,2023-03-30,0,Diya Iyer,22.0,Other,Jaipur,2019-07-07,438.0,0.0,4.78,11037.0,1.83,56.1,Mixed,-0.7542680447232504,-0.039871530908224304,0,3,3,2,0.0,0.0,1.0,0.0,0.0,0.0,0.0,0.0,0.0,0.0,0.0,0.0,0.0,1.0,High,2,High,4.2642279738954265,2.2049722641270453,8.019975062305368,0.1421232876712329,2.0405479452054793,0,2589,0.0,8.687732342007434
T00720,R0142,Zone_8,6.09,35.44,97.92,UPI,2024-05-10,0,Meera Nair,33.0,Female,Kolkata,2021-03-04,78.0,5.0,3.48,4516.0,1.93,31.0,Business,-0.42900719263867826,-0.4848361977906743,0,4,5,0,0.0,0.0,1.0,0.0,0.0,0.0,0.0,0.0,0.0,0.0,0.0,0.0,1.0,0.0,High,2,Low,4.594311442653216,1.958685340544036,5.9531504264548865,0.3476923076923077,5.378205128205129,0,1983,0.0641025641025641,16.07881773399015
T00721,R0236,Zone_8,6.14,39.16,117.18,Wallet,2024-02-14,0,Arjun Gupta,28.0,Male,Ahmedabad,2020-08-10,61.0,1.0,3.36,4516.0,1.93,31.0,Business,-0.20374563164806833,-0.47359971630374376,0,2,2,1,0.0,0.0,0.0,1.0,0.0,0.0,0.0,0.0,0.0,0.0,0.0,0.0,1.0,0.0,High,2,Low,4.772208885917529,1.965712776351493,6.257795138864806,0.8198360655737704,12.599016393442623,0,2189,0.01639344262295082,19.08469055374593
T00722,R0068,Zone_10,8.8,66.49,101.39,Wallet,2024-08-05,0,Meera Singh,30.0,Female,Ahmedabad,2022-08-31,456.0,70.0,4.97,2440.0,1.54,35.4,Industrial,-0.38842268502510524,0.12418109880096186,0,0,8,0,0.0,0.0,0.0,1.0,0.0,1.0,0.0,0.0,0.0,0.0,0.0,0.0,0.0,0.0,Medium,1,High,4.628789051586725,2.2823823856765264,8.154140052758475,0.15745614035087718,2.4136622807017547,0,1438,0.15350877192982457,11.521590909090909
T00723,R0030,Zone_1,6.53,57.16,158.88,Cash,2023-01-23,1,Saanvi Patel,25.0,Other,Mumbai,2021-01-08,442.0,58.0,3.72,4921.0,2.43,30.9,Residential,0.2839702091259933,-0.3859551607056853,0,0,1,2,1.0,0.0,0.0,0.0,1.0,0.0,0.0,0.0,0.0,0.0,0.0,0.0,0.0,0.0,High,2,High,5.074423533843123,2.018895041811802,7.560423268574319,0.1833710407239819,3.5865384615384617,0,2038,0.13122171945701358,24.330781010719754
T00724,R0286,Zone_7,3.7,28.26,54.64,Wallet,2023-09-08,0,Ishaan Nair,26.0,Male,Pune,2023-02-15,29.0,0.0,4.48,11070.0,0.64,45.2,Industrial,-0.9352024345739635,-1.0219400128659546,0,4,9,1,0.0,0.0,0.0,1.0,0.0,0.0,0.0,0.0,0.0,0.0,0.0,1.0,0.0,0.0,Low,0,Low,4.018902367055242,1.547562508716013,5.316013544000805,1.4572413793103447,21.62551724137931,0,1270,0.0,14.767567567567568
T00725,R0042,Zone_8,8.62,52.02,140.1,Credit Card,2023-05-08,0,Arjun Reddy,18.0,Female,Chennai,2021-05-20,23.0,4.0,3.03,4516.0,1.93,31.0,Business,0.06432264342486907,0.08372976544801153,0,0,5,0,0.0,1.0,0.0,0.0,0.0,0.0,0.0,0.0,0.0,0.0,0.0,0.0,1.0,0.0,High,2,Low,4.9494688588587685,2.263844264677615,7.212489168102785,2.0069565217391303,32.10782608695652,0,1906,0.17391304347826086,16.25290023201856
T00726,R0095,Zone_4,13.91,106.66,153.83,Wallet,2024-03-11,0,Kavya Iyer,29.0,Female,Chennai,2020-10-07,481.0,77.0,4.26,4038.0,2.46,48.2,Business,0.22490630035119705,1.2725495067652641,0,0,3,0,0.0,0.0,0.0,1.0,0.0,0.0,0.0,0.0,1.0,0.0,0.0,0.0,0.0,0.0,High,2,High,5.042327740828745,2.702032128776647,10.327632836231157,0.23856548856548856,3.907713097713098,0,2131,0.1600831600831601,11.058950395398995
T00727,R0244,Zone_1,12.71,91.86,182.94,Cash,2024-04-12,0,Aadhya Iyer,24.0,Female,Kolkata,2019-04-22,27.0,1.0,3.13,4921.0,2.43,30.9,Residential,0.5653717230114592,1.002873951078931,0,4,4,0,1.0,0.0,0.0,0.0,1.0,0.0,0.0,0.0,0.0,0.0,0.0,0.0,0.0,0.0,High,2,Low,5.214609617474552,2.6181254935742233,9.584362263604188,1.307777777777778,24.00777777777778,0,2665,0.037037037037037035,14.3933910306845
T00728,R0165,Zone_1,9.02,74.07,124.34,UPI,2023-04-25,0,Meera Reddy,37.0,Female,Kolkata,2021-12-09,34.0,5.0,3.27,4921.0,2.43,30.9,Residential,-0.1200035352465748,0.17362161734345602,0,1,4,0,0.0,0.0,1.0,0.0,1.0,0.0,0.0,0.0,0.0,0.0,0.0,0.0,0.0,0.0,High,2,Low,4.831030044796529,2.3045830956567186,8.606392972668631,1.3738235294117647,22.932352941176468,0,1703,0.14705882352941177,13.784922394678492
T00729,R0150,Zone_2,4.32,25.6,72.15,Credit Card,2024-06-18,0,Ishaan Gupta,33.0,Male,Pune,2022-02-27,215.0,16.0,4.95,6371.0,0.91,58.4,Residential,-0.7304085647429365,-0.8826076424280157,0,1,6,1,0.0,1.0,0.0,0.0,0.0,0.0,1.0,0.0,0.0,0.0,0.0,0.0,0.0,0.0,Low,0,Medium,4.292512127466133,1.6714733033535532,5.059644256269407,0.25795348837209303,3.506232558139535,0,1623,0.07441860465116279,16.70138888888889
T00730,R0083,Zone_9,8.93,76.17,169.27,Cash,2023-05-02,0,Kavya Patel,45.0,Female,Mumbai,2021-12-31,475.0,39.0,4.4,11037.0,1.83,56.1,Mixed,0.40548981549631724,0.15339595066698106,0,1,5,0,1.0,0.0,0.0,0.0,0.0,0.0,0.0,0.0,0.0,0.0,0.0,0.0,0.0,1.0,High,2,High,5.137385412432552,2.295560478057081,8.727542609463445,0.19498947368421055,2.9796421052631583,0,1681,0.08210526315789474,18.955207166853306
T00731,R0235,Zone_1,13.42,107.43,312.14,Wallet,2023-12-01,1,Aarav Ghosh,34.0,Other,Delhi,2021-02-15,284.0,8.0,4.06,4921.0,2.43,30.9,Residential,2.076472121764667,1.1624319881933447,0,4,12,2,0.0,0.0,0.0,1.0,1.0,0.0,0.0,0.0,0.0,0.0,0.0,0.0,0.0,0.0,High,2,Medium,5.746650374883377,2.668616131856803,10.36484442719716,0.1959507042253521,2.9790845070422534,0,2000,0.028169014084507043,23.259314456035767
T00732,R0144,Zone_4,13.96,82.36,302.82,Credit Card,2023-08-03,1,Ishaan Kumar,34.0,Other,Pune,2021-01-31,194.0,10.0,3.52,4038.0,2.46,48.2,Business,1.9674670465604884,1.283785988252195,0,3,8,2,0.0,1.0,0.0,0.0,0.0,0.0,0.0,0.0,1.0,0.0,0.0,0.0,0.0,0.0,High,2,Medium,5.716435420779517,2.7053799725463312,9.075241043630742,0.4354123711340206,8.002319587628865,0,2015,0.05154639175257732,21.691977077363894
T00733,R0083,Zone_9,9.8,87.85,105.78,Wallet,2024-06-30,0,Kavya Patel,45.0,Female,Mumbai,2021-12-31,475.0,39.0,4.4,11037.0,1.83,56.1,Mixed,-0.3370780197733515,0.3489107285395729,0,6,6,0,0.0,0.0,0.0,1.0,0.0,0.0,0.0,0.0,0.0,0.0,0.0,0.0,0.0,1.0,High,2,High,4.67077064307204,2.379546134130174,9.372833082905082,0.19498947368421055,2.9796421052631583,0,1681,0.08210526315789474,10.793877551020408
T00734,R0132,Zone_10,6.18,44.74,54.04,Cash,2023-05-15,0,Aadhya Iyer,23.0,Male,Surat,2022-12-09,484.0,25.0,3.32,2440.0,1.54,35.4,Industrial,-0.9422199286858206,-0.4646105311141993,0,0,5,1,1.0,0.0,0.0,0.0,0.0,1.0,0.0,0.0,0.0,0.0,0.0,0.0,0.0,0.0,Medium,1,High,4.008060193625088,1.9712993830601329,6.688796603276257,0.1433884297520661,2.2561776859504135,0,1338,0.05165289256198347,8.74433656957929
T00735,R0046,Zone_5,6.99,49.05,168.24,Cash,2023-09-22,1,Vivaan Singh,31.0,Female,Kolkata,2019-08-16,31.0,4.0,3.87,2590.0,1.31,43.9,Business,0.3934431172709627,-0.28257953102592426,0,4,9,0,1.0,0.0,0.0,0.0,0.0,0.0,0.0,0.0,0.0,1.0,0.0,0.0,0.0,0.0,Medium,1,Low,5.131317825851867,2.0781907597781832,7.003570517957251,2.581290322580645,41.82,0,2549,0.12903225806451613,24.068669527896997
T00736,R0267,Zone_1,11.86,63.25,193.92,Credit Card,2023-02-02,0,Arjun Iyer,37.0,Other,Jaipur,2021-01-01,131.0,11.0,4.5,4921.0,2.43,30.9,Residential,0.6937918652584423,0.8118537658011113,0,3,2,2,0.0,1.0,0.0,0.0,1.0,0.0,0.0,0.0,0.0,0.0,0.0,0.0,0.0,0.0,High,2,Low,5.272589217975305,2.554121718809473,7.952986860293433,0.3602290076335878,5.203740458015267,0,2045,0.08396946564885496,16.350758853288365
T00737,R0049,Zone_10,11.43,103.54,204.21,Wallet,2024-07-13,0,Meera Iyer,39.0,Male,Mumbai,2020-05-19,375.0,55.0,4.4,2440.0,1.54,35.4,Industrial,0.8141418892767901,0.7152200250135087,0,5,7,1,0.0,0.0,0.0,1.0,0.0,1.0,0.0,0.0,0.0,0.0,0.0,0.0,0.0,0.0,Medium,1,High,5.324033845052673,2.5201129055226197,10.175460677532001,0.15565333333333334,2.6144,0,2272,0.14666666666666667,17.866141732283467
T00738,R0129,Zone_5,0.79,4.2,15.17,UPI,2024-03-20,0,Vivaan Singh,35.0,Male,Hyderabad,2022-10-08,158.0,10.0,3.9,2590.0,1.31,43.9,Business,-1.3968365888989567,-1.6759032354053127,0,2,3,1,0.0,0.0,1.0,0.0,0.0,0.0,0.0,0.0,0.0,1.0,0.0,0.0,0.0,0.0,Medium,1,Low,2.783157673589016,0.5822156198526637,2.04939015319192,0.5688607594936709,9.54620253164557,0,1400,0.06329113924050633,19.202531645569618
T00739,R0202,Zone_2,11.29,57.39,225.53,Cash,2024-07-15,0,Aadhya Reddy,27.0,Male,Ahmedabad,2021-10-28,317.0,0.0,4.72,6371.0,0.91,58.4,Residential,1.063496846718109,0.683757876850103,0,0,7,1,1.0,0.0,0.0,0.0,0.0,0.0,1.0,0.0,0.0,0.0,0.0,0.0,0.0,0.0,Low,0,Medium,5.422877386483444,2.5087859235779435,7.575618786607468,0.23249211356466878,2.86794952681388,0,1745,0.0,19.97608503100089
T00740,R0137,Zone_4,11.56,113.08,192.67,Wallet,2024-01-24,0,Arjun Gupta,27.0,Male,Bengaluru,2021-08-10,166.0,32.0,3.14,4038.0,2.46,48.2,Business,0.6791720858587401,0.7444348768795283,0,2,1,1,0.0,0.0,0.0,1.0,0.0,0.0,0.0,0.0,1.0,0.0,0.0,0.0,0.0,0.0,High,2,Low,5.26615567973964,2.5305171610400525,10.633908030446756,0.49596385542168675,9.032349397590362,0,1824,0.1927710843373494,16.666955017301035
T00741,R0074,Zone_1,3.56,26.1,56.39,Credit Card,2023-04-18,0,Vivaan Ghosh,23.0,Male,Kolkata,2023-09-11,199.0,22.0,4.89,4921.0,2.43,30.9,Residential,-0.9147347434143805,-1.05340216102936,0,1,4,1,0.0,1.0,0.0,0.0,1.0,0.0,0.0,0.0,0.0,0.0,0.0,0.0,0.0,0.0,High,2,Medium,4.049870072120271,1.5173226235262949,5.10881590977792,0.2321105527638191,4.106884422110553,0,1062,0.11055276381909548,15.839887640449438
T00742,R0242,Zone_6,4.18,26.81,42.02,UPI,2024-02-03,0,Kavya Iyer,34.0,Male,Ahmedabad,2022-06-05,445.0,8.0,4.54,14627.0,0.54,37.6,Mixed,-1.0828037273933557,-0.9140697905914213,0,5,2,1,0.0,0.0,1.0,0.0,0.0,0.0,0.0,0.0,0.0,0.0,1.0,0.0,0.0,0.0,Low,0,High,3.761665123839584,1.6448050562713916,5.177837386399847,0.05903370786516854,0.7375056179775281,0,1525,0.017977528089887642,10.05263157894737
T00743,R0157,Zone_2,4.21,41.73,90.77,Cash,2024-04-09,1,Kavya Nair,36.0,Female,Hyderabad,2021-11-23,319.0,27.0,4.65,6371.0,0.91,58.4,Residential,-0.5126323308049743,-0.907327901699263,0,1,4,0,1.0,0.0,0.0,0.0,0.0,0.0,1.0,0.0,0.0,0.0,0.0,0.0,0.0,0.0,Low,0,Medium,4.519285446830922,1.6505798557652755,6.4598761598036845,0.3570532915360502,5.880658307210031,0,1719,0.08463949843260188,21.56057007125891
T00744,R0229,Zone_8,4.6,43.9,90.14,Credit Card,2024-06-26,0,Reyansh Ghosh,22.0,Female,Mumbai,2020-11-23,146.0,16.0,4.43,4516.0,1.93,31.0,Business,-0.520000699622424,-0.8196833461012047,0,2,6,0,0.0,1.0,0.0,0.0,0.0,0.0,0.0,0.0,0.0,0.0,0.0,0.0,1.0,0.0,High,2,Low,4.512396785835737,1.7227665977411035,6.6257075093909785,0.26493150684931505,4.715753424657534,0,2084,0.1095890410958904,19.595652173913045
T00745,R0060,Zone_1,0.92,7.67,21.17,Credit Card,2024-04-01,1,Aarav Nair,40.0,Female,Hyderabad,2023-08-01,123.0,7.0,4.57,4921.0,2.43,30.9,Residential,-1.3266616477803868,-1.6466883835392934,0,0,4,0,0.0,1.0,0.0,0.0,1.0,0.0,0.0,0.0,0.0,0.0,0.0,0.0,0.0,0.0,High,2,Low,3.09874002362822,0.6523251860396903,2.7694764848252458,0.38422764227642275,5.954308943089431,0,1103,0.056910569105691054,23.01086956521739
T00746,R0218,Zone_4,9.57,82.88,146.52,Credit Card,2023-10-24,0,Arjun Reddy,34.0,Other,Delhi,2019-01-11,160.0,16.0,3.87,4038.0,2.46,48.2,Business,0.13940983042173918,0.2972229136996923,0,1,10,2,0.0,1.0,0.0,0.0,0.0,0.0,0.0,0.0,1.0,0.0,0.0,0.0,0.0,0.0,High,2,Low,4.993963759808284,2.3580197998821464,9.103845341392834,0.31275,4.5341875,0,2766,0.1,15.310344827586208
T00747,R0286,Zone_6,4.07,31.13,74.18,Cash,2023-03-16,0,Ishaan Nair,26.0,Male,Pune,2023-02-15,29.0,0.0,4.48,14627.0,0.54,37.6,Mixed,-0.7066660429978203,-0.9387900498626685,0,3,3,1,1.0,0.0,0.0,0.0,0.0,0.0,0.0,0.0,0.0,0.0,1.0,0.0,0.0,0.0,Low,0,Low,4.319885238136032,1.623340817603092,5.579426493825329,1.4572413793103447,21.62551724137931,0,1270,0.0,18.226044226044227
T00748,R0020,Zone_9,7.65,74.95,122.69,Wallet,2023-01-03,0,Diya Das,35.0,Female,Chennai,2019-09-17,274.0,21.0,4.03,11037.0,1.83,56.1,Mixed,-0.13930164405418163,-0.13425797539844092,0,1,1,0,0.0,0.0,0.0,1.0,0.0,0.0,0.0,0.0,0.0,0.0,0.0,0.0,0.0,1.0,High,2,Medium,4.817778435386918,2.157559320943788,8.657366805212773,0.19653284671532847,2.722846715328467,0,2517,0.07664233576642336,16.037908496732026
T00749,R0105,Zone_8,5.51,42.85,113.07,Cash,2024-03-17,1,Diya Das,31.0,Female,Jaipur,2020-09-28,346.0,9.0,3.69,4516.0,1.93,31.0,Business,-0.25181546631428897,-0.6151793830390687,0,6,3,0,1.0,0.0,0.0,0.0,0.0,0.0,0.0,0.0,0.0,0.0,0.0,0.0,1.0,0.0,High,2,High,4.736812295039806,1.873339456220478,6.545991139621257,0.27514450867052026,3.7604624277456646,0,2140,0.02601156069364162,20.52087114337568
T00750,R0063,Zone_1,9.28,47.06,182.89,UPI,2023-05-17,0,Diya Iyer,34.0,Male,Surat,2023-04-21,329.0,33.0,4.83,4921.0,2.43,30.9,Residential,0.564786931835471,0.23205132107549487,0,2,5,1,0.0,0.0,1.0,0.0,1.0,0.0,0.0,0.0,0.0,0.0,0.0,0.0,0.0,0.0,High,2,Medium,5.214337752752762,2.330200260027019,6.860029154456998,0.2053191489361702,3.7828571428571425,0,1205,0.10030395136778116,19.707974137931036
T00751,R0095,Zone_9,2.95,15.71,41.79,Cash,2023-12-23,0,Kavya Iyer,29.0,Female,Chennai,2020-10-07,481.0,77.0,4.26,11037.0,1.83,56.1,Mixed,-1.085493766802901,-1.190487235169913,0,5,12,0,1.0,0.0,0.0,0.0,0.0,0.0,0.0,0.0,0.0,0.0,0.0,0.0,0.0,1.0,High,2,High,3.7563044304287256,1.3737155789130306,3.963584236521283,0.23856548856548856,3.907713097713098,0,2131,0.1600831600831601,14.166101694915254
T00752,R0081,Zone_4,9.23,88.32,218.67,Credit Card,2024-07-07,1,Diya Reddy,42.0,Other,Mumbai,2022-01-31,114.0,2.0,3.9,4038.0,2.46,48.2,Business,0.9832634973725437,0.22081483958856454,0,6,7,2,0.0,1.0,0.0,0.0,0.0,0.0,0.0,0.0,1.0,0.0,0.0,0.0,0.0,0.0,High,2,Low,5.392126420226094,2.325324579963535,9.397872099576585,0.46421052631578946,7.123421052631579,0,1650,0.017543859649122806,23.691224268689055
T00753,R0013,Zone_6,9.95,66.91,136.07,UPI,2024-06-28,0,Ishaan Gupta,43.0,Female,Kolkata,2019-04-01,6.0,0.0,3.91,14627.0,0.54,37.6,Mixed,0.017188474640229507,0.3826201730003642,0,4,6,0,0.0,0.0,1.0,0.0,0.0,0.0,0.0,0.0,0.0,0.0,1.0,0.0,0.0,0.0,Low,0,Low,4.920491744243289,2.3933394562625097,8.179853299418028,13.418333333333335,238.80666666666664,0,2686,0.0,13.67537688442211
T00754,R0088,Zone_6,12.14,121.09,232.59,UPI,2024-07-02,0,Diya Iyer,22.0,Other,Jaipur,2019-07-07,438.0,0.0,4.78,14627.0,0.54,37.6,Mixed,1.1460693607676264,0.8747780621279228,0,1,7,2,0.0,0.0,1.0,0.0,0.0,0.0,0.0,0.0,0.0,0.0,1.0,0.0,0.0,0.0,Low,0,High,5.4535674418185955,2.5756610130564646,11.00409014866745,0.1421232876712329,2.0405479452054793,0,2589,0.0,19.158978583196046
T00755,R0029,Zone_8,17.84,165.01,379.63,Cash,2023-11-06,1,Kavya Iyer,30.0,Male,Surat,2022-07-24,4.0,0.0,3.69,4516.0,1.93,31.0,Business,3.154827050286693,2.1557369516380054,0,0,11,1,1.0,0.0,0.0,0.0,0.0,0.0,0.0,0.0,0.0,0.0,0.0,0.0,1.0,0.0,High,2,Low,5.94182777466688,2.935982269148217,12.84562182223967,14.942499999999999,284.4425,0,1476,0.0,21.279708520179373
T00756,R0264,Zone_10,2.46,24.21,25.57,Wallet,2024-02-10,0,Aadhya Das,27.0,Other,Delhi,2019-02-06,401.0,54.0,3.59,2440.0,1.54,35.4,Industrial,-1.2752000242934354,-1.3006047537418324,0,5,2,2,0.0,0.0,0.0,1.0,0.0,1.0,0.0,0.0,0.0,0.0,0.0,0.0,0.0,0.0,Medium,1,High,3.279782759771722,1.2412685890696329,4.920365840057018,0.031022443890274313,0.47408977556109727,0,2740,0.13466334164588528,10.394308943089431
T00757,R0158,Zone_2,9.6,69.01,119.92,Cash,2023-10-03,0,Aarav Iyer,27.0,Male,Ahmedabad,2020-07-26,441.0,60.0,3.57,6371.0,0.91,58.4,Residential,-0.17169907520392141,0.30396480259185044,0,1,10,1,1.0,0.0,0.0,0.0,0.0,0.0,1.0,0.0,0.0,0.0,0.0,0.0,0.0,0.0,Low,0,High,4.795129169911258,2.3608540011180215,8.307225770376053,0.057732426303854875,0.8727210884353742,0,2204,0.1360544217687075,12.491666666666667
T00758,R0029,Zone_9,4.45,40.55,97.15,UPI,2024-08-13,1,Kavya Iyer,30.0,Male,Surat,2022-07-24,4.0,0.0,3.69,11037.0,1.83,56.1,Mixed,-0.43801297674889467,-0.8533927905619964,0,1,8,1,0.0,0.0,1.0,0.0,0.0,0.0,0.0,0.0,0.0,0.0,0.0,0.0,0.0,1.0,High,2,Low,4.58649692072247,1.6956156086751528,6.367888189973187,14.942499999999999,284.4425,0,1476,0.0,21.831460674157302
T00759,R0258,Zone_5,1.63,10.31,38.61,Wallet,2023-12-08,1,Vivaan Nair,32.0,Female,Jaipur,2020-01-29,313.0,39.0,3.76,2590.0,1.31,43.9,Business,-1.122686485595743,-1.4871303464248795,0,4,12,0,0.0,0.0,0.0,1.0,0.0,0.0,0.0,0.0,0.0,1.0,0.0,0.0,0.0,0.0,Medium,1,Medium,3.6790816116338254,0.9669838461896731,3.2109188716004646,0.09338658146964858,1.5953674121405752,0,2383,0.12460063897763578,23.687116564417177
T00760,R0109,Zone_2,12.21,66.9,141.11,Cash,2023-10-25,0,Vivaan Kumar,35.0,Female,Delhi,2022-11-19,62.0,5.0,3.35,6371.0,0.91,58.4,Residential,0.07613542517982858,0.8905091362096256,0,2,10,0,1.0,0.0,0.0,0.0,0.0,0.0,1.0,0.0,0.0,0.0,0.0,0.0,0.0,0.0,Low,0,Low,4.95660140560377,2.580974118534234,8.179242018671413,0.6974193548387098,11.13532258064516,0,1358,0.08064516129032258,11.556920556920558
T00761,R0147,Zone_2,14.66,138.46,271.36,Cash,2023-08-28,0,Saanvi Nair,35.0,Other,Mumbai,2022-08-29,239.0,21.0,3.91,6371.0,0.91,58.4,Residential,1.5995164386287866,1.4410967290692225,0,0,8,2,1.0,0.0,0.0,0.0,0.0,0.0,1.0,0.0,0.0,0.0,0.0,0.0,0.0,0.0,Low,0,Medium,5.607124720614766,2.751109690562657,11.766902736064406,0.26589958158995813,4.27531380753138,0,1440,0.08786610878661087,18.510231923601637
T00762,R0168,Zone_2,6.04,35.12,120.34,Wallet,2024-02-19,0,Diya Das,23.0,Male,Pune,2019-10-08,471.0,74.0,4.03,6371.0,0.91,58.4,Residential,-0.1667868293256215,-0.4960726792776048,0,0,2,1,0.0,0.0,0.0,1.0,0.0,0.0,1.0,0.0,0.0,0.0,0.0,0.0,0.0,0.0,Low,0,High,4.798596522514152,1.951608170169951,5.9262129560116215,0.0743524416135881,1.2087261146496815,0,2496,0.15711252653927812,19.92384105960265
T00763,R0085,Zone_10,9.05,82.0,95.17,Cash,2023-10-12,0,Aadhya Ghosh,29.0,Female,Chennai,2022-09-17,94.0,12.0,4.95,2440.0,1.54,35.4,Industrial,-0.46117070731802284,0.18036350623561462,0,3,10,0,1.0,0.0,0.0,0.0,0.0,1.0,0.0,0.0,0.0,0.0,0.0,0.0,0.0,0.0,Medium,1,Low,4.56611745872439,2.307572634505085,9.055385138137417,0.46797872340425534,5.4245744680851065,0,1421,0.1276595744680851,10.516022099447513
T00764,R0186,Zone_10,7.68,68.84,68.0,Wallet,2024-06-14,0,Ishaan Sharma,18.0,Other,Hyderabad,2020-12-11,373.0,19.0,3.26,2440.0,1.54,35.4,Industrial,-0.7789462323499475,-0.12751608650628274,0,4,6,2,0.0,0.0,0.0,1.0,0.0,1.0,0.0,0.0,0.0,0.0,0.0,0.0,0.0,0.0,Medium,1,High,4.23410650459726,2.1610215286722587,8.296987405076615,0.18386058981233244,2.5169436997319035,0,2066,0.05093833780160858,8.854166666666668
T00765,R0201,Zone_9,10.17,51.68,102.51,Credit Card,2023-06-17,0,Meera Reddy,37.0,Female,Delhi,2021-04-06,183.0,15.0,3.84,11037.0,1.83,56.1,Mixed,-0.3753233626829721,0.4320606915428588,0,5,6,0,0.0,1.0,0.0,0.0,0.0,0.0,0.0,0.0,0.0,0.0,0.0,0.0,0.0,1.0,High,2,Medium,4.639668226395659,2.413231613081109,7.188880302244572,0.3698360655737705,5.856830601092896,0,1950,0.08196721311475409,10.079646017699115
T00766,R0279,Zone_8,12.4,102.66,217.64,UPI,2024-06-30,0,Diya Singh,25.0,Other,Pune,2022-04-21,454.0,84.0,3.73,4516.0,1.93,31.0,Business,0.9712167991471892,0.9332077658599616,0,6,6,2,0.0,0.0,1.0,0.0,0.0,0.0,0.0,0.0,0.0,0.0,0.0,0.0,1.0,0.0,High,2,High,5.387426541619813,2.5952547069568657,10.132127121192273,0.09151982378854624,1.5398017621145372,0,1570,0.18502202643171806,17.551612903225806
T00767,R0279,Zone_5,9.72,77.55,114.71,Wallet,2024-06-02,0,Diya Singh,25.0,Other,Pune,2022-04-21,454.0,84.0,3.73,2590.0,1.31,43.9,Business,-0.23263431574187982,0.330932358160484,0,6,6,2,0.0,0.0,0.0,1.0,0.0,0.0,0.0,0.0,0.0,1.0,0.0,0.0,0.0,0.0,Medium,1,High,4.7510870608882465,2.372111155642656,8.806247782114696,0.09151982378854624,1.5398017621145372,0,1570,0.18502202643171806,11.801440329218105
T00768,R0047,Zone_1,9.73,57.22,227.41,Wallet,2024-08-05,1,Reyansh Iyer,51.0,Female,Bengaluru,2021-10-07,69.0,3.0,4.86,4921.0,2.43,30.9,Residential,1.0854849949352607,0.33317965445787007,0,0,8,0,0.0,0.0,0.0,1.0,1.0,0.0,0.0,0.0,0.0,0.0,0.0,0.0,0.0,0.0,High,2,Low,5.431142259660542,2.373043556642607,7.564390259630977,0.9018840579710146,16.592318840579708,0,1766,0.043478260869565216,23.372045220966083
T00769,R0042,Zone_9,14.3,136.69,290.49,Cash,2023-06-12,1,Arjun Reddy,18.0,Female,Chennai,2021-05-20,23.0,4.0,3.03,11037.0,1.83,56.1,Mixed,1.8232575425618274,1.3601940623633226,0,0,6,0,1.0,0.0,0.0,0.0,0.0,0.0,0.0,0.0,0.0,0.0,0.0,0.0,0.0,1.0,High,2,Low,5.675005699884782,2.72785282839839,11.69144986731757,2.0069565217391303,32.10782608695652,0,1906,0.17391304347826086,20.313986013986014
T00770,R0154,Zone_1,7.18,62.64,127.03,UPI,2023-07-12,0,Kavya Patel,18.0,Other,Kolkata,2019-03-25,466.0,79.0,4.68,4921.0,2.43,30.9,Residential,-0.08854176997841592,-0.23988090137558826,0,2,7,2,0.0,0.0,1.0,0.0,1.0,0.0,0.0,0.0,0.0,0.0,0.0,0.0,0.0,0.0,High,2,High,4.852264611458088,2.1016921506146558,7.914543574963751,0.2974678111587983,4.419570815450644,0,2693,0.16952789699570817,17.692200557103064
T00771,R0058,Zone_1,12.62,113.65,150.09,Cash,2023-12-27,0,Vivaan Reddy,46.0,Male,Kolkata,2021-05-31,480.0,25.0,4.32,4921.0,2.43,30.9,Residential,0.1811639203872883,0.9826482844024557,0,2,12,1,1.0,0.0,0.0,0.0,1.0,0.0,0.0,0.0,0.0,0.0,0.0,0.0,0.0,0.0,High,2,High,5.01787568575175,2.611539300721366,10.660675400742676,0.15858333333333335,2.1738958333333334,0,1895,0.052083333333333336,11.893026941362917
T00772,R0006,Zone_5,3.89,37.48,68.34,Cash,2023-11-14,0,Aarav Das,45.0,Female,Jaipur,2023-06-30,248.0,13.0,4.64,2590.0,1.31,43.9,Business,-0.7749696523532285,-0.9792413832156184,0,1,11,0,1.0,0.0,0.0,0.0,0.0,0.0,0.0,0.0,0.0,1.0,0.0,0.0,0.0,0.0,Medium,1,Medium,4.239021940256878,1.5871923034867808,6.1220911460055865,0.255,4.417056451612903,0,1135,0.05241935483870968,17.568123393316196
T00773,R0045,Zone_1,16.04,113.26,297.73,UPI,2023-08-20,0,Saanvi Iyer,34.0,Other,Ahmedabad,2023-07-12,100.0,16.0,4.88,4921.0,2.43,30.9,Residential,1.907935304844902,1.7512236181085055,0,6,8,2,0.0,0.0,1.0,0.0,1.0,0.0,0.0,0.0,0.0,0.0,0.0,0.0,0.0,0.0,High,2,Low,5.6995401553980685,2.8355635214011694,10.64236815751081,0.8753,15.298499999999999,0,1123,0.16,18.561720698254366
T00774,R0199,Zone_4,11.69,79.48,280.26,Wallet,2023-10-09,1,Aarav Das,29.0,Male,Ahmedabad,2021-08-03,344.0,27.0,3.91,4038.0,2.46,48.2,Business,1.7036092679546653,0.7736497287455475,0,0,10,1,0.0,0.0,0.0,1.0,0.0,0.0,0.0,0.0,1.0,0.0,0.0,0.0,0.0,0.0,High,2,High,5.639279508442102,2.540814281726296,8.915155635209068,0.24752906976744188,4.652616279069767,0,1831,0.07848837209302326,23.974337040205302
T00775,R0213,Zone_5,5.98,53.94,106.57,Credit Card,2023-02-13,0,Kavya Ghosh,29.0,Female,Chennai,2019-06-04,456.0,26.0,3.74,2590.0,1.31,43.9,Business,-0.32783831919273987,-0.5095564570619213,0,0,2,0,0.0,1.0,0.0,0.0,0.0,0.0,0.0,0.0,0.0,1.0,0.0,0.0,0.0,0.0,Medium,1,High,4.678141798443914,1.9430489167742813,7.344385610791416,0.13396929824561402,2.3342105263157893,0,2622,0.05701754385964912,17.82107023411371
T00776,R0093,Zone_2,2.5700000000000003,17.8,38.6,Wallet,2023-09-05,0,Diya Patel,33.0,Other,Surat,2019-05-30,119.0,18.0,3.77,6371.0,0.91,58.4,Residential,-1.1228034438309409,-1.275884494470585,0,1,9,2,0.0,0.0,0.0,1.0,0.0,0.0,1.0,0.0,0.0,0.0,0.0,0.0,0.0,0.0,Low,0,Low,3.6788291182604347,1.2725655957915478,4.219004621945797,0.6012605042016808,9.999075630252099,0,2627,0.15126050420168066,15.019455252918286
T00777,R0023,Zone_5,8.0,40.24,164.23,Credit Card,2024-03-17,1,Meera Iyer,24.0,Other,Jaipur,2019-10-09,176.0,32.0,3.21,2590.0,1.31,43.9,Business,0.3465428649567182,-0.05560260498992714,0,6,3,2,0.0,1.0,0.0,0.0,0.0,0.0,0.0,0.0,0.0,1.0,0.0,0.0,0.0,0.0,Medium,1,Medium,5.1073384426629,2.1972245773362196,6.343500610861483,0.36880681818181815,6.793295454545454,0,2495,0.18181818181818182,20.52875
T00778,R0129,Zone_4,2.09,13.29,35.96,Wallet,2023-03-04,0,Vivaan Singh,35.0,Male,Hyderabad,2022-10-08,158.0,10.0,3.9,4038.0,2.46,48.2,Business,-1.1536804179231115,-1.3837547167451185,0,5,3,1,0.0,0.0,0.0,1.0,0.0,0.0,0.0,0.0,1.0,0.0,0.0,0.0,0.0,0.0,High,2,Low,3.6098362467734835,1.128171090909654,3.645545226711637,0.5688607594936709,9.54620253164557,0,1400,0.06329113924050633,17.20574162679426
T00779,R0193,Zone_1,9.5,68.8,211.56,Cash,2023-07-12,1,Kavya Singh,33.0,Female,Chennai,2022-01-03,389.0,68.0,4.41,4921.0,2.43,30.9,Residential,0.9001061921470384,0.2814918396179894,0,2,7,0,1.0,0.0,0.0,0.0,1.0,0.0,0.0,0.0,0.0,0.0,0.0,0.0,0.0,0.0,High,2,High,5.359224301451558,2.3513752571634776,8.294576541331088,0.14419023136246786,2.5851928020565555,0,1678,0.17480719794344474,22.269473684210528
T00780,R0047,Zone_4,15.26,79.91,310.84,UPI,2024-06-30,1,Reyansh Iyer,51.0,Female,Bengaluru,2021-10-07,69.0,3.0,4.86,4038.0,2.46,48.2,Business,2.061267551188977,1.575934506912389,0,6,6,0,0.0,0.0,1.0,0.0,0.0,0.0,0.0,0.0,1.0,0.0,0.0,0.0,0.0,0.0,High,2,Low,5.74249023575925,2.7887081041196646,8.939239341241512,0.9018840579710146,16.592318840579708,0,1766,0.043478260869565216,20.369593709043247
T00781,R0105,Zone_8,8.8,66.42,85.32,Cash,2024-03-09,0,Diya Das,31.0,Female,Jaipur,2020-09-28,346.0,9.0,3.69,4516.0,1.93,31.0,Business,-0.5763745689876754,0.12418109880096186,0,5,3,0,1.0,0.0,0.0,0.0,0.0,0.0,0.0,0.0,0.0,0.0,0.0,0.0,1.0,0.0,High,2,High,4.458061320949879,2.2823823856765264,8.149846624323676,0.27514450867052026,3.7604624277456646,0,2140,0.02601156069364162,9.695454545454544
T00782,R0032,Zone_2,7.11,61.63,176.63,Cash,2024-05-01,1,Kavya Reddy,18.0,Female,Mumbai,2023-09-20,213.0,24.0,4.0,6371.0,0.91,58.4,Residential,0.491571076601763,-0.2556119754572909,0,2,5,0,1.0,0.0,0.0,0.0,0.0,0.0,1.0,0.0,0.0,0.0,0.0,0.0,0.0,0.0,Low,0,Medium,5.179702735211794,2.0930978681273213,7.850477692471968,0.3107511737089202,6.473192488262911,0,1053,0.11267605633802817,24.84247538677918
T00783,R0076,Zone_8,9.71,57.36,130.03,Wallet,2023-09-03,0,Reyansh Reddy,40.0,Male,Bengaluru,2022-01-02,137.0,13.0,3.34,4516.0,1.93,31.0,Business,-0.05345429941913091,0.3286850618630979,0,6,9,1,0.0,0.0,0.0,1.0,0.0,0.0,0.0,0.0,0.0,0.0,0.0,0.0,1.0,0.0,High,2,Low,4.875426304616494,2.3711778844596574,7.573638491504595,0.4143795620437956,6.3124817518248175,0,1679,0.0948905109489051,13.391349124613798
T00784,R0173,Zone_1,9.43,91.48,122.19,Credit Card,2023-07-28,0,Saanvi Ghosh,26.0,Other,Mumbai,2020-01-15,389.0,55.0,4.28,4921.0,2.43,30.9,Residential,-0.14514955581406247,0.2657607655362866,0,4,7,2,0.0,1.0,0.0,0.0,1.0,0.0,0.0,0.0,0.0,0.0,0.0,0.0,0.0,0.0,High,2,High,4.813727878973883,2.344686269012681,9.564517760974674,0.1286375321336761,2.2145758354755785,0,2397,0.14138817480719795,12.957582184517497
T00785,R0290,Zone_9,3.81,28.82,70.83,Wallet,2023-12-02,0,Saanvi Kumar,34.0,Other,Chennai,2020-05-06,169.0,4.0,4.28,11037.0,1.83,56.1,Mixed,-0.745847051789022,-0.9972197535947073,0,5,12,2,0.0,0.0,0.0,1.0,0.0,0.0,0.0,0.0,0.0,0.0,0.0,0.0,0.0,1.0,High,2,Low,4.27430221608671,1.57069708411767,5.36842621258782,0.40366863905325445,6.376745562130178,0,2285,0.023668639053254437,18.590551181102363
T00786,R0035,Zone_1,9.2,65.36,150.05,Credit Card,2023-12-14,0,Reyansh Das,39.0,Male,Kolkata,2022-03-20,392.0,41.0,3.49,4921.0,2.43,30.9,Residential,0.18069608744649793,0.21407295069640594,0,3,12,1,0.0,1.0,0.0,0.0,1.0,0.0,0.0,0.0,0.0,0.0,0.0,0.0,0.0,0.0,High,2,High,5.017610907832681,2.322387720290225,8.084553172563094,0.07392857142857143,1.0711989795918366,0,1602,0.10459183673469388,16.309782608695656
T00787,R0183,Zone_7,11.1,92.83,152.12,Wallet,2024-01-25,0,Arjun Patel,43.0,Other,Jaipur,2022-08-27,406.0,66.0,3.79,11070.0,0.64,45.2,Industrial,0.2049064421324045,0.641059247199767,0,3,1,2,0.0,0.0,0.0,1.0,0.0,0.0,0.0,0.0,0.0,0.0,0.0,1.0,0.0,0.0,Low,0,High,5.031221927704644,2.4932054526026954,9.634832639957997,0.14231527093596058,2.0964039408866997,0,1442,0.1625615763546798,13.704504504504506
T00788,R0139,Zone_1,6.7,59.38,166.87,Cash,2023-05-24,1,Diya Gupta,44.0,Other,Kolkata,2023-10-09,155.0,7.0,4.39,4921.0,2.43,30.9,Residential,0.3774198390488892,-0.34775112365012145,0,2,5,2,1.0,0.0,0.0,0.0,1.0,0.0,0.0,0.0,0.0,0.0,0.0,0.0,0.0,0.0,High,2,Low,5.123189870334323,2.0412203288596382,7.705841939723395,0.38012903225806455,6.466,0,1034,0.04516129032258064,24.905970149253733
T00789,R0045,Zone_8,12.89,105.09,220.17,Cash,2024-02-26,0,Saanvi Iyer,34.0,Other,Ahmedabad,2023-07-12,100.0,16.0,4.88,4516.0,1.93,31.0,Business,1.0008072326521862,1.043325284431881,0,0,2,2,1.0,0.0,0.0,0.0,0.0,0.0,0.0,0.0,0.0,0.0,0.0,0.0,1.0,0.0,High,2,Low,5.39893163658063,2.6311691567662523,10.251341375644458,0.8753,15.298499999999999,0,1123,0.16,17.08068269976726
T00790,R0062,Zone_10,7.36,54.82,155.33,Credit Card,2024-01-24,1,Kavya Sharma,38.0,Male,Jaipur,2019-05-13,57.0,3.0,3.58,2440.0,1.54,35.4,Industrial,0.24245003563083956,-0.19942956802263814,0,2,1,1,0.0,1.0,0.0,0.0,0.0,1.0,0.0,0.0,0.0,0.0,0.0,0.0,0.0,0.0,Medium,1,Low,5.051969157589233,2.1234584270966104,7.404052944165108,1.1587719298245613,15.605438596491227,0,2644,0.05263157894736842,21.10461956521739
T00791,R0164,Zone_2,11.83,78.97,286.93,UPI,2024-01-06,1,Aadhya Ghosh,37.0,Other,Ahmedabad,2022-07-06,249.0,23.0,4.02,6371.0,0.91,58.4,Residential,1.7816204108314757,0.8051118769089531,0,5,1,2,0.0,0.0,1.0,0.0,0.0,0.0,1.0,0.0,0.0,0.0,0.0,0.0,0.0,0.0,Low,0,Medium,5.6627173950376015,2.551786178627545,8.886506625215558,0.40273092369477914,7.062208835341366,0,1494,0.09236947791164658,24.254437869822485
T00792,R0105,Zone_2,19.37,143.84,283.31,Cash,2023-07-05,0,Diya Das,31.0,Female,Jaipur,2020-09-28,346.0,9.0,3.69,6371.0,0.91,58.4,Residential,1.7392815296899384,2.4995732851380805,0,2,7,0,1.0,0.0,0.0,0.0,0.0,0.0,1.0,0.0,0.0,0.0,0.0,0.0,0.0,0.0,Low,0,High,5.650065192150214,3.0140632302387145,11.99333148045196,0.27514450867052026,3.7604624277456646,0,2140,0.02601156069364162,14.626226122870417
T00793,R0161,Zone_7,7.52,58.21,98.63,Wallet,2023-12-13,0,Aarav Nair,32.0,Other,Surat,2019-03-27,332.0,50.0,4.91,11070.0,0.64,45.2,Industrial,-0.4207031579396475,-0.16347282726446052,0,2,12,2,0.0,0.0,0.0,1.0,0.0,0.0,0.0,0.0,0.0,0.0,0.0,1.0,0.0,0.0,Low,0,Medium,4.601463324056765,2.1424163408412245,7.62954782408499,0.10006024096385542,1.7095180722891565,0,2691,0.15060240963855423,13.115691489361703
T00794,R0209,Zone_7,1.71,16.51,37.86,UPI,2023-01-20,1,Vivaan Sharma,31.0,Other,Surat,2020-06-11,109.0,20.0,3.77,11070.0,0.64,45.2,Industrial,-1.1314583532355644,-1.4691519760457905,0,4,1,2,0.0,0.0,1.0,0.0,0.0,0.0,0.0,0.0,0.0,0.0,0.0,1.0,0.0,0.0,Low,0,Low,3.659965443949294,0.9969486348916096,4.063249930782009,0.5368807339449542,6.743944954128441,0,2249,0.1834862385321101,22.140350877192983
T00795,R0296,Zone_4,6.32,48.62,81.7,Cash,2023-01-14,0,Reyansh Patel,37.0,Other,Hyderabad,2021-02-20,390.0,58.0,3.97,4038.0,2.46,48.2,Business,-0.6187134501292125,-0.4331483829507936,0,5,1,2,1.0,0.0,0.0,0.0,0.0,0.0,0.0,0.0,1.0,0.0,0.0,0.0,0.0,0.0,High,2,High,4.415219602029645,1.9906103279732201,6.972804313904127,0.20374358974358978,3.349897435897436,0,1995,0.14871794871794872,12.927215189873417
T00796,R0172,Zone_1,0.63,5.74,14.05,Wallet,2024-01-12,1,Reyansh Reddy,31.0,Other,Pune,2019-12-24,168.0,14.0,3.72,4921.0,2.43,30.9,Residential,-1.4099359112410899,-1.7118599761634905,0,4,1,2,0.0,0.0,0.0,1.0,1.0,0.0,0.0,0.0,0.0,0.0,0.0,0.0,0.0,0.0,High,2,Low,2.711377991194885,0.48858001481867097,2.3958297101421877,0.5050595238095238,8.86077380952381,0,2419,0.08333333333333333,22.301587301587304
T00797,R0258,Zone_7,11.06,69.44,227.04,Cash,2023-10-18,1,Vivaan Nair,32.0,Female,Jaipur,2020-01-29,313.0,39.0,3.76,11070.0,0.64,45.2,Industrial,1.081157540232949,0.6320700620102228,0,2,10,0,1.0,0.0,0.0,0.0,0.0,0.0,0.0,0.0,0.0,0.0,0.0,1.0,0.0,0.0,Low,0,Medium,5.429521052163381,2.4898941912990393,8.333066662399863,0.09338658146964858,1.5953674121405752,0,2383,0.12460063897763578,20.528028933092223
T00798,R0259,Zone_1,14.55,107.68,360.46,Credit Card,2024-04-08,1,Aadhya Das,32.0,Male,Jaipur,2019-06-25,150.0,27.0,3.52,4921.0,2.43,30.9,Residential,2.6416143142395514,1.4163764697979753,0,0,4,1,0.0,1.0,0.0,0.0,1.0,0.0,0.0,0.0,0.0,0.0,0.0,0.0,0.0,0.0,High,2,Low,5.890151385407493,2.744060638625243,10.376897416858279,0.5316000000000001,8.553866666666666,0,2601,0.18,24.773883161512025
T00799,R0154,Zone_3,11.48,59.73,237.17,Wallet,2023-12-15,1,Kavya Patel,18.0,Other,Kolkata,2019-03-25,466.0,79.0,4.68,12971.0,2.11,38.0,Business,1.1996362324881347,0.7264565065004394,0,4,12,2,0.0,0.0,0.0,1.0,0.0,0.0,0.0,1.0,0.0,0.0,0.0,0.0,0.0,0.0,High,2,High,5.472984704405132,2.5241273629412815,7.728518616138541,0.2974678111587983,4.419570815450644,0,2693,0.16952789699570817,20.659407665505224
T00800,R0175,Zone_7,9.6,93.14,195.74,Wallet,2024-01-11,1,Diya Patel,35.0,Male,Chennai,2022-08-18,98.0,8.0,3.48,11070.0,0.64,45.2,Industrial,0.7150782640644088,0.30396480259185044,0,3,1,1,0.0,0.0,0.0,1.0,0.0,0.0,0.0,0.0,0.0,0.0,0.0,1.0,0.0,0.0,Low,0,Low,5.281883060084612,2.3608540011180215,9.65090669315583,0.7169387755102041,12.928877551020408,0,1451,0.08163265306122448,20.389583333333334
T00801,R0059,Zone_10,4.78,26.45,113.28,Cash,2024-04-09,1,Aarav Sharma,43.0,Male,Delhi,2021-08-02,357.0,11.0,3.27,2440.0,1.54,35.4,Industrial,-0.24935934337513893,-0.7792320127482546,0,1,4,1,1.0,0.0,0.0,0.0,0.0,1.0,0.0,0.0,0.0,0.0,0.0,0.0,0.0,0.0,Medium,1,High,4.738651577362572,1.7544036826842861,5.142956348249516,0.09803921568627451,1.4979831932773109,0,1832,0.03081232492997199,23.698744769874477
T00802,R0292,Zone_9,15.88,155.72,175.8,Wallet,2024-01-11,0,Diya Patel,37.0,Female,Jaipur,2020-06-28,141.0,19.0,4.39,11037.0,1.83,56.1,Mixed,0.481863543080361,1.7152668773503281,0,3,1,0,0.0,0.0,0.0,1.0,0.0,0.0,0.0,0.0,0.0,0.0,0.0,0.0,0.0,1.0,High,2,Low,5.175019150203543,2.826129489167811,12.478781991845198,0.5628368794326241,8.070141843971632,0,2232,0.1347517730496454,11.070528967254408
T00803,R0282,Zone_2,11.77,69.66,114.25,Wallet,2024-01-15,0,Reyansh Kumar,22.0,Other,Bengaluru,2022-05-02,319.0,3.0,4.47,6371.0,0.91,58.4,Residential,-0.23801439456097012,0.7916280991246364,0,0,1,2,0.0,0.0,0.0,1.0,0.0,0.0,1.0,0.0,0.0,0.0,0.0,0.0,0.0,0.0,Low,0,Medium,4.747103681876758,2.547098670044448,8.346256645946132,0.29112852664576805,4.387931034482759,0,1559,0.009404388714733543,9.706881903143586
T00804,R0260,Zone_4,9.42,66.66,191.57,UPI,2024-07-16,1,Reyansh Das,55.0,Other,Mumbai,2019-07-17,63.0,3.0,4.24,4038.0,2.46,48.2,Business,0.6663066799870023,0.2635134692389005,0,1,7,2,0.0,0.0,1.0,0.0,0.0,0.0,0.0,0.0,1.0,0.0,0.0,0.0,0.0,0.0,High,2,Low,5.260459723991796,2.343727036325221,8.164557550780078,0.5998412698412698,10.94063492063492,0,2579,0.047619047619047616,20.33651804670913
T00805,R0207,Zone_9,9.02,86.02,210.79,Wallet,2023-08-14,1,Ishaan Iyer,31.0,Male,Mumbai,2023-12-06,47.0,3.0,3.93,11037.0,1.83,56.1,Mixed,0.8911004080368218,0.17362161734345602,0,0,8,1,0.0,0.0,0.0,1.0,0.0,0.0,0.0,0.0,0.0,0.0,0.0,0.0,0.0,1.0,High,2,Low,5.35559521769951,2.3045830956567186,9.274696760541554,1.3504255319148937,26.20127659574468,0,976,0.06382978723404255,23.36917960088692
T00806,R0194,Zone_7,8.56,67.99,187.22,UPI,2023-03-03,1,Arjun Iyer,30.0,Other,Jaipur,2023-02-10,10.0,2.0,4.06,11070.0,0.64,45.2,Industrial,0.6154298476760391,0.07024598766369516,0,4,3,2,0.0,0.0,1.0,0.0,0.0,0.0,0.0,0.0,0.0,0.0,0.0,1.0,0.0,0.0,Low,0,Low,5.237611491430642,2.25758772706331,8.245604889879214,4.361,68.455,0,1275,0.2,21.871495327102803
T00807,R0155,Zone_7,10.26,57.9,128.4,UPI,2023-08-25,0,Meera Reddy,23.0,Male,Hyderabad,2019-02-10,353.0,8.0,3.14,11070.0,0.64,45.2,Industrial,-0.07251849175634238,0.4522863582193338,0,4,8,1,0.0,0.0,1.0,0.0,0.0,0.0,0.0,0.0,0.0,0.0,0.0,1.0,0.0,0.0,Low,0,High,4.8629083820668,2.421256622711544,7.60920495189872,0.17254957507082153,2.639405099150142,0,2736,0.0226628895184136,12.514619883040936
T00808,R0154,Zone_7,4.93,37.07,85.54,Wallet,2024-01-19,0,Kavya Patel,18.0,Other,Kolkata,2019-03-25,466.0,79.0,4.68,11070.0,0.64,45.2,Industrial,-0.5738014878133277,-0.7455225682874631,0,4,1,2,0.0,0.0,0.0,1.0,0.0,0.0,0.0,0.0,0.0,0.0,0.0,1.0,0.0,0.0,Low,0,High,4.460606734796738,1.780024213009634,6.088513775955509,0.2974678111587983,4.419570815450644,0,2693,0.16952789699570817,17.350912778904668
T00809,R0011,Zone_4,15.63,95.95,148.68,Credit Card,2023-06-22,0,Vivaan Nair,26.0,Male,Chennai,2020-04-14,208.0,34.0,4.0,4038.0,2.46,48.2,Business,0.16467280922442437,1.6590844699156753,0,3,6,1,0.0,1.0,0.0,0.0,0.0,0.0,0.0,0.0,1.0,0.0,0.0,0.0,0.0,0.0,High,2,Medium,5.0084996819658345,2.8112082932048366,9.795407086997457,0.4276923076923077,7.8547115384615385,0,2307,0.16346153846153846,9.512476007677543
T00810,R0026,Zone_8,8.76,71.48,84.68,Cash,2023-06-25,0,Aarav Kumar,26.0,Female,Surat,2020-04-17,44.0,5.0,3.17,4516.0,1.93,31.0,Business,-0.5838598960403227,0.1151919136114172,0,6,6,0,1.0,0.0,0.0,0.0,0.0,0.0,0.0,0.0,0.0,0.0,0.0,0.0,1.0,0.0,High,2,Low,4.450619426139493,2.278292400425001,8.4545845551393,1.8020454545454547,22.11795454545455,0,2304,0.11363636363636363,9.666666666666668
T00811,R0191,Zone_8,11.0,88.33,181.41,Wallet,2024-06-15,0,Meera Gupta,33.0,Other,Surat,2020-08-14,87.0,6.0,4.56,4516.0,1.93,31.0,Business,0.5474771130262238,0.618586284225906,0,5,6,2,0.0,0.0,0.0,1.0,0.0,0.0,0.0,0.0,0.0,0.0,0.0,0.0,1.0,0.0,High,2,Low,5.206256900698823,2.4849066497880004,9.398404119849284,0.9559770114942528,15.24735632183908,0,2185,0.06896551724137931,16.491818181818182
T00812,R0262,Zone_7,5.83,32.69,70.96,UPI,2023-04-17,0,Meera Singh,30.0,Male,Ahmedabad,2019-04-21,6.0,0.0,3.35,11070.0,0.64,45.2,Industrial,-0.744326594731453,-0.543265901522713,0,0,4,1,0.0,0.0,1.0,0.0,0.0,0.0,0.0,0.0,0.0,0.0,0.0,1.0,0.0,0.0,Low,0,Low,4.2761104090823325,1.9213246735826988,5.717516943569122,9.936666666666667,161.22666666666666,0,2666,0.0,12.171526586620924
T00813,R0002,Zone_10,9.87,78.29,150.1,Credit Card,2024-02-19,0,Ishaan Nair,39.0,Female,Mumbai,2019-11-23,70.0,5.0,4.12,2440.0,1.54,35.4,Industrial,0.1812808786224858,0.3646418026212753,0,0,2,0,0.0,1.0,0.0,0.0,0.0,1.0,0.0,0.0,0.0,0.0,0.0,0.0,0.0,0.0,Medium,1,Low,5.017941869278694,2.386006701133118,8.84816365128946,1.0812857142857142,16.794428571428572,0,2450,0.07142857142857142,15.207700101317123
T00814,R0040,Zone_2,3.41,27.78,72.45,Wallet,2023-06-28,1,Aarav Gupta,34.0,Other,Surat,2023-05-05,485.0,36.0,4.41,6371.0,0.91,58.4,Residential,-0.7268998176870081,-1.0871116054901517,0,2,6,2,0.0,0.0,0.0,1.0,0.0,0.0,1.0,0.0,0.0,0.0,0.0,0.0,0.0,0.0,Low,0,High,4.296604902619887,1.4838746894587547,5.270673581241775,0.1658762886597938,2.352061855670103,0,1191,0.07422680412371134,21.24633431085044
T00815,R0246,Zone_7,2.41,17.89,23.05,Cash,2024-04-06,0,Vivaan Das,29.0,Other,Mumbai,2021-03-31,240.0,34.0,4.79,11070.0,0.64,45.2,Industrial,-1.3046734995632348,-1.3118412352287627,0,5,4,2,1.0,0.0,0.0,0.0,0.0,0.0,0.0,0.0,0.0,0.0,0.0,1.0,0.0,0.0,Low,0,Medium,3.1801349965517702,1.2267122912954254,4.2296571965113205,0.34891666666666665,6.460624999999999,0,1956,0.14166666666666666,9.564315352697095
T00816,R0199,Zone_1,7.84,62.24,192.43,Cash,2023-01-18,1,Aarav Das,29.0,Male,Ahmedabad,2021-08-03,344.0,27.0,3.91,4921.0,2.43,30.9,Residential,0.6763650882139975,-0.09155934574810494,0,2,1,1,1.0,0.0,0.0,0.0,1.0,0.0,0.0,0.0,0.0,0.0,0.0,0.0,0.0,0.0,High,2,High,5.264915689914006,2.179286876649552,7.889233169326408,0.24752906976744188,4.652616279069767,0,1831,0.07848837209302326,24.544642857142858
T00817,R0246,Zone_5,1.3900000000000001,11.53,27.24,Wallet,2024-06-13,0,Vivaan Das,29.0,Other,Mumbai,2021-03-31,240.0,34.0,4.79,2590.0,1.31,43.9,Business,-1.2556679990154334,-1.541065457562146,0,3,6,2,0.0,0.0,0.0,1.0,0.0,0.0,0.0,0.0,0.0,1.0,0.0,0.0,0.0,0.0,Medium,1,Medium,3.3407394126250414,0.8712933659434193,3.395585369269929,0.34891666666666665,6.460624999999999,0,1956,0.14166666666666666,19.59712230215827
T00818,R0095,Zone_8,20.2,152.79,379.63,Wallet,2023-07-14,0,Kavya Iyer,29.0,Female,Chennai,2020-10-07,481.0,77.0,4.26,4516.0,1.93,31.0,Business,3.8664009532289936,2.686098877821127,0,4,7,0,0.0,0.0,0.0,1.0,0.0,0.0,0.0,0.0,0.0,0.0,0.0,0.0,1.0,0.0,High,2,High,5.94182777466688,3.054001181677967,12.360825215170708,0.23856548856548856,3.907713097713098,0,2131,0.1600831600831601,18.793564356435645
T00819,R0276,Zone_1,0.34,2.99,5.01,Credit Card,2024-08-18,0,Aadhya Ghosh,26.0,Other,Chennai,2022-11-07,196.0,1.0,3.63,4921.0,2.43,30.9,Residential,-1.5156661558597355,-1.7770315687876879,0,6,8,2,0.0,1.0,0.0,0.0,1.0,0.0,0.0,0.0,0.0,0.0,0.0,0.0,0.0,0.0,High,2,Medium,1.7934247485471162,0.29266961396282,1.7291616465790582,0.1556122448979592,2.5521428571428575,0,1370,0.00510204081632653,14.735294117647058
T00820,R0170,Zone_9,9.73,96.07,229.45,Cash,2023-03-01,1,Saanvi Kumar,29.0,Other,Bengaluru,2020-05-20,28.0,3.0,3.68,11037.0,1.83,56.1,Mixed,1.1093444749155745,0.33317965445787007,0,2,3,2,1.0,0.0,0.0,0.0,0.0,0.0,0.0,0.0,0.0,0.0,0.0,0.0,0.0,1.0,High,2,Low,5.440033919166517,2.373043556642607,9.801530492734285,1.9110714285714285,33.70392857142857,0,2271,0.10714285714285714,23.58170606372045
T00821,R0011,Zone_9,16.28,158.5,324.06,UPI,2023-01-08,0,Vivaan Nair,26.0,Male,Chennai,2020-04-14,208.0,34.0,4.0,11037.0,1.83,56.1,Mixed,2.2158863381202267,1.8051587292457725,0,6,1,1,0.0,0.0,1.0,0.0,0.0,0.0,0.0,0.0,0.0,0.0,0.0,0.0,0.0,1.0,High,2,Medium,5.78400978067503,2.8495497633759097,12.589678312014172,0.4276923076923077,7.8547115384615385,0,2307,0.16346153846153846,19.905405405405403
T00822,R0137,Zone_3,10.41,102.5,201.61,UPI,2023-10-09,0,Arjun Gupta,27.0,Male,Bengaluru,2021-08-10,166.0,32.0,3.14,12971.0,2.11,38.0,Business,0.7837327481254098,0.4859958026801255,0,0,10,1,0.0,0.0,1.0,0.0,0.0,0.0,0.0,1.0,0.0,0.0,0.0,0.0,0.0,0.0,High,2,Low,5.31128294893806,2.4344901638739844,10.124228365658293,0.49596385542168675,9.032349397590362,0,1824,0.1927710843373494,19.36695485110471
T00823,R0051,Zone_2,6.45,58.28,160.96,Wallet,2023-03-21,1,Aarav Nair,21.0,Male,Kolkata,2020-04-05,213.0,14.0,4.02,6371.0,0.91,58.4,Residential,0.3082975220470977,-0.4039335310847742,0,1,3,1,0.0,0.0,0.0,1.0,0.0,0.0,1.0,0.0,0.0,0.0,0.0,0.0,0.0,0.0,Low,0,Medium,5.0873493911639605,2.0082140323914683,7.634133873596926,0.2778403755868545,5.169107981220657,0,2316,0.06572769953051644,24.955038759689923
T00824,R0103,Zone_3,5.24,41.02,100.04,UPI,2023-10-13,0,Ishaan Gupta,37.0,Other,Surat,2022-11-24,175.0,14.0,3.07,12971.0,2.11,38.0,Business,-0.4042120467767834,-0.6758563830684936,0,4,10,2,0.0,0.0,1.0,0.0,0.0,0.0,0.0,1.0,0.0,0.0,0.0,0.0,0.0,0.0,High,2,Medium,4.6155164780422355,1.8309801823813363,6.404685784642366,0.40817142857142863,7.065371428571429,0,1353,0.08,19.091603053435115
T00825,R0173,Zone_9,11.37,81.72,227.27,Cash,2024-04-20,0,Saanvi Ghosh,26.0,Other,Mumbai,2020-01-15,389.0,55.0,4.28,11037.0,1.83,56.1,Mixed,1.0838475796424942,0.7017362472291919,0,5,4,2,1.0,0.0,0.0,0.0,0.0,0.0,0.0,0.0,0.0,0.0,0.0,0.0,0.0,1.0,High,2,High,5.430529138856541,2.5152741864043966,9.039911503991618,0.1286375321336761,2.2145758354755785,0,2397,0.14138817480719795,19.988566402814428
T00826,R0274,Zone_6,4.0,36.46,49.98,Cash,2024-01-02,0,Reyansh Nair,27.0,Female,Surat,2019-03-18,31.0,5.0,3.04,14627.0,0.54,37.6,Mixed,-0.989704972176053,-0.9545211239443713,0,1,1,0,1.0,0.0,0.0,0.0,0.0,0.0,0.0,0.0,0.0,0.0,1.0,0.0,0.0,0.0,Low,0,Low,3.9314333989479695,1.6094379124341003,6.038211655780211,0.9754838709677419,15.392258064516128,0,2700,0.16129032258064516,12.495
T00827,R0123,Zone_8,7.4,53.16,177.79,Cash,2023-03-29,1,Meera Ghosh,32.0,Male,Bengaluru,2023-06-24,156.0,26.0,3.31,4516.0,1.93,31.0,Business,0.5051382318846865,-0.1904403828330937,0,2,3,1,1.0,0.0,0.0,0.0,0.0,0.0,0.0,0.0,0.0,0.0,0.0,0.0,1.0,0.0,High,2,Low,5.186211932763729,2.128231705849268,7.291090453423274,0.2416666666666667,4.584487179487179,0,1141,0.16666666666666666,24.025675675675675
T00828,R0217,Zone_1,11.46,102.49,223.52,Wallet,2024-01-04,0,Kavya Iyer,39.0,Other,Jaipur,2023-03-03,104.0,5.0,3.52,4921.0,2.43,30.9,Residential,1.039988241443388,0.7219619139056672,0,3,1,2,0.0,0.0,0.0,1.0,1.0,0.0,0.0,0.0,0.0,0.0,0.0,0.0,0.0,0.0,High,2,Low,5.413964790073998,2.522523513359307,10.123734488813898,0.40807692307692306,7.267596153846155,0,1254,0.04807692307692308,19.5043630017452
T00829,R0219,Zone_8,6.46,44.85,64.33,Credit Card,2024-03-19,0,Vivaan Sharma,25.0,Female,Pune,2021-04-13,498.0,83.0,4.15,4516.0,1.93,31.0,Business,-0.8218699046674729,-0.40168623478738813,0,1,3,0,0.0,1.0,0.0,0.0,0.0,0.0,0.0,0.0,0.0,0.0,0.0,0.0,1.0,0.0,High,2,High,4.179451348852659,2.0095554142156695,6.697014260101288,0.025783132530120483,0.3268473895582329,0,1943,0.16666666666666666,9.958204334365325
T00830,R0211,Zone_4,8.44,42.96,70.59,UPI,2024-03-29,0,Arjun Reddy,36.0,Female,Mumbai,2021-04-04,435.0,17.0,3.63,4038.0,2.46,48.2,Business,-0.7486540494337648,0.04327843209506161,0,4,3,0,0.0,0.0,1.0,0.0,0.0,0.0,0.0,0.0,1.0,0.0,0.0,0.0,0.0,0.0,High,2,High,4.270955399408094,2.244955980157409,6.554387843269576,0.10593103448275862,1.4847816091954023,0,1952,0.03908045977011494,8.363744075829384
T00831,R0095,Zone_2,6.48,41.54,101.23,UPI,2023-12-06,0,Kavya Iyer,29.0,Female,Chennai,2020-10-07,481.0,77.0,4.26,6371.0,0.91,58.4,Residential,-0.3902940167882671,-0.3971916421926158,0,2,12,0,0.0,0.0,1.0,0.0,0.0,0.0,1.0,0.0,0.0,0.0,0.0,0.0,0.0,0.0,Low,0,High,4.627225176768922,2.012232791986386,6.445153217728808,0.23856548856548856,3.907713097713098,0,2131,0.1600831600831601,15.621913580246913
T00832,R0263,Zone_5,3.15,25.7,27.71,Cash,2024-06-23,0,Ishaan Das,31.0,Other,Chennai,2020-12-30,297.0,21.0,3.84,2590.0,1.31,43.9,Business,-1.2501709619611452,-1.1455413092221907,0,6,6,2,1.0,0.0,0.0,0.0,0.0,0.0,0.0,0.0,0.0,1.0,0.0,0.0,0.0,0.0,Medium,1,Medium,3.3572454941329726,1.423108334242607,5.06951674225463,0.3522558922558922,5.2110101010101015,0,2047,0.0707070707070707,8.796825396825398
T00833,R0100,Zone_8,13.95,128.35,249.64,UPI,2023-11-23,0,Ishaan Gupta,28.0,Male,Delhi,2021-05-24,383.0,60.0,3.79,4516.0,1.93,31.0,Business,1.3454831517795627,1.2815386919548084,0,3,11,1,0.0,0.0,1.0,0.0,0.0,0.0,0.0,0.0,0.0,0.0,0.0,0.0,1.0,0.0,High,2,High,5.524017646643936,2.7047112998366956,11.329165900453573,0.26488250652741513,4.327650130548303,0,1902,0.1566579634464752,17.895340501792116
T00834,R0196,Zone_6,14.97,148.09,360.26,Cash,2023-11-17,1,Vivaan Das,18.0,Male,Hyderabad,2019-06-24,51.0,9.0,4.93,14627.0,0.54,37.6,Mixed,2.639275149535599,1.510762914288192,0,4,11,1,1.0,0.0,0.0,0.0,0.0,0.0,0.0,0.0,0.0,0.0,1.0,0.0,0.0,0.0,Low,0,Low,5.889597920704412,2.770711962226921,12.169223475637219,1.8813725490196078,31.831960784313726,0,2602,0.17647058823529413,24.065464261857045
T00835,R0175,Zone_10,6.42,50.58,90.17,UPI,2023-10-25,0,Diya Patel,35.0,Male,Chennai,2022-08-18,98.0,8.0,3.48,2440.0,1.54,35.4,Industrial,-0.5196498249168312,-0.4106754199769326,0,2,10,1,0.0,0.0,1.0,0.0,0.0,1.0,0.0,0.0,0.0,0.0,0.0,0.0,0.0,0.0,Medium,1,Low,4.5127258955968115,2.004179057179289,7.111961754677819,0.7169387755102041,12.928877551020408,0,1451,0.08163265306122448,14.045171339563863
T00836,R0074,Zone_3,6.67,63.51,134.88,Wallet,2023-11-20,1,Vivaan Ghosh,23.0,Male,Kolkata,2023-09-11,199.0,22.0,4.89,12971.0,2.11,38.0,Business,0.0032704446517131426,-0.35449301254227983,0,0,11,1,0.0,0.0,0.0,1.0,0.0,0.0,0.0,1.0,0.0,0.0,0.0,0.0,0.0,0.0,High,2,Medium,4.911772143292383,2.0373166153791646,7.969316156358712,0.2321105527638191,4.106884422110553,0,1062,0.11055276381909548,20.221889055472264
T00837,R0249,Zone_5,7.11,38.44,172.27,Cash,2024-01-27,1,Diya Nair,20.0,Male,Mumbai,2023-03-24,396.0,48.0,4.49,2590.0,1.31,43.9,Business,0.44057728605560226,-0.2556119754572909,0,5,1,1,1.0,0.0,0.0,0.0,0.0,0.0,0.0,0.0,0.0,1.0,0.0,0.0,0.0,0.0,Medium,1,High,5.154851071522756,2.0930978681273213,6.2,0.1634090909090909,2.728611111111111,0,1233,0.12121212121212122,24.229254571026722
T00838,R0064,Zone_5,10.69,67.78,97.49,Wallet,2023-05-21,0,Ishaan Nair,21.0,Female,Bengaluru,2023-09-30,214.0,2.0,4.21,2590.0,1.31,43.9,Business,-0.4340363967521758,0.5489200990069365,0,6,5,0,0.0,0.0,0.0,1.0,0.0,0.0,0.0,0.0,0.0,1.0,0.0,0.0,0.0,0.0,Medium,1,Medium,4.589955020181611,2.458733775483977,8.232860985101109,0.26429906542056075,5.103691588785047,0,1043,0.009345794392523364,9.119738072965388
T00839,R0017,Zone_1,3.47,34.41,43.68,UPI,2024-03-16,0,Meera Das,49.0,Female,Mumbai,2023-03-18,288.0,21.0,3.83,4921.0,2.43,30.9,Residential,-1.0633886603505514,-1.073627827705835,0,5,3,0,0.0,0.0,1.0,0.0,1.0,0.0,0.0,0.0,0.0,0.0,0.0,0.0,0.0,0.0,High,2,Medium,3.799525974201,1.4973884086254776,5.866003750424985,0.19437500000000002,2.820520833333333,0,1239,0.07291666666666667,12.587896253602304
T00840,R0165,Zone_7,7.5600000000000005,59.67,80.83,Cash,2023-11-18,0,Meera Reddy,37.0,Female,Kolkata,2021-12-09,34.0,5.0,3.27,11070.0,0.64,45.2,Industrial,-0.6288888165914053,-0.15448364207491588,0,5,11,0,1.0,0.0,0.0,0.0,0.0,0.0,0.0,0.0,0.0,0.0,0.0,1.0,0.0,0.0,Low,0,Low,4.4046439245392905,2.1471001901536506,7.72463591375024,1.3738235294117647,22.932352941176468,0,1703,0.14705882352941177,10.691798941798941
T00841,R0057,Zone_8,9.31,84.72,172.07,UPI,2024-05-28,0,Aadhya Reddy,39.0,Male,Bengaluru,2023-06-04,407.0,11.0,3.66,4516.0,1.93,31.0,Business,0.43823812135164975,0.23879320996765344,0,1,5,1,0.0,0.0,1.0,0.0,0.0,0.0,0.0,0.0,0.0,0.0,0.0,0.0,1.0,0.0,High,2,High,5.153696136936908,2.333114298028869,9.204346799203082,0.24648648648648647,3.8921621621621623,0,1161,0.02702702702702703,18.482277121374864
T00842,R0286,Zone_10,11.21,90.18,256.47,Cash,2023-08-18,1,Ishaan Nair,26.0,Male,Pune,2023-02-15,29.0,0.0,4.48,2440.0,1.54,35.4,Industrial,1.4253656264195353,0.6657795064710145,0,4,8,1,1.0,0.0,0.0,0.0,0.0,1.0,0.0,0.0,0.0,0.0,0.0,0.0,0.0,0.0,Medium,1,Low,5.550903208462204,2.502255288122613,9.496315074806649,1.4572413793103447,21.62551724137931,0,1270,0.0,22.878679750223014
T00843,R0024,Zone_10,5.9,35.3,53.0,UPI,2023-08-07,0,Meera Kumar,41.0,Other,Chennai,2019-07-10,140.0,16.0,3.49,2440.0,1.54,35.4,Industrial,-0.9543835851463727,-0.5275348274410102,0,0,8,2,0.0,0.0,1.0,0.0,0.0,1.0,0.0,0.0,0.0,0.0,0.0,0.0,0.0,0.0,Medium,1,Low,3.9889840465642745,1.9315214116032138,5.941380311005179,0.2212142857142857,3.4135,0,2586,0.11428571428571428,8.983050847457626
T00844,R0195,Zone_9,10.02,77.79,144.86,UPI,2023-09-04,0,Aadhya Reddy,33.0,Male,Kolkata,2021-05-27,72.0,10.0,4.97,11037.0,1.83,56.1,Mixed,0.11999476337893486,0.3983512470820671,0,0,9,1,0.0,0.0,1.0,0.0,0.0,0.0,0.0,0.0,0.0,0.0,0.0,0.0,0.0,1.0,High,2,Low,4.982647257556087,2.3997118037247684,8.81986394452885,0.9766666666666668,14.502361111111112,0,1899,0.1388888888888889,14.457085828343315
T00845,R0121,Zone_2,9.73,85.5,159.08,Credit Card,2023-09-18,0,Diya Iyer,29.0,Male,Pune,2023-07-13,378.0,10.0,4.17,6371.0,0.91,58.4,Residential,0.2863093738299458,0.33317965445787007,0,0,9,1,0.0,1.0,0.0,0.0,0.0,0.0,1.0,0.0,0.0,0.0,0.0,0.0,0.0,0.0,Low,0,High,5.075673690275478,2.373043556642607,9.246621004453464,0.23269841269841268,3.8740211640211637,0,1122,0.026455026455026454,16.349434737923946
T00846,R0069,Zone_8,13.04,76.02,201.73,Cash,2024-01-31,0,Diya Singh,22.0,Male,Ahmedabad,2023-02-01,16.0,1.0,4.56,4516.0,1.93,31.0,Business,0.785136246947781,1.0770347288926723,0,2,1,1,1.0,0.0,0.0,0.0,0.0,0.0,0.0,0.0,0.0,0.0,0.0,0.0,1.0,0.0,High,2,Low,5.311875044480103,2.641910398597665,8.718944890294926,0.815,12.608125,0,1284,0.0625,15.470092024539877
T00847,R0287,Zone_8,5.37,46.74,100.4,Wallet,2024-06-29,0,Saanvi Singh,18.0,Other,Delhi,2021-12-17,320.0,34.0,3.33,4516.0,1.93,31.0,Business,-0.4000015503096692,-0.6466415312024741,0,5,6,2,0.0,0.0,0.0,1.0,0.0,0.0,0.0,0.0,0.0,0.0,0.0,0.0,1.0,0.0,High,2,Medium,4.619073091157083,1.851599469584072,6.836665854054885,0.12587500000000001,2.3166874999999996,0,1695,0.10625,18.696461824953445
T00848,R0234,Zone_10,5.41,31.94,69.82,Wallet,2023-12-05,0,Saanvi Nair,32.0,Other,Pune,2022-12-01,183.0,31.0,3.98,2440.0,1.54,35.4,Industrial,-0.7576598335439814,-0.6376523460129297,0,1,12,2,0.0,0.0,0.0,1.0,0.0,1.0,0.0,0.0,0.0,0.0,0.0,0.0,0.0,0.0,Medium,1,Medium,4.2601414466837575,1.8578592709325787,5.651548460377917,0.34677595628415303,6.222677595628415,0,1346,0.16939890710382513,12.905730129390017
T00849,R0218,Zone_3,14.01,112.36,252.18,Credit Card,2023-06-25,0,Arjun Reddy,34.0,Other,Delhi,2019-01-11,160.0,16.0,3.87,12971.0,2.11,38.0,Business,1.3751905435197576,1.2950224697391253,0,6,6,2,0.0,1.0,0.0,0.0,0.0,0.0,0.0,1.0,0.0,0.0,0.0,0.0,0.0,0.0,High,2,Low,5.5341006982086824,2.7087166456453704,10.6,0.31275,4.5341875,0,2766,0.1,18.0
T00850,R0078,Zone_3,0.18,1.0,3.27,UPI,2023-07-17,0,Saanvi Sharma,30.0,Other,Jaipur,2023-01-02,97.0,9.0,3.62,12971.0,2.11,38.0,Business,-1.543853090542361,-1.8129883095458657,0,0,7,2,0.0,0.0,1.0,0.0,0.0,0.0,0.0,1.0,0.0,0.0,0.0,0.0,0.0,0.0,High,2,Low,1.451613827240533,0.16551443847757338,1.0,0.025670103092783503,0.26979381443298966,0,1314,0.09278350515463918,18.166666666666668
T00851,R0151,Zone_9,16.15,104.49,360.99,UPI,2023-05-03,1,Meera Reddy,34.0,Male,Hyderabad,2023-02-25,394.0,56.0,5.0,11037.0,1.83,56.1,Mixed,2.6478131007050254,1.7759438773797525,0,2,5,1,0.0,0.0,1.0,0.0,0.0,0.0,0.0,0.0,0.0,0.0,0.0,0.0,0.0,1.0,High,2,High,5.891616587134821,2.8419981736119486,10.222035022440492,0.15967005076142132,2.8274111675126905,0,1260,0.14213197969543148,22.35232198142415
T00852,R0237,Zone_10,20.78,119.75,325.43,Credit Card,2023-02-28,0,Aadhya Nair,40.0,Male,Chennai,2022-12-13,36.0,3.0,3.71,2440.0,1.54,35.4,Industrial,2.2319096163423002,2.8164420630695224,0,1,2,1,0.0,1.0,0.0,0.0,0.0,1.0,0.0,0.0,0.0,0.0,0.0,0.0,0.0,0.0,Medium,1,Low,5.788215530631031,3.0809921175048145,10.943034314119645,2.7047222222222222,48.88055555555556,0,1334,0.08333333333333333,15.660731472569777
T00853,R0014,Zone_9,10.39,73.68,186.29,UPI,2024-05-09,0,Aarav Das,26.0,Female,Ahmedabad,2021-06-08,325.0,53.0,3.0,11037.0,1.83,56.1,Mixed,0.6045527318026608,0.4815012100853534,0,3,5,0,0.0,0.0,1.0,0.0,0.0,0.0,0.0,0.0,0.0,0.0,0.0,0.0,0.0,1.0,High,2,Medium,5.232658217741762,2.432735777459091,8.583705493549974,0.1298153846153846,2.710769230769231,0,1887,0.16307692307692306,17.929740134744947
T00854,R0198,Zone_1,12.07,74.81,147.41,Cash,2023-05-08,0,Vivaan Kumar,31.0,Other,Mumbai,2021-12-10,202.0,23.0,3.85,4921.0,2.43,30.9,Residential,0.14981911335432693,0.8590469880462198,0,0,5,2,1.0,0.0,0.0,0.0,1.0,0.0,0.0,0.0,0.0,0.0,0.0,0.0,0.0,0.0,High,2,Medium,4.999978713907727,2.570319527636131,8.649277426467485,0.19361386138613862,2.9134158415841584,0,1702,0.11386138613861387,12.212924606462302
T00855,R0121,Zone_2,0.55,5.44,4.88,UPI,2023-03-18,0,Diya Iyer,29.0,Male,Pune,2023-07-13,378.0,10.0,4.17,6371.0,0.91,58.4,Residential,-1.5171866129173044,-1.7298383465425795,0,5,3,1,0.0,0.0,1.0,0.0,0.0,0.0,1.0,0.0,0.0,0.0,0.0,0.0,0.0,0.0,Low,0,High,1.7715567619105355,0.4382549309311553,2.3323807579381204,0.23269841269841268,3.8740211640211637,0,1122,0.026455026455026454,8.872727272727271
T00856,R0047,Zone_10,4.53,28.41,68.32,Cash,2023-09-16,0,Reyansh Iyer,51.0,Female,Bengaluru,2021-10-07,69.0,3.0,4.86,2440.0,1.54,35.4,Industrial,-0.7752035688236238,-0.8354144201829073,0,5,9,0,1.0,0.0,0.0,0.0,0.0,1.0,0.0,0.0,0.0,0.0,0.0,0.0,0.0,0.0,Medium,1,Low,4.238733464847405,1.7101878155342434,5.330103188494571,0.9018840579710146,16.592318840579708,0,1766,0.043478260869565216,15.081677704194258
T00857,R0070,Zone_8,13.29,112.97,182.82,Wallet,2023-01-31,0,Meera Reddy,33.0,Male,Bengaluru,2023-01-03,310.0,6.0,3.54,4516.0,1.93,31.0,Business,0.5639682241890878,1.1332171363273251,0,1,1,1,0.0,0.0,0.0,1.0,0.0,0.0,0.0,0.0,0.0,0.0,0.0,0.0,1.0,0.0,High,2,Medium,5.213957017929963,2.659559991941776,10.6287346377638,0.2897096774193548,5.337709677419355,0,1313,0.01935483870967742,13.756207674943568
T00858,R0051,Zone_1,9.81,84.78,203.51,UPI,2023-11-03,1,Aarav Nair,21.0,Male,Kolkata,2020-04-05,213.0,14.0,4.02,4921.0,2.43,30.9,Residential,0.8059548128129568,0.35115802483695896,0,4,11,1,0.0,0.0,1.0,0.0,1.0,0.0,0.0,0.0,0.0,0.0,0.0,0.0,0.0,0.0,High,2,Medium,5.320616874042804,2.3804716316511167,9.207605551933684,0.2778403755868545,5.169107981220657,0,2316,0.06572769953051644,20.745158002038735
T00859,R0077,Zone_10,7.09,47.03,153.29,Credit Card,2024-04-29,1,Reyansh Das,28.0,Male,Mumbai,2019-09-07,406.0,72.0,3.79,2440.0,1.54,35.4,Industrial,0.21859055565052551,-0.2601065680520632,0,0,4,1,0.0,1.0,0.0,0.0,0.0,1.0,0.0,0.0,0.0,0.0,0.0,0.0,0.0,0.0,Medium,1,High,5.0388339484549345,2.0906287310704004,6.8578422262399705,0.3617241379310345,5.7729556650246305,0,2527,0.17733990147783252,21.62059238363893
T00860,R0173,Zone_2,9.16,68.84,226.07,Wallet,2023-12-10,1,Saanvi Ghosh,26.0,Other,Mumbai,2020-01-15,389.0,55.0,4.28,6371.0,0.91,58.4,Residential,1.0698125914187802,0.2050837655068617,0,6,12,2,0.0,0.0,0.0,1.0,0.0,0.0,1.0,0.0,0.0,0.0,0.0,0.0,0.0,0.0,Low,0,High,5.425258339989186,2.318458442150336,8.296987405076615,0.1286375321336761,2.2145758354755785,0,2397,0.14138817480719795,24.68013100436681
T00861,R0174,Zone_4,10.53,65.78,127.52,UPI,2024-01-14,0,Aadhya Patel,32.0,Male,Kolkata,2019-02-07,320.0,7.0,3.8,4038.0,2.46,48.2,Business,-0.08281081645373277,0.5129633582487586,0,6,1,1,0.0,0.0,1.0,0.0,0.0,0.0,0.0,0.0,1.0,0.0,0.0,0.0,0.0,0.0,High,2,Medium,4.856084534247658,2.4449523342809676,8.110487038396647,0.1941875,2.88059375,0,2739,0.021875,12.110161443494777
T00862,R0007,Zone_3,6.53,49.22,114.54,Cash,2023-06-30,0,Ishaan Ghosh,18.0,Female,Mumbai,2021-03-26,458.0,82.0,4.03,12971.0,2.11,38.0,Business,-0.23462260574023916,-0.3859551607056853,0,4,6,0,1.0,0.0,0.0,0.0,0.0,0.0,0.0,1.0,0.0,0.0,0.0,0.0,0.0,0.0,High,2,High,4.7496167903531195,2.018895041811802,7.0156966867161525,0.08650655021834062,1.3033187772925765,0,1961,0.17903930131004367,17.540581929555895
T00863,R0026,Zone_7,7.86,60.9,110.73,Cash,2023-12-21,0,Aarav Kumar,26.0,Female,Surat,2020-04-17,44.0,5.0,3.17,11070.0,0.64,45.2,Industrial,-0.27918369335053117,-0.08706475315333262,0,3,12,0,1.0,0.0,0.0,0.0,0.0,0.0,0.0,0.0,0.0,0.0,0.0,1.0,0.0,0.0,Low,0,Low,4.716085246559246,2.1815467646169897,7.803845206050668,1.8020454545454547,22.11795454545455,0,2304,0.11363636363636363,14.087786259541984
T00864,R0074,Zone_9,7.82,71.16,98.63,UPI,2023-07-01,0,Vivaan Ghosh,23.0,Male,Kolkata,2023-09-11,199.0,22.0,4.89,11037.0,1.83,56.1,Mixed,-0.4207031579396475,-0.09605393834287707,0,5,7,1,0.0,0.0,1.0,0.0,0.0,0.0,0.0,0.0,0.0,0.0,0.0,0.0,0.0,1.0,High,2,Medium,4.601463324056765,2.1770218700187,8.435638683585257,0.2321105527638191,4.106884422110553,0,1062,0.11055276381909548,12.612531969309462
T00865,R0255,Zone_5,2.74,18.84,59.39,Credit Card,2023-12-21,1,Reyansh Sharma,37.0,Female,Bengaluru,2021-07-06,475.0,42.0,3.12,2590.0,1.31,43.9,Business,-0.8796472728550955,-1.237680457415021,0,3,12,0,0.0,1.0,0.0,0.0,0.0,0.0,0.0,0.0,0.0,1.0,0.0,0.0,0.0,0.0,Medium,1,High,4.10082352831981,1.3190856114264407,4.340506882842141,0.15162105263157893,2.6573052631578946,0,1859,0.08842105263157894,21.675182481751822
T00866,R0147,Zone_2,9.62,51.86,99.1,UPI,2023-04-29,0,Saanvi Nair,35.0,Other,Mumbai,2022-08-29,239.0,21.0,3.91,6371.0,0.91,58.4,Residential,-0.4152061208853595,0.3084593951866226,0,5,4,2,0.0,0.0,1.0,0.0,0.0,0.0,1.0,0.0,0.0,0.0,0.0,0.0,0.0,0.0,Low,0,Medium,4.6061696863211745,2.362739015813793,7.201388754955532,0.26589958158995813,4.27531380753138,0,1440,0.08786610878661087,10.301455301455302
T00867,R0166,Zone_4,17.02,118.13,218.52,Wallet,2023-05-22,0,Reyansh Sharma,24.0,Other,Chennai,2021-03-16,349.0,63.0,4.29,4038.0,2.46,48.2,Business,0.9815091238445797,1.9714586552523443,0,0,5,2,0.0,0.0,0.0,1.0,0.0,0.0,0.0,0.0,1.0,0.0,0.0,0.0,0.0,0.0,High,2,High,5.39144334453752,2.8914822521801917,10.868762579061151,0.12366762177650428,1.7994555873925502,0,1971,0.18051575931232092,12.839012925969449
T00868,R0250,Zone_4,16.66,114.82,137.33,Cash,2023-10-09,0,Aadhya Iyer,34.0,Female,Jaipur,2021-02-01,163.0,31.0,4.63,4038.0,2.46,48.2,Business,0.03192521227512944,1.8905559885464445,0,0,10,0,1.0,0.0,0.0,0.0,0.0,0.0,0.0,0.0,1.0,0.0,0.0,0.0,0.0,0.0,High,2,Low,4.929642134886724,2.8713021951758138,10.715409464878139,0.46208588957055213,6.91601226993865,0,2014,0.1901840490797546,8.243097238895558
T00869,R0286,Zone_5,0.62,4.67,7.34,UPI,2024-05-06,0,Ishaan Nair,26.0,Male,Pune,2023-02-15,29.0,0.0,4.48,2590.0,1.31,43.9,Business,-1.4884148870586906,-1.7141072724608766,0,0,5,1,0.0,0.0,1.0,0.0,0.0,0.0,0.0,0.0,0.0,1.0,0.0,0.0,0.0,0.0,Medium,1,Low,2.1210632163706555,0.4824261492442927,2.1610182784974308,1.4572413793103447,21.62551724137931,0,1270,0.0,11.838709677419354
T00870,R0057,Zone_7,10.85,77.61,128.96,Cash,2023-06-30,0,Aadhya Reddy,39.0,Male,Bengaluru,2023-06-04,407.0,11.0,3.66,11070.0,0.64,45.2,Industrial,-0.06596883058527582,0.5848768397651143,0,4,6,1,1.0,0.0,0.0,0.0,0.0,0.0,0.0,0.0,0.0,0.0,0.0,1.0,0.0,0.0,Low,0,High,4.8672267108008995,2.47232786758114,8.809653795694812,0.24648648648648647,3.8921621621621623,0,1161,0.02702702702702703,11.885714285714286
T00871,R0189,Zone_7,11.38,72.47,243.21,Wallet,2023-06-27,1,Reyansh Gupta,29.0,Female,Delhi,2019-09-16,238.0,42.0,3.28,11070.0,0.64,45.2,Industrial,1.2702790065474954,0.7039835435265783,0,1,6,0,0.0,0.0,0.0,1.0,0.0,0.0,0.0,0.0,0.0,0.0,0.0,1.0,0.0,0.0,Low,0,Medium,5.4980285108791245,2.5160822672564502,8.512931340026183,0.30264705882352944,6.2214285714285715,0,2518,0.17647058823529413,21.37170474516696
T00872,R0034,Zone_7,5.95,32.62,102.85,Credit Card,2024-05-18,0,Arjun Iyer,26.0,Other,Chennai,2019-04-23,484.0,48.0,3.1,11070.0,0.64,45.2,Industrial,-0.37134678268625326,-0.5162983459540798,0,5,5,2,0.0,1.0,0.0,0.0,0.0,0.0,0.0,0.0,0.0,0.0,0.0,1.0,0.0,0.0,Low,0,High,4.642947550322122,1.9387416595767009,5.711392124517454,0.047231404958677684,0.8786157024793388,0,2664,0.09917355371900827,17.285714285714285
T00873,R0115,Zone_3,3.18,26.02,27.84,Wallet,2023-04-25,0,Aarav Ghosh,40.0,Female,Bengaluru,2020-03-01,170.0,15.0,4.4,12971.0,2.11,38.0,Business,-1.2486505049035763,-1.1387994203300325,0,1,4,0,0.0,0.0,0.0,1.0,0.0,0.0,0.0,1.0,0.0,0.0,0.0,0.0,0.0,0.0,High,2,Medium,3.3617633124167483,1.430311246536665,5.10098029794274,0.49105882352941177,8.388058823529413,0,2351,0.08823529411764706,8.754716981132075
T00874,R0295,Zone_1,1.4,9.79,20.57,UPI,2024-01-30,0,Kavya Gupta,18.0,Female,Delhi,2019-05-29,98.0,18.0,3.59,4921.0,2.43,30.9,Residential,-1.3336791418922438,-1.53881816126476,0,1,1,0,0.0,0.0,1.0,0.0,1.0,0.0,0.0,0.0,0.0,0.0,0.0,0.0,0.0,0.0,High,2,Low,3.071303460401065,0.8754687373538999,3.128897569432403,0.45683673469387753,5.34734693877551,0,2628,0.1836734693877551,14.692857142857145
T00875,R0023,Zone_10,5.78,42.73,81.27,Credit Card,2023-08-16,0,Meera Iyer,24.0,Other,Jaipur,2019-10-09,176.0,32.0,3.21,2440.0,1.54,35.4,Industrial,-0.6237426542427101,-0.5545023830096436,0,2,8,2,0.0,1.0,0.0,0.0,0.0,1.0,0.0,0.0,0.0,0.0,0.0,0.0,0.0,0.0,Medium,1,Medium,4.410006521180839,1.9139771019523042,6.536818798161686,0.36880681818181815,6.793295454545454,0,2495,0.18181818181818182,14.060553633217992
T00876,R0238,Zone_10,9.75,76.65,222.47,Cash,2024-08-18,1,Reyansh Patel,30.0,Other,Pune,2019-04-22,362.0,56.0,4.91,2440.0,1.54,35.4,Industrial,1.0277076267476382,0.3376742470526422,0,6,8,2,1.0,0.0,0.0,0.0,0.0,1.0,0.0,0.0,0.0,0.0,0.0,0.0,0.0,0.0,Medium,1,High,5.409277176856294,2.3749057545736716,8.754998572244316,0.10698895027624308,1.6299171270718231,0,2665,0.15469613259668508,22.817435897435896
T00877,R0077,Zone_5,7.21,48.52,59.5,Wallet,2023-08-28,0,Reyansh Das,28.0,Male,Mumbai,2019-09-07,406.0,72.0,3.79,2590.0,1.31,43.9,Business,-0.8783607322679218,-0.23313901248342986,0,0,8,1,0.0,0.0,0.0,1.0,0.0,0.0,0.0,0.0,0.0,1.0,0.0,0.0,0.0,0.0,Medium,1,High,4.102643365036796,2.105352923464337,6.9656299069072,0.3617241379310345,5.7729556650246305,0,2527,0.17733990147783252,8.25242718446602
T00878,R0148,Zone_7,4.95,26.83,42.56,Credit Card,2024-06-10,0,Aarav Kumar,44.0,Male,Ahmedabad,2019-09-30,412.0,34.0,3.36,11070.0,0.64,45.2,Industrial,-1.0764879826926845,-0.7410279756926907,0,0,6,1,0.0,1.0,0.0,0.0,0.0,0.0,0.0,0.0,0.0,0.0,0.0,1.0,0.0,0.0,Low,0,High,3.77413929806476,1.7833912195575383,5.179768334587948,0.056286407766990294,0.9918203883495146,0,2504,0.0825242718446602,8.597979797979798
T00879,R0039,Zone_9,1.75,16.89,20.55,UPI,2023-05-23,0,Aadhya Iyer,24.0,Male,Chennai,2023-11-18,190.0,14.0,4.2,11037.0,1.83,56.1,Mixed,-1.3339130583626388,-1.4601627908562462,0,1,5,1,0.0,0.0,1.0,0.0,0.0,0.0,0.0,0.0,0.0,0.0,0.0,0.0,0.0,1.0,High,2,Medium,3.070375816549757,1.0116009116784799,4.109744517606903,0.17821052631578946,2.674,0,994,0.07368421052631578,11.742857142857144
T00880,R0041,Zone_2,9.75,66.7,135.01,UPI,2023-10-23,0,Aarav Nair,25.0,Other,Pune,2020-04-11,353.0,8.0,4.74,6371.0,0.91,58.4,Residential,0.004790901709282107,0.3376742470526422,0,0,10,2,0.0,0.0,1.0,0.0,0.0,0.0,1.0,0.0,0.0,0.0,0.0,0.0,0.0,0.0,Low,0,High,4.912728412444662,2.3749057545736716,8.167006795638168,0.11937677053824362,1.9891218130311614,0,2310,0.0226628895184136,13.847179487179487
T00881,R0247,Zone_9,13.33,91.19,299.26,UPI,2023-02-01,1,Aadhya Das,37.0,Male,Bengaluru,2021-05-11,249.0,47.0,4.92,11037.0,1.83,56.1,Mixed,1.925829914830137,1.1422063215168696,0,2,2,1,0.0,0.0,1.0,0.0,0.0,0.0,0.0,0.0,0.0,0.0,0.0,0.0,0.0,1.0,High,2,Medium,5.7046487659841585,2.6623552418400807,9.54934552731233,0.5360642570281124,9.507791164658634,0,1915,0.18875502008032127,22.45011252813203
T00882,R0194,Zone_2,3.37,20.05,41.32,UPI,2024-05-23,0,Arjun Iyer,30.0,Other,Jaipur,2023-02-10,10.0,2.0,4.06,6371.0,0.91,58.4,Residential,-1.090990803857189,-1.0961007906796962,0,3,5,2,0.0,0.0,1.0,0.0,0.0,0.0,1.0,0.0,0.0,0.0,0.0,0.0,0.0,0.0,Low,0,Low,3.7452597875500437,1.4747630091074988,4.4777226354476225,4.361,68.455,0,1275,0.2,12.261127596439168
T00883,R0187,Zone_3,10.24,87.48,225.6,Credit Card,2024-06-05,1,Saanvi Reddy,27.0,Other,Surat,2022-08-05,357.0,38.0,4.71,12971.0,2.11,38.0,Business,1.0643155543644922,0.44779176562456163,0,2,6,2,0.0,1.0,0.0,0.0,0.0,0.0,0.0,1.0,0.0,0.0,0.0,0.0,0.0,0.0,High,2,High,5.423186348593906,2.419478844465545,9.353074360871938,0.21170868347338936,3.818879551820728,0,1464,0.10644257703081232,22.03125
T00884,R0162,Zone_8,1.4,13.58,22.43,Wallet,2024-02-20,0,Meera Patel,30.0,Male,Hyderabad,2023-08-14,394.0,38.0,4.28,4516.0,1.93,31.0,Business,-1.3119249101454868,-1.53881816126476,0,1,2,1,0.0,0.0,0.0,1.0,0.0,0.0,0.0,0.0,0.0,0.0,0.0,0.0,1.0,0.0,High,2,High,3.1540172525197043,0.8754687373538999,3.6851051545376556,0.13484771573604062,2.3779187817258887,0,1090,0.09644670050761421,16.021428571428572
T00885,R0249,Zone_4,4.71,45.28,52.61,UPI,2023-07-13,0,Diya Nair,20.0,Male,Mumbai,2023-03-24,396.0,48.0,4.49,4038.0,2.46,48.2,Business,-0.9589449563190797,-0.7949630868299574,0,3,7,1,0.0,0.0,1.0,0.0,0.0,0.0,0.0,0.0,1.0,0.0,0.0,0.0,0.0,0.0,High,2,High,3.9817356178394463,1.742219023667919,6.729041536504289,0.1634090909090909,2.728611111111111,0,1233,0.12121212121212122,11.169851380042463
T00886,R0002,Zone_1,11.65,102.84,246.12,Wallet,2024-04-04,1,Ishaan Nair,39.0,Female,Mumbai,2019-11-23,70.0,5.0,4.12,4921.0,2.43,30.9,Residential,1.3043138529900018,0.7646605435560032,0,3,4,0,0.0,0.0,0.0,1.0,1.0,0.0,0.0,0.0,0.0,0.0,0.0,0.0,0.0,0.0,High,2,Low,5.509874048610326,2.5376572151735295,10.141005867269776,1.0812857142857142,16.794428571428572,0,2450,0.07142857142857142,21.12618025751073
T00887,R0101,Zone_1,2.41,16.66,35.05,Cash,2024-08-03,0,Aarav Singh,37.0,Female,Delhi,2020-11-01,228.0,29.0,3.03,4921.0,2.43,30.9,Residential,-1.1643236173260947,-1.3118412352287627,0,5,8,0,1.0,0.0,0.0,0.0,1.0,0.0,0.0,0.0,0.0,0.0,0.0,0.0,0.0,0.0,High,2,Medium,3.584906863730958,1.2267122912954254,4.08166632639171,0.19864035087719298,2.9445614035087715,0,2106,0.12719298245614036,14.543568464730289
T00888,R0057,Zone_7,4.98,26.52,103.75,Cash,2024-06-15,1,Aadhya Reddy,39.0,Male,Bengaluru,2023-06-04,407.0,11.0,3.66,11070.0,0.64,45.2,Industrial,-0.3608205415184677,-0.7342860868005324,0,5,6,1,1.0,0.0,0.0,0.0,0.0,0.0,0.0,0.0,0.0,0.0,0.0,1.0,0.0,0.0,Low,0,High,4.6515765588022475,1.7884205679625405,5.149757275833493,0.24648648648648647,3.8921621621621623,0,1161,0.02702702702702703,20.833333333333332
T00889,R0259,Zone_3,15.09,102.66,150.23,UPI,2023-04-05,0,Aadhya Das,32.0,Male,Jaipur,2019-06-25,150.0,27.0,3.52,12971.0,2.11,38.0,Business,0.18280133568005477,1.537730469856825,0,2,4,1,0.0,0.0,1.0,0.0,0.0,0.0,0.0,1.0,0.0,0.0,0.0,0.0,0.0,0.0,High,2,Low,5.018801856762649,2.7781979610042917,10.132127121192273,0.5316000000000001,8.553866666666666,0,2601,0.18,9.95559973492379
T00890,R0130,Zone_7,4.34,40.13,47.99,Cash,2023-03-04,0,Diya Ghosh,27.0,Female,Pune,2019-02-16,316.0,62.0,3.62,11070.0,0.64,45.2,Industrial,-1.0129796609803785,-0.8781130498332436,0,5,3,0,1.0,0.0,0.0,0.0,0.0,0.0,0.0,0.0,0.0,0.0,0.0,1.0,0.0,0.0,Low,0,Medium,3.8916161956504833,1.6752256529721035,6.334824385884742,0.1610759493670886,2.836487341772152,0,2730,0.1962025316455696,11.057603686635945
T00891,R0235,Zone_9,3.73,18.95,85.21,Cash,2023-10-22,1,Aarav Ghosh,34.0,Other,Delhi,2021-02-15,284.0,8.0,4.06,11037.0,1.83,56.1,Mixed,-0.5776611095748492,-1.0151981239737962,0,6,10,2,1.0,0.0,0.0,0.0,0.0,0.0,0.0,0.0,0.0,0.0,0.0,0.0,0.0,1.0,High,2,Medium,4.456786180221833,1.5539252025038417,4.3531597719357835,0.1959507042253521,2.9790845070422534,0,2000,0.028169014084507043,22.84450402144772
T00892,R0058,Zone_1,10.88,98.7,166.96,Credit Card,2023-12-12,0,Vivaan Reddy,46.0,Male,Kolkata,2021-05-31,480.0,25.0,4.32,4921.0,2.43,30.9,Residential,0.3784724631656678,0.5916187286572728,0,1,12,1,0.0,1.0,0.0,0.0,1.0,0.0,0.0,0.0,0.0,0.0,0.0,0.0,0.0,0.0,High,2,High,5.123725855815993,2.474856313934499,9.934787365615835,0.15858333333333335,2.1738958333333334,0,1895,0.052083333333333336,15.345588235294118
T00893,R0252,Zone_8,17.77,102.14,182.03,Credit Card,2024-01-19,0,Reyansh Gupta,38.0,Other,Ahmedabad,2020-09-23,392.0,47.0,4.83,4516.0,1.93,31.0,Business,0.5547285236084761,2.1400058775563027,0,4,1,2,0.0,1.0,0.0,0.0,0.0,0.0,0.0,0.0,0.0,0.0,0.0,0.0,1.0,0.0,High,2,High,5.209650073831871,2.9322598505984176,10.10643359449811,0.25614795918367345,4.290943877551021,0,2145,0.11989795918367346,10.24366910523354
T00894,R0067,Zone_7,6.8,59.24,151.6,Credit Card,2024-06-24,1,Saanvi Iyer,32.0,Male,Pune,2022-07-24,348.0,9.0,3.38,11070.0,0.64,45.2,Industrial,0.1988246139021283,-0.3252781606762604,0,0,6,1,0.0,1.0,0.0,0.0,0.0,0.0,0.0,0.0,0.0,0.0,0.0,1.0,0.0,0.0,Low,0,High,5.027820118850356,2.0541237336955462,7.696752561957543,0.32491379310344826,5.3069252873563215,0,1476,0.02586206896551724,22.294117647058822
T00895,R0278,Zone_9,11.84,88.76,271.84,Cash,2024-04-19,1,Aarav Reddy,20.0,Female,Mumbai,2021-09-02,382.0,58.0,4.27,11037.0,1.83,56.1,Mixed,1.6051304339182717,0.8073591732063392,0,4,4,0,1.0,0.0,0.0,0.0,0.0,0.0,0.0,0.0,0.0,0.0,0.0,0.0,0.0,1.0,High,2,High,5.608885542786519,2.552565298261815,9.421252570651102,0.25536649214659685,5.527120418848168,0,1801,0.1518324607329843,22.959459459459456
T00896,R0157,Zone_8,14.73,146.17,317.91,Cash,2023-08-26,1,Kavya Nair,36.0,Female,Hyderabad,2021-11-23,319.0,27.0,4.65,4516.0,1.93,31.0,Business,2.1439570234736927,1.4568278031509252,0,5,8,0,1.0,0.0,0.0,0.0,0.0,0.0,0.0,0.0,0.0,0.0,0.0,0.0,1.0,0.0,High,2,Medium,5.7649089313167785,2.7555697170701863,12.090078577081291,0.3570532915360502,5.880658307210031,0,1719,0.08463949843260188,21.582484725050918
T00897,R0201,Zone_3,9.63,65.64,170.7,Wallet,2023-08-30,0,Meera Reddy,37.0,Female,Delhi,2021-04-06,183.0,15.0,3.84,12971.0,2.11,38.0,Business,0.4222148431295762,0.31070669148400903,0,2,8,0,0.0,0.0,0.0,1.0,0.0,0.0,0.0,1.0,0.0,0.0,0.0,0.0,0.0,0.0,High,2,Medium,5.14574876790343,2.363680192353857,8.101851640211638,0.3698360655737705,5.856830601092896,0,1950,0.08196721311475409,17.725856697819314
T00898,R0044,Zone_10,6.65,56.17,124.87,Credit Card,2023-02-12,0,Arjun Gupta,36.0,Female,Hyderabad,2020-08-01,271.0,5.0,3.21,2440.0,1.54,35.4,Industrial,-0.1138047487811011,-0.35898760513705197,0,6,2,0,0.0,1.0,0.0,0.0,0.0,1.0,0.0,0.0,0.0,0.0,0.0,0.0,0.0,0.0,Medium,1,Medium,4.835249628303414,2.0347056478384444,7.494664769020694,0.37734317343173435,6.127380073800738,0,2198,0.01845018450184502,18.777443609022555
T00899,R0127,Zone_2,3.62,28.17,64.51,UPI,2023-03-15,0,Vivaan Kumar,38.0,Male,Chennai,2020-03-17,43.0,2.0,4.83,6371.0,0.91,58.4,Residential,-0.8197646564339157,-1.0399183832450434,0,2,3,1,0.0,0.0,1.0,0.0,0.0,0.0,1.0,0.0,0.0,0.0,0.0,0.0,0.0,0.0,Low,0,Low,4.182202802743785,1.5303947050936475,5.30754180388624,1.6467441860465117,32.56906976744186,0,2335,0.046511627906976744,17.82044198895028
T00900,R0276,Zone_7,0.87,6.01,10.08,Credit Card,2023-11-07,0,Aadhya Ghosh,26.0,Other,Chennai,2022-11-07,196.0,1.0,3.63,11070.0,0.64,45.2,Industrial,-1.4563683306145436,-1.657924865026224,0,1,11,2,0.0,1.0,0.0,0.0,0.0,0.0,0.0,0.0,0.0,0.0,0.0,1.0,0.0,0.0,Low,0,Medium,2.405141681319138,0.6259384308664953,2.4515301344262523,0.1556122448979592,2.5521428571428575,0,1370,0.00510204081632653,11.586206896551724
T00901,R0127,Zone_3,13.56,93.94,276.55,Wallet,2024-03-02,1,Vivaan Kumar,38.0,Male,Chennai,2020-03-17,43.0,2.0,4.83,12971.0,2.11,38.0,Business,1.6602177626963497,1.1938941363567503,0,5,3,1,0.0,0.0,0.0,1.0,0.0,0.0,0.0,1.0,0.0,0.0,0.0,0.0,0.0,0.0,High,2,Low,5.626001097136171,2.67827804276854,9.692264957170744,1.6467441860465117,32.56906976744186,0,2335,0.046511627906976744,20.394542772861357
T00902,R0065,Zone_1,8.9,67.69,181.01,Wallet,2023-10-14,1,Meera Nair,43.0,Other,Mumbai,2023-06-28,180.0,32.0,4.52,4921.0,2.43,30.9,Residential,0.5427987836183191,0.14665406177482287,0,5,10,2,0.0,0.0,0.0,1.0,1.0,0.0,0.0,0.0,0.0,0.0,0.0,0.0,0.0,0.0,High,2,Medium,5.204061630622316,2.2925347571405443,8.227393268830657,0.13622222222222224,2.370611111111111,0,1137,0.17777777777777778,20.33820224719101
T00903,R0186,Zone_7,14.66,92.85,179.72,UPI,2024-02-09,0,Ishaan Sharma,18.0,Other,Hyderabad,2020-12-11,373.0,19.0,3.26,11070.0,0.64,45.2,Industrial,0.5277111712778266,1.4410967290692225,0,4,2,2,0.0,0.0,1.0,0.0,0.0,0.0,0.0,0.0,0.0,0.0,0.0,1.0,0.0,0.0,Low,0,High,5.196948872159748,2.751109690562657,9.635870484808313,0.18386058981233244,2.5169436997319035,0,2066,0.05093833780160858,12.259208731241474
T00904,R0013,Zone_10,12.94,86.59,291.02,Credit Card,2023-09-01,1,Ishaan Gupta,43.0,Female,Kolkata,2019-04-01,6.0,0.0,3.91,2440.0,1.54,35.4,Industrial,1.8294563290273007,1.0545617659188113,0,4,9,0,0.0,1.0,0.0,0.0,0.0,1.0,0.0,0.0,0.0,0.0,0.0,0.0,0.0,0.0,Medium,1,Low,5.676822293073418,2.6347624053323777,9.305374790947434,13.418333333333335,238.80666666666664,0,2686,0.0,22.489953632148378
T00905,R0227,Zone_1,4.92,25.19,109.4,Credit Card,2024-01-24,1,Arjun Nair,25.0,Other,Pune,2020-07-11,320.0,23.0,4.12,4921.0,2.43,30.9,Residential,-0.29473913863181417,-0.7477698645848492,0,2,1,2,0.0,1.0,0.0,0.0,1.0,0.0,0.0,0.0,0.0,0.0,0.0,0.0,0.0,0.0,High,2,Medium,4.704110133842995,1.7783364488959144,5.018964036531842,0.0885,1.58815625,0,2219,0.071875,22.23577235772358
T00906,R0165,Zone_3,2.07,17.59,43.41,Cash,2023-08-01,1,Meera Reddy,37.0,Female,Kolkata,2021-12-09,34.0,5.0,3.27,12971.0,2.11,38.0,Business,-1.0665465327008872,-1.3882493093398907,0,1,8,0,1.0,0.0,0.0,0.0,0.0,0.0,0.0,1.0,0.0,0.0,0.0,0.0,0.0,0.0,High,2,Low,3.7934646693040106,1.1216775615991057,4.194043395102153,1.3738235294117647,22.932352941176468,0,1703,0.14705882352941177,20.971014492753625
T00907,R0037,Zone_7,10.06,91.36,240.09,Cash,2023-05-25,1,Aadhya Iyer,32.0,Other,Ahmedabad,2020-11-21,489.0,6.0,3.36,11070.0,0.64,45.2,Industrial,1.233788037165839,0.4073404322716117,0,3,5,2,1.0,0.0,0.0,0.0,0.0,0.0,0.0,0.0,0.0,0.0,0.0,1.0,0.0,0.0,Low,0,High,5.485170307761209,2.403334996094189,9.558242516278817,0.15969325153374234,2.6884662576687117,0,2086,0.012269938650306749,23.865805168986082
T00908,R0108,Zone_8,4.84,30.09,115.68,Credit Card,2024-03-26,1,Reyansh Gupta,18.0,Male,Pune,2019-05-31,184.0,32.0,4.88,4516.0,1.93,31.0,Business,-0.22128936692771084,-0.7657482349639381,0,1,3,1,0.0,1.0,0.0,0.0,0.0,0.0,0.0,0.0,0.0,0.0,0.0,0.0,1.0,0.0,High,2,Medium,4.759435144999521,1.7647307968401356,5.485435260760991,0.23695652173913045,4.754836956521739,0,2626,0.17391304347826086,23.900826446280995
T00909,R0172,Zone_7,9.88,53.08,100.96,Credit Card,2024-08-14,0,Reyansh Reddy,31.0,Other,Pune,2019-12-24,168.0,14.0,3.72,11070.0,0.64,45.2,Industrial,-0.39345188913860285,0.3668890989186618,0,2,8,2,0.0,1.0,0.0,0.0,0.0,0.0,0.0,0.0,0.0,0.0,0.0,1.0,0.0,0.0,Low,0,Low,4.6245805795079145,2.3869262414277967,7.285602240034794,0.5050595238095238,8.86077380952381,0,2419,0.08333333333333333,10.218623481781375
T00910,R0279,Zone_2,4.34,43.01,60.59,Cash,2024-05-24,0,Diya Singh,25.0,Other,Pune,2022-04-21,454.0,84.0,3.73,6371.0,0.91,58.4,Residential,-0.8656122846313815,-0.8781130498332436,0,4,5,2,1.0,0.0,0.0,0.0,0.0,0.0,1.0,0.0,0.0,0.0,0.0,0.0,0.0,0.0,Low,0,High,4.120499519698952,1.6752256529721035,6.558200972827838,0.09151982378854624,1.5398017621145372,0,1570,0.18502202643171806,13.960829493087559
T00911,R0035,Zone_4,3.69,22.16,37.73,Credit Card,2024-03-25,0,Reyansh Das,39.0,Male,Kolkata,2022-03-20,392.0,41.0,3.49,4038.0,2.46,48.2,Business,-1.1329788102931335,-1.0241873091633409,0,0,3,1,0.0,1.0,0.0,0.0,0.0,0.0,0.0,0.0,1.0,0.0,0.0,0.0,0.0,0.0,High,2,High,3.6566144935266607,1.5454325824581878,4.707440918375928,0.07392857142857143,1.0711989795918366,0,1602,0.10459183673469388,10.224932249322492
T00912,R0274,Zone_1,7.3,69.3,121.11,UPI,2023-05-09,0,Reyansh Nair,27.0,Female,Surat,2019-03-18,31.0,5.0,3.04,4921.0,2.43,30.9,Residential,-0.15778104521540506,-0.2129133458069549,0,1,5,0,0.0,0.0,1.0,0.0,1.0,0.0,0.0,0.0,0.0,0.0,0.0,0.0,0.0,0.0,High,2,Low,4.8049222778449305,2.1162555148025524,8.324662155306964,0.9754838709677419,15.392258064516128,0,2700,0.16129032258064516,16.59041095890411
T00913,R0263,Zone_3,12.67,124.91,201.48,UPI,2023-12-04,0,Ishaan Das,31.0,Other,Chennai,2020-12-30,297.0,21.0,3.84,12971.0,2.11,38.0,Business,0.7822122910678405,0.9938847658893865,0,0,12,2,0.0,0.0,1.0,0.0,0.0,0.0,0.0,1.0,0.0,0.0,0.0,0.0,0.0,0.0,High,2,Medium,5.3106411162368685,2.6152036507358583,11.176314240392491,0.3522558922558922,5.2110101010101015,0,2047,0.0707070707070707,15.902131018153117
T00914,R0077,Zone_9,9.53,77.61,180.39,UPI,2023-08-25,0,Reyansh Das,28.0,Male,Mumbai,2019-09-07,406.0,72.0,3.79,11037.0,1.83,56.1,Mixed,0.5355473730360668,0.2882337285101476,0,4,8,1,0.0,0.0,1.0,0.0,0.0,0.0,0.0,0.0,0.0,0.0,0.0,0.0,0.0,1.0,High,2,High,5.200649409369878,2.354228326145884,8.809653795694812,0.3617241379310345,5.7729556650246305,0,2527,0.17733990147783252,18.928646379853095
T00915,R0090,Zone_9,13.89,74.43,250.88,UPI,2023-07-23,0,Kavya Iyer,33.0,Female,Mumbai,2021-01-31,152.0,25.0,4.51,11037.0,1.83,56.1,Mixed,1.3599859729440673,1.268054914170492,0,6,7,0,0.0,0.0,1.0,0.0,0.0,0.0,0.0,0.0,0.0,0.0,0.0,0.0,0.0,1.0,High,2,Low,5.528952783620542,2.7006898466959175,8.627282306729043,0.7113815789473685,12.63078947368421,0,2015,0.16447368421052633,18.061915046796255
T00916,R0239,Zone_5,1.83,15.84,19.9,Cash,2023-07-11,0,Diya Iyer,36.0,Male,Mumbai,2020-03-13,268.0,10.0,3.36,2590.0,1.31,43.9,Business,-1.3415153436504839,-1.4421844204771572,0,1,7,1,1.0,0.0,0.0,0.0,0.0,0.0,0.0,0.0,0.0,1.0,0.0,0.0,0.0,0.0,Medium,1,Medium,3.039749158970765,1.0402767116551463,3.97994974842648,0.05921641791044776,0.9863059701492537,0,2339,0.03731343283582089,10.87431693989071
T00917,R0073,Zone_2,2.71,13.69,46.35,UPI,2023-02-07,0,Meera Das,41.0,Other,Ahmedabad,2021-06-19,490.0,30.0,3.01,6371.0,0.91,58.4,Residential,-1.0321608115527878,-1.2444223463071795,0,1,2,2,0.0,0.0,1.0,0.0,0.0,0.0,1.0,0.0,0.0,0.0,0.0,0.0,0.0,0.0,Low,0,High,3.8575668196320874,1.3110318766193438,3.6999999999999997,0.16042857142857142,2.6034693877551023,0,1876,0.061224489795918366,17.10332103321033
T00918,R0252,Zone_7,7.55,50.09,76.83,Credit Card,2023-09-06,0,Reyansh Gupta,38.0,Other,Ahmedabad,2020-09-23,392.0,47.0,4.83,11070.0,0.64,45.2,Industrial,-0.675672110670452,-0.15673093837230215,0,2,9,2,0.0,1.0,0.0,0.0,0.0,0.0,0.0,0.0,0.0,0.0,0.0,1.0,0.0,0.0,Low,0,High,4.354526960971297,2.145931282948669,7.077428911688199,0.25614795918367345,4.290943877551021,0,2145,0.11989795918367346,10.17615894039735
T00919,R0116,Zone_7,18.83,125.22,170.0,UPI,2023-12-22,0,Ishaan Kumar,34.0,Female,Bengaluru,2020-02-08,238.0,30.0,4.58,11070.0,0.64,45.2,Industrial,0.41402776666574315,2.37821928507923,0,4,12,0,0.0,0.0,1.0,0.0,0.0,0.0,0.0,0.0,0.0,0.0,0.0,1.0,0.0,0.0,Low,0,Medium,5.14166355650266,2.9871959425317045,11.190174261377702,0.2126470588235294,3.3368067226890754,0,2373,0.12605042016806722,9.028146574614977
T00920,R0060,Zone_4,11.37,58.78,247.77,Credit Card,2024-05-04,1,Aarav Nair,40.0,Female,Hyderabad,2023-08-01,123.0,7.0,4.57,4038.0,2.46,48.2,Business,1.3236119617976085,0.7017362472291919,0,5,5,0,0.0,1.0,0.0,0.0,0.0,0.0,0.0,0.0,1.0,0.0,0.0,0.0,0.0,0.0,High,2,Low,5.516528774816684,2.5152741864043966,7.666811592833099,0.38422764227642275,5.954308943089431,0,1103,0.056910569105691054,21.79155672823219
T00921,R0252,Zone_4,2.67,24.93,55.78,UPI,2024-01-31,1,Reyansh Gupta,38.0,Other,Ahmedabad,2020-09-23,392.0,47.0,4.83,4038.0,2.46,48.2,Business,-0.9218691957614351,-1.253411531496724,0,2,1,2,0.0,0.0,1.0,0.0,0.0,0.0,0.0,0.0,1.0,0.0,0.0,0.0,0.0,0.0,High,2,High,4.039184151044825,1.3001916620664788,4.992995093127972,0.25614795918367345,4.290943877551021,0,2145,0.11989795918367346,20.891385767790265
T00922,R0147,Zone_2,7.62,72.73,127.17,Cash,2023-11-22,0,Saanvi Nair,35.0,Other,Mumbai,2022-08-29,239.0,21.0,3.91,6371.0,0.91,58.4,Residential,-0.08690435468564929,-0.1409998642905993,0,2,11,2,1.0,0.0,0.0,0.0,0.0,0.0,1.0,0.0,0.0,0.0,0.0,0.0,0.0,0.0,Low,0,Medium,4.853357507741733,2.154085084675602,8.528188553262645,0.26589958158995813,4.27531380753138,0,1440,0.08786610878661087,16.688976377952756
T00923,R0217,Zone_4,9.1,56.24,210.44,Cash,2023-01-03,1,Kavya Iyer,39.0,Other,Jaipur,2023-03-03,104.0,5.0,3.52,4038.0,2.46,48.2,Business,0.8870068698049052,0.19159998772254494,0,1,1,2,1.0,0.0,0.0,0.0,0.0,0.0,0.0,0.0,1.0,0.0,0.0,0.0,0.0,0.0,High,2,Low,5.353941270296033,2.312535423847214,7.49933330370107,0.40807692307692306,7.267596153846155,0,1254,0.04807692307692308,23.125274725274725
T00924,R0174,Zone_3,5.16,48.08,63.21,UPI,2024-06-01,0,Aadhya Patel,32.0,Male,Kolkata,2019-02-07,320.0,7.0,3.8,12971.0,2.11,38.0,Business,-0.8349692270096059,-0.6938347534475825,0,5,6,1,0.0,0.0,1.0,0.0,0.0,0.0,0.0,1.0,0.0,0.0,0.0,0.0,0.0,0.0,High,2,Medium,4.162158961805957,1.8180767775454285,6.9339743293438865,0.1941875,2.88059375,0,2739,0.021875,12.25
T00925,R0281,Zone_2,11.07,94.88,147.37,UPI,2024-01-04,0,Arjun Iyer,21.0,Female,Jaipur,2020-10-15,268.0,17.0,4.74,6371.0,0.91,58.4,Residential,0.14935128041353654,0.6343173583076088,0,3,1,0,0.0,0.0,1.0,0.0,0.0,0.0,1.0,0.0,0.0,0.0,0.0,0.0,0.0,0.0,Low,0,Medium,4.999709153962702,2.4907230351094403,9.740636529508736,0.1422761194029851,2.050858208955224,0,2123,0.06343283582089553,13.312556458897923
T00926,R0187,Zone_1,7.22,39.11,119.19,Wallet,2024-03-19,0,Saanvi Reddy,27.0,Other,Surat,2022-08-05,357.0,38.0,4.71,4921.0,2.43,30.9,Residential,-0.1802370263733475,-0.23089171618604382,0,1,3,2,0.0,0.0,0.0,1.0,1.0,0.0,0.0,0.0,0.0,0.0,0.0,0.0,0.0,0.0,High,2,High,4.7890738239646975,2.1065702090680882,6.253798845501828,0.21170868347338936,3.818879551820728,0,1464,0.10644257703081232,16.50831024930748
T00927,R0269,Zone_9,6.5,42.38,147.96,Credit Card,2023-05-01,1,Aadhya Sharma,41.0,Male,Mumbai,2019-05-19,423.0,16.0,3.41,11037.0,1.83,56.1,Mixed,0.15625181629019597,-0.3926970495978437,0,0,5,1,0.0,1.0,0.0,0.0,0.0,0.0,0.0,0.0,0.0,0.0,0.0,0.0,0.0,1.0,High,2,High,5.003677813528757,2.0149030205422647,6.509992319503918,0.14907801418439717,3.4486288416075648,0,2638,0.037825059101654845,22.763076923076923
T00928,R0276,Zone_2,14.3,137.43,278.06,UPI,2023-04-27,0,Aadhya Ghosh,26.0,Other,Chennai,2022-11-07,196.0,1.0,3.63,6371.0,0.91,58.4,Residential,1.6778784562111897,1.3601940623633226,0,3,4,2,0.0,0.0,1.0,0.0,0.0,0.0,1.0,0.0,0.0,0.0,0.0,0.0,0.0,0.0,Low,0,Medium,5.631426812464061,2.72785282839839,11.723054209547954,0.1556122448979592,2.5521428571428575,0,1370,0.00510204081632653,19.444755244755243
T00929,R0013,Zone_5,0.55,3.71,10.4,Cash,2023-09-02,0,Ishaan Gupta,43.0,Female,Kolkata,2019-04-01,6.0,0.0,3.91,2590.0,1.31,43.9,Business,-1.4526256670882198,-1.7298383465425795,0,5,9,0,1.0,0.0,0.0,0.0,0.0,0.0,0.0,0.0,0.0,1.0,0.0,0.0,0.0,0.0,Medium,1,Low,2.4336133554004498,0.4382549309311553,1.9261360284258222,13.418333333333335,238.80666666666664,0,2686,0.0,18.909090909090907
T00930,R0113,Zone_5,3.19,27.81,58.83,UPI,2023-09-08,0,Aadhya Singh,26.0,Other,Chennai,2019-03-09,423.0,26.0,4.61,2590.0,1.31,43.9,Business,-0.8861969340261621,-1.1365521240326464,0,4,9,2,0.0,0.0,1.0,0.0,0.0,0.0,0.0,0.0,0.0,1.0,0.0,0.0,0.0,0.0,Medium,1,High,4.09150720740194,1.4327007339340463,5.273518749374084,0.1300709219858156,2.591702127659574,0,2709,0.061465721040189124,18.442006269592476
T00931,R0061,Zone_3,3.91,28.84,90.56,UPI,2023-05-19,1,Meera Reddy,25.0,Male,Mumbai,2020-08-20,168.0,25.0,3.69,12971.0,2.11,38.0,Business,-0.5150884537441242,-0.9747467906208462,0,4,5,1,0.0,0.0,1.0,0.0,0.0,0.0,0.0,1.0,0.0,0.0,0.0,0.0,0.0,0.0,High,2,Low,4.516994495084366,1.5912739418064292,5.370288632839021,0.20517857142857143,3.5520238095238095,0,2179,0.1488095238095238,23.161125319693095
T00932,R0247,Zone_1,3.76,19.55,57.91,UPI,2023-06-08,0,Aadhya Das,37.0,Male,Bengaluru,2021-05-11,249.0,47.0,4.92,4921.0,2.43,30.9,Residential,-0.8969570916643429,-1.008456235081638,0,3,6,1,0.0,0.0,1.0,0.0,1.0,0.0,0.0,0.0,0.0,0.0,0.0,0.0,0.0,0.0,High,2,Medium,4.076010855533596,1.5602476682433286,4.421538193886829,0.5360642570281124,9.507791164658634,0,1915,0.18875502008032127,15.40159574468085
T00933,R0255,Zone_9,4.36,25.49,79.42,Credit Card,2024-05-04,0,Reyansh Sharma,37.0,Female,Bengaluru,2021-07-06,475.0,42.0,3.12,11037.0,1.83,56.1,Mixed,-0.6453799277542692,-0.8736184572384713,0,5,5,0,0.0,1.0,0.0,0.0,0.0,0.0,0.0,0.0,0.0,0.0,0.0,0.0,0.0,1.0,High,2,High,4.387262901469128,1.6789639750827108,5.048762224545735,0.15162105263157893,2.6573052631578946,0,1859,0.08842105263157894,18.21559633027523
T00934,R0216,Zone_3,10.44,55.17,193.77,UPI,2023-03-20,0,Ishaan Ghosh,44.0,Female,Chennai,2019-08-01,335.0,24.0,3.4,12971.0,2.11,38.0,Business,0.6920374917304782,0.4927376915722837,0,0,3,0,0.0,0.0,1.0,0.0,0.0,0.0,0.0,1.0,0.0,0.0,0.0,0.0,0.0,0.0,High,2,High,5.271819375241808,2.437115985951652,7.427651041883968,0.0884776119402985,1.4891940298507462,0,2564,0.07164179104477612,18.56034482758621
T00935,R0113,Zone_5,13.48,132.65,269.7,Wallet,2024-06-14,1,Aadhya Singh,26.0,Other,Chennai,2019-03-09,423.0,26.0,4.61,2590.0,1.31,43.9,Business,1.580101371585982,1.1759157659776616,0,4,6,2,0.0,0.0,0.0,1.0,0.0,0.0,0.0,0.0,0.0,1.0,0.0,0.0,0.0,0.0,Medium,1,High,5.601011196620256,2.6727683869575705,11.517378173872732,0.1300709219858156,2.591702127659574,0,2709,0.061465721040189124,20.00741839762611
T00936,R0213,Zone_10,12.58,84.71,163.24,Cash,2023-12-23,0,Kavya Ghosh,29.0,Female,Chennai,2019-06-04,456.0,26.0,3.74,2440.0,1.54,35.4,Industrial,0.33496399967215434,0.9736590992129115,0,5,12,0,1.0,0.0,0.0,0.0,0.0,1.0,0.0,0.0,0.0,0.0,0.0,0.0,0.0,0.0,Medium,1,High,5.101328772710678,2.60859812213055,9.203803561571705,0.13396929824561402,2.3342105263157893,0,2622,0.05701754385964912,12.976152623211448
T00937,R0033,Zone_9,2.9,18.4,33.13,Cash,2024-06-15,0,Diya Iyer,18.0,Female,Chennai,2019-05-22,472.0,37.0,3.24,11037.0,1.83,56.1,Mixed,-1.186779598484037,-1.2017237166568433,0,5,6,0,1.0,0.0,0.0,0.0,0.0,0.0,0.0,0.0,0.0,0.0,0.0,0.0,0.0,1.0,High,2,High,3.530176762918616,1.3609765531356006,4.2895221179054435,0.06792372881355933,1.2849364406779662,0,2635,0.07838983050847458,11.424137931034483
T00938,R0011,Zone_9,7.46,58.35,186.41,Cash,2023-03-05,1,Vivaan Nair,26.0,Male,Chennai,2020-04-14,208.0,34.0,4.0,11037.0,1.83,56.1,Mixed,0.6059562306250322,-0.1769566050487771,0,6,3,1,1.0,0.0,0.0,0.0,0.0,0.0,0.0,0.0,0.0,0.0,0.0,0.0,0.0,1.0,High,2,Medium,5.233298730173588,2.135349173618132,7.638717169787085,0.4276923076923077,7.8547115384615385,0,2307,0.16346153846153846,24.98793565683646
T00939,R0017,Zone_8,10.26,73.94,165.32,Credit Card,2024-03-19,0,Meera Das,49.0,Female,Mumbai,2023-03-18,288.0,21.0,3.83,4516.0,1.93,31.0,Business,0.35929131259325847,0.4522863582193338,0,1,3,0,0.0,1.0,0.0,0.0,0.0,0.0,0.0,0.0,0.0,0.0,0.0,0.0,1.0,0.0,High,2,Medium,5.113913643549758,2.421256622711544,8.598837130682265,0.19437500000000002,2.820520833333333,0,1239,0.07291666666666667,16.113060428849902
T00940,R0222,Zone_4,9.2,76.52,164.3,Credit Card,2023-05-05,0,Aarav Singh,27.0,Male,Surat,2022-08-28,475.0,12.0,3.44,4038.0,2.46,48.2,Business,0.34736157260310174,0.21407295069640594,0,4,5,1,0.0,1.0,0.0,0.0,0.0,0.0,0.0,0.0,1.0,0.0,0.0,0.0,0.0,0.0,High,2,High,5.107762004826979,2.322387720290225,8.747571091451615,0.16642105263157894,2.7908000000000004,0,1441,0.02526315789473684,17.858695652173914
T00941,R0280,Zone_8,14.53,145.24,162.1,Wallet,2024-05-11,0,Saanvi Gupta,26.0,Other,Chennai,2023-05-31,172.0,23.0,4.43,4516.0,1.93,31.0,Business,0.3216307608596259,1.411881877203203,0,5,5,2,0.0,0.0,0.0,1.0,0.0,0.0,0.0,0.0,0.0,0.0,0.0,0.0,1.0,0.0,High,2,Medium,5.094363509626968,2.7427736371605955,12.051555916146263,0.29517441860465116,4.2749999999999995,0,1165,0.13372093023255813,11.156228492773572
T00942,R0201,Zone_1,4.62,40.67,99.35,Cash,2024-03-31,1,Meera Reddy,37.0,Female,Delhi,2021-04-06,183.0,15.0,3.84,4921.0,2.43,30.9,Residential,-0.41228216500541914,-0.8151887535064324,0,6,3,0,1.0,0.0,0.0,0.0,1.0,0.0,0.0,0.0,0.0,0.0,0.0,0.0,0.0,0.0,High,2,Medium,4.608664075242347,1.7263316639055997,6.377303505401009,0.3698360655737705,5.856830601092896,0,1950,0.08196721311475409,21.504329004329
T00943,R0046,Zone_4,8.78,60.28,92.28,Wallet,2024-01-14,0,Vivaan Singh,31.0,Female,Kolkata,2019-08-16,31.0,4.0,3.87,4038.0,2.46,48.2,Business,-0.4949716372901341,0.11968650620618933,0,6,1,0,0.0,0.0,0.0,1.0,0.0,0.0,0.0,0.0,1.0,0.0,0.0,0.0,0.0,0.0,High,2,Low,4.535605722602182,2.280339484046726,7.764019577512669,2.581290322580645,41.82,0,2549,0.12903225806451613,10.510250569476083
T00944,R0218,Zone_2,6.03,55.04,71.04,Cash,2024-06-18,0,Arjun Reddy,34.0,Other,Delhi,2019-01-11,160.0,16.0,3.87,6371.0,0.91,58.4,Residential,-0.743390928849872,-0.49831997557499086,0,1,6,2,1.0,0.0,0.0,0.0,0.0,0.0,1.0,0.0,0.0,0.0,0.0,0.0,0.0,0.0,Low,0,Low,4.277221520307755,1.9501867058225735,7.418894796396563,0.31275,4.5341875,0,2766,0.1,11.781094527363184
T00945,R0295,Zone_2,9.26,68.11,120.01,Cash,2023-04-05,0,Kavya Gupta,18.0,Female,Delhi,2019-05-29,98.0,18.0,3.59,6371.0,0.91,58.4,Residential,-0.17064645108714283,0.22755672848072273,0,2,4,0,1.0,0.0,0.0,0.0,0.0,0.0,1.0,0.0,0.0,0.0,0.0,0.0,0.0,0.0,Low,0,Low,4.7958731868099616,2.3282528397426234,8.252878285786117,0.45683673469387753,5.34734693877551,0,2628,0.1836734693877551,12.960043196544277
T00946,R0005,Zone_3,2.61,18.63,43.31,Cash,2023-05-17,0,Diya Reddy,27.0,Male,Ahmedabad,2021-05-31,294.0,30.0,3.53,12971.0,2.11,38.0,Business,-1.0677161150528631,-1.2668953092810409,0,2,5,1,1.0,0.0,0.0,0.0,0.0,0.0,0.0,1.0,0.0,0.0,0.0,0.0,0.0,0.0,High,2,Medium,3.7912103852113983,1.2837077723447896,4.316248370981447,0.17435374149659866,3.1511904761904765,0,1895,0.10204081632653061,16.59386973180077
T00947,R0246,Zone_9,3.36,31.91,74.45,Credit Card,2023-12-09,1,Vivaan Das,29.0,Other,Mumbai,2021-03-31,240.0,34.0,4.79,11037.0,1.83,56.1,Mixed,-0.7035081706474847,-1.0983480869770825,0,5,12,2,0.0,1.0,0.0,0.0,0.0,0.0,0.0,0.0,0.0,0.0,0.0,0.0,0.0,1.0,High,2,Medium,4.323470185213858,1.4724720573609429,5.64889369699944,0.34891666666666665,6.460624999999999,0,1956,0.14166666666666666,22.1577380952381
T00948,R0272,Zone_2,4.35,34.4,107.4,Credit Card,2024-02-13,1,Kavya Ghosh,21.0,Male,Kolkata,2020-01-15,432.0,4.0,4.79,6371.0,0.91,58.4,Residential,-0.3181307856713375,-0.8758657535358575,0,1,2,1,0.0,1.0,0.0,0.0,0.0,0.0,1.0,0.0,0.0,0.0,0.0,0.0,0.0,0.0,Low,0,High,4.685828089005546,1.6770965609079151,5.865151319446072,0.09326388888888888,1.6012962962962962,0,2397,0.009259259259259259,24.689655172413797
T00949,R0194,Zone_1,5.18,49.09,72.43,Cash,2023-11-30,0,Arjun Iyer,30.0,Other,Jaipur,2023-02-10,10.0,2.0,4.06,4921.0,2.43,30.9,Residential,-0.7271337341574032,-0.6893401608528104,0,3,11,2,1.0,0.0,0.0,0.0,1.0,0.0,0.0,0.0,0.0,0.0,0.0,0.0,0.0,0.0,High,2,Low,4.296332571463519,1.8213182714695995,7.006425622241344,4.361,68.455,0,1275,0.2,13.982625482625485
T00950,R0209,Zone_3,15.74,117.86,169.17,Credit Card,2024-01-20,0,Vivaan Sharma,31.0,Other,Surat,2020-06-11,109.0,20.0,3.77,12971.0,2.11,38.0,Business,0.40432023314434085,1.6838047291869225,0,5,1,2,0.0,1.0,0.0,0.0,0.0,0.0,0.0,1.0,0.0,0.0,0.0,0.0,0.0,0.0,High,2,Low,5.136797937383345,2.8178010650613294,10.856334556377673,0.5368807339449542,6.743944954128441,0,2249,0.1834862385321101,10.747776365946631
T00951,R0004,Zone_6,13.88,86.75,306.34,Credit Card,2024-06-01,1,Aarav Nair,19.0,Other,Kolkata,2019-07-28,464.0,5.0,3.19,14627.0,0.54,37.6,Mixed,2.0086363453500495,1.265807617873106,0,5,6,2,0.0,1.0,0.0,0.0,0.0,0.0,0.0,0.0,0.0,0.0,1.0,0.0,0.0,0.0,Low,0,High,5.727954626627186,2.700018029404946,9.313968005098578,0.08019396551724138,1.4720474137931034,0,2568,0.010775862068965518,22.07060518731988
T00952,R0231,Zone_3,6.94,35.39,72.75,UPI,2023-12-21,0,Ishaan Nair,19.0,Other,Mumbai,2019-08-26,328.0,22.0,4.81,12971.0,2.11,38.0,Business,-0.7233910706310795,-0.2938160125128548,0,3,12,2,0.0,0.0,1.0,0.0,0.0,0.0,0.0,1.0,0.0,0.0,0.0,0.0,0.0,0.0,High,2,Medium,4.300680995219929,2.0719132752590443,5.948949487094339,0.18076219512195124,2.230274390243902,0,2539,0.06707317073170732,10.482708933717579
T00953,R0149,Zone_4,8.86,59.47,160.65,Cash,2024-03-18,0,Diya Reddy,30.0,Male,Jaipur,2019-09-14,89.0,8.0,4.57,4038.0,2.46,48.2,Business,0.3046718167559716,0.13766487658527823,0,0,3,1,1.0,0.0,0.0,0.0,0.0,0.0,0.0,0.0,1.0,0.0,0.0,0.0,0.0,0.0,High,2,Low,5.0854335041714425,2.288486168614544,7.71167945391923,0.4766292134831461,7.428314606741573,0,2520,0.0898876404494382,18.132054176072238
T00954,R0179,Zone_7,0.03,0.25,3.27,Cash,2023-06-19,1,Meera Patel,28.0,Male,Kolkata,2022-04-11,274.0,14.0,4.64,11070.0,0.64,45.2,Industrial,-1.5681804034634652,-1.8466977540066574,0,0,6,1,1.0,0.0,0.0,0.0,0.0,0.0,0.0,0.0,0.0,0.0,0.0,1.0,0.0,0.0,Low,0,Medium,1.451613827240533,0.0295588022415444,0.5,0.09317518248175183,1.6759124087591242,0,1580,0.051094890510948905,109.0
T00955,R0184,Zone_2,7.1,65.16,134.22,Wallet,2023-07-10,0,Meera Nair,29.0,Female,Surat,2020-03-04,285.0,27.0,3.97,6371.0,0.91,58.4,Residential,-0.004448798871329522,-0.25785927175467716,0,0,7,0,0.0,0.0,0.0,1.0,0.0,0.0,1.0,0.0,0.0,0.0,0.0,0.0,0.0,0.0,Low,0,Medium,4.906903081662532,2.0918640616783932,8.072174428244226,0.24266666666666664,4.2551578947368425,0,2348,0.09473684210526316,18.904225352112675
T00956,R0083,Zone_6,8.8,70.86,73.86,Cash,2023-04-21,0,Kavya Patel,45.0,Female,Mumbai,2021-12-31,475.0,39.0,4.4,14627.0,0.54,37.6,Mixed,-0.7104087065241441,0.12418109880096186,0,4,4,0,1.0,0.0,0.0,0.0,0.0,0.0,0.0,0.0,0.0,0.0,1.0,0.0,0.0,0.0,Low,0,High,4.315619702476283,2.2823823856765264,8.417838202293984,0.19498947368421055,2.9796421052631583,0,1681,0.08210526315789474,8.393181818181818
T00957,R0077,Zone_2,13.73,92.67,287.95,Wallet,2024-08-20,1,Reyansh Das,28.0,Male,Mumbai,2019-09-07,406.0,72.0,3.79,6371.0,0.91,58.4,Residential,1.7935501508216325,1.2320981734123142,0,1,8,1,0.0,0.0,0.0,1.0,0.0,0.0,1.0,0.0,0.0,0.0,0.0,0.0,0.0,0.0,Low,0,High,5.666253662763787,2.689886230474539,9.626525853079086,0.3617241379310345,5.7729556650246305,0,2527,0.17733990147783252,20.972323379461034
T00958,R0217,Zone_9,9.63,84.29,188.14,Wallet,2023-12-21,0,Kavya Iyer,39.0,Other,Jaipur,2023-03-03,104.0,5.0,3.52,11037.0,1.83,56.1,Mixed,0.6261900053142198,0.31070669148400903,0,3,12,2,0.0,0.0,0.0,1.0,0.0,0.0,0.0,0.0,0.0,0.0,0.0,0.0,0.0,1.0,High,2,Low,5.242487481587366,2.363680192353857,9.180958555619343,0.40807692307692306,7.267596153846155,0,1254,0.04807692307692308,19.536863966770508
T00959,R0246,Zone_9,10.16,92.18,182.43,Credit Card,2023-08-09,0,Vivaan Das,29.0,Other,Mumbai,2021-03-31,240.0,34.0,4.79,11037.0,1.83,56.1,Mixed,0.5594068530163808,0.42981339524547274,0,2,8,2,0.0,1.0,0.0,0.0,0.0,0.0,0.0,0.0,0.0,0.0,0.0,0.0,0.0,1.0,High,2,Medium,5.21183312332626,2.412335956953165,9.601041610158765,0.34891666666666665,6.460624999999999,0,1956,0.14166666666666666,17.955708661417322
T00960,R0097,Zone_5,9.49,82.0,235.17,UPI,2024-03-20,1,Aarav Iyer,23.0,Other,Bengaluru,2021-01-25,478.0,5.0,3.28,2590.0,1.31,43.9,Business,1.1762445854486112,0.2792445433206034,0,2,3,2,0.0,0.0,1.0,0.0,0.0,0.0,0.0,0.0,0.0,1.0,0.0,0.0,0.0,0.0,Medium,1,High,5.46455188468906,2.3504224224082058,9.055385138137417,0.1452510460251046,2.3370292887029285,0,2021,0.010460251046025104,24.78082191780822
T00961,R0248,Zone_8,9.35,59.55,103.62,Cash,2023-11-12,0,Vivaan Ghosh,18.0,Female,Chennai,2021-10-24,104.0,12.0,3.65,4516.0,1.93,31.0,Business,-0.3623409985760367,0.2477823951571977,0,6,11,0,1.0,0.0,0.0,0.0,0.0,0.0,0.0,0.0,0.0,0.0,0.0,0.0,1.0,0.0,High,2,Low,4.650334737942465,2.336986519711378,7.7168646482881895,0.5549999999999999,9.03519230769231,0,1749,0.11538461538461539,11.082352941176472
T00962,R0238,Zone_3,1.02,8.88,8.86,Cash,2023-03-04,0,Reyansh Patel,30.0,Other,Pune,2019-04-22,362.0,56.0,4.91,12971.0,2.11,38.0,Business,-1.470637235308653,-1.6242154205654322,0,5,3,2,1.0,0.0,0.0,0.0,0.0,0.0,0.0,1.0,0.0,0.0,0.0,0.0,0.0,0.0,High,2,High,2.288486168614544,0.7030975114131134,2.979932885150268,0.10698895027624308,1.6299171270718231,0,2665,0.15469613259668508,8.686274509803921
T00963,R0243,Zone_3,5.92,34.82,101.62,Wallet,2024-05-09,0,Ishaan Patel,33.0,Male,Jaipur,2023-02-06,315.0,11.0,3.7,12971.0,2.11,38.0,Business,-0.38573264561556003,-0.5230402348462381,0,3,5,1,0.0,0.0,0.0,1.0,0.0,0.0,0.0,1.0,0.0,0.0,0.0,0.0,0.0,0.0,High,2,Medium,4.631032845513819,1.9344157696295783,5.900847396772772,0.1755873015873016,3.011206349206349,0,1279,0.03492063492063492,17.16554054054054
T00964,R0137,Zone_1,15.17,87.29,335.54,Wallet,2024-02-05,1,Arjun Gupta,27.0,Male,Bengaluru,2021-08-10,166.0,32.0,3.14,4921.0,2.43,30.9,Residential,2.3501543921270907,1.555708840235914,0,0,2,1,0.0,0.0,0.0,1.0,1.0,0.0,0.0,0.0,0.0,0.0,0.0,0.0,0.0,0.0,High,2,Low,5.8187170127483006,2.783157673589016,9.342911751697113,0.49596385542168675,9.032349397590362,0,1824,0.1927710843373494,22.11865524060646
T00965,R0050,Zone_3,12.12,115.9,118.59,Wallet,2023-07-17,0,Diya Das,49.0,Male,Ahmedabad,2022-10-06,330.0,41.0,3.42,12971.0,2.11,38.0,Business,-0.1872545204852044,0.8702834695331502,0,0,7,1,0.0,0.0,0.0,1.0,0.0,0.0,0.0,1.0,0.0,0.0,0.0,0.0,0.0,0.0,High,2,Medium,4.7840692259807165,2.574137783515943,10.765686229869418,0.1821212121212121,2.775181818181818,0,1402,0.12424242424242424,9.784653465346535
T00966,R0157,Zone_10,10.47,93.11,110.17,Credit Card,2023-02-21,0,Kavya Nair,36.0,Female,Hyderabad,2021-11-23,319.0,27.0,4.65,2440.0,1.54,35.4,Industrial,-0.28573335452159776,0.4994795804644423,0,1,2,0,0.0,1.0,0.0,0.0,0.0,1.0,0.0,0.0,0.0,0.0,0.0,0.0,0.0,0.0,Medium,1,Medium,4.711060561245524,2.4397349311412793,9.649352309870336,0.3570532915360502,5.880658307210031,0,1719,0.08463949843260188,10.522445081184335
T00967,R0102,Zone_1,8.33,80.15,102.36,Credit Card,2024-04-03,0,Aarav Nair,18.0,Female,Chennai,2023-05-13,123.0,22.0,4.1,4921.0,2.43,30.9,Residential,-0.37707773621093643,0.01855817282381452,0,2,4,0,0.0,1.0,0.0,0.0,1.0,0.0,0.0,0.0,0.0,0.0,0.0,0.0,0.0,0.0,High,2,Low,4.638218040034292,2.2332350148592526,8.952653238007155,0.29130081300813004,3.9292682926829268,0,1183,0.17886178861788618,12.288115246098439
T00968,R0155,Zone_9,11.3,93.89,153.11,Cash,2023-08-24,0,Meera Reddy,23.0,Male,Hyderabad,2019-02-10,353.0,8.0,3.14,11037.0,1.83,56.1,Mixed,0.21648530741696867,0.6860051731474894,0,3,8,1,1.0,0.0,0.0,0.0,0.0,0.0,0.0,0.0,0.0,0.0,0.0,0.0,0.0,1.0,High,2,High,5.037666633147286,2.509599262378372,9.689685237405806,0.17254957507082153,2.639405099150142,0,2736,0.0226628895184136,13.549557522123894
T00969,R0050,Zone_10,3.2800000000000002,27.7,79.39,Wallet,2024-07-23,1,Diya Das,49.0,Male,Ahmedabad,2022-10-06,330.0,41.0,3.42,2440.0,1.54,35.4,Industrial,-0.645730802459862,-1.1163264573561713,0,1,7,1,0.0,0.0,0.0,1.0,0.0,1.0,0.0,0.0,0.0,0.0,0.0,0.0,0.0,0.0,Medium,1,Medium,4.386889790339869,1.4539530095937054,5.263078946776307,0.1821212121212121,2.775181818181818,0,1402,0.12424242424242424,24.204268292682926
T00970,R0138,Zone_5,0.1,0.9,3.27,Credit Card,2023-07-22,1,Ishaan Das,46.0,Male,Kolkata,2022-07-28,13.0,0.0,3.53,2590.0,1.31,43.9,Business,-1.5598763687644346,-1.8309666799249544,0,5,7,1,0.0,1.0,0.0,0.0,0.0,0.0,0.0,0.0,0.0,1.0,0.0,0.0,0.0,0.0,Medium,1,Low,1.451613827240533,0.09531017980432487,0.9486832980505138,2.4038461538461537,40.113846153846154,0,1472,0.0,32.699999999999996
T00971,R0089,Zone_1,6.09,53.05,135.64,Wallet,2023-02-13,1,Saanvi Reddy,48.0,Other,Surat,2022-09-21,308.0,6.0,3.91,4921.0,2.43,30.9,Residential,0.012159270526731908,-0.4848361977906743,0,0,2,2,0.0,0.0,0.0,1.0,1.0,0.0,0.0,0.0,0.0,0.0,0.0,0.0,0.0,0.0,High,2,Medium,4.91734973004026,1.958685340544036,7.283543093852058,0.29165584415584417,4.595941558441559,0,1417,0.01948051948051948,22.272577996715928
T00972,R0184,Zone_9,10.69,74.54,173.15,UPI,2023-08-08,0,Meera Nair,29.0,Female,Surat,2020-03-04,285.0,27.0,3.97,11037.0,1.83,56.1,Mixed,0.4508696107529925,0.5489200990069365,0,1,8,0,0.0,0.0,1.0,0.0,0.0,0.0,0.0,0.0,0.0,0.0,0.0,0.0,0.0,1.0,High,2,Medium,5.159916996812011,2.458733775483977,8.633655077659752,0.24266666666666664,4.2551578947368425,0,2348,0.09473684210526316,16.197380729653883
T00973,R0172,Zone_1,8.54,51.74,95.55,UPI,2023-11-18,0,Reyansh Reddy,31.0,Other,Pune,2019-12-24,168.0,14.0,3.72,4921.0,2.43,30.9,Residential,-0.45672629438051343,0.06575139506892264,0,5,11,2,0.0,0.0,1.0,0.0,1.0,0.0,0.0,0.0,0.0,0.0,0.0,0.0,0.0,0.0,High,2,Low,4.570061008874523,2.255493485460195,7.193052203341778,0.5050595238095238,8.86077380952381,0,2419,0.08333333333333333,11.188524590163935
T00974,R0277,Zone_6,13.07,116.12,130.39,Wallet,2024-02-03,0,Kavya Gupta,42.0,Female,Jaipur,2021-01-22,433.0,16.0,3.06,14627.0,0.54,37.6,Mixed,-0.04924380295201688,1.083776617784831,0,5,2,0,0.0,0.0,0.0,1.0,0.0,0.0,0.0,0.0,0.0,0.0,1.0,0.0,0.0,0.0,Low,0,High,4.87816999965373,2.644044871126298,10.775899034419355,0.20076212471131638,3.2397228637413393,0,2024,0.03695150115473441,9.976281560826319
T00975,R0246,Zone_6,9.76,53.7,109.37,Wallet,2023-01-14,0,Vivaan Das,29.0,Other,Mumbai,2021-03-31,240.0,34.0,4.79,14627.0,0.54,37.6,Mixed,-0.29509001333740703,0.3399215433500282,0,5,1,2,0.0,0.0,0.0,1.0,0.0,0.0,0.0,0.0,0.0,0.0,1.0,0.0,0.0,0.0,Low,0,Medium,4.703838357784793,2.3758355547336385,7.328028384224504,0.34891666666666665,6.460624999999999,0,1956,0.14166666666666666,11.20594262295082
T00976,R0130,Zone_5,8.22,49.88,135.05,Wallet,2024-06-16,0,Diya Ghosh,27.0,Female,Pune,2019-02-16,316.0,62.0,3.62,2590.0,1.31,43.9,Business,0.0052587346500728134,-0.006162086447432565,0,6,6,0,0.0,0.0,0.0,1.0,0.0,0.0,0.0,0.0,0.0,1.0,0.0,0.0,0.0,0.0,Medium,1,Medium,4.913022465229256,2.2213750375685026,7.06257743320383,0.1610759493670886,2.836487341772152,0,2730,0.1962025316455696,16.429440389294403
T00977,R0201,Zone_1,14.64,93.63,312.43,UPI,2023-05-15,1,Meera Reddy,37.0,Female,Delhi,2021-04-06,183.0,15.0,3.84,4921.0,2.43,30.9,Residential,2.079863910585398,1.4366021364744503,0,0,5,0,0.0,0.0,1.0,0.0,1.0,0.0,0.0,0.0,0.0,0.0,0.0,0.0,0.0,0.0,High,2,Medium,5.747576049654617,2.7498317351171653,9.67625960792702,0.3698360655737705,5.856830601092896,0,1950,0.08196721311475409,21.340846994535518
T00978,R0085,Zone_5,13.66,124.34,142.31,Cash,2024-04-15,0,Aadhya Ghosh,29.0,Female,Chennai,2022-09-17,94.0,12.0,4.95,2590.0,1.31,43.9,Business,0.09017041340354245,1.2163670993306115,0,0,4,0,1.0,0.0,0.0,0.0,0.0,0.0,0.0,0.0,0.0,1.0,0.0,0.0,0.0,0.0,Medium,1,Low,4.96501011606998,2.6851226964585053,11.150784725749126,0.46797872340425534,5.4245744680851065,0,1421,0.1276595744680851,10.41800878477306
T00979,R0169,Zone_8,7.51,48.91,168.46,Wallet,2023-03-24,1,Reyansh Kumar,32.0,Male,Delhi,2023-02-21,497.0,81.0,4.19,4516.0,1.93,31.0,Business,0.3960161984453103,-0.1657201235618466,0,4,3,1,0.0,0.0,0.0,1.0,0.0,0.0,0.0,0.0,0.0,0.0,0.0,0.0,1.0,0.0,High,2,High,5.132616910770318,2.1412419425852827,6.993568473962345,0.14167002012072433,2.841871227364185,0,1264,0.16297786720321933,22.431424766977365
T00980,R0196,Zone_6,2.48,17.97,26.54,Credit Card,2023-07-29,0,Vivaan Das,18.0,Male,Hyderabad,2019-06-24,51.0,9.0,4.93,14627.0,0.54,37.6,Mixed,-1.2638550754792666,-1.29611016114706,0,5,7,1,0.0,1.0,0.0,0.0,0.0,0.0,0.0,0.0,0.0,0.0,1.0,0.0,0.0,0.0,Low,0,Low,3.315639493300509,1.247032293786383,4.2391036788453285,1.8813725490196078,31.831960784313726,0,2602,0.17647058823529413,10.701612903225806
T00981,R0190,Zone_6,3.46,20.02,80.21,Cash,2023-01-10,1,Saanvi Iyer,35.0,Other,Surat,2020-09-25,274.0,47.0,4.12,14627.0,0.54,37.6,Mixed,-0.6361402271736576,-1.0758751240032214,0,1,1,2,1.0,0.0,0.0,0.0,0.0,0.0,0.0,0.0,0.0,0.0,1.0,0.0,0.0,0.0,Low,0,Medium,4.397038392294319,1.4951487660319727,4.474371464239419,0.25543795620437953,4.08,0,2143,0.17153284671532848,23.18208092485549
T00982,R0073,Zone_7,7.19,38.88,157.25,Credit Card,2023-04-20,1,Meera Das,41.0,Other,Ahmedabad,2021-06-19,490.0,30.0,3.01,11070.0,0.64,45.2,Industrial,0.26490601678878184,-0.237633605078202,0,3,4,2,0.0,1.0,0.0,0.0,0.0,0.0,0.0,0.0,0.0,0.0,0.0,1.0,0.0,0.0,Low,0,High,5.064176061024286,2.1029138978649784,6.235382907247958,0.16042857142857142,2.6034693877551023,0,1876,0.061224489795918366,21.870653685674547
T00983,R0077,Zone_4,6.17,52.93,83.76,Wallet,2023-09-16,0,Reyansh Das,28.0,Male,Mumbai,2019-09-07,406.0,72.0,3.79,4038.0,2.46,48.2,Business,-0.5946200536785035,-0.4668578274115854,0,5,9,1,0.0,0.0,0.0,1.0,0.0,0.0,0.0,0.0,1.0,0.0,0.0,0.0,0.0,0.0,High,2,High,4.4398237334000985,1.969905654611529,7.275300681071539,0.3617241379310345,5.7729556650246305,0,2527,0.17733990147783252,13.575364667747165
T00984,R0283,Zone_5,16.29,113.75,178.58,UPI,2024-06-26,0,Diya Nair,19.0,Male,Surat,2023-06-15,245.0,45.0,3.55,2590.0,1.31,43.9,Business,0.5143779324652985,1.8074060255431583,0,2,6,1,0.0,0.0,1.0,0.0,0.0,0.0,0.0,0.0,0.0,1.0,0.0,0.0,0.0,0.0,Medium,1,Medium,5.1906207910926625,2.850128299695199,10.665364503850771,0.22844897959183674,4.135632653061225,0,1150,0.1836734693877551,10.96255371393493
T00985,R0209,Zone_2,0.4,2.19,8.96,Wallet,2024-01-12,1,Vivaan Sharma,31.0,Other,Surat,2020-06-11,109.0,20.0,3.77,6371.0,0.91,58.4,Residential,-1.4694676529566766,-1.763547791003371,0,4,1,2,0.0,0.0,0.0,1.0,0.0,0.0,1.0,0.0,0.0,0.0,0.0,0.0,0.0,0.0,Low,0,Low,2.298577071596507,0.33647223662121295,1.4798648586948742,0.5368807339449542,6.743944954128441,0,2249,0.1834862385321101,22.400000000000002
T00986,R0120,Zone_10,7.68,41.52,120.11,Wallet,2023-02-25,0,Ishaan Gupta,18.0,Other,Surat,2020-07-12,311.0,15.0,4.55,2440.0,1.54,35.4,Industrial,-0.16947686873516674,-0.12751608650628274,0,5,2,2,0.0,0.0,0.0,1.0,0.0,1.0,0.0,0.0,0.0,0.0,0.0,0.0,0.0,0.0,Medium,1,Medium,4.7966992235329595,2.1610215286722587,6.443601477434805,0.21929260450160773,3.260289389067524,0,2218,0.04823151125401929,15.639322916666668
T00987,R0133,Zone_4,2.67,15.91,57.6,UPI,2024-02-27,1,Diya Kumar,25.0,Female,Delhi,2019-07-13,155.0,11.0,4.4,4038.0,2.46,48.2,Business,-0.900582796955469,-1.253411531496724,0,1,2,0,0.0,0.0,1.0,0.0,0.0,0.0,0.0,0.0,1.0,0.0,0.0,0.0,0.0,0.0,High,2,Low,4.070734696582967,1.3001916620664788,3.988734135035826,0.4186451612903226,5.272709677419355,0,2583,0.07096774193548387,21.573033707865168
T00988,R0289,Zone_2,8.58,80.43,163.1,Credit Card,2023-06-03,0,Aarav Gupta,21.0,Other,Chennai,2021-09-30,322.0,14.0,4.17,6371.0,0.91,58.4,Residential,0.33332658437938756,0.07474058025846728,0,5,6,2,0.0,1.0,0.0,0.0,0.0,0.0,1.0,0.0,0.0,0.0,0.0,0.0,0.0,0.0,Low,0,Medium,5.100475998096045,2.259677591982769,8.968277426574181,0.2053726708074534,3.8337888198757764,0,1773,0.043478260869565216,19.009324009324008
T00989,R0256,Zone_2,9.91,66.8,153.36,Cash,2023-09-15,0,Aadhya Sharma,31.0,Female,Delhi,2021-03-25,265.0,8.0,3.65,6371.0,0.91,58.4,Residential,0.21940926329690907,0.37363098781082,0,4,9,0,1.0,0.0,0.0,0.0,0.0,0.0,1.0,0.0,0.0,0.0,0.0,0.0,0.0,0.0,Low,0,Medium,5.039287536669418,2.3896797998449792,8.17312669668102,0.15641509433962264,2.8445283018867924,0,1962,0.03018867924528302,15.475277497477297
T00990,R0237,Zone_4,5.98,47.26,59.33,Credit Card,2023-02-04,0,Aadhya Nair,40.0,Male,Chennai,2022-12-13,36.0,3.0,3.71,4038.0,2.46,48.2,Business,-0.8803490222662812,-0.5095564570619213,0,5,2,1,0.0,1.0,0.0,0.0,0.0,0.0,0.0,0.0,1.0,0.0,0.0,0.0,0.0,0.0,High,2,Low,4.09982949245267,1.9430489167742813,6.8745908969188845,2.7047222222222222,48.88055555555556,0,1334,0.08333333333333333,9.921404682274247
T00991,R0070,Zone_5,10.65,97.69,133.59,Credit Card,2024-02-25,0,Meera Reddy,33.0,Male,Bengaluru,2023-01-03,310.0,6.0,3.54,2590.0,1.31,43.9,Business,-0.011817167688779323,0.5399309138173922,0,6,2,1,0.0,1.0,0.0,0.0,0.0,0.0,0.0,0.0,0.0,1.0,0.0,0.0,0.0,0.0,Medium,1,Medium,4.902233120245624,2.4553061800117097,9.883825170448938,0.2897096774193548,5.337709677419355,0,1313,0.01935483870967742,12.543661971830986
T00992,R0050,Zone_2,7.01,65.59,137.36,UPI,2024-06-14,0,Diya Das,49.0,Male,Ahmedabad,2022-10-06,330.0,41.0,3.42,6371.0,0.91,58.4,Residential,0.032276086980722304,-0.2780849384311521,0,4,6,1,0.0,0.0,1.0,0.0,0.0,0.0,1.0,0.0,0.0,0.0,0.0,0.0,0.0,0.0,Low,0,Medium,4.929858984068968,2.080690761080268,8.098765338000602,0.1821212121212121,2.775181818181818,0,1402,0.12424242424242424,19.594864479315266
T00993,R0280,Zone_3,7.1,40.01,158.37,UPI,2023-09-10,1,Saanvi Gupta,26.0,Other,Chennai,2023-05-31,172.0,23.0,4.43,12971.0,2.11,38.0,Business,0.27800533913091496,-0.25785927175467716,0,6,9,2,0.0,0.0,1.0,0.0,0.0,0.0,0.0,1.0,0.0,0.0,0.0,0.0,0.0,0.0,High,2,Medium,5.071228542871542,2.0918640616783932,6.325345840347388,0.29517441860465116,4.2749999999999995,0,1165,0.13372093023255813,22.305633802816903
T00994,R0161,Zone_5,5.91,44.63,125.74,Cash,2024-03-17,1,Aarav Nair,32.0,Other,Surat,2019-03-27,332.0,50.0,4.91,2590.0,1.31,43.9,Business,-0.10362938231890856,-0.5252875311436241,0,6,3,2,1.0,0.0,0.0,0.0,0.0,0.0,0.0,0.0,0.0,1.0,0.0,0.0,0.0,0.0,Medium,1,Medium,4.842137743895371,1.9329696377795786,6.680568838055634,0.10006024096385542,1.7095180722891565,0,2691,0.15060240963855423,21.27580372250423
T00995,R0233,Zone_5,11.25,101.38,171.94,Credit Card,2023-01-19,0,Ishaan Iyer,30.0,Other,Hyderabad,2023-11-23,469.0,41.0,4.37,2590.0,1.31,43.9,Business,0.43671766429408077,0.6747686916605588,0,3,1,2,0.0,1.0,0.0,0.0,0.0,0.0,0.0,0.0,0.0,1.0,0.0,0.0,0.0,0.0,Medium,1,High,5.152944713532285,2.505525936990736,10.0687635785135,0.1903411513859275,3.3757569296375265,0,989,0.08742004264392324,15.283555555555555
T00996,R0035,Zone_3,8.69,84.88,106.87,Cash,2023-04-16,0,Reyansh Das,39.0,Male,Kolkata,2022-03-20,392.0,41.0,3.49,12971.0,2.11,38.0,Business,-0.32432957213681124,0.09946083952971436,0,6,4,1,1.0,0.0,0.0,0.0,0.0,0.0,0.0,1.0,0.0,0.0,0.0,0.0,0.0,0.0,High,2,High,4.680926798387338,2.2710944259026746,9.213034245024817,0.07392857142857143,1.0711989795918366,0,1602,0.10459183673469388,12.298043728423476
T00997,R0041,Zone_7,15.87,109.81,289.04,UPI,2023-08-09,0,Aarav Nair,25.0,Other,Pune,2020-04-11,353.0,8.0,4.74,11070.0,0.64,45.2,Industrial,1.806298598458173,1.7130195810529416,0,2,8,2,0.0,0.0,1.0,0.0,0.0,0.0,0.0,0.0,0.0,0.0,0.0,1.0,0.0,0.0,Low,0,High,5.670018844503392,2.825536896557877,10.47902667235846,0.11937677053824362,1.9891218130311614,0,2310,0.0226628895184136,18.2129804662886
T00998,R0084,Zone_5,14.35,101.77,192.38,Wallet,2023-03-23,0,Kavya Sharma,38.0,Male,Jaipur,2019-07-21,366.0,6.0,4.67,2590.0,1.31,43.9,Business,0.6757802970380093,1.371430543850253,0,3,3,1,0.0,0.0,0.0,1.0,0.0,0.0,0.0,0.0,0.0,1.0,0.0,0.0,0.0,0.0,Medium,1,High,5.264657165055401,2.731115474033206,10.088111815399351,0.20464480874316943,3.923060109289618,0,2575,0.01639344262295082,13.406271777003484
T00999,R0277,Zone_10,10.77,99.49,249.99,Wallet,2024-02-07,1,Kavya Gupta,42.0,Female,Jaipur,2021-01-22,433.0,16.0,3.06,2440.0,1.54,35.4,Industrial,1.3495766900114796,0.5668984693860254,0,2,2,0,0.0,0.0,0.0,1.0,0.0,1.0,0.0,0.0,0.0,0.0,0.0,0.0,0.0,0.0,Medium,1,High,5.525413097700675,2.4655539212721855,9.974467404327912,0.20076212471131638,3.2397228637413393,0,2024,0.03695150115473441,23.211699164345404
T01000,R0253,Zone_7,2.8,24.44,37.65,Credit Card,2024-08-02,0,Ishaan Gupta,26.0,Male,Surat,2021-08-19,173.0,24.0,3.16,11070.0,0.64,45.2,Industrial,-1.1339144761747142,-1.2241966796307047,0,4,8,1,0.0,1.0,0.0,0.0,0.0,0.0,0.0,0.0,0.0,0.0,0.0,1.0,0.0,0.0,Low,0,Medium,3.654546775033431,1.33500106673234,4.94368283772331,0.28797687861271676,4.304104046242775,0,1815,0.13872832369942195,13.446428571428571
T01001,R0135,Zone_1,0.58,5.31,13.96,Credit Card,2024-06-30,1,Reyansh Patel,38.0,Female,Ahmedabad,2022-02-24,153.0,8.0,3.47,4921.0,2.43,30.9,Residential,-1.4109885353578682,-1.723096457650421,0,6,6,0,0.0,1.0,0.0,0.0,1.0,0.0,0.0,0.0,0.0,0.0,0.0,0.0,0.0,0.0,High,2,Low,2.7053799725463312,0.4574248470388754,2.3043437243605824,0.4352941176470588,6.4845098039215685,0,1626,0.05228758169934641,24.06896551724138
T01002,R0248,Zone_6,12.93,94.92,284.82,Cash,2024-06-13,1,Vivaan Ghosh,18.0,Female,Chennai,2021-10-24,104.0,12.0,3.65,14627.0,0.54,37.6,Mixed,1.7569422232047784,1.0523144696214253,0,3,6,0,1.0,0.0,0.0,0.0,0.0,0.0,0.0,0.0,0.0,0.0,1.0,0.0,0.0,0.0,Low,0,Low,5.6553622420536485,2.6340447877917144,9.74268956705488,0.5549999999999999,9.03519230769231,0,1749,0.11538461538461539,22.02784222737819
T01003,R0190,Zone_5,5.62,50.57,106.41,Cash,2023-09-03,0,Saanvi Iyer,35.0,Other,Surat,2020-09-25,274.0,47.0,4.12,2590.0,1.31,43.9,Business,-0.3297096509559017,-0.5904591237678214,0,6,9,2,1.0,0.0,0.0,0.0,0.0,0.0,0.0,0.0,0.0,1.0,0.0,0.0,0.0,0.0,Medium,1,Medium,4.676653287609955,1.890095369948917,7.11125867902441,0.25543795620437953,4.08,0,2143,0.17153284671532848,18.934163701067614
T01004,R0225,Zone_7,9.17,57.22,143.16,Wallet,2023-07-07,0,Ishaan Sharma,39.0,Female,Delhi,2020-06-15,465.0,9.0,4.08,11070.0,0.64,45.2,Industrial,0.10011186339533981,0.20733106180424776,0,4,7,0,0.0,0.0,0.0,1.0,0.0,0.0,0.0,0.0,0.0,0.0,0.0,1.0,0.0,0.0,Low,0,High,4.9709237938600275,2.3194422100604686,7.564390259630977,0.10393548387096774,1.4471397849462366,0,2245,0.01935483870967742,15.611777535441657
T01005,R0025,Zone_8,4.85,31.44,62.93,Credit Card,2023-10-16,0,Meera Das,21.0,Female,Mumbai,2021-10-22,42.0,3.0,4.01,4516.0,1.93,31.0,Business,-0.8382440575951391,-0.763500938666552,0,0,10,0,0.0,1.0,0.0,0.0,0.0,0.0,0.0,0.0,0.0,0.0,0.0,0.0,1.0,0.0,High,2,Low,4.157788734778635,1.766441661243765,5.607138307550475,1.125,17.129285714285714,0,1751,0.07142857142857142,12.975257731958763
T01006,R0272,Zone_5,10.59,99.0,205.44,Cash,2023-05-26,0,Kavya Ghosh,21.0,Male,Kolkata,2020-01-15,432.0,4.0,4.79,2590.0,1.31,43.9,Business,0.8285277522060969,0.5264471360330755,0,4,5,1,1.0,0.0,0.0,0.0,0.0,0.0,0.0,0.0,0.0,1.0,0.0,0.0,0.0,0.0,Medium,1,High,5.330009813280526,2.4501426573516603,9.9498743710662,0.09326388888888888,1.6012962962962962,0,2397,0.009259259259259259,19.39943342776204
T01007,R0016,Zone_10,12.79,67.67,192.63,Cash,2023-03-14,0,Aarav Iyer,28.0,Female,Delhi,2022-01-24,356.0,51.0,3.06,2440.0,1.54,35.4,Industrial,0.6787042529179498,1.0208523214580196,0,1,3,0,1.0,0.0,0.0,0.0,0.0,1.0,0.0,0.0,0.0,0.0,0.0,0.0,0.0,0.0,Medium,1,High,5.265949121515307,2.6239436918052106,8.226177727231525,0.11584269662921348,1.9316853932584273,0,1657,0.14325842696629212,15.060985144644254
T01008,R0237,Zone_6,1.9500000000000002,18.2,24.05,Cash,2024-03-13,0,Aadhya Nair,40.0,Male,Chennai,2022-12-13,36.0,3.0,3.71,14627.0,0.54,37.6,Mixed,-1.292977676043473,-1.415216864908524,0,2,3,1,1.0,0.0,0.0,0.0,0.0,0.0,0.0,0.0,0.0,0.0,1.0,0.0,0.0,0.0,Low,0,Low,3.2208738275308737,1.0818051703517284,4.266145801540309,2.7047222222222222,48.88055555555556,0,1334,0.08333333333333333,12.333333333333332
T01009,R0148,Zone_9,3.93,34.86,59.65,Wallet,2024-06-10,0,Aarav Kumar,44.0,Male,Ahmedabad,2019-09-30,412.0,34.0,3.36,11037.0,1.83,56.1,Mixed,-0.8766063587399574,-0.9702521980260741,0,0,6,1,0.0,0.0,0.0,1.0,0.0,0.0,0.0,0.0,0.0,0.0,0.0,0.0,0.0,1.0,High,2,High,4.105119635390059,1.5953389880545987,5.904235767650205,0.056286407766990294,0.9918203883495146,0,2504,0.0825242718446602,15.178117048346055
T01010,R0130,Zone_2,0.32,2.7,6.4,Wallet,2023-10-28,0,Diya Ghosh,27.0,Female,Pune,2019-02-16,316.0,62.0,3.62,6371.0,0.91,58.4,Residential,-1.4994089611672665,-1.7815261613824598,0,5,10,0,0.0,0.0,0.0,1.0,0.0,0.0,1.0,0.0,0.0,0.0,0.0,0.0,0.0,0.0,Low,0,Medium,2.0014800002101243,0.2776317365982795,1.6431676725154984,0.1610759493670886,2.836487341772152,0,2730,0.1962025316455696,20.0
T01011,R0099,Zone_6,9.17,65.75,164.57,UPI,2024-02-28,0,Diya Gupta,35.0,Other,Mumbai,2021-08-21,80.0,8.0,3.7,14627.0,0.54,37.6,Mixed,0.3505194449534372,0.20733106180424776,0,2,2,2,0.0,0.0,1.0,0.0,0.0,0.0,0.0,0.0,0.0,0.0,1.0,0.0,0.0,0.0,Low,0,Low,5.10939406611952,2.3194422100604686,8.108637370113428,0.867125,16.033250000000002,0,1813,0.1,17.946564885496183
T01012,R0159,Zone_4,0.33,3.1,5.82,Cash,2024-06-16,0,Ishaan Singh,43.0,Female,Bengaluru,2020-05-21,79.0,2.0,4.9,4038.0,2.46,48.2,Business,-1.5061925388087285,-1.7792788650850737,0,6,6,0,1.0,0.0,0.0,0.0,0.0,0.0,0.0,0.0,1.0,0.0,0.0,0.0,0.0,0.0,High,2,Low,1.9198594718553708,0.2851789422336624,1.760681686165901,0.3034177215189873,5.378354430379747,0,2270,0.02531645569620253,17.636363636363637
T01013,R0117,Zone_1,6.17,36.26,146.37,UPI,2023-06-05,1,Aadhya Gupta,21.0,Female,Ahmedabad,2021-06-12,369.0,37.0,3.16,4921.0,2.43,30.9,Residential,0.13765545689377487,-0.4668578274115854,0,0,6,0,0.0,0.0,1.0,0.0,1.0,0.0,0.0,0.0,0.0,0.0,0.0,0.0,0.0,0.0,High,2,High,4.992946431225172,1.969905654611529,6.021627686929839,0.07910569105691057,1.3319241192411924,0,1883,0.1002710027100271,23.722852512155594
T01014,R0028,Zone_9,10.6,101.63,157.5,UPI,2024-07-19,0,Reyansh Sharma,20.0,Female,Surat,2023-11-11,249.0,21.0,3.79,11037.0,1.83,56.1,Mixed,0.26782997266872227,0.5286944323304615,0,4,7,0,0.0,0.0,1.0,0.0,0.0,0.0,0.0,0.0,0.0,0.0,0.0,0.0,0.0,1.0,High,2,Medium,5.065754593317335,2.451005098112319,10.081170566953025,0.34088353413654615,6.022128514056225,0,1001,0.08433734939759036,14.858490566037736
T01015,R0177,Zone_9,18.29,123.71,371.47,Wallet,2023-05-17,1,Ishaan Reddy,34.0,Other,Bengaluru,2023-02-15,489.0,63.0,4.48,11037.0,1.83,56.1,Mixed,2.7703853311921276,2.25686528502038,0,2,5,2,0.0,0.0,0.0,1.0,0.0,0.0,0.0,0.0,0.0,0.0,0.0,0.0,0.0,1.0,High,2,High,5.920156497663592,2.9595868269176377,11.122499719037982,0.23668711656441715,3.8175051124744375,0,1270,0.12883435582822086,20.310005467468564
T01016,R0036,Zone_6,9.84,78.98,216.27,Cash,2023-08-13,1,Aadhya Das,30.0,Female,Surat,2022-03-16,177.0,15.0,4.9,14627.0,0.54,37.6,Mixed,0.9551935209251159,0.35789991372911717,0,6,8,0,1.0,0.0,0.0,0.0,0.0,0.0,0.0,0.0,0.0,0.0,1.0,0.0,0.0,0.0,Low,0,Medium,5.3811408197471495,2.3832429960115,8.887069258197553,0.36819209039548023,5.884293785310734,0,1606,0.0847457627118644,21.978658536585368
T01017,R0250,Zone_10,14.26,132.02,247.26,UPI,2023-02-12,0,Aadhya Iyer,34.0,Female,Jaipur,2021-02-01,163.0,31.0,4.63,2440.0,1.54,35.4,Industrial,1.31764709180253,1.351204877173778,0,6,2,0,0.0,0.0,1.0,0.0,0.0,1.0,0.0,0.0,0.0,0.0,0.0,0.0,0.0,0.0,Medium,1,Low,5.514476584087801,2.725235025856311,11.489995648389081,0.46208588957055213,6.91601226993865,0,2014,0.1901840490797546,17.339410939691444
T01018,R0226,Zone_4,9.3,50.64,147.85,Credit Card,2023-09-06,0,Aarav Iyer,20.0,Other,Surat,2021-07-30,266.0,2.0,3.25,4038.0,2.46,48.2,Business,0.15496527570302204,0.23654591367026737,0,2,9,2,0.0,1.0,0.0,0.0,0.0,0.0,0.0,0.0,1.0,0.0,0.0,0.0,0.0,0.0,High,2,Medium,5.002939087461785,2.33214389523559,7.116178749862878,0.2000375939849624,3.408571428571429,0,1835,0.007518796992481203,15.89784946236559
T01019,R0102,Zone_4,9.55,48.82,120.65,Wallet,2024-01-07,0,Aarav Nair,18.0,Female,Chennai,2023-05-13,123.0,22.0,4.1,4038.0,2.46,48.2,Business,-0.16316112403449534,0.29272832110492014,0,6,1,0,0.0,0.0,0.0,1.0,0.0,0.0,0.0,0.0,1.0,0.0,0.0,0.0,0.0,0.0,High,2,Low,4.801148069229532,2.3561258599220753,6.987131027825369,0.29130081300813004,3.9292682926829268,0,1183,0.17886178861788618,12.633507853403142
T01020,R0107,Zone_8,6.95,60.81,146.22,Cash,2023-01-29,1,Reyansh Gupta,33.0,Male,Hyderabad,2020-01-11,179.0,14.0,3.66,4516.0,1.93,31.0,Business,0.13590108336581055,-0.2915687162154687,0,6,1,1,1.0,0.0,0.0,0.0,0.0,0.0,0.0,0.0,0.0,0.0,0.0,0.0,1.0,0.0,High,2,Medium,4.991928066630559,2.0731719286662407,7.798076685952761,0.18195530726256984,3.5079888268156427,0,2401,0.0782122905027933,21.03884892086331
T01021,R0011,Zone_6,6.08,47.67,122.18,UPI,2023-11-10,1,Vivaan Nair,26.0,Male,Chennai,2020-04-14,208.0,34.0,4.0,14627.0,0.54,37.6,Mixed,-0.14526651404925997,-0.48708349408806034,0,4,11,1,0.0,0.0,1.0,0.0,0.0,0.0,0.0,0.0,0.0,0.0,1.0,0.0,0.0,0.0,Low,0,Medium,4.813646700258897,1.9572739077056285,6.904346457123947,0.4276923076923077,7.8547115384615385,0,2307,0.16346153846153846,20.095394736842106
T01022,R0278,Zone_7,13.87,87.85,244.45,Wallet,2023-12-09,0,Aarav Reddy,20.0,Female,Mumbai,2021-09-02,382.0,58.0,4.27,11070.0,0.64,45.2,Industrial,1.2847818277119996,1.2635603215757194,0,5,12,0,0.0,0.0,0.0,1.0,0.0,0.0,0.0,0.0,0.0,0.0,0.0,1.0,0.0,0.0,Low,0,High,5.503093260504062,2.6993457604720636,9.372833082905082,0.25536649214659685,5.527120418848168,0,1801,0.1518324607329843,17.624369142033164
T01023,R0241,Zone_10,9.87,70.99,244.47,Cash,2024-01-17,1,Kavya Gupta,34.0,Female,Chennai,2020-01-13,165.0,3.0,3.28,2440.0,1.54,35.4,Industrial,1.285015744182395,0.3646418026212753,0,2,1,0,1.0,0.0,0.0,0.0,0.0,1.0,0.0,0.0,0.0,0.0,0.0,0.0,0.0,0.0,Medium,1,Low,5.503174740174929,2.386006701133118,8.425556361451747,0.2770909090909091,4.619090909090909,0,2399,0.01818181818181818,24.768996960486323
T01024,R0095,Zone_8,9.68,66.56,148.52,Credit Card,2023-06-27,0,Kavya Iyer,29.0,Female,Chennai,2020-10-07,481.0,77.0,4.26,4516.0,1.93,31.0,Business,0.16280147746126253,0.32194317297093933,0,1,6,0,0.0,1.0,0.0,0.0,0.0,0.0,0.0,0.0,0.0,0.0,0.0,0.0,1.0,0.0,High,2,High,5.0074301631473075,2.3683728335320486,8.158431221748456,0.23856548856548856,3.907713097713098,0,2131,0.1600831600831601,15.342975206611571
T01025,R0126,Zone_4,4.96,28.48,55.26,Credit Card,2024-06-14,0,Diya Reddy,29.0,Female,Surat,2022-09-25,411.0,20.0,3.65,4038.0,2.46,48.2,Business,-0.9279510239917114,-0.7387806793953047,0,4,6,0,0.0,1.0,0.0,0.0,0.0,0.0,0.0,0.0,1.0,0.0,0.0,0.0,0.0,0.0,High,2,High,4.029983803061711,1.7850704810772584,5.336665625650533,0.08686131386861315,1.009537712895377,0,1413,0.04866180048661801,11.141129032258064
T01026,R0252,Zone_2,6.27,38.05,65.09,UPI,2023-01-01,0,Reyansh Gupta,38.0,Other,Ahmedabad,2020-09-23,392.0,47.0,4.83,6371.0,0.91,58.4,Residential,-0.812981078792454,-0.44438486443772435,0,6,1,2,0.0,0.0,1.0,0.0,0.0,0.0,1.0,0.0,0.0,0.0,0.0,0.0,0.0,0.0,Low,0,High,4.191017449482361,1.9837562915454279,6.168468205316454,0.25614795918367345,4.290943877551021,0,2145,0.11989795918367346,10.381180223285488
T01027,R0240,Zone_8,18.34,150.69,262.04,Cash,2023-05-26,0,Aarav Iyer,30.0,Male,Delhi,2020-05-18,174.0,2.0,4.07,4516.0,1.93,31.0,Business,1.4905113634246079,2.268101766507311,0,4,5,1,1.0,0.0,0.0,0.0,0.0,0.0,0.0,0.0,0.0,0.0,0.0,0.0,1.0,0.0,High,2,Medium,5.572306111867815,2.9621754900251482,12.275585525749882,0.5294252873563219,7.0199425287356325,0,2273,0.011494252873563218,14.287895310796076
T01028,R0190,Zone_5,7.66,46.22,85.51,Credit Card,2023-12-30,0,Saanvi Iyer,35.0,Other,Surat,2020-09-25,274.0,47.0,4.12,2590.0,1.31,43.9,Business,-0.5741523625189205,-0.13201067910105485,0,5,12,2,0.0,1.0,0.0,0.0,0.0,0.0,0.0,0.0,0.0,1.0,0.0,0.0,0.0,0.0,Medium,1,Medium,4.460260014192283,2.1587147225743437,6.798529252713413,0.25543795620437953,4.08,0,2143,0.17153284671532848,11.163185378590079
T01029,R0234,Zone_2,14.63,86.74,293.26,Wallet,2024-05-19,1,Saanvi Nair,32.0,Other,Pune,2022-12-01,183.0,31.0,3.98,6371.0,0.91,58.4,Residential,1.8556549737115668,1.4343548401770643,0,6,5,2,0.0,0.0,0.0,1.0,0.0,0.0,1.0,0.0,0.0,0.0,0.0,0.0,0.0,0.0,Low,0,Medium,5.684463730269801,2.749192144433385,9.313431161500041,0.34677595628415303,6.222677595628415,0,1346,0.16939890710382513,20.045112781954884
T01030,R0099,Zone_2,5.4,40.85,103.87,Cash,2023-09-08,0,Diya Gupta,35.0,Other,Mumbai,2021-08-21,80.0,8.0,3.7,6371.0,0.91,58.4,Residential,-0.35941704269609626,-0.6398996423103158,0,4,9,2,1.0,0.0,0.0,0.0,0.0,0.0,1.0,0.0,0.0,0.0,0.0,0.0,0.0,0.0,Low,0,Low,4.652721487846314,1.8562979903656263,6.391400472509918,0.867125,16.033250000000002,0,1813,0.1,19.235185185185184
T01031,R0068,Zone_1,12.01,105.43,140.67,Credit Card,2023-12-15,0,Meera Singh,30.0,Female,Ahmedabad,2022-08-31,456.0,70.0,4.97,4921.0,2.43,30.9,Residential,0.07098926283113313,0.8455632102619031,0,4,12,0,0.0,1.0,0.0,0.0,1.0,0.0,0.0,0.0,0.0,0.0,0.0,0.0,0.0,0.0,High,2,High,4.95350040939126,2.565718292524414,10.267911179982033,0.15745614035087718,2.4136622807017547,0,1438,0.15350877192982457,11.712739383846793
T01032,R0221,Zone_7,9.45,94.3,88.52,Cash,2023-12-04,0,Diya Patel,21.0,Female,Delhi,2021-01-13,106.0,1.0,4.41,11070.0,0.64,45.2,Industrial,-0.538947933724438,0.2702553581310587,0,0,12,0,1.0,0.0,0.0,0.0,0.0,0.0,0.0,0.0,0.0,0.0,0.0,1.0,0.0,0.0,Low,0,Low,4.494462064003669,2.34660197841082,9.710818709048171,0.5540566037735849,8.615943396226415,0,2033,0.009433962264150943,9.367195767195767
T01033,R0236,Zone_2,5.98,46.66,49.41,Credit Card,2023-07-04,0,Arjun Gupta,28.0,Male,Ahmedabad,2020-08-10,61.0,1.0,3.36,6371.0,0.91,58.4,Residential,-0.996371591582317,-0.5095564570619213,0,1,7,1,0.0,1.0,0.0,0.0,0.0,0.0,1.0,0.0,0.0,0.0,0.0,0.0,0.0,0.0,Low,0,Low,3.9201895680945396,1.9430489167742813,6.830812543175226,0.8198360655737704,12.599016393442623,0,2189,0.01639344262295082,8.262541806020065
T01034,R0123,Zone_10,11.24,61.04,117.46,Wallet,2023-04-19,0,Meera Ghosh,32.0,Male,Bengaluru,2023-06-24,156.0,26.0,3.31,2440.0,1.54,35.4,Industrial,-0.20047080106253523,0.6725213953631727,0,2,4,1,0.0,0.0,0.0,1.0,0.0,1.0,0.0,0.0,0.0,0.0,0.0,0.0,0.0,0.0,Medium,1,Low,4.774575350848819,2.50470927708418,7.812809993849844,0.2416666666666667,4.584487179487179,0,1141,0.16666666666666666,10.45017793594306
T01035,R0205,Zone_5,0.28,1.92,4.33,Credit Card,2024-05-08,0,Diya Singh,31.0,Other,Surat,2019-05-12,100.0,14.0,4.66,2590.0,1.31,43.9,Business,-1.523619315853173,-1.7905153465720043,0,2,5,2,0.0,1.0,0.0,0.0,0.0,0.0,0.0,0.0,0.0,1.0,0.0,0.0,0.0,0.0,Medium,1,Low,1.673351238177753,0.2468600779315258,1.3856406460551018,0.25549999999999995,2.659,0,2645,0.14,15.464285714285714
T01036,R0037,Zone_3,10.87,87.78,215.53,Credit Card,2024-07-28,0,Aadhya Iyer,32.0,Other,Ahmedabad,2020-11-21,489.0,6.0,3.36,12971.0,2.11,38.0,Business,0.9465386115204921,0.5893714323598864,0,6,7,2,0.0,1.0,0.0,0.0,0.0,0.0,0.0,1.0,0.0,0.0,0.0,0.0,0.0,0.0,High,2,High,5.3777291059721986,2.4740142086215764,9.369098142297368,0.15969325153374234,2.6884662576687117,0,2086,0.012269938650306749,19.82796688132475
T01037,R0106,Zone_6,11.93,98.95,168.44,Cash,2023-06-18,0,Aarav Patel,32.0,Other,Bengaluru,2021-11-25,6.0,1.0,4.03,14627.0,0.54,37.6,Mixed,0.39578228197491494,0.8275848398828142,0,6,6,2,1.0,0.0,0.0,0.0,0.0,0.0,0.0,0.0,0.0,0.0,1.0,0.0,0.0,0.0,Low,0,Low,5.132498881853096,2.559550192783766,9.947361459201128,6.611666666666667,73.10333333333334,0,1717,0.16666666666666666,14.119027661357922
T01038,R0017,Zone_8,9.37,71.95,204.58,Credit Card,2024-06-20,1,Meera Das,49.0,Female,Mumbai,2023-03-18,288.0,21.0,3.83,4516.0,1.93,31.0,Business,0.818469343979102,0.25227698775196983,0,3,6,0,0.0,1.0,0.0,0.0,0.0,0.0,0.0,0.0,0.0,0.0,0.0,0.0,1.0,0.0,High,2,Medium,5.325835252584776,2.3389170222414357,8.482334584299302,0.19437500000000002,2.820520833333333,0,1239,0.07291666666666667,21.833511205976524
T01039,R0177,Zone_3,14.55,118.05,125.89,Cash,2024-08-14,0,Ishaan Reddy,34.0,Other,Bengaluru,2023-02-15,489.0,63.0,4.48,12971.0,2.11,38.0,Business,-0.10187500879094424,1.4163764697979753,0,2,8,2,1.0,0.0,0.0,0.0,0.0,0.0,0.0,1.0,0.0,0.0,0.0,0.0,0.0,0.0,High,2,High,4.8433205694088235,2.744060638625243,10.865081684000355,0.23668711656441715,3.8175051124744375,0,1270,0.12883435582822086,8.652233676975944
T01040,R0028,Zone_6,7.66,55.38,77.21,Cash,2023-03-04,0,Reyansh Sharma,20.0,Female,Surat,2023-11-11,249.0,21.0,3.79,14627.0,0.54,37.6,Mixed,-0.6712276977329426,-0.13201067910105485,0,5,3,0,1.0,0.0,0.0,0.0,0.0,0.0,0.0,0.0,0.0,0.0,1.0,0.0,0.0,0.0,Low,0,Medium,4.35939751661352,2.1587147225743437,7.441773982055623,0.34088353413654615,6.022128514056225,0,1001,0.08433734939759036,10.079634464751956
T01041,R0269,Zone_1,7.25,68.25,172.44,UPI,2024-02-02,1,Aadhya Sharma,41.0,Male,Mumbai,2019-05-19,423.0,16.0,3.41,4921.0,2.43,30.9,Residential,0.44256557605396163,-0.2241498272938854,0,4,2,1,0.0,0.0,1.0,0.0,1.0,0.0,0.0,0.0,0.0,0.0,0.0,0.0,0.0,0.0,High,2,High,5.155831718251282,2.1102132003465894,8.261355820929152,0.14907801418439717,3.4486288416075648,0,2638,0.037825059101654845,23.784827586206895
T01042,R0090,Zone_7,9.78,49.56,160.2,Wallet,2024-08-19,0,Kavya Iyer,33.0,Female,Mumbai,2021-01-31,152.0,25.0,4.51,11070.0,0.64,45.2,Industrial,0.29940869617207866,0.34441613594480036,0,0,8,0,0.0,0.0,0.0,1.0,0.0,0.0,0.0,0.0,0.0,0.0,0.0,1.0,0.0,0.0,Low,0,Low,5.0826458300725275,2.377692565480851,7.0398863627192165,0.7113815789473685,12.63078947368421,0,2015,0.16447368421052633,16.380368098159508
T01043,R0026,Zone_10,12.34,119.46,164.63,Credit Card,2024-07-02,0,Aarav Kumar,26.0,Female,Surat,2020-04-17,44.0,5.0,3.17,2440.0,1.54,35.4,Industrial,0.3512211943646229,0.9197239880756447,0,1,7,0,0.0,1.0,0.0,0.0,0.0,1.0,0.0,0.0,0.0,0.0,0.0,0.0,0.0,0.0,Medium,1,Low,5.109756384964063,2.590767040487478,10.929775843996069,1.8020454545454547,22.11795454545455,0,2304,0.11363636363636363,13.341166936790923
T01044,R0077,Zone_9,10.85,89.48,102.05,Wallet,2023-08-16,0,Reyansh Das,28.0,Male,Mumbai,2019-09-07,406.0,72.0,3.79,11037.0,1.83,56.1,Mixed,-0.3807034415020626,0.5848768397651143,0,2,8,1,0.0,0.0,0.0,1.0,0.0,0.0,0.0,0.0,0.0,0.0,0.0,0.0,0.0,1.0,High,2,High,4.635214307336468,2.47232786758114,9.459386872308373,0.3617241379310345,5.7729556650246305,0,2527,0.17733990147783252,9.405529953917052
T01045,R0124,Zone_10,6.87,43.58,89.69,Credit Card,2023-01-12,0,Aadhya Das,37.0,Other,Hyderabad,2022-06-09,419.0,25.0,3.59,2440.0,1.54,35.4,Industrial,-0.5252638202063169,-0.3095470865945576,0,3,1,2,0.0,1.0,0.0,0.0,0.0,1.0,0.0,0.0,0.0,0.0,0.0,0.0,0.0,0.0,Medium,1,High,4.507447097459476,2.063058062429312,6.601514977639602,0.10162291169451074,1.5354415274463007,0,1521,0.059665871121718374,13.055312954876273
T01046,R0121,Zone_9,3.02,18.46,29.53,Wallet,2023-12-02,0,Diya Iyer,29.0,Male,Pune,2023-07-13,378.0,10.0,4.17,11037.0,1.83,56.1,Mixed,-1.228884563155179,-1.1747561610882102,0,5,12,1,0.0,0.0,0.0,1.0,0.0,0.0,0.0,0.0,0.0,0.0,0.0,0.0,0.0,1.0,High,2,High,3.4187098067467865,1.3912819026309295,4.296510211788167,0.23269841269841268,3.8740211640211637,0,1122,0.026455026455026454,9.77814569536424
T01047,R0117,Zone_6,11.32,97.67,102.93,Wallet,2023-09-22,0,Aadhya Gupta,21.0,Female,Ahmedabad,2021-06-12,369.0,37.0,3.16,14627.0,0.54,37.6,Mixed,-0.3704111168046722,0.6904997657422616,0,4,9,0,0.0,0.0,0.0,1.0,0.0,0.0,0.0,0.0,0.0,0.0,1.0,0.0,0.0,0.0,Low,0,High,4.6437175956003305,2.511223958105374,9.882813364624468,0.07910569105691057,1.3319241192411924,0,1883,0.1002710027100271,9.092756183745584
T01048,R0231,Zone_7,4.05,39.82,44.61,Credit Card,2023-02-07,0,Ishaan Nair,19.0,Other,Mumbai,2019-08-26,328.0,22.0,4.81,11070.0,0.64,45.2,Industrial,-1.052511544477173,-0.9432846424574408,0,1,2,2,0.0,1.0,0.0,0.0,0.0,0.0,0.0,0.0,0.0,0.0,0.0,1.0,0.0,0.0,Low,0,Medium,3.820126990723609,1.6193882432872684,6.3103090257134005,0.18076219512195124,2.230274390243902,0,2539,0.06707317073170732,11.014814814814816
T01049,R0270,Zone_9,3.91,35.35,85.13,Credit Card,2023-11-25,1,Aadhya Reddy,35.0,Male,Hyderabad,2022-01-02,455.0,64.0,3.08,11037.0,1.83,56.1,Mixed,-0.5785967754564301,-0.9747467906208462,0,5,11,1,0.0,1.0,0.0,0.0,0.0,0.0,0.0,0.0,0.0,0.0,0.0,0.0,0.0,1.0,High,2,High,4.455857782801083,1.5912739418064292,5.9455865984779,0.12975824175824174,2.420945054945055,0,1679,0.14065934065934066,21.772378516624038
T01050,R0032,Zone_4,4.73,30.01,69.7,UPI,2023-07-22,0,Kavya Reddy,18.0,Female,Mumbai,2023-09-20,213.0,24.0,4.0,4038.0,2.46,48.2,Business,-0.7590633323663526,-0.7904684942351852,0,5,7,0,0.0,0.0,1.0,0.0,0.0,0.0,0.0,0.0,1.0,0.0,0.0,0.0,0.0,0.0,High,2,Medium,4.258445572902527,1.7457155307266483,5.478138369920935,0.3107511737089202,6.473192488262911,0,1053,0.11267605633802817,14.735729386892176
T01051,R0135,Zone_8,8.29,58.13,153.56,UPI,2023-01-18,0,Reyansh Patel,38.0,Female,Ahmedabad,2022-02-24,153.0,8.0,3.47,4516.0,1.93,31.0,Business,0.22174842800086128,0.009568987634269872,0,2,1,0,0.0,0.0,1.0,0.0,0.0,0.0,0.0,0.0,0.0,0.0,0.0,0.0,1.0,0.0,High,2,Low,5.040582370464208,2.2289385528257473,7.624303246854758,0.4352941176470588,6.4845098039215685,0,1626,0.05228758169934641,18.52352231604343
T01052,R0246,Zone_10,4.02,33.06,87.4,UPI,2023-12-24,1,Vivaan Das,29.0,Other,Mumbai,2021-03-31,240.0,34.0,4.79,2440.0,1.54,35.4,Industrial,-0.552047256066571,-0.9500265313495991,0,6,12,2,0.0,0.0,1.0,0.0,0.0,1.0,0.0,0.0,0.0,0.0,0.0,0.0,0.0,0.0,Medium,1,Medium,4.481871969643598,1.6134299337036377,5.749782604586021,0.34891666666666665,6.460624999999999,0,1956,0.14166666666666666,21.74129353233831
T01053,R0105,Zone_5,2.32,17.07,20.14,Wallet,2024-07-07,0,Diya Das,31.0,Female,Jaipur,2020-09-28,346.0,9.0,3.69,2590.0,1.31,43.9,Business,-1.3387083460057412,-1.3320669019052378,0,6,7,0,0.0,0.0,0.0,1.0,0.0,0.0,0.0,0.0,0.0,1.0,0.0,0.0,0.0,0.0,Medium,1,High,3.051166980442092,1.199964782928397,4.13158565202272,0.27514450867052026,3.7604624277456646,0,2140,0.02601156069364162,8.681034482758621
T01054,R0231,Zone_7,4.71,42.7,98.65,Wallet,2023-07-04,1,Ishaan Nair,19.0,Other,Mumbai,2019-08-26,328.0,22.0,4.81,11070.0,0.64,45.2,Industrial,-0.4204692414692522,-0.7949630868299574,0,1,7,2,0.0,0.0,0.0,1.0,0.0,0.0,0.0,0.0,0.0,0.0,0.0,1.0,0.0,0.0,Low,0,Medium,4.6016640466588035,1.742219023667919,6.534523701081817,0.18076219512195124,2.230274390243902,0,2539,0.06707317073170732,20.944798301486202
T01055,R0119,Zone_6,7.08,35.42,88.14,Cash,2023-08-10,0,Saanvi Iyer,47.0,Male,Hyderabad,2023-05-05,30.0,1.0,4.39,14627.0,0.54,37.6,Mixed,-0.5433923466619474,-0.2623538643494493,0,3,8,1,1.0,0.0,0.0,0.0,0.0,0.0,0.0,0.0,0.0,0.0,1.0,0.0,0.0,0.0,Low,0,Low,4.49020816751841,2.089391872533004,5.951470406546604,0.9743333333333334,13.516666666666667,0,1191,0.03333333333333333,12.44915254237288
T01056,R0266,Zone_7,10.27,74.55,168.21,Wallet,2024-02-26,0,Diya Reddy,29.0,Other,Chennai,2020-09-25,98.0,13.0,3.9,11070.0,0.64,45.2,Industrial,0.39309224256536984,0.45453365451671984,0,0,2,2,0.0,0.0,0.0,1.0,0.0,0.0,0.0,0.0,0.0,0.0,0.0,1.0,0.0,0.0,Low,0,Low,5.131140547080535,2.422144328051685,8.634234187233979,0.7445918367346939,12.729081632653061,0,2143,0.1326530612244898,16.37877312560857
T01057,R0282,Zone_3,8.34,61.91,144.33,UPI,2024-02-09,0,Reyansh Kumar,22.0,Other,Bengaluru,2022-05-02,319.0,3.0,4.47,12971.0,2.11,38.0,Business,0.11379597691346116,0.020805469121200584,0,4,2,2,0.0,0.0,1.0,0.0,0.0,0.0,0.0,1.0,0.0,0.0,0.0,0.0,0.0,0.0,High,2,Medium,4.979007018638079,2.234306252240751,7.868290792796107,0.29112852664576805,4.387931034482759,0,1559,0.009404388714733543,17.305755395683455
T01058,R0192,Zone_2,2.6,15.42,31.62,UPI,2023-06-09,0,Aadhya Nair,31.0,Male,Delhi,2021-08-23,449.0,31.0,3.89,6371.0,0.91,58.4,Residential,-1.204440291998877,-1.269142605578427,0,4,6,1,0.0,0.0,1.0,0.0,0.0,0.0,1.0,0.0,0.0,0.0,0.0,0.0,0.0,0.0,Low,0,High,3.484925597192868,1.2809338454620642,3.9268307832143723,0.03893095768374165,0.512694877505568,0,1811,0.06904231625835189,12.161538461538461
T01059,R0164,Zone_8,9.14,84.79,160.24,Cash,2024-06-12,0,Aadhya Ghosh,37.0,Other,Ahmedabad,2022-07-06,249.0,23.0,4.02,4516.0,1.93,31.0,Business,0.29987652911286933,0.20058917291208958,0,2,6,2,1.0,0.0,0.0,0.0,0.0,0.0,0.0,0.0,0.0,0.0,0.0,0.0,1.0,0.0,High,2,Medium,5.082893938248965,2.316487998163037,9.208148565265441,0.40273092369477914,7.062208835341366,0,1494,0.09236947791164658,17.531728665207876
T01060,R0285,Zone_5,9.61,90.21,92.12,Cash,2023-12-07,0,Diya Iyer,29.0,Female,Chennai,2019-01-10,244.0,16.0,4.97,2590.0,1.31,43.9,Business,-0.4968429690532959,0.3062120988892365,0,3,12,0,1.0,0.0,0.0,0.0,0.0,0.0,0.0,0.0,0.0,1.0,0.0,0.0,0.0,0.0,Medium,1,Medium,4.533888983983128,2.3617969526258915,9.497894503520241,0.25774590163934424,4.5302459016393435,0,2767,0.06557377049180328,9.585848074921957
T01061,R0172,Zone_9,5.73,48.94,113.7,Credit Card,2023-07-10,0,Reyansh Reddy,31.0,Other,Pune,2019-12-24,168.0,14.0,3.72,11037.0,1.83,56.1,Mixed,-0.24444709749683902,-0.5657388644965741,0,0,7,2,0.0,1.0,0.0,0.0,0.0,0.0,0.0,0.0,0.0,0.0,0.0,0.0,0.0,1.0,High,2,Low,4.742320024135325,1.9065751436566365,6.99571297295708,0.5050595238095238,8.86077380952381,0,2419,0.08333333333333333,19.842931937172775
T01062,R0127,Zone_4,4.02,20.5,99.65,Wallet,2023-02-03,1,Vivaan Kumar,38.0,Male,Chennai,2020-03-17,43.0,2.0,4.83,4038.0,2.46,48.2,Business,-0.4087734179494905,-0.9500265313495991,0,4,2,1,0.0,0.0,0.0,1.0,0.0,0.0,0.0,0.0,1.0,0.0,0.0,0.0,0.0,0.0,High,2,Low,4.611649152085801,1.6134299337036377,4.527692569068709,1.6467441860465117,32.56906976744186,0,2335,0.046511627906976744,24.788557213930353
T01063,R0226,Zone_5,4.02,31.06,46.8,Cash,2024-08-09,0,Aarav Iyer,20.0,Other,Surat,2021-07-30,266.0,2.0,3.25,2590.0,1.31,43.9,Business,-1.026897690968895,-0.9500265313495991,0,4,8,2,1.0,0.0,0.0,0.0,0.0,0.0,0.0,0.0,0.0,1.0,0.0,0.0,0.0,0.0,Medium,1,Medium,3.86702563949741,1.6134299337036377,5.573149917237109,0.2000375939849624,3.408571428571429,0,1835,0.007518796992481203,11.64179104477612
T01064,R0183,Zone_2,5.34,26.75,85.55,UPI,2023-01-17,0,Arjun Patel,43.0,Other,Jaipur,2022-08-27,406.0,66.0,3.79,6371.0,0.91,58.4,Residential,-0.5736845295781302,-0.6533834200946326,0,1,1,2,0.0,0.0,1.0,0.0,0.0,0.0,1.0,0.0,0.0,0.0,0.0,0.0,0.0,0.0,Low,0,High,4.4607222816222185,1.8468787684491346,5.172040216394301,0.14231527093596058,2.0964039408866997,0,1442,0.1625615763546798,16.02059925093633
T01065,R0092,Zone_4,19.07,184.53,374.64,Wallet,2024-01-18,0,Aarav Nair,21.0,Male,Surat,2019-07-18,252.0,23.0,4.51,4038.0,2.46,48.2,Business,2.8074610917497718,2.432154396216497,0,3,1,1,0.0,0.0,0.0,1.0,0.0,0.0,0.0,0.0,1.0,0.0,0.0,0.0,0.0,0.0,High,2,Medium,5.928631237936413,2.9992261628082466,13.584181977579659,0.22694444444444448,3.415357142857143,0,2578,0.09126984126984126,19.64551651809124
T01066,R0250,Zone_1,3.55,18.67,62.38,Credit Card,2024-03-02,0,Aadhya Iyer,34.0,Female,Jaipur,2021-02-01,163.0,31.0,4.63,4921.0,2.43,30.9,Residential,-0.8446767605310082,-1.0556494573267463,0,5,3,0,0.0,1.0,0.0,0.0,1.0,0.0,0.0,0.0,0.0,0.0,0.0,0.0,0.0,0.0,High,2,Low,4.149148354262775,1.5151272329628591,4.32087954009366,0.46208588957055213,6.91601226993865,0,2014,0.1901840490797546,17.571830985915494
T01067,R0029,Zone_9,9.33,82.67,138.15,Wallet,2023-09-09,0,Kavya Iyer,30.0,Male,Surat,2022-07-24,4.0,0.0,3.69,11037.0,1.83,56.1,Mixed,0.041515787561333936,0.24328780256242558,0,5,9,1,0.0,0.0,0.0,1.0,0.0,0.0,0.0,0.0,0.0,0.0,0.0,0.0,0.0,1.0,High,2,Low,4.9355524879719,2.3350522831315472,9.092304438369846,14.942499999999999,284.4425,0,1476,0.0,14.807073954983924
T01068,R0116,Zone_10,4.43,30.69,67.17,Cash,2023-05-27,0,Ishaan Kumar,34.0,Female,Bengaluru,2020-02-08,238.0,30.0,4.58,2440.0,1.54,35.4,Industrial,-0.7886537658713497,-0.8578873831567686,0,5,5,0,1.0,0.0,0.0,0.0,0.0,1.0,0.0,0.0,0.0,0.0,0.0,0.0,0.0,0.0,Medium,1,Medium,4.222004585374694,1.691939133945844,5.539855593785816,0.2126470588235294,3.3368067226890754,0,2373,0.12605042016806722,15.16252821670429
T01069,R0218,Zone_6,5.47,32.45,112.98,Credit Card,2023-10-15,1,Arjun Reddy,34.0,Other,Delhi,2019-01-11,160.0,16.0,3.87,14627.0,0.54,37.6,Mixed,-0.2528680904310674,-0.6241685682286131,0,6,10,2,0.0,1.0,0.0,0.0,0.0,0.0,0.0,0.0,0.0,0.0,1.0,0.0,0.0,0.0,Low,0,Low,4.736022994406854,1.8671761085128091,5.6964901474504455,0.31275,4.5341875,0,2766,0.1,20.654478976234007
T01070,R0029,Zone_9,4.47,32.59,36.56,UPI,2024-01-01,0,Kavya Iyer,30.0,Male,Surat,2022-07-24,4.0,0.0,3.69,11037.0,1.83,56.1,Mixed,-1.1466629238112545,-0.8488981979672242,0,0,1,1,0.0,0.0,1.0,0.0,0.0,0.0,0.0,0.0,0.0,0.0,0.0,0.0,0.0,1.0,High,2,Low,3.6259396543400624,1.6992786164338898,5.708765190476834,14.942499999999999,284.4425,0,1476,0.0,8.178970917225952
T01071,R0286,Zone_5,12.01,119.25,131.8,Cash,2024-06-04,0,Ishaan Nair,26.0,Male,Pune,2023-02-15,29.0,0.0,4.48,2590.0,1.31,43.9,Business,-0.032752691789152626,0.8455632102619031,0,1,6,1,1.0,0.0,0.0,0.0,0.0,0.0,0.0,0.0,0.0,1.0,0.0,0.0,0.0,0.0,Medium,1,Low,4.888844237042334,2.565718292524414,10.920164833920778,1.4572413793103447,21.62551724137931,0,1270,0.0,10.974188176519569
T01072,R0112,Zone_6,9.9,68.06,139.84,Cash,2024-05-10,0,Meera Nair,41.0,Female,Delhi,2020-11-13,311.0,11.0,3.24,14627.0,0.54,37.6,Mixed,0.06128172930973114,0.3713836915134339,0,4,5,0,1.0,0.0,0.0,0.0,0.0,0.0,0.0,0.0,0.0,0.0,1.0,0.0,0.0,0.0,Low,0,Medium,4.947624494286852,2.388762789235098,8.249848483457136,0.28787781350482317,3.6986173633440513,0,2094,0.03536977491961415,14.125252525252526
T01073,R0121,Zone_10,7.35,72.94,89.7,Wallet,2023-12-01,0,Diya Iyer,29.0,Male,Pune,2023-07-13,378.0,10.0,4.17,2440.0,1.54,35.4,Industrial,-0.5251468619711191,-0.2016768643200244,0,4,12,1,0.0,0.0,0.0,1.0,0.0,1.0,0.0,0.0,0.0,0.0,0.0,0.0,0.0,0.0,Medium,1,High,4.507557357121091,2.122261538862764,8.54049178911847,0.23269841269841268,3.8740211640211637,0,1122,0.026455026455026454,12.204081632653063
T01074,R0109,Zone_10,10.51,68.93,203.11,Credit Card,2023-08-11,0,Vivaan Kumar,35.0,Female,Delhi,2022-11-19,62.0,5.0,3.35,2440.0,1.54,35.4,Industrial,0.8012764834050523,0.5084687656539866,0,4,8,0,0.0,1.0,0.0,0.0,0.0,1.0,0.0,0.0,0.0,0.0,0.0,0.0,0.0,0.0,Medium,1,Low,5.318659064205951,2.4432162227337915,8.302409288875127,0.6974193548387098,11.13532258064516,0,1358,0.08064516129032258,19.325404376784018
T01075,R0240,Zone_7,11.72,88.22,143.06,UPI,2024-05-16,0,Aarav Iyer,30.0,Male,Delhi,2020-05-18,174.0,2.0,4.07,11070.0,0.64,45.2,Industrial,0.09894228104336371,0.780391617637706,0,3,5,1,0.0,0.0,1.0,0.0,0.0,0.0,0.0,0.0,0.0,0.0,0.0,1.0,0.0,0.0,Low,0,Medium,4.9702298794612165,2.543175557911976,9.392550239418473,0.5294252873563219,7.0199425287356325,0,2273,0.011494252873563218,12.206484641638225
T01076,R0257,Zone_1,3.75,22.05,70.87,Credit Card,2023-11-10,0,Arjun Reddy,36.0,Other,Delhi,2023-03-11,459.0,19.0,4.82,4921.0,2.43,30.9,Residential,-0.7453792188482314,-1.010703531379024,0,4,11,2,0.0,1.0,0.0,0.0,1.0,0.0,0.0,0.0,0.0,0.0,0.0,0.0,0.0,0.0,High,2,High,4.274858931480352,1.55814461804655,4.695742752749559,0.12224400871459695,1.7913507625272331,0,1246,0.04139433551198257,18.898666666666667
T01077,R0241,Zone_4,10.74,66.68,206.08,Wallet,2024-06-27,0,Kavya Gupta,34.0,Female,Chennai,2020-01-13,165.0,3.0,3.28,4038.0,2.46,48.2,Business,0.8360130792587445,0.5601565804938672,0,3,6,0,0.0,0.0,0.0,1.0,0.0,0.0,0.0,0.0,1.0,0.0,0.0,0.0,0.0,0.0,High,2,Low,5.333105192033701,2.4630018143999504,8.165782265037441,0.2770909090909091,4.619090909090909,0,2399,0.01818181818181818,19.18808193668529
T01078,R0091,Zone_6,4.41,23.03,86.33,UPI,2023-06-01,0,Meera Das,41.0,Other,Surat,2022-04-16,334.0,43.0,3.4,14627.0,0.54,37.6,Mixed,-0.5645617872327161,-0.8623819757515407,0,3,6,2,0.0,0.0,1.0,0.0,0.0,0.0,0.0,0.0,0.0,0.0,1.0,0.0,0.0,0.0,Low,0,High,4.469694046425642,1.6882490928583902,4.798958220280731,0.14934131736526945,2.7054191616766468,0,1575,0.12874251497005987,19.575963718820862
T01079,R0030,Zone_5,12.19,101.66,231.15,Cash,2023-05-18,0,Saanvi Patel,25.0,Other,Mumbai,2021-01-08,442.0,58.0,3.72,2590.0,1.31,43.9,Business,1.1292273748991695,0.886014543614853,0,3,5,2,1.0,0.0,0.0,0.0,0.0,0.0,0.0,0.0,0.0,1.0,0.0,0.0,0.0,0.0,Medium,1,High,5.447383714465931,2.579458966729223,10.08265837961398,0.1833710407239819,3.5865384615384617,0,2038,0.13122171945701358,18.962264150943398
T01080,R0194,Zone_2,11.7,95.21,108.88,Credit Card,2023-11-19,0,Arjun Iyer,30.0,Other,Jaipur,2023-02-10,10.0,2.0,4.06,6371.0,0.91,58.4,Residential,-0.30082096686209037,0.7758970250429336,0,6,11,2,0.0,1.0,0.0,0.0,0.0,0.0,1.0,0.0,0.0,0.0,0.0,0.0,0.0,0.0,Low,0,Low,4.699388861227073,2.5416019934645457,9.757561170702441,4.361,68.455,0,1275,0.2,9.305982905982907
T01081,R0212,Zone_3,10.02,79.07,216.29,Cash,2024-06-18,1,Aadhya Iyer,36.0,Female,Ahmedabad,2023-09-11,73.0,12.0,3.22,12971.0,2.11,38.0,Business,0.955427437395511,0.3983512470820671,0,1,6,0,1.0,0.0,0.0,0.0,0.0,0.0,0.0,1.0,0.0,0.0,0.0,0.0,0.0,0.0,High,2,Low,5.381232866875345,2.3997118037247684,8.892131353055914,0.8024657534246575,15.458767123287672,0,1062,0.1643835616438356,21.585828343313374
T01082,R0134,Zone_1,6.95,57.46,149.19,Credit Card,2024-03-05,1,Aadhya Singh,34.0,Male,Jaipur,2022-07-30,410.0,29.0,4.59,4921.0,2.43,30.9,Residential,0.1706376792195027,-0.2915687162154687,0,1,3,1,0.0,1.0,0.0,0.0,1.0,0.0,0.0,0.0,0.0,0.0,0.0,0.0,0.0,0.0,High,2,High,5.01190115921749,2.0731719286662407,7.58023746329889,0.13614634146341464,2.644878048780488,0,1470,0.07073170731707316,21.46618705035971
T01083,R0136,Zone_7,5.37,49.34,69.98,Cash,2024-01-11,0,Diya Ghosh,34.0,Male,Hyderabad,2019-01-19,339.0,11.0,3.82,11070.0,0.64,45.2,Industrial,-0.7557885017808194,-0.6466415312024741,0,3,1,1,1.0,0.0,0.0,0.0,0.0,0.0,0.0,0.0,0.0,0.0,0.0,1.0,0.0,0.0,Low,0,High,4.2623981472183505,1.851599469584072,7.024243731534378,0.0792330383480826,1.0111799410029498,0,2758,0.032448377581120944,13.031657355679702
T01084,R0177,Zone_10,6.68,45.42,145.41,Cash,2023-06-15,1,Ishaan Reddy,34.0,Other,Bengaluru,2023-02-15,489.0,63.0,4.48,2440.0,1.54,35.4,Industrial,0.1264274663148036,-0.35224571624489376,0,3,6,2,1.0,0.0,0.0,0.0,0.0,1.0,0.0,0.0,0.0,0.0,0.0,0.0,0.0,0.0,Medium,1,High,4.986410905205391,2.038619547159581,6.739436178197699,0.23668711656441715,3.8175051124744375,0,1270,0.12883435582822086,21.767964071856287
T01085,R0013,Zone_2,11.85,72.66,216.01,Cash,2023-12-03,0,Ishaan Gupta,43.0,Female,Kolkata,2019-04-01,6.0,0.0,3.91,6371.0,0.91,58.4,Residential,0.9521526068099776,0.8096064695037253,0,6,12,0,1.0,0.0,0.0,0.0,0.0,0.0,1.0,0.0,0.0,0.0,0.0,0.0,0.0,0.0,Low,0,Low,5.379943435427982,2.553343811341229,8.524083528450435,13.418333333333335,238.80666666666664,0,2686,0.0,18.228691983122363
T01086,R0151,Zone_1,4.59,27.07,48.72,UPI,2023-07-22,0,Meera Reddy,34.0,Male,Hyderabad,2023-02-25,394.0,56.0,5.0,4921.0,2.43,30.9,Residential,-1.0044417098109526,-0.8219306423985908,0,5,7,1,0.0,0.0,1.0,0.0,1.0,0.0,0.0,0.0,0.0,0.0,0.0,0.0,0.0,0.0,High,2,High,3.9064072666425105,1.7209792871670078,5.202883815731425,0.15967005076142132,2.8274111675126905,0,1260,0.14213197969543148,10.61437908496732
T01087,R0081,Zone_10,8.25,59.48,185.89,Cash,2023-08-25,1,Diya Reddy,42.0,Other,Mumbai,2022-01-31,114.0,2.0,3.9,2440.0,1.54,35.4,Industrial,0.599874402394756,0.0005798024447256225,0,4,8,2,1.0,0.0,0.0,0.0,0.0,1.0,0.0,0.0,0.0,0.0,0.0,0.0,0.0,0.0,Medium,1,Low,5.230520208482211,2.224623551524334,7.712327793863536,0.46421052631578946,7.123421052631579,0,1650,0.017543859649122806,22.53212121212121
T01088,R0193,Zone_7,0.74,5.51,7.1,UPI,2024-03-18,0,Kavya Singh,33.0,Female,Chennai,2022-01-03,389.0,68.0,4.41,11070.0,0.64,45.2,Industrial,-1.4912218847034335,-1.6871397168922433,0,0,3,0,0.0,0.0,1.0,0.0,0.0,0.0,0.0,0.0,0.0,0.0,0.0,1.0,0.0,0.0,Low,0,High,2.0918640616783932,0.5538851132264376,2.3473389188611002,0.14419023136246786,2.5851928020565555,0,1678,0.17480719794344474,9.594594594594595
T01089,R0118,Zone_7,9.3,51.55,81.43,Wallet,2024-05-07,0,Reyansh Gupta,29.0,Male,Surat,2023-09-26,165.0,24.0,4.13,11070.0,0.64,45.2,Industrial,-0.6218713224795481,0.23654591367026737,0,1,5,1,0.0,0.0,0.0,1.0,0.0,0.0,0.0,0.0,0.0,0.0,0.0,1.0,0.0,0.0,Low,0,Low,4.411949448325136,2.33214389523559,7.179832867135557,0.23163636363636364,3.228424242424243,0,1047,0.14545454545454545,8.755913978494624
T01090,R0130,Zone_1,2.8200000000000003,21.83,38.66,Cash,2023-03-20,0,Diya Ghosh,27.0,Female,Pune,2019-02-16,316.0,62.0,3.62,4921.0,2.43,30.9,Residential,-1.122101694419755,-1.2197020870359323,0,0,3,0,1.0,0.0,0.0,0.0,1.0,0.0,0.0,0.0,0.0,0.0,0.0,0.0,0.0,0.0,High,2,Medium,3.68034312309165,1.340250422618484,4.672258554489466,0.1610759493670886,2.836487341772152,0,2730,0.1962025316455696,13.709219858156025
T01091,R0189,Zone_10,1.4100000000000001,8.43,12.9,Cash,2024-01-12,0,Reyansh Gupta,29.0,Female,Delhi,2019-09-16,238.0,42.0,3.28,2440.0,1.54,35.4,Industrial,-1.4233861082888157,-1.536570864967374,0,4,1,0,1.0,0.0,0.0,0.0,0.0,1.0,0.0,0.0,0.0,0.0,0.0,0.0,0.0,0.0,Medium,1,Medium,2.631888840136646,0.8796267475025636,2.903446228191595,0.30264705882352944,6.2214285714285715,0,2518,0.17647058823529413,9.148936170212766
T01092,R0037,Zone_7,10.59,54.2,131.17,Credit Card,2024-04-13,0,Aadhya Iyer,32.0,Other,Ahmedabad,2020-11-21,489.0,6.0,3.36,11070.0,0.64,45.2,Industrial,-0.04012106060660276,0.5264471360330755,0,5,4,2,0.0,1.0,0.0,0.0,0.0,0.0,0.0,0.0,0.0,0.0,0.0,1.0,0.0,0.0,Low,0,High,4.884088972769716,2.4501426573516603,7.362064927722384,0.15969325153374234,2.6884662576687117,0,2086,0.012269938650306749,12.386213408876298
T01093,R0234,Zone_6,9.05,83.05,142.74,Wallet,2024-03-24,0,Saanvi Nair,32.0,Other,Pune,2022-12-01,183.0,31.0,3.98,14627.0,0.54,37.6,Mixed,0.09519961751704005,0.18036350623561462,0,6,3,2,0.0,0.0,0.0,1.0,0.0,0.0,0.0,0.0,0.0,0.0,1.0,0.0,0.0,0.0,Low,0,Medium,4.968006112040297,2.307572634505085,9.113177272499422,0.34677595628415303,6.222677595628415,0,1346,0.16939890710382513,15.772375690607735
T01094,R0126,Zone_4,5.78,52.57,86.21,Wallet,2023-04-22,0,Diya Reddy,29.0,Female,Surat,2022-09-25,411.0,20.0,3.65,4038.0,2.46,48.2,Business,-0.5659652860550876,-0.5545023830096436,0,5,4,0,0.0,0.0,0.0,1.0,0.0,0.0,0.0,0.0,1.0,0.0,0.0,0.0,0.0,0.0,High,2,High,4.468319003238894,1.9139771019523042,7.250517222929686,0.08686131386861315,1.009537712895377,0,1413,0.04866180048661801,14.915224913494807
T01095,R0188,Zone_3,6.49,49.78,71.11,Wallet,2023-11-03,0,Vivaan Gupta,24.0,Male,Delhi,2020-07-16,436.0,64.0,3.15,12971.0,2.11,38.0,Business,-0.7425722212034888,-0.39494434589522975,0,4,11,1,0.0,0.0,0.0,1.0,0.0,0.0,0.0,1.0,0.0,0.0,0.0,0.0,0.0,0.0,High,2,High,4.2781927309286685,2.0135687975291283,7.055494312945054,0.05607798165137615,1.069816513761468,0,2214,0.14678899082568808,10.956856702619413
T01096,R0070,Zone_8,19.36,144.13,379.63,UPI,2024-04-13,0,Meera Reddy,33.0,Male,Bengaluru,2023-01-03,310.0,6.0,3.54,4516.0,1.93,31.0,Business,3.6144729146133274,2.4973259888406942,0,5,4,1,0.0,0.0,1.0,0.0,0.0,0.0,0.0,0.0,0.0,0.0,0.0,0.0,1.0,0.0,High,2,Medium,5.94182777466688,3.013572191682322,12.005415444706609,0.2897096774193548,5.337709677419355,0,1313,0.01935483870967742,19.608987603305785
T01097,R0021,Zone_7,7.03,55.96,171.02,UPI,2024-07-02,1,Diya Ghosh,37.0,Female,Pune,2019-05-08,380.0,17.0,3.91,11070.0,0.64,45.2,Industrial,0.4259575066559002,-0.2735903458363798,0,1,7,0,0.0,0.0,1.0,0.0,0.0,0.0,0.0,0.0,0.0,0.0,0.0,1.0,0.0,0.0,Low,0,High,5.147610749123333,2.0831845279586703,7.4806416837060175,0.09136842105263157,1.7853684210526317,0,2649,0.04473684210526316,24.327169274537695
T01098,R0259,Zone_6,6.99,40.01,58.66,Credit Card,2023-11-06,0,Aadhya Das,32.0,Male,Jaipur,2019-06-25,150.0,27.0,3.52,14627.0,0.54,37.6,Mixed,-0.8881852240245216,-0.28257953102592426,0,0,11,1,0.0,1.0,0.0,0.0,0.0,0.0,0.0,0.0,0.0,0.0,1.0,0.0,0.0,0.0,Low,0,Low,4.088661779086602,2.0781907597781832,6.325345840347388,0.5316000000000001,8.553866666666666,0,2601,0.18,8.391988555078683
T01099,R0198,Zone_8,11.26,76.08,145.06,Cash,2024-01-26,0,Vivaan Kumar,31.0,Other,Mumbai,2021-12-10,202.0,23.0,3.85,4516.0,1.93,31.0,Business,0.12233392808288705,0.6770159879579448,0,4,1,2,1.0,0.0,0.0,0.0,0.0,0.0,0.0,0.0,0.0,0.0,0.0,0.0,1.0,0.0,High,2,Medium,4.984017496191964,2.506341930508065,8.72238499494261,0.19361386138613862,2.9134158415841584,0,1702,0.11386138613861387,12.882770870337477
T01100,R0151,Zone_1,8.44,82.0,90.85,Credit Card,2023-06-13,0,Meera Reddy,34.0,Male,Hyderabad,2023-02-25,394.0,56.0,5.0,4921.0,2.43,30.9,Residential,-0.5116966649233934,0.04327843209506161,0,1,6,1,0.0,1.0,0.0,0.0,1.0,0.0,0.0,0.0,0.0,0.0,0.0,0.0,0.0,0.0,High,2,High,4.520156811661135,2.244955980157409,9.055385138137417,0.15967005076142132,2.8274111675126905,0,1260,0.14213197969543148,10.764218009478673
T01101,R0228,Zone_2,12.94,127.54,316.93,Credit Card,2024-06-15,1,Kavya Ghosh,21.0,Female,Pune,2020-05-18,10.0,0.0,4.84,6371.0,0.91,58.4,Residential,2.1324951164243258,1.0545617659188113,0,5,6,0,0.0,1.0,0.0,0.0,0.0,0.0,1.0,0.0,0.0,0.0,0.0,0.0,0.0,0.0,Low,0,Low,5.761831232762776,2.6347624053323777,11.2933608815091,3.844,67.522,0,2273,0.0,24.492272024729523
T01102,R0291,Zone_5,9.39,64.4,183.71,Wallet,2024-02-02,0,Arjun Ghosh,23.0,Other,Pune,2021-04-19,499.0,94.0,3.46,2590.0,1.31,43.9,Business,0.5743775071216758,0.25677158034674236,0,4,2,2,0.0,0.0,0.0,1.0,0.0,0.0,0.0,0.0,0.0,1.0,0.0,0.0,0.0,0.0,Medium,1,High,5.218787027591229,2.340843805111136,8.024961059095553,0.09308617234468938,1.59436873747495,0,1937,0.18837675350701402,19.564430244941427
T01103,R0005,Zone_9,11.81,68.62,211.36,Credit Card,2023-06-01,0,Diya Reddy,27.0,Male,Ahmedabad,2021-05-31,294.0,30.0,3.53,11037.0,1.83,56.1,Mixed,0.8977670274430861,0.800617284314181,0,3,6,1,0.0,1.0,0.0,0.0,0.0,0.0,0.0,0.0,0.0,0.0,0.0,0.0,0.0,1.0,High,2,Medium,5.3582829477154705,2.550226115908643,8.283718971573094,0.17435374149659866,3.1511904761904765,0,1895,0.10204081632653061,17.896697713801863
T01104,R0013,Zone_9,10.22,98.6,233.8,UPI,2023-08-18,1,Ishaan Gupta,43.0,Female,Kolkata,2019-04-01,6.0,0.0,3.91,11037.0,1.83,56.1,Mixed,1.1602213072265382,0.4432971730297895,0,4,8,0,0.0,0.0,1.0,0.0,0.0,0.0,0.0,0.0,0.0,0.0,0.0,0.0,0.0,1.0,High,2,Low,5.458734087953942,2.4176979000945504,9.929753269845127,13.418333333333335,238.80666666666664,0,2686,0.0,22.876712328767123
T01105,R0170,Zone_8,11.23,105.21,165.37,Credit Card,2023-01-14,0,Saanvi Kumar,29.0,Other,Bengaluru,2020-05-20,28.0,3.0,3.68,4516.0,1.93,31.0,Business,0.35987610376924667,0.6702740990657866,0,5,1,2,0.0,1.0,0.0,0.0,0.0,0.0,0.0,0.0,0.0,0.0,0.0,0.0,1.0,0.0,High,2,Low,5.1142142236716515,2.503891949699081,10.257192598367254,1.9110714285714285,33.70392857142857,0,2271,0.10714285714285714,14.72573463935886
T01106,R0196,Zone_10,7.79,49.26,194.33,Credit Card,2023-12-04,1,Vivaan Das,18.0,Male,Hyderabad,2019-06-24,51.0,9.0,4.93,2440.0,1.54,35.4,Industrial,0.6985871529015448,-0.10279582723503546,0,0,12,1,0.0,1.0,0.0,0.0,0.0,1.0,0.0,0.0,0.0,0.0,0.0,0.0,0.0,0.0,Medium,1,Low,5.27469043591688,2.1736147116970854,7.018546858146634,1.8813725490196078,31.831960784313726,0,2602,0.17647058823529413,24.946084724005136
T01107,R0095,Zone_10,9.11,70.09,151.09,Wallet,2023-03-25,0,Kavya Iyer,29.0,Female,Chennai,2020-10-07,481.0,77.0,4.26,2440.0,1.54,35.4,Industrial,0.19285974390704996,0.19384728401993098,0,5,3,0,0.0,0.0,0.0,1.0,0.0,1.0,0.0,0.0,0.0,0.0,0.0,0.0,0.0,0.0,Medium,1,High,5.024472450884278,2.3135250330323798,8.371977066380438,0.23856548856548856,3.907713097713098,0,2131,0.1600831600831601,16.585071350164657
T01108,R0182,Zone_10,6.64,57.07,62.99,UPI,2023-11-06,0,Meera Patel,43.0,Male,Jaipur,2020-09-30,8.0,0.0,4.4,2440.0,1.54,35.4,Industrial,-0.8375423081839534,-0.3612349014344382,0,0,11,1,0.0,0.0,1.0,0.0,0.0,1.0,0.0,0.0,0.0,0.0,0.0,0.0,0.0,0.0,Medium,1,Low,4.158726821151369,2.033397603178429,7.554468876102409,6.19125,104.47625,0,2138,0.0,9.486445783132531
T01109,R0064,Zone_9,11.02,95.62,248.7,Credit Card,2023-09-26,1,Ishaan Nair,21.0,Female,Bengaluru,2023-09-30,214.0,2.0,4.21,11037.0,1.83,56.1,Mixed,1.3344890776709868,0.6230808768206781,0,1,9,0,0.0,1.0,0.0,0.0,0.0,0.0,0.0,0.0,0.0,0.0,0.0,0.0,0.0,1.0,High,2,Medium,5.520260197285728,2.4865719291070616,9.778547949465707,0.26429906542056075,5.103691588785047,0,1043,0.009345794392523364,22.568058076225046
T01110,R0192,Zone_8,1.27,10.48,17.78,UPI,2023-01-03,0,Aadhya Nair,31.0,Male,Delhi,2021-08-23,449.0,31.0,3.89,4516.0,1.93,31.0,Business,-1.3663104895123788,-1.5680330131307796,0,1,1,1,0.0,0.0,1.0,0.0,0.0,0.0,0.0,0.0,0.0,0.0,0.0,0.0,1.0,0.0,High,2,High,2.932792473780117,0.8197798314933114,3.237282811247729,0.03893095768374165,0.512694877505568,0,1811,0.06904231625835189,14.0
T01111,R0006,Zone_2,11.63,116.2,183.38,UPI,2024-03-03,0,Aarav Das,45.0,Female,Jaipur,2023-06-30,248.0,13.0,4.64,6371.0,0.91,58.4,Residential,0.5705178853601544,0.7601659509612311,0,6,3,0,0.0,0.0,1.0,0.0,0.0,0.0,1.0,0.0,0.0,0.0,0.0,0.0,0.0,0.0,Low,0,Medium,5.216998845370449,2.5360749363624,10.779610382569492,0.255,4.417056451612903,0,1135,0.05241935483870968,15.767841788478073
T01112,R0218,Zone_5,12.99,76.01,108.6,Wallet,2024-01-26,0,Arjun Reddy,34.0,Other,Delhi,2019-01-11,160.0,16.0,3.87,2590.0,1.31,43.9,Business,-0.30409579744762366,1.065798247405742,0,4,1,2,0.0,0.0,0.0,1.0,0.0,0.0,0.0,0.0,0.0,1.0,0.0,0.0,0.0,0.0,Medium,1,Low,4.696837374513915,2.63834278867739,8.718371407550839,0.31275,4.5341875,0,2766,0.1,8.36027713625866
T01113,R0294,Zone_7,11.71,68.92,242.46,Credit Card,2024-07-21,1,Arjun Reddy,24.0,Male,Surat,2021-04-02,41.0,7.0,3.2,11070.0,0.64,45.2,Industrial,1.2615071389076742,0.77814432134032,0,6,7,1,0.0,1.0,0.0,0.0,0.0,0.0,0.0,0.0,0.0,0.0,0.0,1.0,0.0,0.0,Low,0,Low,5.49495265798145,2.542389085201363,8.301807032206904,1.3824390243902438,20.37560975609756,0,1954,0.17073170731707318,20.705380017079417
T01114,R0002,Zone_7,7.48,65.33,152.09,Wallet,2024-08-03,1,Ishaan Nair,39.0,Female,Mumbai,2019-11-23,70.0,5.0,4.12,11070.0,0.64,45.2,Industrial,0.20455556742681164,-0.17246201245400478,0,5,8,0,0.0,0.0,0.0,1.0,0.0,0.0,0.0,0.0,0.0,0.0,0.0,1.0,0.0,0.0,Low,0,Low,5.03102598374399,2.1377104498038118,8.082697569499926,1.0812857142857142,16.794428571428572,0,2450,0.07142857142857142,20.33288770053476
T01115,R0060,Zone_3,10.53,99.34,215.24,UPI,2023-05-04,1,Aarav Nair,40.0,Female,Hyderabad,2023-08-01,123.0,7.0,4.57,12971.0,2.11,38.0,Business,0.9431468226997614,0.5129633582487586,0,3,5,0,0.0,0.0,1.0,0.0,0.0,0.0,0.0,1.0,0.0,0.0,0.0,0.0,0.0,0.0,High,2,Low,5.376388901968192,2.4449523342809676,9.966945369570357,0.38422764227642275,5.954308943089431,0,1103,0.056910569105691054,20.44064577397911
T01116,R0242,Zone_6,4.12,32.03,55.21,Credit Card,2024-05-28,0,Kavya Iyer,34.0,Male,Ahmedabad,2022-06-05,445.0,8.0,4.54,14627.0,0.54,37.6,Mixed,-0.9285358151676992,-0.927553568375738,0,1,5,1,0.0,1.0,0.0,0.0,0.0,0.0,0.0,0.0,0.0,0.0,1.0,0.0,0.0,0.0,Low,0,High,4.029094677013983,1.6331544390514163,5.659505278732409,0.05903370786516854,0.7375056179775281,0,1525,0.017977528089887642,13.400485436893204
T01117,R0086,Zone_5,12.19,98.93,263.64,Cash,2024-03-14,1,Vivaan Patel,23.0,Male,Hyderabad,2019-11-08,337.0,17.0,4.56,2590.0,1.31,43.9,Business,1.5092246810562262,0.886014543614853,0,3,3,1,1.0,0.0,0.0,0.0,0.0,0.0,0.0,0.0,0.0,1.0,0.0,0.0,0.0,0.0,Medium,1,High,5.578370411835326,2.579458966729223,9.946356116689167,0.19192878338278935,3.352581602373887,0,2465,0.050445103857566766,21.627563576702215
T01118,R0108,Zone_1,2.5,16.36,30.74,Credit Card,2023-09-02,0,Reyansh Gupta,18.0,Male,Pune,2019-05-31,184.0,32.0,4.88,4921.0,2.43,30.9,Residential,-1.2147326166962675,-1.2916155685522879,0,5,9,1,0.0,1.0,0.0,0.0,1.0,0.0,0.0,0.0,0.0,0.0,0.0,0.0,0.0,0.0,High,2,Medium,3.457577715098263,1.252762968495368,4.044749683231337,0.23695652173913045,4.754836956521739,0,2626,0.17391304347826086,12.296
T01119,R0280,Zone_2,10.97,56.48,178.73,Wallet,2023-02-14,0,Saanvi Gupta,26.0,Other,Chennai,2023-05-31,172.0,23.0,4.43,6371.0,0.91,58.4,Residential,0.5161323059932624,0.6118443953337478,0,1,2,2,0.0,0.0,0.0,1.0,0.0,0.0,1.0,0.0,0.0,0.0,0.0,0.0,0.0,0.0,Low,0,Medium,5.1914557247639435,2.482403519569882,7.515317691222374,0.29517441860465116,4.2749999999999995,0,1165,0.13372093023255813,16.2926162260711
T01120,R0172,Zone_9,10.66,56.81,244.47,UPI,2023-05-13,1,Reyansh Reddy,31.0,Other,Pune,2019-12-24,168.0,14.0,3.72,11037.0,1.83,56.1,Mixed,1.285015744182395,0.5421782101147783,0,5,5,2,0.0,0.0,1.0,0.0,0.0,0.0,0.0,0.0,0.0,0.0,0.0,0.0,0.0,1.0,High,2,Low,5.503174740174929,2.4561641809223462,7.5372408744845085,0.5050595238095238,8.86077380952381,0,2419,0.08333333333333333,22.933395872420263
T01121,R0292,Zone_5,10.03,88.93,156.58,Credit Card,2024-03-23,0,Diya Patel,37.0,Female,Jaipur,2020-06-28,141.0,19.0,4.39,2590.0,1.31,43.9,Business,0.25706981503054166,0.4005985433794531,0,5,3,0,0.0,1.0,0.0,0.0,0.0,0.0,0.0,0.0,0.0,1.0,0.0,0.0,0.0,0.0,Medium,1,Low,5.059933265817542,2.400618833265411,9.430270409696638,0.5628368794326241,8.070141843971632,0,2232,0.1347517730496454,15.611166500498507
T01122,R0055,Zone_4,5.76,52.2,101.78,Credit Card,2023-11-05,0,Kavya Singh,32.0,Male,Delhi,2021-11-07,425.0,12.0,4.19,4038.0,2.46,48.2,Business,-0.3838613138523982,-0.558996975604416,0,6,11,1,0.0,1.0,0.0,0.0,0.0,0.0,0.0,0.0,1.0,0.0,0.0,0.0,0.0,0.0,High,2,High,4.632590781564083,1.9110228900548727,7.224956747275377,0.16870588235294118,2.610729411764706,0,1735,0.02823529411764706,17.67013888888889
T01123,R0296,Zone_8,11.8,103.58,106.02,Cash,2024-01-05,0,Reyansh Patel,37.0,Other,Hyderabad,2021-02-20,390.0,58.0,3.97,4516.0,1.93,31.0,Business,-0.33427102212860876,0.7983699880167949,0,4,1,2,1.0,0.0,0.0,0.0,0.0,0.0,0.0,0.0,0.0,0.0,0.0,0.0,1.0,0.0,High,2,High,4.673015732883159,2.5494451709255714,10.17742600071354,0.20374358974358978,3.349897435897436,0,1995,0.14871794871794872,8.984745762711864
T01124,R0104,Zone_5,1.19,9.21,29.08,Cash,2023-08-24,1,Diya Gupta,52.0,Male,Kolkata,2021-05-27,328.0,1.0,3.7,2590.0,1.31,43.9,Business,-1.234147683739072,-1.5860113835098684,0,3,8,1,1.0,0.0,0.0,0.0,0.0,0.0,0.0,0.0,0.0,1.0,0.0,0.0,0.0,0.0,Medium,1,Medium,3.403860499081639,0.7839015438284094,3.034798181098704,0.14234756097560977,2.3335060975609756,0,1899,0.003048780487804878,24.436974789915965
T01125,R0072,Zone_8,11.89,107.51,104.44,UPI,2023-05-23,0,Saanvi Das,25.0,Other,Jaipur,2023-11-05,62.0,10.0,4.07,4516.0,1.93,31.0,Business,-0.3527504232898322,0.8185956546932699,0,1,5,2,0.0,0.0,1.0,0.0,0.0,0.0,0.0,0.0,0.0,0.0,0.0,0.0,1.0,0.0,High,2,Low,4.658142070754197,2.556451816951096,10.368702908271603,0.7845161290322581,11.808709677419355,0,1007,0.16129032258064516,8.783851976450798
T01126,R0079,Zone_2,8.96,61.07,138.99,Wallet,2024-01-06,0,Ishaan Nair,25.0,Male,Bengaluru,2020-09-23,146.0,28.0,4.92,6371.0,0.91,58.4,Residential,0.05134027931793378,0.16013783955913966,0,5,1,1,0.0,0.0,0.0,1.0,0.0,0.0,1.0,0.0,0.0,0.0,0.0,0.0,0.0,0.0,Low,0,Low,4.941570991486734,2.298577071596507,7.814729681825213,0.24972602739726027,4.194589041095891,0,2145,0.1917808219178082,15.512276785714285
T01127,R0133,Zone_3,13.25,93.39,167.01,UPI,2024-05-19,0,Diya Kumar,25.0,Female,Delhi,2019-07-13,155.0,11.0,4.4,12971.0,2.11,38.0,Business,0.37905725434165566,1.1242279511377808,0,6,5,0,0.0,0.0,1.0,0.0,0.0,0.0,0.0,1.0,0.0,0.0,0.0,0.0,0.0,0.0,High,2,Low,5.124023501441311,2.6567569067146595,9.66385016440135,0.4186451612903226,5.272709677419355,0,2583,0.07096774193548387,12.604528301886791
T01128,R0071,Zone_2,9.0,58.88,98.07,UPI,2023-06-28,0,Vivaan Nair,35.0,Male,Ahmedabad,2021-01-09,67.0,4.0,3.82,6371.0,0.91,58.4,Residential,-0.42725281911071405,0.1691270247486839,0,2,6,1,0.0,0.0,1.0,0.0,0.0,0.0,1.0,0.0,0.0,0.0,0.0,0.0,0.0,0.0,Low,0,Low,4.5958266709849385,2.302585092994046,7.6733304373003515,0.21567164179104475,3.4297014925373133,0,2037,0.05970149253731343,10.896666666666667
T01129,R0146,Zone_2,17.19,127.78,178.73,Credit Card,2024-01-05,0,Kavya Gupta,30.0,Male,Surat,2020-04-15,80.0,11.0,3.89,6371.0,0.91,58.4,Residential,0.5161323059932624,2.009662692307909,0,4,1,1,0.0,1.0,0.0,0.0,0.0,0.0,1.0,0.0,0.0,0.0,0.0,0.0,0.0,0.0,Low,0,Low,5.1914557247639435,2.900871992530031,11.303981599418853,0.843,11.730875000000001,0,2306,0.1375,10.397324025596275
T01130,R0262,Zone_8,3.29,17.71,79.68,Cash,2024-04-23,1,Meera Singh,30.0,Male,Ahmedabad,2019-04-21,6.0,0.0,3.35,4516.0,1.93,31.0,Business,-0.642339013639131,-1.1140791610587852,0,1,4,1,1.0,0.0,0.0,0.0,0.0,0.0,0.0,0.0,0.0,0.0,0.0,0.0,1.0,0.0,High,2,Low,4.390490713086011,1.4562867329399256,4.208325082500163,9.936666666666667,161.22666666666666,0,2666,0.0,24.218844984802434
T01131,R0044,Zone_7,11.05,86.86,214.61,Credit Card,2024-03-09,0,Arjun Gupta,36.0,Female,Hyderabad,2020-08-01,271.0,5.0,3.21,11070.0,0.64,45.2,Industrial,0.9357784538823116,0.6298227657128367,0,5,3,0,0.0,1.0,0.0,0.0,0.0,0.0,0.0,0.0,0.0,0.0,0.0,1.0,0.0,0.0,Low,0,Medium,5.373471220148461,2.489064659936664,9.319871243745807,0.37734317343173435,6.127380073800738,0,2198,0.01845018450184502,19.421719457013573
T01132,R0225,Zone_1,3.5700000000000003,34.45,71.15,Cash,2024-06-24,0,Ishaan Sharma,39.0,Female,Delhi,2020-06-15,465.0,9.0,4.08,4921.0,2.43,30.9,Residential,-0.7421043882626982,-1.051154864731974,0,0,6,0,1.0,0.0,0.0,0.0,1.0,0.0,0.0,0.0,0.0,0.0,0.0,0.0,0.0,0.0,High,2,High,4.27874728521988,1.5195132049061133,5.869412236331676,0.10393548387096774,1.4471397849462366,0,2245,0.01935483870967742,19.92997198879552
T01133,R0020,Zone_5,7.37,52.98,176.44,Credit Card,2023-06-15,1,Diya Das,35.0,Female,Chennai,2019-09-17,274.0,21.0,4.03,2590.0,1.31,43.9,Business,0.4893488701330083,-0.19718227172525207,0,3,6,0,0.0,1.0,0.0,0.0,0.0,0.0,0.0,0.0,0.0,1.0,0.0,0.0,0.0,0.0,Medium,1,Medium,5.178632523602057,2.124653884501384,7.2787361540311375,0.19653284671532847,2.722846715328467,0,2517,0.07664233576642336,23.940298507462686
T01134,R0104,Zone_2,11.71,87.2,262.76,UPI,2024-04-12,1,Diya Gupta,52.0,Male,Kolkata,2021-05-27,328.0,1.0,3.7,6371.0,0.91,58.4,Residential,1.498932356358836,0.77814432134032,0,4,4,1,0.0,0.0,1.0,0.0,0.0,0.0,1.0,0.0,0.0,0.0,0.0,0.0,0.0,0.0,Low,0,Medium,5.5750395987634755,2.542389085201363,9.338094023943002,0.14234756097560977,2.3335060975609756,0,1899,0.003048780487804878,22.438941076003413
T01135,R0246,Zone_5,11.13,92.96,251.81,Credit Card,2023-08-15,1,Vivaan Das,29.0,Other,Mumbai,2021-03-31,240.0,34.0,4.79,2590.0,1.31,43.9,Business,1.3708630888174458,0.6478011360919256,0,1,8,2,0.0,1.0,0.0,0.0,0.0,0.0,0.0,0.0,0.0,1.0,0.0,0.0,0.0,0.0,Medium,1,Medium,5.532638218452371,2.495681722955959,9.64157663455516,0.34891666666666665,6.460624999999999,0,1956,0.14166666666666666,22.624438454627132
T01136,R0160,Zone_10,18.4,146.43,213.49,UPI,2023-09-15,0,Kavya Nair,30.0,Male,Surat,2021-06-16,438.0,7.0,4.42,2440.0,1.54,35.4,Industrial,0.9226791315401784,2.2815855442916275,0,4,9,1,0.0,0.0,1.0,0.0,0.0,1.0,0.0,0.0,0.0,0.0,0.0,0.0,0.0,0.0,Medium,1,High,5.3682631172347035,2.9652730660692823,12.100826418059222,0.07472602739726027,0.906255707762557,0,1879,0.01598173515981735,11.602717391304349
T01137,R0209,Zone_3,6.24,35.59,52.27,Wallet,2024-07-17,0,Vivaan Sharma,31.0,Other,Surat,2020-06-11,109.0,20.0,3.77,12971.0,2.11,38.0,Business,-0.9629215363157986,-0.4511267533298825,0,2,7,2,0.0,0.0,0.0,1.0,0.0,0.0,0.0,1.0,0.0,0.0,0.0,0.0,0.0,0.0,High,2,Low,3.9753733209289077,1.979621206397625,5.965735495309862,0.5368807339449542,6.743944954128441,0,2249,0.1834862385321101,8.376602564102564
T01138,R0137,Zone_7,14.43,122.32,159.75,UPI,2023-05-08,0,Arjun Gupta,27.0,Male,Bengaluru,2021-08-10,166.0,32.0,3.14,11070.0,0.64,45.2,Industrial,0.294145575588186,1.3894089142293418,0,0,5,1,0.0,0.0,1.0,0.0,0.0,0.0,0.0,0.0,0.0,0.0,0.0,1.0,0.0,0.0,Low,0,Low,5.079850363117729,2.7363136663750693,11.059837250158791,0.49596385542168675,9.032349397590362,0,1824,0.1927710843373494,11.07068607068607
T01139,R0022,Zone_7,6.73,40.71,154.02,Credit Card,2023-03-22,1,Aarav Nair,43.0,Female,Kolkata,2020-09-14,220.0,1.0,3.32,11070.0,0.64,45.2,Industrial,0.22712850681995175,-0.3410092347579631,0,2,3,0,0.0,1.0,0.0,0.0,0.0,0.0,0.0,0.0,0.0,0.0,0.0,1.0,0.0,0.0,Low,0,Medium,5.043554140853366,2.0451088625993306,6.380438856379708,0.2375,3.760090909090909,0,2154,0.004545454545454545,22.88558692421991
T01140,R0164,Zone_4,4.5,44.65,99.91,Wallet,2024-06-15,1,Aadhya Ghosh,37.0,Other,Ahmedabad,2022-07-06,249.0,23.0,4.02,4038.0,2.46,48.2,Business,-0.40573250383435255,-0.8421563090750658,0,5,6,2,0.0,0.0,0.0,1.0,0.0,0.0,0.0,0.0,1.0,0.0,0.0,0.0,0.0,0.0,High,2,Medium,4.614229030476437,1.7047480922384253,6.682065548915245,0.40273092369477914,7.062208835341366,0,1494,0.09236947791164658,22.202222222222222
T01141,R0030,Zone_6,0.11,0.64,3.27,UPI,2024-08-05,1,Saanvi Patel,25.0,Other,Mumbai,2021-01-08,442.0,58.0,3.72,14627.0,0.54,37.6,Mixed,-1.5604611599404226,-1.8287193836275684,0,0,8,2,0.0,0.0,1.0,0.0,0.0,0.0,0.0,0.0,0.0,0.0,1.0,0.0,0.0,0.0,Low,0,High,1.451613827240533,0.10436001532424277,0.8,0.1833710407239819,3.5865384615384617,0,2038,0.13122171945701358,29.727272727272727
T01142,R0178,Zone_1,8.81,51.87,89.49,UPI,2023-08-30,0,Saanvi Ghosh,27.0,Male,Delhi,2021-05-15,56.0,7.0,3.13,4921.0,2.43,30.9,Residential,-0.5276029849102692,0.1264283950983479,0,2,8,1,0.0,0.0,1.0,0.0,1.0,0.0,0.0,0.0,0.0,0.0,0.0,0.0,0.0,0.0,High,2,Low,4.505239347363042,2.2834022735772717,7.202083032012336,1.1296428571428572,18.581071428571427,0,1911,0.125,10.157775255391599
T01143,R0103,Zone_5,5.39,47.46,121.44,Cash,2023-05-07,1,Ishaan Gupta,37.0,Other,Surat,2022-11-24,175.0,14.0,3.07,2590.0,1.31,43.9,Business,-0.1539214234538837,-0.642146938607702,0,6,5,2,1.0,0.0,0.0,0.0,0.0,0.0,0.0,0.0,0.0,1.0,0.0,0.0,0.0,0.0,Medium,1,Medium,4.807621114077212,1.8547342683894434,6.889121859859935,0.40817142857142863,7.065371428571429,0,1353,0.08,22.53061224489796
T01144,R0105,Zone_6,12.24,61.4,157.65,Cash,2023-07-01,0,Diya Das,31.0,Female,Jaipur,2020-09-28,346.0,9.0,3.69,14627.0,0.54,37.6,Mixed,0.2695843461966866,0.8972510251017838,0,5,7,0,1.0,0.0,0.0,0.0,0.0,0.0,0.0,0.0,0.0,0.0,1.0,0.0,0.0,0.0,Low,0,High,5.066700518029204,2.5832425505088623,7.835815209663893,0.27514450867052026,3.7604624277456646,0,2140,0.02601156069364162,12.879901960784315
T01145,R0250,Zone_2,5.36,44.08,84.12,Credit Card,2024-02-12,0,Aadhya Iyer,34.0,Female,Jaipur,2021-02-01,163.0,31.0,4.63,6371.0,0.91,58.4,Residential,-0.5904095572113893,-0.6488888274998602,0,0,2,0,0.0,1.0,0.0,0.0,0.0,0.0,1.0,0.0,0.0,0.0,0.0,0.0,0.0,0.0,Low,0,Low,4.444062025593334,1.8500283773520307,6.6392770690791325,0.46208588957055213,6.91601226993865,0,2014,0.1901840490797546,15.694029850746269
T01146,R0271,Zone_3,5.62,40.07,81.25,Wallet,2024-04-03,0,Saanvi Iyer,22.0,Male,Bengaluru,2022-10-07,58.0,6.0,4.37,12971.0,2.11,38.0,Business,-0.6239765707131053,-0.5904591237678214,0,2,4,1,0.0,0.0,0.0,1.0,0.0,0.0,0.0,1.0,0.0,0.0,0.0,0.0,0.0,0.0,High,2,Low,4.409763389645481,1.890095369948917,6.330086887239385,1.1210344827586207,16.013448275862068,0,1401,0.10344827586206896,14.457295373665481
T01147,R0252,Zone_8,9.77,89.81,121.46,Credit Card,2024-05-06,0,Reyansh Gupta,38.0,Other,Ahmedabad,2020-09-23,392.0,47.0,4.83,4516.0,1.93,31.0,Business,-0.15368750698348854,0.3421688396474143,0,0,5,2,0.0,1.0,0.0,0.0,0.0,0.0,0.0,0.0,0.0,0.0,0.0,0.0,1.0,0.0,High,2,High,4.8077844460498085,2.3767644911682972,9.476813810558905,0.25614795918367345,4.290943877551021,0,2145,0.11989795918367346,12.431934493346981
T01148,R0181,Zone_5,16.61,84.85,292.75,Cash,2023-05-24,0,Arjun Patel,32.0,Male,Hyderabad,2019-01-09,349.0,32.0,3.75,2590.0,1.31,43.9,Business,1.8496901037164886,1.879319507059514,0,2,5,1,1.0,0.0,0.0,0.0,0.0,0.0,0.0,0.0,0.0,1.0,0.0,0.0,0.0,0.0,Medium,1,High,5.682729065458369,2.8684669225081145,9.211405973031479,0.08501432664756446,1.329484240687679,0,2768,0.09169054441260745,17.62492474413004
T01149,R0016,Zone_10,2.56,13.49,39.28,Cash,2024-07-16,0,Aarav Iyer,28.0,Female,Delhi,2022-01-24,356.0,51.0,3.06,2440.0,1.54,35.4,Industrial,-1.1148502838375027,-1.278131790767971,0,1,7,0,1.0,0.0,0.0,0.0,0.0,1.0,0.0,0.0,0.0,0.0,0.0,0.0,0.0,0.0,Medium,1,High,3.6958550678503617,1.269760544863939,3.6728735344413916,0.11584269662921348,1.9316853932584273,0,1657,0.14325842696629212,15.34375
T01150,R0164,Zone_7,13.09,116.53,281.31,Wallet,2023-04-07,1,Aadhya Ghosh,37.0,Other,Ahmedabad,2022-07-06,249.0,23.0,4.02,11070.0,0.64,45.2,Industrial,1.715889882650415,1.088271210379603,0,4,4,2,0.0,0.0,0.0,1.0,0.0,0.0,0.0,0.0,0.0,0.0,0.0,1.0,0.0,0.0,Low,0,Medium,5.64300575794059,2.645465325910589,10.79490620616965,0.40273092369477914,7.062208835341366,0,1494,0.09236947791164658,21.490450725744843
T01151,R0018,Zone_7,12.37,100.7,283.95,UPI,2024-07-21,1,Aarav Reddy,49.0,Female,Delhi,2023-01-09,446.0,86.0,3.29,11070.0,0.64,45.2,Industrial,1.7467668567425858,0.9264658769678029,0,6,7,0,0.0,0.0,1.0,0.0,0.0,0.0,0.0,0.0,0.0,0.0,0.0,1.0,0.0,0.0,Low,0,High,5.652313726281008,2.5930133911138515,10.03493896344168,0.12150224215246637,2.3415470852017934,0,1307,0.19282511210762332,22.95472918350849
T01152,R0083,Zone_3,6.9,45.91,114.37,Cash,2024-01-12,0,Kavya Patel,45.0,Female,Mumbai,2021-12-31,475.0,39.0,4.4,12971.0,2.11,38.0,Business,-0.23661089573859867,-0.3028051977023992,0,4,1,0,1.0,0.0,0.0,0.0,0.0,0.0,0.0,1.0,0.0,0.0,0.0,0.0,0.0,0.0,High,2,High,4.748144354939198,2.066862759472976,6.775691846593969,0.19498947368421055,2.9796421052631583,0,1681,0.08210526315789474,16.57536231884058
T01153,R0226,Zone_3,11.38,88.26,165.7,Credit Card,2024-08-15,0,Aarav Iyer,20.0,Other,Surat,2021-07-30,266.0,2.0,3.25,12971.0,2.11,38.0,Business,0.36373572553076783,0.7039835435265783,0,3,8,2,0.0,1.0,0.0,0.0,0.0,0.0,0.0,1.0,0.0,0.0,0.0,0.0,0.0,0.0,High,2,Medium,5.116195789756748,2.5160822672564502,9.394679345246436,0.2000375939849624,3.408571428571429,0,1835,0.007518796992481203,14.560632688927942
T01154,R0183,Zone_3,6.58,47.62,54.52,Cash,2024-05-12,0,Arjun Patel,43.0,Other,Jaipur,2022-08-27,406.0,66.0,3.79,12971.0,2.11,38.0,Business,-0.9366059333963348,-0.3747186792187548,0,6,5,2,1.0,0.0,0.0,0.0,0.0,0.0,0.0,1.0,0.0,0.0,0.0,0.0,0.0,0.0,High,2,High,4.016743316198549,2.0255131996542803,6.900724599634447,0.14231527093596058,2.0964039408866997,0,1442,0.1625615763546798,8.285714285714286
T01155,R0154,Zone_10,19.86,142.38,189.24,Credit Card,2023-12-11,0,Kavya Patel,18.0,Other,Kolkata,2019-03-25,466.0,79.0,4.68,2440.0,1.54,35.4,Industrial,0.6390554111859579,2.6096908037099995,0,0,12,2,0.0,1.0,0.0,0.0,0.0,1.0,0.0,0.0,0.0,0.0,0.0,0.0,0.0,0.0,Medium,1,High,5.248286432942471,3.0378334495726262,11.932309080810805,0.2974678111587983,4.419570815450644,0,2693,0.16952789699570817,9.528700906344412
T01156,R0234,Zone_1,7.44,68.85,171.29,Cash,2024-06-25,1,Saanvi Nair,32.0,Other,Pune,2022-12-01,183.0,31.0,3.98,4921.0,2.43,30.9,Residential,0.42911537900623564,-0.18145119764354922,0,1,6,2,1.0,0.0,0.0,0.0,1.0,0.0,0.0,0.0,0.0,0.0,0.0,0.0,0.0,0.0,High,2,Medium,5.149179103544315,2.132982308607866,8.297590011563598,0.34677595628415303,6.222677595628415,0,1346,0.16939890710382513,23.02284946236559
T01157,R0231,Zone_7,8.4,75.64,141.77,Cash,2024-07-17,0,Ishaan Nair,19.0,Other,Mumbai,2019-08-26,328.0,22.0,4.81,11070.0,0.64,45.2,Industrial,0.08385466870287124,0.03428924690551736,0,2,7,2,1.0,0.0,0.0,0.0,0.0,0.0,0.0,0.0,0.0,0.0,0.0,1.0,0.0,0.0,Low,0,Medium,4.961234943801129,2.2407096892759584,8.69712596206356,0.18076219512195124,2.230274390243902,0,2539,0.06707317073170732,16.877380952380953
T01158,R0197,Zone_8,6.37,41.96,155.87,UPI,2023-10-07,1,Saanvi Das,29.0,Female,Bengaluru,2020-10-08,475.0,87.0,3.87,4516.0,1.93,31.0,Business,0.24876578033151078,-0.4219119014638631,0,5,10,0,0.0,0.0,1.0,0.0,0.0,0.0,0.0,0.0,0.0,0.0,0.0,0.0,1.0,0.0,High,2,High,5.055417436868149,1.9974177062012453,6.477653896280659,0.14964210526315788,2.048421052631579,0,2130,0.1831578947368421,24.46938775510204
T01159,R0212,Zone_7,0.47000000000000003,4.04,4.82,Wallet,2023-06-10,0,Aadhya Iyer,36.0,Female,Ahmedabad,2023-09-11,73.0,12.0,3.22,11070.0,0.64,45.2,Industrial,-1.5178883623284902,-1.7478167169216683,0,5,6,0,0.0,0.0,0.0,1.0,0.0,0.0,0.0,0.0,0.0,0.0,0.0,1.0,0.0,0.0,Low,0,Low,1.7613002617433464,0.38526240079064494,2.009975124224178,0.8024657534246575,15.458767123287672,0,1062,0.1643835616438356,10.25531914893617
T01160,R0094,Zone_3,6.68,65.51,134.89,Wallet,2023-03-17,1,Diya Iyer,41.0,Other,Delhi,2023-04-13,480.0,62.0,4.87,12971.0,2.11,38.0,Business,0.003387402886910653,-0.35224571624489376,0,4,3,2,0.0,0.0,0.0,1.0,0.0,0.0,0.0,1.0,0.0,0.0,0.0,0.0,0.0,0.0,High,2,High,4.911845734932406,2.038619547159581,8.093824806604106,0.09941666666666667,1.5616666666666668,0,1213,0.12916666666666668,20.19311377245509
T01161,R0021,Zone_3,9.16,49.15,114.53,UPI,2024-08-06,0,Diya Ghosh,37.0,Female,Pune,2019-05-08,380.0,17.0,3.91,12971.0,2.11,38.0,Business,-0.23473956397543685,0.2050837655068617,0,1,8,0,0.0,0.0,1.0,0.0,0.0,0.0,0.0,1.0,0.0,0.0,0.0,0.0,0.0,0.0,High,2,High,4.749530236494927,2.318458442150336,7.010706098532443,0.09136842105263157,1.7853684210526317,0,2649,0.04473684210526316,12.503275109170305
T01162,R0013,Zone_4,15.5,122.4,248.96,Cash,2024-02-05,0,Ishaan Gupta,43.0,Female,Kolkata,2019-04-01,6.0,0.0,3.91,4038.0,2.46,48.2,Business,1.337529991786125,1.6298696180496557,0,0,2,0,1.0,0.0,0.0,0.0,0.0,0.0,0.0,0.0,1.0,0.0,0.0,0.0,0.0,0.0,High,2,Low,5.521300905060881,2.803360380906535,11.063453348751466,13.418333333333335,238.80666666666664,0,2686,0.0,16.06193548387097
T01163,R0052,Zone_5,10.46,55.26,108.33,Cash,2024-04-13,0,Reyansh Singh,23.0,Other,Hyderabad,2021-03-09,40.0,7.0,4.74,2590.0,1.31,43.9,Business,-0.30725366979795926,0.4972322841670562,0,5,4,2,1.0,0.0,0.0,0.0,0.0,0.0,0.0,0.0,0.0,1.0,0.0,0.0,0.0,0.0,Medium,1,Low,4.694370831446394,2.4388627112865935,7.43370701601832,0.76475,12.866499999999998,0,1978,0.175,10.3565965583174
T01164,R0126,Zone_9,7.05,66.14,86.28,Credit Card,2023-12-15,0,Diya Reddy,29.0,Female,Surat,2022-09-25,411.0,20.0,3.65,11037.0,1.83,56.1,Mixed,-0.5651465784087041,-0.26909575324160767,0,4,12,0,0.0,1.0,0.0,0.0,0.0,0.0,0.0,0.0,0.0,0.0,0.0,0.0,0.0,1.0,High,2,High,4.469121341524815,2.0856720914304723,8.132650244538985,0.08686131386861315,1.009537712895377,0,1413,0.04866180048661801,12.238297872340427
T01165,R0032,Zone_3,8.3,67.39,175.63,UPI,2023-12-15,1,Kavya Reddy,18.0,Female,Mumbai,2023-09-20,213.0,24.0,4.0,12971.0,2.11,38.0,Business,0.47987525308200135,0.011816283931656334,0,4,12,0,0.0,0.0,1.0,0.0,0.0,0.0,0.0,1.0,0.0,0.0,0.0,0.0,0.0,0.0,High,2,Medium,5.174057149167352,2.2300144001592104,8.209141246196218,0.3107511737089202,6.473192488262911,0,1053,0.11267605633802817,21.16024096385542
T01166,R0142,Zone_1,9.64,71.93,131.44,Credit Card,2023-07-01,0,Meera Nair,33.0,Female,Kolkata,2021-03-04,78.0,5.0,3.48,4921.0,2.43,30.9,Residential,-0.03696318825626699,0.3129539877813951,0,5,7,0,0.0,1.0,0.0,0.0,1.0,0.0,0.0,0.0,0.0,0.0,0.0,0.0,0.0,0.0,High,2,Low,4.886129712679046,2.3646204839134985,8.481155581640984,0.3476923076923077,5.378205128205129,0,1983,0.0641025641025641,13.634854771784232
T01167,R0130,Zone_9,6.11,44.64,64.43,Cash,2024-01-06,0,Diya Ghosh,27.0,Female,Pune,2019-02-16,316.0,62.0,3.62,11037.0,1.83,56.1,Mixed,-0.8207003223154966,-0.4803416051959019,0,5,1,0,1.0,0.0,0.0,0.0,0.0,0.0,0.0,0.0,0.0,0.0,0.0,0.0,0.0,1.0,High,2,Medium,4.180980868881647,1.9615022438151495,6.681317235396026,0.1610759493670886,2.836487341772152,0,2730,0.1962025316455696,10.545008183306056
T01168,R0063,Zone_4,11.41,106.3,220.99,Wallet,2024-05-20,0,Diya Iyer,34.0,Male,Surat,2023-04-21,329.0,33.0,4.83,4038.0,2.46,48.2,Business,1.010397807938391,0.7107254324187365,0,0,5,1,0.0,0.0,0.0,1.0,0.0,0.0,0.0,0.0,1.0,0.0,0.0,0.0,0.0,0.0,High,2,Medium,5.402632335812676,2.5185025992165158,10.310189135025603,0.2053191489361702,3.7828571428571425,0,1205,0.10030395136778116,19.368098159509202
T01169,R0241,Zone_5,16.13,160.35,197.92,Credit Card,2023-11-09,0,Kavya Gupta,34.0,Female,Chennai,2020-01-13,165.0,3.0,3.28,2590.0,1.31,43.9,Business,0.740575159337489,1.7714492847849803,0,3,11,0,0.0,1.0,0.0,0.0,0.0,0.0,0.0,0.0,0.0,1.0,0.0,0.0,0.0,0.0,Medium,1,Low,5.292902733846538,2.8408313123360287,12.662938047704412,0.2770909090909091,4.619090909090909,0,2399,0.01818181818181818,12.270303781773094
T01170,R0285,Zone_2,6.18,37.37,85.02,Cash,2023-03-17,0,Diya Iyer,29.0,Female,Chennai,2019-01-10,244.0,16.0,4.97,6371.0,0.91,58.4,Residential,-0.5798833160436039,-0.4646105311141993,0,4,3,0,1.0,0.0,0.0,0.0,0.0,0.0,1.0,0.0,0.0,0.0,0.0,0.0,0.0,0.0,Low,0,Medium,4.45457982735559,1.9712993830601329,6.11310068623117,0.25774590163934424,4.5302459016393435,0,2767,0.06557377049180328,13.757281553398059
T01171,R0239,Zone_6,14.04,139.0,244.43,Credit Card,2023-02-23,0,Diya Iyer,36.0,Male,Mumbai,2020-03-13,268.0,10.0,3.36,14627.0,0.54,37.6,Mixed,1.2845479112416045,1.3017643586312833,0,3,2,1,0.0,1.0,0.0,0.0,0.0,0.0,0.0,0.0,0.0,0.0,1.0,0.0,0.0,0.0,Low,0,Medium,5.503011774193717,2.7107133185216936,11.789826122551595,0.05921641791044776,0.9863059701492537,0,2339,0.03731343283582089,17.40954415954416
T01172,R0066,Zone_7,12.38,74.37,101.96,UPI,2024-04-14,0,Arjun Patel,38.0,Female,Bengaluru,2022-06-03,167.0,28.0,4.72,11070.0,0.64,45.2,Industrial,-0.3817560656188412,0.9287131732651894,0,6,4,0,0.0,0.0,1.0,0.0,0.0,0.0,0.0,0.0,0.0,0.0,0.0,1.0,0.0,0.0,Low,0,Low,4.634340563287871,2.5937610547000824,8.623804264940155,0.25431137724550895,3.449940119760479,0,1527,0.16766467065868262,8.235864297253634
T01173,R0202,Zone_2,10.69,59.82,106.28,Cash,2023-01-04,0,Aadhya Reddy,27.0,Male,Ahmedabad,2021-10-28,317.0,0.0,4.72,6371.0,0.91,58.4,Residential,-0.33123010801347064,0.5489200990069365,0,2,1,1,1.0,0.0,0.0,0.0,0.0,0.0,1.0,0.0,0.0,0.0,0.0,0.0,0.0,0.0,Low,0,Medium,4.675442238973423,2.458733775483977,7.734339015067803,0.23249211356466878,2.86794952681388,0,1745,0.0,9.94200187090739
T01174,R0182,Zone_1,8.56,69.75,149.43,UPI,2024-07-27,0,Meera Patel,43.0,Male,Jaipur,2020-09-30,8.0,0.0,4.4,4921.0,2.43,30.9,Residential,0.1734446768642456,0.07024598766369516,0,5,7,1,0.0,0.0,1.0,0.0,1.0,0.0,0.0,0.0,0.0,0.0,0.0,0.0,0.0,0.0,High,2,Low,5.013497859709733,2.25758772706331,8.351646544245034,6.19125,104.47625,0,2138,0.0,17.45677570093458
T01175,R0122,Zone_10,9.69,65.12,237.59,Cash,2024-03-16,1,Ishaan Patel,27.0,Female,Kolkata,2022-11-22,324.0,17.0,4.98,2440.0,1.54,35.4,Industrial,1.2045484783664346,0.3241904692683254,0,5,3,0,1.0,0.0,0.0,0.0,0.0,1.0,0.0,0.0,0.0,0.0,0.0,0.0,0.0,0.0,Medium,1,Medium,5.474746597637154,2.3693087250369538,8.069696400732806,0.05098765432098765,1.0863888888888888,0,1355,0.05246913580246913,24.519091847265223
T01176,R0250,Zone_3,6.91,41.03,166.82,Cash,2023-05-02,1,Aadhya Iyer,34.0,Female,Jaipur,2021-02-01,163.0,31.0,4.63,12971.0,2.11,38.0,Business,0.37683504787290095,-0.30055790140501315,0,1,5,0,1.0,0.0,0.0,0.0,0.0,0.0,0.0,1.0,0.0,0.0,0.0,0.0,0.0,0.0,High,2,Low,5.122891976441923,2.0681277817795625,6.4054664154923175,0.46208588957055213,6.91601226993865,0,2014,0.1901840490797546,24.141823444283645
T01177,R0253,Zone_6,17.18,169.04,379.63,Wallet,2023-06-17,1,Ishaan Gupta,26.0,Male,Surat,2021-08-19,173.0,24.0,3.16,14627.0,0.54,37.6,Mixed,3.2320194855171205,2.007415396010522,0,5,6,1,0.0,0.0,0.0,1.0,0.0,0.0,0.0,0.0,0.0,0.0,1.0,0.0,0.0,0.0,Low,0,Medium,5.94182777466688,2.900322088749333,13.001538370516005,0.28797687861271676,4.304104046242775,0,1815,0.13872832369942195,22.09720605355064
T01178,R0131,Zone_5,4.41,41.48,64.51,Credit Card,2023-05-07,0,Reyansh Ghosh,24.0,Male,Surat,2019-10-22,99.0,7.0,3.6,2590.0,1.31,43.9,Business,-0.8197646564339157,-0.8623819757515407,0,6,5,1,0.0,1.0,0.0,0.0,0.0,0.0,0.0,0.0,0.0,1.0,0.0,0.0,0.0,0.0,Medium,1,Low,4.182202802743785,1.6882490928583902,6.440496875241847,0.2724242424242424,4.396262626262627,0,2482,0.0707070707070707,14.6281179138322
T01179,R0191,Zone_4,13.67,108.06,329.01,Credit Card,2023-05-07,1,Meera Gupta,33.0,Other,Surat,2020-08-14,87.0,6.0,4.56,4038.0,2.46,48.2,Business,2.2737806645430467,1.2186143956279976,0,6,5,2,0.0,1.0,0.0,0.0,0.0,0.0,0.0,0.0,1.0,0.0,0.0,0.0,0.0,0.0,High,2,Low,5.7991229570317016,2.6858045921548905,10.395191195932858,0.9559770114942528,15.24735632183908,0,2185,0.06896551724137931,24.068032187271395
T01180,R0044,Zone_3,15.75,82.66,363.04,UPI,2023-01-04,1,Arjun Gupta,36.0,Female,Hyderabad,2020-08-01,271.0,5.0,3.21,12971.0,2.11,38.0,Business,2.6717895389205366,1.6860520254843085,0,2,1,0,0.0,0.0,1.0,0.0,0.0,0.0,0.0,1.0,0.0,0.0,0.0,0.0,0.0,0.0,High,2,Medium,5.897263751709155,2.8183982582710754,9.091754506144564,0.37734317343173435,6.127380073800738,0,2198,0.01845018450184502,23.05015873015873
T01181,R0252,Zone_6,6.38,61.03,138.42,Cash,2023-03-03,1,Reyansh Gupta,38.0,Other,Ahmedabad,2020-09-23,392.0,47.0,4.83,14627.0,0.54,37.6,Mixed,0.044673659911669376,-0.4196646051664771,0,4,3,2,1.0,0.0,0.0,0.0,0.0,0.0,0.0,0.0,0.0,0.0,1.0,0.0,0.0,0.0,Low,0,High,4.937490960058253,1.998773638612381,7.812169993030106,0.25614795918367345,4.290943877551021,0,2145,0.11989795918367346,21.69592476489028
T01182,R0072,Zone_8,13.83,122.5,281.82,Credit Card,2023-03-03,1,Saanvi Das,25.0,Other,Jaipur,2023-11-05,62.0,10.0,4.07,4516.0,1.93,31.0,Business,1.7218547526454935,1.2545711363861753,0,4,3,2,0.0,1.0,0.0,0.0,0.0,0.0,0.0,0.0,0.0,0.0,0.0,0.0,1.0,0.0,High,2,Low,5.64481065287963,2.696652156149841,11.067971810589327,0.7845161290322581,11.808709677419355,0,1007,0.16129032258064516,20.377440347071584
T01183,R0115,Zone_7,8.72,69.04,110.42,Cash,2023-08-07,0,Aarav Ghosh,40.0,Female,Bengaluru,2020-03-01,170.0,15.0,4.4,11070.0,0.64,45.2,Industrial,-0.28280939864165733,0.10620272842187295,0,0,8,0,1.0,0.0,0.0,0.0,0.0,0.0,0.0,0.0,0.0,0.0,0.0,1.0,0.0,0.0,Low,0,Medium,4.71330684459267,2.2741856184723477,8.309031231136396,0.49105882352941177,8.388058823529413,0,2351,0.08823529411764706,12.662844036697248
T01184,R0230,Zone_10,8.31,54.59,85.45,UPI,2023-01-02,0,Kavya Gupta,32.0,Male,Chennai,2022-11-22,183.0,23.0,3.65,2440.0,1.54,35.4,Industrial,-0.5748541119301063,0.014063580229042397,0,0,1,1,0.0,0.0,1.0,0.0,0.0,1.0,0.0,0.0,0.0,0.0,0.0,0.0,0.0,0.0,Medium,1,Medium,4.4595662121293,2.231089091288976,7.38850458482635,0.32054644808743166,4.962950819672131,0,1355,0.12568306010928962,10.282791817087846
T01185,R0177,Zone_9,7.63,69.09,99.76,Cash,2023-10-17,0,Ishaan Reddy,34.0,Other,Bengaluru,2023-02-15,489.0,63.0,4.48,11037.0,1.83,56.1,Mixed,-0.4074868773623167,-0.13875256799321325,0,1,10,2,1.0,0.0,0.0,0.0,0.0,0.0,0.0,0.0,0.0,0.0,0.0,0.0,0.0,1.0,High,2,High,4.61274145148441,2.1552445050953364,8.312039460926542,0.23668711656441715,3.8175051124744375,0,1270,0.12883435582822086,13.07470511140236
T01186,R0191,Zone_5,0.07,0.37,3.27,Cash,2023-10-27,1,Meera Gupta,33.0,Other,Surat,2020-08-14,87.0,6.0,4.56,2590.0,1.31,43.9,Business,-1.5560167470029131,-1.8377085688171126,0,4,10,2,1.0,0.0,0.0,0.0,0.0,0.0,0.0,0.0,0.0,1.0,0.0,0.0,0.0,0.0,Medium,1,Low,1.451613827240533,0.06765864847381481,0.6082762530298219,0.9559770114942528,15.24735632183908,0,2185,0.06896551724137931,46.71428571428571
T01187,R0200,Zone_1,10.74,71.5,180.04,UPI,2024-02-22,0,Kavya Kumar,30.0,Other,Bengaluru,2021-11-15,443.0,87.0,3.6,4921.0,2.43,30.9,Residential,0.5314538348041503,0.5601565804938672,0,3,2,2,0.0,0.0,1.0,0.0,1.0,0.0,0.0,0.0,0.0,0.0,0.0,0.0,0.0,0.0,High,2,High,5.198718001325282,2.4630018143999504,8.455767262643882,0.09022573363431151,1.1048532731376977,0,1727,0.1963882618510158,16.763500931098694
T01188,R0073,Zone_9,15.22,114.91,136.56,UPI,2023-12-30,0,Meera Das,41.0,Other,Ahmedabad,2021-06-19,490.0,30.0,3.01,11037.0,1.83,56.1,Mixed,0.022919428164912832,1.5669453217228448,0,5,12,2,0.0,0.0,1.0,0.0,0.0,0.0,0.0,0.0,0.0,0.0,0.0,0.0,0.0,1.0,High,2,High,4.924060185564065,2.7862450486872667,10.719608201795436,0.16042857142857142,2.6034693877551023,0,1876,0.061224489795918366,8.972404730617608
T01189,R0224,Zone_10,4.48,38.75,48.76,Cash,2023-04-02,0,Ishaan Sharma,29.0,Female,Ahmedabad,2020-08-04,200.0,1.0,4.31,2440.0,1.54,35.4,Industrial,-1.0039738768701623,-0.8466509016698379,0,6,4,0,1.0,0.0,0.0,0.0,0.0,1.0,0.0,0.0,0.0,0.0,0.0,0.0,0.0,0.0,Medium,1,Medium,3.907211448430924,1.7011051009599243,6.224949798994366,0.20855,2.5707,0,2195,0.005,10.88392857142857
T01190,R0244,Zone_8,12.24,85.58,237.42,Wallet,2023-07-16,0,Aadhya Iyer,24.0,Female,Kolkata,2019-04-22,27.0,1.0,3.13,4516.0,1.93,31.0,Business,1.202560188368075,0.8972510251017838,0,6,7,0,0.0,0.0,0.0,1.0,0.0,0.0,0.0,0.0,0.0,0.0,0.0,0.0,1.0,0.0,High,2,Low,5.474033824289855,2.5832425505088623,9.250945897582582,1.307777777777778,24.00777777777778,0,2665,0.037037037037037035,19.39705882352941
T01191,R0084,Zone_6,7.57,43.46,141.47,Cash,2024-08-04,0,Kavya Sharma,38.0,Male,Jaipur,2019-07-21,366.0,6.0,4.67,14627.0,0.54,37.6,Mixed,0.08034592164694261,-0.1522363457775298,0,6,8,1,1.0,0.0,0.0,0.0,0.0,0.0,0.0,0.0,0.0,0.0,1.0,0.0,0.0,0.0,Low,0,High,4.9591314512291405,2.1482677326096886,6.592419889539804,0.20464480874316943,3.923060109289618,0,2575,0.01639344262295082,18.688243064729193
T01192,R0108,Zone_1,2.54,20.77,23.83,Cash,2023-03-02,0,Reyansh Gupta,18.0,Male,Pune,2019-05-31,184.0,32.0,4.88,4921.0,2.43,30.9,Residential,-1.2955507572178206,-1.2826263833627434,0,3,3,1,1.0,0.0,0.0,0.0,1.0,0.0,0.0,0.0,0.0,0.0,0.0,0.0,0.0,0.0,High,2,Medium,3.2120525995200753,1.264126727145683,4.557411546042337,0.23695652173913045,4.754836956521739,0,2626,0.17391304347826086,9.381889763779526
T01193,R0163,Zone_4,12.99,115.6,206.05,Cash,2023-11-02,0,Kavya Gupta,33.0,Other,Ahmedabad,2020-02-20,302.0,21.0,3.56,4038.0,2.46,48.2,Business,0.8356622045531517,1.065798247405742,0,3,11,2,1.0,0.0,0.0,0.0,0.0,0.0,0.0,0.0,1.0,0.0,0.0,0.0,0.0,0.0,High,2,Medium,5.332960309991576,2.63834278867739,10.75174404457249,0.06221854304635761,1.0750993377483444,0,2361,0.0695364238410596,15.862201693610471
T01194,R0189,Zone_10,16.43,110.61,370.62,Wallet,2023-01-22,1,Reyansh Gupta,29.0,Female,Delhi,2019-09-16,238.0,42.0,3.28,2440.0,1.54,35.4,Industrial,2.76044388120033,1.838868173706564,0,6,1,0,0.0,0.0,0.0,1.0,0.0,1.0,0.0,0.0,0.0,0.0,0.0,0.0,0.0,0.0,Medium,1,Medium,5.917871826804609,2.8581928595319295,10.517128885774863,0.30264705882352944,6.2214285714285715,0,2518,0.17647058823529413,22.557516737674984
T01195,R0221,Zone_9,4.03,31.97,76.46,Credit Card,2024-02-28,0,Diya Patel,21.0,Female,Delhi,2021-01-13,106.0,1.0,4.41,11037.0,1.83,56.1,Mixed,-0.6799995653727638,-0.947779235052213,0,2,2,0,0.0,1.0,0.0,0.0,0.0,0.0,0.0,0.0,0.0,0.0,0.0,0.0,0.0,1.0,High,2,Low,4.349761674086606,1.6154199841116479,5.654201977290871,0.5540566037735849,8.615943396226415,0,2033,0.009433962264150943,18.972704714640194
T01196,R0290,Zone_10,9.08,79.35,184.31,Cash,2023-06-10,1,Saanvi Kumar,34.0,Other,Chennai,2020-05-06,169.0,4.0,4.28,2440.0,1.54,35.4,Industrial,0.5813950012335327,0.1871053951277728,0,5,6,2,1.0,0.0,0.0,0.0,0.0,1.0,0.0,0.0,0.0,0.0,0.0,0.0,0.0,0.0,Medium,1,Low,5.222030098375917,2.3105532626432224,8.907861696277058,0.40366863905325445,6.376745562130178,0,2285,0.023668639053254437,20.298458149779737
T01197,R0252,Zone_6,0.8,5.53,18.9,Wallet,2024-04-16,1,Reyansh Gupta,38.0,Other,Ahmedabad,2020-09-23,392.0,47.0,4.83,14627.0,0.54,37.6,Mixed,-1.3532111671702456,-1.6736559391079266,0,1,4,2,0.0,0.0,0.0,1.0,0.0,0.0,0.0,0.0,0.0,0.0,1.0,0.0,0.0,0.0,Low,0,High,2.990719731730447,0.5877866649021191,2.3515952032609695,0.25614795918367345,4.290943877551021,0,2145,0.11989795918367346,23.624999999999996
T01198,R0208,Zone_3,7.79,60.7,119.71,UPI,2023-04-08,0,Aadhya Iyer,24.0,Other,Chennai,2020-01-08,356.0,53.0,4.75,12971.0,2.11,38.0,Business,-0.17415519814307145,-0.10279582723503546,0,5,4,2,0.0,0.0,1.0,0.0,0.0,0.0,0.0,1.0,0.0,0.0,0.0,0.0,0.0,0.0,High,2,High,4.793390974713035,2.1736147116970854,7.791020472312982,0.13882022471910113,1.691376404494382,0,2404,0.14887640449438203,15.367137355584081
T01199,R0083,Zone_3,10.43,100.41,159.66,UPI,2024-05-24,0,Kavya Patel,45.0,Female,Mumbai,2021-12-31,475.0,39.0,4.4,12971.0,2.11,38.0,Business,0.2930929514714074,0.49049039527489763,0,4,5,0,0.0,0.0,1.0,0.0,0.0,0.0,0.0,1.0,0.0,0.0,0.0,0.0,0.0,0.0,High,2,High,5.079290330745667,2.4362414778067194,10.020479030465559,0.19498947368421055,2.9796421052631583,0,1681,0.08210526315789474,15.307766059443912
T01200,R0064,Zone_1,16.76,125.35,354.36,Credit Card,2024-03-29,1,Ishaan Nair,21.0,Female,Bengaluru,2023-09-30,214.0,2.0,4.21,4921.0,2.43,30.9,Residential,2.5702697907690055,1.913028951520306,0,4,3,0,0.0,1.0,0.0,0.0,1.0,0.0,0.0,0.0,0.0,0.0,0.0,0.0,0.0,0.0,High,2,Medium,5.873131360146117,2.876948737564024,11.195981421920992,0.26429906542056075,5.103691588785047,0,1043,0.009345794392523364,21.143198090692124
T01201,R0187,Zone_4,15.79,83.24,239.29,Cash,2024-06-26,0,Saanvi Reddy,27.0,Other,Surat,2022-08-05,357.0,38.0,4.71,4038.0,2.46,48.2,Business,1.2244313783500294,1.6950412106738526,0,2,6,2,1.0,0.0,0.0,0.0,0.0,0.0,0.0,0.0,1.0,0.0,0.0,0.0,0.0,0.0,High,2,High,5.481846527228154,2.8207834710894493,9.123595782365635,0.21170868347338936,3.818879551820728,0,1464,0.10644257703081232,15.154528182393921
T01202,R0203,Zone_7,16.21,127.57,294.23,Cash,2023-07-27,0,Kavya Gupta,49.0,Female,Bengaluru,2023-07-25,152.0,9.0,3.6,11070.0,0.64,45.2,Industrial,1.866999922525736,1.7894276551640698,0,3,7,0,1.0,0.0,0.0,0.0,0.0,0.0,0.0,0.0,0.0,0.0,0.0,1.0,0.0,0.0,Low,0,Low,5.687754713579004,2.845490610223448,11.294689017409908,0.25513157894736843,4.596381578947369,0,1110,0.05921052631578947,18.15114127082048
T01203,R0008,Zone_5,5.36,39.28,112.46,Credit Card,2023-11-18,1,Ishaan Ghosh,28.0,Female,Jaipur,2022-10-01,215.0,23.0,4.02,2590.0,1.31,43.9,Business,-0.2589499186613436,-0.6488888274998602,0,5,11,0,0.0,1.0,0.0,0.0,0.0,0.0,0.0,0.0,0.0,1.0,0.0,0.0,0.0,0.0,Medium,1,Medium,4.731450351898421,1.8500283773520307,6.267375846396959,0.22441860465116278,4.1547441860465115,0,1407,0.10697674418604651,20.98134328358209
T01204,R0300,Zone_4,6.77,37.69,106.62,Cash,2023-06-26,0,Saanvi Iyer,38.0,Female,Kolkata,2023-07-08,291.0,7.0,3.67,4038.0,2.46,48.2,Business,-0.3272535280167516,-0.3320200495684188,0,0,6,0,1.0,0.0,0.0,0.0,0.0,0.0,0.0,0.0,1.0,0.0,0.0,0.0,0.0,0.0,High,2,Medium,4.678606504061274,2.050270164379556,6.139218191268331,0.1885910652920962,3.4253264604810996,0,1127,0.024054982817869417,15.748892171344167
T01205,R0068,Zone_4,0.32,2.47,7.58,Credit Card,2024-03-22,1,Meera Singh,30.0,Female,Ahmedabad,2022-08-31,456.0,70.0,4.97,4038.0,2.46,48.2,Business,-1.485607889413948,-1.7815261613824598,0,4,3,0,0.0,1.0,0.0,0.0,0.0,0.0,0.0,0.0,1.0,0.0,0.0,0.0,0.0,0.0,High,2,High,2.149433913499871,0.2776317365982795,1.5716233645501712,0.15745614035087718,2.4136622807017547,0,1438,0.15350877192982457,23.6875
T01206,R0121,Zone_2,4.42,24.44,107.66,Cash,2023-06-21,1,Diya Iyer,29.0,Male,Pune,2023-07-13,378.0,10.0,4.17,6371.0,0.91,58.4,Residential,-0.3150898715561996,-0.8601346794541547,0,2,6,1,1.0,0.0,0.0,0.0,0.0,0.0,1.0,0.0,0.0,0.0,0.0,0.0,0.0,0.0,Low,0,High,4.688223741123377,1.6900958154515549,4.94368283772331,0.23269841269841268,3.8740211640211637,0,1122,0.026455026455026454,24.357466063348415
T01207,R0003,Zone_9,0.74,6.07,12.1,Wallet,2024-02-08,0,Kavya Reddy,34.0,Male,Pune,2023-05-04,45.0,9.0,3.76,11037.0,1.83,56.1,Mixed,-1.4327427671046251,-1.6871397168922433,0,3,2,1,0.0,0.0,0.0,1.0,0.0,0.0,0.0,0.0,0.0,0.0,0.0,0.0,0.0,1.0,High,2,Low,2.5726122302071057,0.5538851132264376,2.463736998950984,1.5040000000000002,21.593555555555557,0,1192,0.2,16.35135135135135
T01208,R0141,Zone_5,9.83,88.25,225.18,Wallet,2024-06-22,1,Arjun Das,25.0,Other,Jaipur,2019-07-08,53.0,0.0,4.29,2590.0,1.31,43.9,Business,1.0594033084861925,0.3556526174317311,0,5,6,2,0.0,0.0,0.0,1.0,0.0,0.0,0.0,0.0,0.0,1.0,0.0,0.0,0.0,0.0,Medium,1,Low,5.421331142443181,2.382320061012899,9.394147114027968,0.5720754716981132,10.239622641509435,0,2588,0.0,22.90742624618515
T01209,R0068,Zone_3,4.52,42.25,53.93,Cash,2023-08-23,0,Meera Singh,30.0,Female,Ahmedabad,2022-08-31,456.0,70.0,4.97,12971.0,2.11,38.0,Business,-0.9435064692729942,-0.8376617164802936,0,2,8,0,1.0,0.0,0.0,0.0,0.0,0.0,0.0,1.0,0.0,0.0,0.0,0.0,0.0,0.0,High,2,High,4.006059647354529,1.7083778602890038,6.5,0.15745614035087718,2.4136622807017547,0,1438,0.15350877192982457,11.93141592920354
T01210,R0062,Zone_1,2.49,21.64,21.47,Cash,2023-04-03,0,Kavya Sharma,38.0,Male,Jaipur,2019-05-13,57.0,3.0,3.58,4921.0,2.43,30.9,Residential,-1.3231529007244582,-1.293862864849674,0,0,4,1,1.0,0.0,0.0,0.0,1.0,0.0,0.0,0.0,0.0,0.0,0.0,0.0,0.0,0.0,High,2,Low,3.112181086197238,1.2499017362143359,4.651881339845203,1.1587719298245613,15.605438596491227,0,2644,0.05263157894736842,8.622489959839356
T01211,R0005,Zone_6,6.22,54.48,66.31,Credit Card,2023-06-09,0,Diya Reddy,27.0,Male,Ahmedabad,2021-05-31,294.0,30.0,3.53,14627.0,0.54,37.6,Mixed,-0.7987121740983447,-0.45562134592465486,0,4,6,1,0.0,1.0,0.0,0.0,0.0,0.0,0.0,0.0,0.0,0.0,1.0,0.0,0.0,0.0,Low,0,Medium,4.209308814022622,1.9768549529047348,7.381056834898374,0.17435374149659866,3.1511904761904765,0,1895,0.10204081632653061,10.660771704180066
T01212,R0017,Zone_6,2.08,14.88,22.66,UPI,2024-05-04,0,Meera Das,49.0,Female,Mumbai,2023-03-18,288.0,21.0,3.83,14627.0,0.54,37.6,Mixed,-1.3092348707359418,-1.3860020130425046,0,5,5,0,0.0,0.0,1.0,0.0,0.0,0.0,0.0,0.0,0.0,0.0,1.0,0.0,0.0,0.0,Low,0,Medium,3.1637858585502405,1.1249295969854831,3.8574603043971822,0.19437500000000002,2.820520833333333,0,1239,0.07291666666666667,10.894230769230768
T01213,R0220,Zone_8,9.55,61.65,221.14,Wallet,2023-02-16,1,Meera Ghosh,32.0,Female,Kolkata,2023-04-18,491.0,63.0,3.78,4516.0,1.93,31.0,Business,1.012152181466355,0.29272832110492014,0,3,2,0,0.0,0.0,0.0,1.0,0.0,0.0,0.0,0.0,0.0,0.0,0.0,0.0,1.0,0.0,High,2,High,5.403307813738974,2.3561258599220753,7.85175139698144,0.11364562118126273,2.2715478615071283,0,1208,0.12830957230142567,23.156020942408375
T01214,R0248,Zone_4,9.42,88.49,118.68,UPI,2023-01-31,0,Vivaan Ghosh,18.0,Female,Chennai,2021-10-24,104.0,12.0,3.65,4038.0,2.46,48.2,Business,-0.18620189636842582,0.2635134692389005,0,1,1,0,0.0,0.0,1.0,0.0,0.0,0.0,0.0,0.0,1.0,0.0,0.0,0.0,0.0,0.0,High,2,Low,4.784821514226167,2.343727036325221,9.406912352095134,0.5549999999999999,9.03519230769231,0,1749,0.11538461538461539,12.598726114649683
T01215,R0036,Zone_2,6.42,40.94,79.36,Wallet,2024-06-19,0,Aadhya Das,30.0,Female,Surat,2022-03-16,177.0,15.0,4.9,6371.0,0.91,58.4,Residential,-0.646081677165455,-0.4106754199769326,0,2,6,0,0.0,0.0,0.0,1.0,0.0,0.0,1.0,0.0,0.0,0.0,0.0,0.0,0.0,0.0,Low,0,Medium,4.386516539946734,2.004179057179289,6.398437309218556,0.36819209039548023,5.884293785310734,0,1606,0.0847457627118644,12.361370716510903
T01216,R0008,Zone_3,4.35,35.92,48.26,Cash,2024-03-27,0,Ishaan Ghosh,28.0,Female,Jaipur,2022-10-01,215.0,23.0,4.02,12971.0,2.11,38.0,Business,-1.0098217886300431,-0.8758657535358575,0,2,3,0,1.0,0.0,0.0,0.0,0.0,0.0,0.0,1.0,0.0,0.0,0.0,0.0,0.0,0.0,High,2,Medium,3.897112392692392,1.6770965609079151,5.993329625508679,0.22441860465116278,4.1547441860465115,0,1407,0.10697674418604651,11.094252873563219
T01217,R0209,Zone_6,1.3,10.52,18.44,Wallet,2023-09-03,0,Vivaan Sharma,31.0,Other,Surat,2020-06-11,109.0,20.0,3.77,14627.0,0.54,37.6,Mixed,-1.3585912459893361,-1.5612911242386212,0,6,9,2,0.0,0.0,0.0,1.0,0.0,0.0,0.0,0.0,0.0,0.0,1.0,0.0,0.0,0.0,Low,0,Low,2.967332799032293,0.832909122935104,3.243454948045371,0.5368807339449542,6.743944954128441,0,2249,0.1834862385321101,14.184615384615386
T01218,R0041,Zone_9,10.78,64.53,176.5,Cash,2023-10-11,0,Aarav Nair,25.0,Other,Pune,2020-04-11,353.0,8.0,4.74,11037.0,1.83,56.1,Mixed,0.49005061954419404,0.5691457656834115,0,2,10,2,1.0,0.0,0.0,0.0,0.0,0.0,0.0,0.0,0.0,0.0,0.0,0.0,0.0,1.0,High,2,High,5.178970608915471,2.4664031782234406,8.03305670339753,0.11937677053824362,1.9891218130311614,0,2310,0.0226628895184136,16.37291280148423
T01219,R0029,Zone_8,9.14,57.74,221.85,Cash,2023-07-21,1,Kavya Iyer,30.0,Male,Surat,2022-07-24,4.0,0.0,3.69,4516.0,1.93,31.0,Business,1.0204562161653858,0.20058917291208958,0,4,7,1,1.0,0.0,0.0,0.0,0.0,0.0,0.0,0.0,0.0,0.0,0.0,0.0,1.0,0.0,High,2,Low,5.406498899392565,2.316487998163037,7.598684096605148,14.942499999999999,284.4425,0,1476,0.0,24.272428884026255
T01220,R0266,Zone_7,10.32,62.7,216.5,Credit Card,2023-10-15,1,Diya Reddy,29.0,Other,Chennai,2020-09-25,98.0,13.0,3.9,11070.0,0.64,45.2,Industrial,0.9578835603346609,0.4657701360036505,0,6,10,2,0.0,1.0,0.0,0.0,0.0,0.0,0.0,0.0,0.0,0.0,0.0,1.0,0.0,0.0,Low,0,Low,5.382198850528739,2.4265710727750367,7.918333157931662,0.7445918367346939,12.729081632653061,0,2143,0.1326530612244898,20.978682170542633
T01221,R0113,Zone_4,6.47,39.72,128.88,Wallet,2024-03-15,0,Aadhya Singh,26.0,Other,Chennai,2019-03-09,423.0,26.0,4.61,4038.0,2.46,48.2,Business,-0.0669044964668569,-0.3994389384900021,0,4,3,2,0.0,0.0,0.0,1.0,0.0,0.0,0.0,0.0,1.0,0.0,0.0,0.0,0.0,0.0,High,2,High,4.866610947234645,2.010894999144726,6.302380502635492,0.1300709219858156,2.591702127659574,0,2709,0.061465721040189124,19.919629057187016
T01222,R0207,Zone_7,6.91,61.92,85.4,Cash,2023-10-08,0,Ishaan Iyer,31.0,Male,Mumbai,2023-12-06,47.0,3.0,3.93,11070.0,0.64,45.2,Industrial,-0.5754389031060944,-0.30055790140501315,0,6,10,1,1.0,0.0,0.0,0.0,0.0,0.0,0.0,0.0,0.0,0.0,0.0,1.0,0.0,0.0,Low,0,Low,4.45898767581001,2.0681277817795625,7.868926229162401,1.3504255319148937,26.20127659574468,0,976,0.06382978723404255,12.3589001447178
T01223,R0115,Zone_4,15.21,76.34,342.42,UPI,2023-06-23,1,Aarav Ghosh,40.0,Female,Bengaluru,2020-03-01,170.0,15.0,4.4,4038.0,2.46,48.2,Business,2.430621657943051,1.5646980254254588,0,4,6,0,0.0,0.0,1.0,0.0,0.0,0.0,0.0,0.0,1.0,0.0,0.0,0.0,0.0,0.0,High,2,Medium,5.838954187885657,2.785628335747585,8.737276463521113,0.49105882352941177,8.388058823529413,0,2351,0.08823529411764706,22.51282051282051
T01224,R0243,Zone_8,5.0,28.47,123.26,Credit Card,2023-03-01,1,Ishaan Patel,33.0,Male,Jaipur,2023-02-06,315.0,11.0,3.7,4516.0,1.93,31.0,Business,-0.13263502464791738,-0.7297914942057603,0,2,3,1,0.0,1.0,0.0,0.0,0.0,0.0,0.0,0.0,0.0,0.0,0.0,0.0,1.0,0.0,High,2,Medium,4.822376144635548,1.791759469228055,5.33572862878164,0.1755873015873016,3.011206349206349,0,1279,0.03492063492063492,24.652
T01225,R0298,Zone_3,6.44,39.6,64.9,Cash,2024-06-14,0,Vivaan Singh,35.0,Female,Ahmedabad,2020-03-25,65.0,11.0,3.88,12971.0,2.11,38.0,Business,-0.8152032852612087,-0.40618082738216027,0,4,6,0,1.0,0.0,0.0,0.0,0.0,0.0,0.0,1.0,0.0,0.0,0.0,0.0,0.0,0.0,High,2,Low,4.188138441508461,2.0068708488450007,6.29285308902091,0.9721538461538463,15.421692307692307,0,2327,0.16923076923076924,10.077639751552795
T01226,R0285,Zone_10,11.72,116.81,284.02,UPI,2024-01-16,1,Diya Iyer,29.0,Female,Chennai,2019-01-10,244.0,16.0,4.97,2440.0,1.54,35.4,Industrial,1.747585564388969,0.780391617637706,0,1,1,0,0.0,0.0,1.0,0.0,0.0,1.0,0.0,0.0,0.0,0.0,0.0,0.0,0.0,0.0,Medium,1,Medium,5.652559353245066,2.543175557911976,10.807867504739313,0.25774590163934424,4.5302459016393435,0,2767,0.06557377049180328,24.233788395904433
T01227,R0289,Zone_8,9.51,64.51,161.89,Cash,2023-11-30,0,Aarav Gupta,21.0,Other,Chennai,2021-09-30,322.0,14.0,4.17,4516.0,1.93,31.0,Business,0.31917463792047585,0.2837391359153755,0,3,11,2,1.0,0.0,0.0,0.0,0.0,0.0,0.0,0.0,0.0,0.0,0.0,0.0,1.0,0.0,High,2,Medium,5.093075126369514,2.3523271848888596,8.031811750782012,0.2053726708074534,3.8337888198757764,0,1773,0.043478260869565216,17.023133543638274
T01228,R0191,Zone_3,2.23,14.47,22.14,Credit Card,2024-03-26,0,Meera Gupta,33.0,Other,Surat,2020-08-14,87.0,6.0,4.56,12971.0,2.11,38.0,Business,-1.315316698966218,-1.3522925685817127,0,1,3,2,0.0,1.0,0.0,0.0,0.0,0.0,0.0,1.0,0.0,0.0,0.0,0.0,0.0,0.0,High,2,Low,3.1415627217655304,1.172482137234565,3.803945320322047,0.9559770114942528,15.24735632183908,0,2185,0.06896551724137931,9.928251121076233
T01229,R0230,Zone_9,0.44,4.37,4.48,Cash,2023-12-20,0,Kavya Gupta,32.0,Male,Chennai,2022-11-22,183.0,23.0,3.65,11037.0,1.83,56.1,Mixed,-1.521864942325209,-1.7545586058138265,0,2,12,1,1.0,0.0,0.0,0.0,0.0,0.0,0.0,0.0,0.0,0.0,0.0,0.0,0.0,1.0,High,2,Medium,1.7011051009599243,0.3646431135879093,2.090454496036687,0.32054644808743166,4.962950819672131,0,1355,0.12568306010928962,10.181818181818183
T01230,R0057,Zone_1,4.7,30.64,65.19,Credit Card,2024-03-01,0,Aadhya Reddy,39.0,Male,Bengaluru,2023-06-04,407.0,11.0,3.66,4921.0,2.43,30.9,Residential,-0.8118114964404779,-0.7972103831273435,0,4,3,1,0.0,1.0,0.0,0.0,1.0,0.0,0.0,0.0,0.0,0.0,0.0,0.0,0.0,0.0,High,2,High,4.1925293941308315,1.7404661748405046,5.535341001239219,0.24648648648648647,3.8921621621621623,0,1161,0.02702702702702703,13.870212765957445
T01231,R0134,Zone_5,12.55,67.74,201.98,Cash,2023-11-16,0,Aadhya Singh,34.0,Male,Jaipur,2022-07-30,410.0,29.0,4.59,2590.0,1.31,43.9,Business,0.7880602028277214,0.9669172103207533,0,3,11,1,1.0,0.0,0.0,0.0,0.0,0.0,0.0,0.0,0.0,1.0,0.0,0.0,0.0,0.0,Medium,1,High,5.313107452020672,2.60638654732571,8.230431337420901,0.13614634146341464,2.644878048780488,0,1470,0.07073170731707316,16.094023904382468
T01232,R0109,Zone_6,11.36,74.85,132.35,UPI,2023-07-13,0,Vivaan Kumar,35.0,Female,Delhi,2022-11-19,62.0,5.0,3.35,14627.0,0.54,37.6,Mixed,-0.026319988853283904,0.6994889509318059,0,3,7,0,0.0,0.0,1.0,0.0,0.0,0.0,0.0,0.0,0.0,0.0,1.0,0.0,0.0,0.0,Low,0,Low,4.892977250628023,2.514465452029545,8.651589449343975,0.6974193548387098,11.13532258064516,0,1358,0.08064516129032258,11.650528169014084
T01233,R0247,Zone_9,10.6,85.24,115.67,Cash,2023-08-21,0,Aadhya Das,37.0,Male,Bengaluru,2021-05-11,249.0,47.0,4.92,11037.0,1.83,56.1,Mixed,-0.22140632516290853,0.5286944323304615,0,0,8,1,1.0,0.0,0.0,0.0,0.0,0.0,0.0,0.0,0.0,0.0,0.0,0.0,0.0,1.0,High,2,Medium,4.759349436835766,2.451005098112319,9.232551110067032,0.5360642570281124,9.507791164658634,0,1915,0.18875502008032127,10.912264150943397
T01234,R0139,Zone_4,11.14,88.53,163.52,Credit Card,2024-06-08,0,Diya Gupta,44.0,Other,Kolkata,2023-10-09,155.0,7.0,4.39,4038.0,2.46,48.2,Business,0.33823883025768764,0.6500484323893116,0,5,6,2,0.0,1.0,0.0,0.0,0.0,0.0,0.0,0.0,1.0,0.0,0.0,0.0,0.0,0.0,High,2,Low,5.103032143362223,2.4965057856313524,9.409038208021052,0.38012903225806455,6.466,0,1034,0.04516129032258064,14.678635547576302
T01235,R0149,Zone_6,3.16,27.44,65.98,UPI,2023-03-14,1,Diya Reddy,30.0,Male,Jaipur,2019-09-14,89.0,8.0,4.57,14627.0,0.54,37.6,Mixed,-0.802571795859866,-1.1432940129248046,0,1,3,1,0.0,0.0,1.0,0.0,0.0,0.0,0.0,0.0,0.0,0.0,1.0,0.0,0.0,0.0,Low,0,Low,4.204394067366058,1.425515074273172,5.238320341483518,0.4766292134831461,7.428314606741573,0,2520,0.0898876404494382,20.87974683544304
T01236,R0220,Zone_9,11.01,108.64,222.72,Cash,2024-07-25,1,Meera Ghosh,32.0,Female,Kolkata,2023-04-18,491.0,63.0,3.78,11037.0,1.83,56.1,Mixed,1.0306315826275785,0.6208335805232921,0,3,7,0,1.0,0.0,0.0,0.0,0.0,0.0,0.0,0.0,0.0,0.0,0.0,0.0,0.0,1.0,High,2,High,5.410395269953387,2.485739636091892,10.423051376636307,0.11364562118126273,2.2715478615071283,0,1208,0.12830957230142567,20.228882833787466
T01237,R0188,Zone_4,3.39,29.89,47.67,Credit Card,2023-05-28,0,Vivaan Gupta,24.0,Male,Delhi,2020-07-16,436.0,64.0,3.15,4038.0,2.46,48.2,Business,-1.0167223245067023,-1.0916061980849239,0,6,5,1,0.0,1.0,0.0,0.0,0.0,0.0,0.0,0.0,1.0,0.0,0.0,0.0,0.0,0.0,High,2,High,3.885062823845363,1.4793292270870801,5.4671747731346585,0.05607798165137615,1.069816513761468,0,2214,0.14678899082568808,14.061946902654867
T01238,R0195,Zone_5,12.74,102.88,228.57,Wallet,2023-07-29,0,Aadhya Reddy,33.0,Male,Kolkata,2021-05-27,72.0,10.0,4.97,2590.0,1.31,43.9,Business,1.0990521502181843,1.0096158399710893,0,5,7,1,0.0,0.0,0.0,1.0,0.0,0.0,0.0,0.0,0.0,1.0,0.0,0.0,0.0,0.0,Medium,1,Low,5.43620799388748,2.620311286794203,10.142977866484772,0.9766666666666668,14.502361111111112,0,1899,0.1388888888888889,17.941130298273155
T01239,R0071,Zone_4,5.45,46.2,131.72,Cash,2023-07-29,1,Vivaan Nair,35.0,Male,Ahmedabad,2021-01-09,67.0,4.0,3.82,4038.0,2.46,48.2,Business,-0.03368835767073371,-0.6286631608233852,0,5,7,1,1.0,0.0,0.0,0.0,0.0,0.0,0.0,0.0,1.0,0.0,0.0,0.0,0.0,0.0,High,2,Low,4.888241645882189,1.864080130807681,6.797058187186572,0.21567164179104475,3.4297014925373133,0,2037,0.05970149253731343,24.16880733944954
T01240,R0036,Zone_1,9.41,90.04,164.92,Credit Card,2024-06-19,0,Aadhya Das,30.0,Female,Surat,2022-03-16,177.0,15.0,4.9,4921.0,2.43,30.9,Residential,0.3546129831853537,0.26126617294151444,0,2,6,0,0.0,1.0,0.0,0.0,1.0,0.0,0.0,0.0,0.0,0.0,0.0,0.0,0.0,0.0,High,2,Medium,5.111505744481217,2.3427668826268775,9.488940931421167,0.36819209039548023,5.884293785310734,0,1606,0.0847457627118644,17.526036131774706
T01241,R0133,Zone_8,1.37,11.64,31.03,Wallet,2023-04-16,1,Diya Kumar,25.0,Female,Delhi,2019-07-13,155.0,11.0,4.4,4516.0,1.93,31.0,Business,-1.2113408278755367,-1.5455600501569182,0,6,4,0,0.0,0.0,0.0,1.0,0.0,0.0,0.0,0.0,0.0,0.0,0.0,0.0,1.0,0.0,High,2,Low,3.466672963621067,0.8628899551470398,3.411744421846396,0.4186451612903226,5.272709677419355,0,2583,0.07096774193548387,22.64963503649635
T01242,R0185,Zone_4,1.26,6.77,28.67,Cash,2023-02-08,1,Vivaan Sharma,27.0,Male,Delhi,2021-08-27,201.0,12.0,4.05,4038.0,2.46,48.2,Business,-1.238942971382174,-1.5702803094281657,0,2,2,1,1.0,0.0,0.0,0.0,0.0,0.0,0.0,0.0,1.0,0.0,0.0,0.0,0.0,0.0,High,2,Medium,3.3901364343027307,0.8153648132841945,2.6019223662515376,0.21756218905472638,3.7018905472636816,0,1807,0.05970149253731343,22.753968253968257
T01243,R0116,Zone_4,13.45,95.25,239.51,Cash,2023-10-06,0,Ishaan Kumar,34.0,Female,Bengaluru,2020-02-08,238.0,30.0,4.58,4038.0,2.46,48.2,Business,1.227004459524377,1.169173877085503,0,4,10,0,1.0,0.0,0.0,0.0,0.0,0.0,0.0,0.0,1.0,0.0,0.0,0.0,0.0,0.0,High,2,Medium,5.48276166872297,2.670694414558441,9.759610647971568,0.2126470588235294,3.3368067226890754,0,2373,0.12605042016806722,17.80743494423792
T01244,R0032,Zone_2,11.46,106.58,252.05,Wallet,2023-03-27,1,Kavya Reddy,18.0,Female,Mumbai,2023-09-20,213.0,24.0,4.0,6371.0,0.91,58.4,Residential,1.3736700864621887,0.7219619139056672,0,0,3,0,0.0,0.0,0.0,1.0,0.0,0.0,1.0,0.0,0.0,0.0,0.0,0.0,0.0,0.0,Low,0,Medium,5.533587097660087,2.522523513359307,10.323759005323593,0.3107511737089202,6.473192488262911,0,1053,0.11267605633802817,21.993891797556717
T01245,R0195,Zone_1,1.9100000000000001,18.42,18.72,Wallet,2024-05-21,0,Aadhya Reddy,33.0,Male,Kolkata,2021-05-27,72.0,10.0,4.97,4921.0,2.43,30.9,Residential,-1.3553164154038029,-1.4242060500980684,0,1,5,1,0.0,0.0,0.0,1.0,1.0,0.0,0.0,0.0,0.0,0.0,0.0,0.0,0.0,0.0,High,2,Low,2.9816333491744893,1.0681530811834012,4.291852746774987,0.9766666666666668,14.502361111111112,0,1899,0.1388888888888889,9.801047120418847
T01246,R0271,Zone_1,14.43,78.77,128.48,UPI,2024-01-01,0,Saanvi Iyer,22.0,Male,Bengaluru,2022-10-07,58.0,6.0,4.37,4921.0,2.43,30.9,Residential,-0.07158282587476163,1.3894089142293418,0,0,1,1,0.0,0.0,1.0,0.0,1.0,0.0,0.0,0.0,0.0,0.0,0.0,0.0,0.0,0.0,High,2,Low,4.8635264290580436,2.7363136663750693,8.875246475450696,1.1210344827586207,16.013448275862068,0,1401,0.10344827586206896,8.903672903672904
T01247,R0118,Zone_9,2.55,22.18,35.41,UPI,2024-06-14,0,Reyansh Gupta,29.0,Male,Surat,2023-09-26,165.0,24.0,4.13,11037.0,1.83,56.1,Mixed,-1.1601131208589806,-1.2803790870653573,0,4,6,1,0.0,0.0,1.0,0.0,0.0,0.0,0.0,0.0,0.0,0.0,0.0,0.0,0.0,1.0,High,2,Low,3.594843462187342,1.2669476034873244,4.709564735726647,0.23163636363636364,3.228424242424243,0,1047,0.14545454545454545,13.886274509803922
T01248,R0143,Zone_7,8.1,54.88,169.49,Wallet,2024-03-26,1,Meera Kumar,42.0,Other,Kolkata,2023-03-28,74.0,13.0,4.56,11070.0,0.64,45.2,Industrial,0.4080628966706648,-0.033129642016066115,0,1,3,2,0.0,0.0,0.0,1.0,0.0,0.0,0.0,0.0,0.0,0.0,0.0,1.0,0.0,0.0,Low,0,Low,5.13867664397714,2.2082744135228043,7.408103670980854,0.6636486486486486,11.666486486486486,0,1229,0.17567567567567569,20.924691358024692
T01249,R0107,Zone_1,5.6,32.09,73.15,UPI,2024-01-24,0,Reyansh Gupta,33.0,Male,Hyderabad,2020-01-11,179.0,14.0,3.66,4921.0,2.43,30.9,Residential,-0.7187127412231749,-0.5949537163625938,0,2,1,1,0.0,0.0,1.0,0.0,1.0,0.0,0.0,0.0,0.0,0.0,0.0,0.0,0.0,0.0,High,2,Medium,4.306090068583941,1.8870696490323797,5.664803615307419,0.18195530726256984,3.5079888268156427,0,2401,0.0782122905027933,13.062500000000002
T01250,R0276,Zone_8,3.38,18.8,39.01,Credit Card,2023-12-26,0,Aadhya Ghosh,26.0,Other,Chennai,2022-11-07,196.0,1.0,3.63,4516.0,1.93,31.0,Business,-1.1180081561878386,-1.0938534943823102,0,1,12,2,0.0,1.0,0.0,0.0,0.0,0.0,0.0,0.0,0.0,0.0,0.0,0.0,1.0,0.0,High,2,Medium,3.6891294228691436,1.4770487243883548,4.33589667773576,0.1556122448979592,2.5521428571428575,0,1370,0.00510204081632653,11.541420118343195
T01251,R0269,Zone_6,13.84,122.55,319.86,Cash,2023-02-05,1,Aadhya Sharma,41.0,Male,Mumbai,2019-05-19,423.0,16.0,3.41,14627.0,0.54,37.6,Mixed,2.166763879337228,1.2568184326835614,0,6,2,1,1.0,0.0,0.0,0.0,0.0,0.0,0.0,0.0,0.0,0.0,1.0,0.0,0.0,0.0,Low,0,High,5.77100489092293,2.6973262377392344,11.070230349906907,0.14907801418439717,3.4486288416075648,0,2638,0.037825059101654845,23.11127167630058
T01252,R0224,Zone_4,16.42,145.74,170.2,UPI,2023-11-03,0,Ishaan Sharma,29.0,Female,Ahmedabad,2020-08-04,200.0,1.0,4.31,4038.0,2.46,48.2,Business,0.4163669313696954,1.8366208774091781,0,4,11,0,0.0,0.0,1.0,0.0,0.0,0.0,0.0,0.0,1.0,0.0,0.0,0.0,0.0,0.0,High,2,Medium,5.1428324637076415,2.857618971424357,12.072282302862206,0.20855,2.5707,0,2195,0.005,10.365408038976856
T01253,R0292,Zone_1,8.89,60.68,124.67,Cash,2023-06-13,0,Diya Patel,37.0,Female,Jaipur,2020-06-28,141.0,19.0,4.39,4921.0,2.43,30.9,Residential,-0.11614391348505347,0.1444067654774368,0,1,6,0,1.0,0.0,0.0,0.0,1.0,0.0,0.0,0.0,0.0,0.0,0.0,0.0,0.0,0.0,High,2,Low,4.833659423627053,2.2915241456346207,7.789736837660179,0.5628368794326241,8.070141843971632,0,2232,0.1347517730496454,14.023622047244094
T01254,R0135,Zone_7,15.63,98.2,211.54,Credit Card,2024-07-17,0,Reyansh Patel,38.0,Female,Ahmedabad,2022-02-24,153.0,8.0,3.47,11070.0,0.64,45.2,Industrial,0.899872275676643,1.6590844699156753,0,2,7,0,0.0,1.0,0.0,0.0,0.0,0.0,0.0,0.0,0.0,0.0,0.0,1.0,0.0,0.0,Low,0,Low,5.359130205944549,2.8112082932048366,9.909591313469996,0.4352941176470588,6.4845098039215685,0,1626,0.05228758169934641,13.534229046705054
T01255,R0058,Zone_7,6.59,56.96,132.53,UPI,2023-02-21,1,Vivaan Reddy,46.0,Male,Kolkata,2021-05-31,480.0,25.0,4.32,11070.0,0.64,45.2,Industrial,-0.024214740619726723,-0.3724713829213687,0,1,2,1,0.0,0.0,1.0,0.0,0.0,0.0,0.0,0.0,0.0,0.0,0.0,1.0,0.0,0.0,Low,0,High,4.894326171695873,2.0268315914075385,7.547184905645283,0.15858333333333335,2.1738958333333334,0,1895,0.052083333333333336,20.110773899848255
T01256,R0276,Zone_8,8.54,76.11,117.86,Credit Card,2023-07-26,0,Aadhya Ghosh,26.0,Other,Chennai,2022-11-07,196.0,1.0,3.63,4516.0,1.93,31.0,Business,-0.19579247165463048,0.06575139506892264,0,2,7,2,0.0,1.0,0.0,0.0,0.0,0.0,0.0,0.0,0.0,0.0,0.0,0.0,1.0,0.0,High,2,Medium,4.777946329938515,2.255493485460195,8.724104538575865,0.1556122448979592,2.5521428571428575,0,1370,0.00510204081632653,13.800936768149883
T01257,R0203,Zone_4,8.66,73.82,142.36,Cash,2024-03-01,0,Kavya Gupta,49.0,Female,Bengaluru,2023-07-25,152.0,9.0,3.6,4038.0,2.46,48.2,Business,0.09075520457953067,0.09271895063755618,0,4,3,0,1.0,0.0,0.0,0.0,0.0,0.0,0.0,0.0,1.0,0.0,0.0,0.0,0.0,0.0,High,2,Low,4.96535894922662,2.2679936482244267,8.591856609604235,0.25513157894736843,4.596381578947369,0,1110,0.05921052631578947,16.438799076212472
T01258,R0115,Zone_8,2.22,11.44,23.38,Cash,2024-03-05,0,Aarav Ghosh,40.0,Female,Bengaluru,2020-03-01,170.0,15.0,4.4,4516.0,1.93,31.0,Business,-1.3008138778017135,-1.3545398648790987,0,1,3,0,1.0,0.0,0.0,0.0,0.0,0.0,0.0,0.0,0.0,0.0,0.0,0.0,1.0,0.0,High,2,Medium,3.1937631240531252,1.169381359556317,3.3823069050575527,0.49105882352941177,8.388058823529413,0,2351,0.08823529411764706,10.531531531531531
T01259,R0060,Zone_2,10.5,52.59,96.59,UPI,2023-03-22,0,Aarav Nair,40.0,Female,Hyderabad,2023-08-01,123.0,7.0,4.57,6371.0,0.91,58.4,Residential,-0.44456263791996126,0.5062214693566005,0,2,3,0,0.0,0.0,1.0,0.0,0.0,0.0,1.0,0.0,0.0,0.0,0.0,0.0,0.0,0.0,Low,0,Low,4.5807750291533695,2.4423470353692043,7.251896303726357,0.38422764227642275,5.954308943089431,0,1103,0.056910569105691054,9.199047619047619
T01260,R0136,Zone_5,11.55,64.01,143.2,Wallet,2023-06-21,0,Diya Ghosh,34.0,Male,Hyderabad,2019-01-19,339.0,11.0,3.82,2590.0,1.31,43.9,Business,0.10057969633613019,0.7421875805821422,0,2,6,1,0.0,0.0,0.0,1.0,0.0,0.0,0.0,0.0,0.0,1.0,0.0,0.0,0.0,0.0,Medium,1,High,4.971201224850849,2.529720665577793,8.000624975587845,0.0792330383480826,1.0111799410029498,0,2758,0.032448377581120944,12.398268398268396
T01261,R0057,Zone_7,7.13,52.63,76.32,UPI,2023-04-07,0,Aadhya Reddy,39.0,Male,Bengaluru,2023-06-04,407.0,11.0,3.66,11070.0,0.64,45.2,Industrial,-0.6816369806655305,-0.2511173828625188,0,4,4,1,0.0,0.0,1.0,0.0,0.0,0.0,0.0,0.0,0.0,0.0,0.0,1.0,0.0,0.0,Low,0,High,4.34795265434013,2.0955609235597192,7.254653678846427,0.24648648648648647,3.8921621621621623,0,1161,0.02702702702702703,10.704067321178119
T01262,R0282,Zone_4,0.46,3.55,5.5600000000000005,Credit Card,2024-08-02,0,Reyansh Kumar,22.0,Other,Bengaluru,2022-05-02,319.0,3.0,4.47,4038.0,2.46,48.2,Business,-1.5092334529238665,-1.7500640132190544,0,4,8,2,0.0,1.0,0.0,0.0,0.0,0.0,0.0,0.0,1.0,0.0,0.0,0.0,0.0,0.0,High,2,Medium,1.8809906029559977,0.3784364357202451,1.8841443681416772,0.29112852664576805,4.387931034482759,0,1559,0.009404388714733543,12.08695652173913
T01263,R0220,Zone_3,9.84,82.62,238.53,Cash,2024-05-02,1,Meera Ghosh,32.0,Female,Kolkata,2023-04-18,491.0,63.0,3.78,12971.0,2.11,38.0,Business,1.2155425524750108,0.35789991372911717,0,3,5,0,1.0,0.0,0.0,0.0,0.0,0.0,0.0,1.0,0.0,0.0,0.0,0.0,0.0,0.0,High,2,High,5.478678669966805,2.3832429960115,9.08955444452587,0.11364562118126273,2.2715478615071283,0,1208,0.12830957230142567,24.240853658536587
T01264,R0056,Zone_3,0.42,2.79,7.54,UPI,2023-04-18,0,Meera Patel,40.0,Other,Hyderabad,2021-02-26,93.0,13.0,3.25,12971.0,2.11,38.0,Business,-1.4860757223547383,-1.7590531984085989,0,1,4,2,0.0,0.0,1.0,0.0,0.0,0.0,0.0,1.0,0.0,0.0,0.0,0.0,0.0,0.0,High,2,Low,2.1447610078004784,0.3506568716131694,1.6703293088490065,0.7120430107526882,9.976236559139785,0,1989,0.13978494623655913,17.952380952380953
T01265,R0116,Zone_1,3.94,35.11,89.95,Cash,2023-06-03,1,Ishaan Kumar,34.0,Female,Bengaluru,2020-02-08,238.0,30.0,4.58,4921.0,2.43,30.9,Residential,-0.5222229060911787,-0.968004901728688,0,5,6,0,1.0,0.0,0.0,0.0,1.0,0.0,0.0,0.0,0.0,0.0,0.0,0.0,0.0,0.0,High,2,Medium,4.5103099049641315,1.597365331199831,5.92536918681022,0.2126470588235294,3.3368067226890754,0,2373,0.12605042016806722,22.82994923857868
T01266,R0125,Zone_7,8.66,49.87,144.0,Cash,2023-12-23,0,Saanvi Ghosh,44.0,Male,Ahmedabad,2023-04-22,99.0,19.0,3.89,11070.0,0.64,45.2,Industrial,0.10993635515193965,0.09271895063755618,0,5,12,1,1.0,0.0,0.0,0.0,0.0,0.0,0.0,0.0,0.0,0.0,0.0,1.0,0.0,0.0,Low,0,Low,4.976733742420574,2.2679936482244267,7.061869440877536,0.5633333333333332,11.28040404040404,0,1204,0.1919191919191919,16.628175519630485
T01267,R0258,Zone_3,4.15,41.08,36.25,UPI,2023-07-14,0,Vivaan Nair,32.0,Female,Jaipur,2020-01-29,313.0,39.0,3.76,12971.0,2.11,38.0,Business,-1.1502886291023806,-0.9208116794835796,0,4,7,0,0.0,0.0,1.0,0.0,0.0,0.0,0.0,1.0,0.0,0.0,0.0,0.0,0.0,0.0,High,2,Medium,3.6176519448255684,1.6389967146756448,6.4093681435848255,0.09338658146964858,1.5953674121405752,0,2383,0.12460063897763578,8.734939759036143
T01268,R0142,Zone_6,9.27,82.65,156.51,Wallet,2023-08-09,0,Meera Nair,33.0,Female,Kolkata,2021-03-04,78.0,5.0,3.48,14627.0,0.54,37.6,Mixed,0.25625110738415807,0.2298040247781088,0,2,8,0,0.0,0.0,0.0,1.0,0.0,0.0,0.0,0.0,0.0,0.0,1.0,0.0,0.0,0.0,Low,0,Low,5.059488948313644,2.329227023940467,9.091204540653566,0.3476923076923077,5.378205128205129,0,1983,0.0641025641025641,16.883495145631066
T01269,R0058,Zone_2,6.87,45.49,64.95,Credit Card,2023-08-07,0,Vivaan Reddy,46.0,Male,Kolkata,2021-05-31,480.0,25.0,4.32,6371.0,0.91,58.4,Residential,-0.8146184940852206,-0.3095470865945576,0,0,8,1,0.0,1.0,0.0,0.0,0.0,0.0,1.0,0.0,0.0,0.0,0.0,0.0,0.0,0.0,Low,0,High,4.188896879163323,2.063058062429312,6.7446274915669,0.15858333333333335,2.1738958333333334,0,1895,0.052083333333333336,9.45414847161572
T01270,R0067,Zone_1,0.15,0.8,3.27,Wallet,2023-12-25,1,Saanvi Iyer,32.0,Male,Pune,2022-07-24,348.0,9.0,3.38,4921.0,2.43,30.9,Residential,-1.55519803935653,-1.8197301984380236,0,0,12,1,0.0,0.0,0.0,1.0,1.0,0.0,0.0,0.0,0.0,0.0,0.0,0.0,0.0,0.0,High,2,High,1.451613827240533,0.1397619423751587,0.8944271909999159,0.32491379310344826,5.3069252873563215,0,1476,0.02586206896551724,21.8
T01271,R0088,Zone_10,8.84,54.01,71.97,Wallet,2023-05-22,0,Diya Iyer,22.0,Other,Jaipur,2019-07-07,438.0,0.0,4.78,2440.0,1.54,35.4,Industrial,-0.7325138129764937,0.1331702839905061,0,0,5,2,0.0,0.0,0.0,1.0,0.0,1.0,0.0,0.0,0.0,0.0,0.0,0.0,0.0,0.0,Medium,1,High,4.290048397777529,2.286455711064162,7.349149610669251,0.1421232876712329,2.0405479452054793,0,2589,0.0,8.141402714932127
T01272,R0112,Zone_1,10.93,95.31,241.48,Cash,2024-06-21,1,Meera Nair,41.0,Female,Delhi,2020-11-13,311.0,11.0,3.24,4921.0,2.43,30.9,Residential,1.2500452318583075,0.6028552101442032,0,4,6,0,1.0,0.0,0.0,0.0,1.0,0.0,0.0,0.0,0.0,0.0,0.0,0.0,0.0,0.0,High,2,Medium,5.4909192327495475,2.4790562361098245,9.762684057163789,0.28787781350482317,3.6986173633440513,0,2094,0.03536977491961415,22.09332113449222
T01273,R0062,Zone_5,13.06,124.07,229.92,Credit Card,2023-12-17,0,Kavya Sharma,38.0,Male,Jaipur,2019-05-13,57.0,3.0,3.58,2590.0,1.31,43.9,Business,1.1148415119698625,1.0815293214874449,0,6,12,1,0.0,1.0,0.0,0.0,0.0,0.0,0.0,0.0,0.0,1.0,0.0,0.0,0.0,0.0,Medium,1,Low,5.442071330192733,2.643333886382519,11.138671374989029,1.1587719298245613,15.605438596491227,0,2644,0.05263157894736842,17.60490045941807
T01274,R0094,Zone_5,6.17,45.1,99.64,Wallet,2023-08-12,0,Diya Iyer,41.0,Other,Delhi,2023-04-13,480.0,62.0,4.87,2590.0,1.31,43.9,Business,-0.40889037618468815,-0.4668578274115854,0,5,8,2,0.0,0.0,0.0,1.0,0.0,0.0,0.0,0.0,0.0,1.0,0.0,0.0,0.0,0.0,Medium,1,High,4.611549792952131,1.969905654611529,6.715653356152326,0.09941666666666667,1.5616666666666668,0,1213,0.12916666666666668,16.14910858995138
T01275,R0040,Zone_6,7.69,56.11,128.05,Cash,2023-09-29,0,Aarav Gupta,34.0,Other,Surat,2023-05-05,485.0,36.0,4.41,14627.0,0.54,37.6,Mixed,-0.0766120299882589,-0.12526879020889647,0,4,9,2,1.0,0.0,0.0,0.0,0.0,0.0,0.0,0.0,0.0,0.0,1.0,0.0,0.0,0.0,Low,0,High,4.860199926164623,2.162172939277301,7.490660852021001,0.1658762886597938,2.352061855670103,0,1191,0.07422680412371134,16.65149544863459
T01276,R0008,Zone_4,0.52,3.4,7.03,Credit Card,2023-09-25,0,Ishaan Ghosh,28.0,Female,Jaipur,2022-10-01,215.0,23.0,4.02,4038.0,2.46,48.2,Business,-1.4920405923498168,-1.736580235434738,0,0,9,0,0.0,1.0,0.0,0.0,0.0,0.0,0.0,0.0,1.0,0.0,0.0,0.0,0.0,0.0,High,2,Medium,2.0831845279586703,0.41871033485818504,1.8439088914585775,0.22441860465116278,4.1547441860465115,0,1407,0.10697674418604651,13.51923076923077
T01277,R0277,Zone_7,17.82,145.63,186.18,Credit Card,2024-03-04,0,Kavya Gupta,42.0,Female,Jaipur,2021-01-22,433.0,16.0,3.06,11070.0,0.64,45.2,Industrial,0.6032661912154871,2.1512423590432332,0,0,3,0,0.0,1.0,0.0,0.0,0.0,0.0,0.0,0.0,0.0,0.0,0.0,1.0,0.0,0.0,Low,0,High,5.23207072072911,2.9349201341572337,12.067725552066554,0.20076212471131638,3.2397228637413393,0,2024,0.03695150115473441,10.447811447811448
T01278,R0030,Zone_9,15.53,90.04,321.07,Credit Card,2024-06-08,1,Saanvi Patel,25.0,Other,Mumbai,2021-01-08,442.0,58.0,3.72,11037.0,1.83,56.1,Mixed,2.180915825796139,1.636611506941814,0,5,6,2,0.0,1.0,0.0,0.0,0.0,0.0,0.0,0.0,0.0,0.0,0.0,0.0,0.0,1.0,High,2,High,5.77476891322269,2.805176911832933,9.488940931421167,0.1833710407239819,3.5865384615384617,0,2038,0.13122171945701358,20.674179008370896
T01279,R0104,Zone_6,7.84,49.14,184.23,Cash,2024-04-24,1,Diya Gupta,52.0,Male,Kolkata,2021-05-27,328.0,1.0,3.7,14627.0,0.54,37.6,Mixed,0.5804593353519517,-0.09155934574810494,0,2,4,1,1.0,0.0,0.0,0.0,0.0,0.0,0.0,0.0,0.0,0.0,1.0,0.0,0.0,0.0,Low,0,Medium,5.221598296134632,2.179286876649552,7.009992867328753,0.14234756097560977,2.3335060975609756,0,1899,0.003048780487804878,23.49872448979592
T01280,R0074,Zone_1,7.38,45.5,139.87,UPI,2024-05-19,0,Vivaan Ghosh,23.0,Male,Kolkata,2023-09-11,199.0,22.0,4.89,4921.0,2.43,30.9,Residential,0.061632604015324,-0.194934975427866,0,6,5,1,0.0,0.0,1.0,0.0,1.0,0.0,0.0,0.0,0.0,0.0,0.0,0.0,0.0,0.0,High,2,Medium,4.9478374792722155,2.1258479144939915,6.745368781616021,0.2321105527638191,4.106884422110553,0,1062,0.11055276381909548,18.95257452574526
T01281,R0161,Zone_9,6.65,46.28,163.53,Cash,2024-01-20,1,Aarav Nair,32.0,Other,Surat,2019-03-27,332.0,50.0,4.91,11037.0,1.83,56.1,Mixed,0.33835578849288517,-0.35898760513705197,0,5,1,2,1.0,0.0,0.0,0.0,0.0,0.0,0.0,0.0,0.0,0.0,0.0,0.0,0.0,1.0,High,2,Medium,5.103092924398559,2.0347056478384444,6.802940540677979,0.10006024096385542,1.7095180722891565,0,2691,0.15060240963855423,24.59097744360902
T01282,R0190,Zone_2,13.18,104.11,227.82,Wallet,2023-09-16,0,Saanvi Iyer,35.0,Other,Surat,2020-09-25,274.0,47.0,4.12,6371.0,0.91,58.4,Residential,1.090280282578363,1.108496877056078,0,5,9,2,0.0,0.0,0.0,1.0,0.0,0.0,1.0,0.0,0.0,0.0,0.0,0.0,0.0,0.0,Low,0,Medium,5.432935668272798,2.6518325211039815,10.203430795570673,0.25543795620437953,4.08,0,2143,0.17153284671532848,17.28528072837633
T01283,R0032,Zone_1,10.81,91.81,224.14,UPI,2024-08-05,1,Kavya Reddy,18.0,Female,Mumbai,2023-09-20,213.0,24.0,4.0,4921.0,2.43,30.9,Residential,1.04723965202564,0.57588765457557,0,0,8,0,0.0,0.0,1.0,0.0,1.0,0.0,0.0,0.0,0.0,0.0,0.0,0.0,0.0,0.0,High,2,Medium,5.416722430926658,2.468946630209271,9.581753492967767,0.3107511737089202,6.473192488262911,0,1053,0.11267605633802817,20.73450508788159
T01284,R0257,Zone_6,12.06,94.25,138.72,Credit Card,2023-06-13,0,Arjun Reddy,36.0,Other,Delhi,2023-03-11,459.0,19.0,4.82,14627.0,0.54,37.6,Mixed,0.048182406967598006,0.8567996917488339,0,1,6,2,0.0,1.0,0.0,0.0,0.0,0.0,0.0,0.0,0.0,0.0,1.0,0.0,0.0,0.0,Low,0,High,4.939640419938631,2.569554123848285,9.7082439194738,0.12224400871459695,1.7913507625272331,0,1246,0.04139433551198257,11.502487562189055
T01285,R0011,Zone_9,5.97,46.59,52.69,UPI,2024-05-17,0,Vivaan Nair,26.0,Male,Chennai,2020-04-14,208.0,34.0,4.0,11037.0,1.83,56.1,Mixed,-0.9580092904374987,-0.5118037533593076,0,4,5,1,0.0,0.0,1.0,0.0,0.0,0.0,0.0,0.0,0.0,0.0,0.0,0.0,0.0,1.0,High,2,Medium,3.983226764434478,1.9416152247724325,6.825686778632609,0.4276923076923077,7.8547115384615385,0,2307,0.16346153846153846,8.825795644891123
T01286,R0253,Zone_1,5.65,49.11,86.86,Cash,2023-07-06,0,Ishaan Gupta,26.0,Male,Surat,2021-08-19,173.0,24.0,3.16,4921.0,2.43,30.9,Residential,-0.5583630007672423,-0.583717234875663,0,3,7,1,1.0,0.0,0.0,0.0,1.0,0.0,0.0,0.0,0.0,0.0,0.0,0.0,0.0,0.0,High,2,Medium,4.475744638547633,1.8946168546677629,7.0078527381787925,0.28797687861271676,4.304104046242775,0,1815,0.13872832369942195,15.373451327433628
T01287,R0084,Zone_4,1.82,14.54,29.22,Wallet,2024-01-11,0,Kavya Sharma,38.0,Male,Jaipur,2019-07-21,366.0,6.0,4.67,4038.0,2.46,48.2,Business,-1.2325102684463052,-1.4444317167745433,0,3,1,1,0.0,0.0,0.0,1.0,0.0,0.0,0.0,0.0,1.0,0.0,0.0,0.0,0.0,0.0,High,2,High,3.4085039568445934,1.0367368849500223,3.8131351929875237,0.20464480874316943,3.923060109289618,0,2575,0.01639344262295082,16.054945054945055
T01288,R0124,Zone_1,11.89,109.54,135.26,Credit Card,2023-04-23,0,Aadhya Das,37.0,Other,Hyderabad,2022-06-09,419.0,25.0,3.59,4921.0,2.43,30.9,Residential,0.007714857589222525,0.8185956546932699,0,6,4,2,0.0,1.0,0.0,0.0,1.0,0.0,0.0,0.0,0.0,0.0,0.0,0.0,0.0,0.0,High,2,High,4.914564825345522,2.556451816951096,10.466135867644754,0.10162291169451074,1.5354415274463007,0,1521,0.059665871121718374,11.375946173254835
T01289,R0111,Zone_9,14.26,104.59,151.15,Cash,2024-07-22,0,Reyansh Sharma,28.0,Male,Ahmedabad,2021-11-05,202.0,24.0,4.67,11037.0,1.83,56.1,Mixed,0.1935614933182357,1.351204877173778,0,0,7,1,1.0,0.0,0.0,0.0,0.0,0.0,0.0,0.0,0.0,0.0,0.0,0.0,0.0,1.0,High,2,Medium,5.02486687634298,2.725235025856311,10.22692524662227,0.07059405940594059,0.7482673267326733,0,1737,0.1188118811881188,10.599579242636747
T01290,R0190,Zone_5,13.62,78.93,158.46,Wallet,2024-06-22,0,Saanvi Iyer,35.0,Other,Surat,2020-09-25,274.0,47.0,4.12,2590.0,1.31,43.9,Business,0.27905796324769355,1.2073779141410668,0,5,6,2,0.0,0.0,0.0,1.0,0.0,0.0,0.0,0.0,0.0,1.0,0.0,0.0,0.0,0.0,Medium,1,Medium,5.07179310707435,2.6823904543216326,8.884255736976508,0.25543795620437953,4.08,0,2143,0.17153284671532848,11.634361233480178
T01291,R0058,Zone_1,8.94,61.84,128.02,Cash,2024-03-09,0,Vivaan Reddy,46.0,Male,Kolkata,2021-05-31,480.0,25.0,4.32,4921.0,2.43,30.9,Residential,-0.07696290469385177,0.15564324696436713,0,5,3,1,1.0,0.0,0.0,0.0,1.0,0.0,0.0,0.0,0.0,0.0,0.0,0.0,0.0,0.0,High,2,High,4.859967431104096,2.2965670206684825,7.863841300535,0.15858333333333335,2.1738958333333334,0,1895,0.052083333333333336,14.31991051454139
T01292,R0003,Zone_10,6.37,36.42,83.12,Cash,2024-03-22,0,Kavya Reddy,34.0,Male,Pune,2023-05-04,45.0,9.0,3.76,2440.0,1.54,35.4,Industrial,-0.6021053807311509,-0.4219119014638631,0,4,3,1,1.0,0.0,0.0,0.0,0.0,1.0,0.0,0.0,0.0,0.0,0.0,0.0,0.0,0.0,Medium,1,Low,4.432244350834499,1.9974177062012453,6.034898507845845,1.5040000000000002,21.593555555555557,0,1192,0.2,13.048665620094193
T01293,R0167,Zone_5,2.74,26.26,58.18,Cash,2024-02-21,1,Kavya Nair,44.0,Male,Hyderabad,2022-08-25,117.0,5.0,4.75,2590.0,1.31,43.9,Business,-0.8937992193140071,-1.237680457415021,0,2,2,1,1.0,0.0,0.0,0.0,0.0,0.0,0.0,0.0,0.0,1.0,0.0,0.0,0.0,0.0,Medium,1,Low,4.080583646972063,1.3190856114264407,5.124451190127583,0.5496581196581197,9.192735042735043,0,1444,0.042735042735042736,21.233576642335766
T01294,R0103,Zone_2,4.49,43.26,73.0,Credit Card,2023-10-15,0,Ishaan Gupta,37.0,Other,Surat,2022-11-24,175.0,14.0,3.07,6371.0,0.91,58.4,Residential,-0.7204671147511391,-0.8444036053724518,0,6,10,2,0.0,1.0,0.0,0.0,0.0,0.0,1.0,0.0,0.0,0.0,0.0,0.0,0.0,0.0,Low,0,Medium,4.30406509320417,1.7029282555214393,6.577233460962139,0.40817142857142863,7.065371428571429,0,1353,0.08,16.258351893095767
T01295,R0084,Zone_6,10.34,97.26,226.9,Cash,2023-04-07,1,Kavya Sharma,38.0,Male,Jaipur,2019-07-21,366.0,6.0,4.67,14627.0,0.54,37.6,Mixed,1.0795201249401825,0.47026472859842267,0,4,4,1,1.0,0.0,0.0,0.0,0.0,0.0,0.0,0.0,0.0,0.0,1.0,0.0,0.0,0.0,Low,0,High,5.4289069362516384,2.428336298299606,9.862048468751308,0.20464480874316943,3.923060109289618,0,2575,0.01639344262295082,21.943907156673117
T01296,R0055,Zone_4,6.58,53.2,115.07,Wallet,2023-08-09,0,Kavya Singh,32.0,Male,Delhi,2021-11-07,425.0,12.0,4.19,4038.0,2.46,48.2,Business,-0.22842381927476563,-0.3747186792187548,0,2,8,1,0.0,0.0,0.0,1.0,0.0,0.0,0.0,0.0,1.0,0.0,0.0,0.0,0.0,0.0,High,2,High,4.754193457380532,2.0255131996542803,7.293833011524188,0.16870588235294118,2.610729411764706,0,1735,0.02823529411764706,17.487841945288753
T01297,R0235,Zone_7,16.21,156.4,162.95,Wallet,2024-08-01,0,Aarav Ghosh,34.0,Other,Delhi,2021-02-15,284.0,8.0,4.06,11070.0,0.64,45.2,Industrial,0.33157221085142324,1.7894276551640698,0,3,8,2,0.0,0.0,0.0,1.0,0.0,0.0,0.0,0.0,0.0,0.0,0.0,1.0,0.0,0.0,Low,0,Medium,5.099561503290658,2.845490610223448,12.505998560690786,0.1959507042253521,2.9790845070422534,0,2000,0.028169014084507043,10.052436767427512
T01298,R0254,Zone_1,13.76,69.71,178.7,Cash,2023-12-30,0,Meera Kumar,18.0,Male,Delhi,2020-03-09,363.0,70.0,3.68,4921.0,2.43,30.9,Residential,0.5157814312876696,1.2388400623044724,0,5,12,1,1.0,0.0,0.0,0.0,1.0,0.0,0.0,0.0,0.0,0.0,0.0,0.0,0.0,0.0,High,2,High,5.191288793789513,2.6919208191723265,8.349251463454673,0.2269146005509642,3.346005509641873,0,2343,0.1928374655647383,12.986918604651162
T01299,R0060,Zone_1,4.99,45.06,74.39,Wallet,2023-10-20,0,Aarav Nair,40.0,Female,Hyderabad,2023-08-01,123.0,7.0,4.57,4921.0,2.43,30.9,Residential,-0.7042099200586704,-0.7320387905031464,0,4,10,0,0.0,0.0,0.0,1.0,1.0,0.0,0.0,0.0,0.0,0.0,0.0,0.0,0.0,0.0,High,2,Low,4.32267464022361,1.7900914121273581,6.712674578735364,0.38422764227642275,5.954308943089431,0,1103,0.056910569105691054,14.907815631262524
T01300,R0196,Zone_3,1.92,14.98,37.71,Wallet,2024-01-25,0,Vivaan Das,18.0,Male,Hyderabad,2019-06-24,51.0,9.0,4.93,12971.0,2.11,38.0,Business,-1.1332127267635286,-1.4219587538006824,0,3,1,1,0.0,0.0,0.0,1.0,0.0,0.0,0.0,1.0,0.0,0.0,0.0,0.0,0.0,0.0,High,2,Low,3.6560979645895566,1.0715836162801904,3.8704004960727256,1.8813725490196078,31.831960784313726,0,2602,0.17647058823529413,19.640625
T01301,R0097,Zone_3,5.26,37.32,56.45,Credit Card,2023-05-06,0,Aarav Iyer,23.0,Other,Bengaluru,2021-01-25,478.0,5.0,3.28,12971.0,2.11,38.0,Business,-0.9140329940031948,-0.6713617904737215,0,5,5,2,0.0,1.0,0.0,0.0,0.0,0.0,0.0,1.0,0.0,0.0,0.0,0.0,0.0,0.0,High,2,High,4.050915004294764,1.8341801851120072,6.109009739720506,0.1452510460251046,2.3370292887029285,0,2021,0.010460251046025104,10.7319391634981
T01302,R0028,Zone_4,13.33,129.68,246.79,Credit Card,2023-05-04,0,Reyansh Sharma,20.0,Female,Surat,2023-11-11,249.0,21.0,3.79,4038.0,2.46,48.2,Business,1.3121500547482419,1.1422063215168696,0,3,5,0,0.0,1.0,0.0,0.0,0.0,0.0,0.0,0.0,1.0,0.0,0.0,0.0,0.0,0.0,High,2,Medium,5.5125816132556515,2.6623552418400807,11.387712676389407,0.34088353413654615,6.022128514056225,0,1001,0.08433734939759036,18.513878469617403
T01303,R0235,Zone_9,5.38,44.38,68.89,Credit Card,2024-03-09,0,Aarav Ghosh,34.0,Other,Delhi,2021-02-15,284.0,8.0,4.06,11037.0,1.83,56.1,Mixed,-0.7685369494173596,-0.6443942349050881,0,5,3,2,0.0,1.0,0.0,0.0,0.0,0.0,0.0,0.0,0.0,0.0,0.0,0.0,0.0,1.0,High,2,Medium,4.246922577489038,1.8531680973566984,6.661831579978587,0.1959507042253521,2.9790845070422534,0,2000,0.028169014084507043,12.804832713754648
T01304,R0072,Zone_10,10.73,81.37,223.02,Cash,2023-05-28,1,Saanvi Das,25.0,Other,Jaipur,2023-11-05,62.0,10.0,4.07,2440.0,1.54,35.4,Industrial,1.0341403296835072,0.5579092841964811,0,6,5,2,1.0,0.0,0.0,0.0,0.0,1.0,0.0,0.0,0.0,0.0,0.0,0.0,0.0,0.0,Medium,1,Low,5.411735333583594,2.462149662665384,9.020532135079394,0.7845161290322581,11.808709677419355,0,1007,0.16129032258064516,20.78471575023299
T01305,R0134,Zone_9,5.17,35.4,100.09,UPI,2023-08-20,0,Aadhya Singh,34.0,Male,Jaipur,2022-07-30,410.0,29.0,4.59,11037.0,1.83,56.1,Mixed,-0.4036272556007954,-0.6915874571501964,0,6,8,1,0.0,0.0,1.0,0.0,0.0,0.0,0.0,0.0,0.0,0.0,0.0,0.0,0.0,1.0,High,2,High,4.616011209165967,1.8196988379172965,5.9497899122574065,0.13614634146341464,2.644878048780488,0,1470,0.07073170731707316,19.359767891682786
T01306,R0084,Zone_10,9.72,73.17,199.22,Cash,2023-09-01,1,Kavya Sharma,38.0,Male,Jaipur,2019-07-21,366.0,6.0,4.67,2440.0,1.54,35.4,Industrial,0.7557797299131792,0.330932358160484,0,4,9,1,1.0,0.0,0.0,0.0,0.0,1.0,0.0,0.0,0.0,0.0,0.0,0.0,0.0,0.0,Medium,1,High,5.2994167619913375,2.372111155642656,8.553946457629952,0.20464480874316943,3.923060109289618,0,2575,0.01639344262295082,20.49588477366255
T01307,R0164,Zone_10,10.64,62.59,150.39,UPI,2024-08-04,0,Aadhya Ghosh,37.0,Other,Ahmedabad,2022-07-06,249.0,23.0,4.02,2440.0,1.54,35.4,Industrial,0.1846726674432166,0.5376836175200062,0,6,8,2,0.0,0.0,1.0,0.0,0.0,1.0,0.0,0.0,0.0,0.0,0.0,0.0,0.0,0.0,Medium,1,Medium,5.019859288623787,2.454447442303292,7.911384202527394,0.40273092369477914,7.062208835341366,0,1494,0.09236947791164658,14.1343984962406
T01308,R0176,Zone_6,12.93,107.92,304.11,Wallet,2023-08-09,1,Kavya Gupta,43.0,Male,Mumbai,2019-05-24,260.0,13.0,3.95,14627.0,0.54,37.6,Mixed,1.9825546589009813,1.0523144696214253,0,2,8,1,0.0,0.0,0.0,1.0,0.0,0.0,0.0,0.0,0.0,0.0,1.0,0.0,0.0,0.0,Low,0,Medium,5.720672367324469,2.6340447877917144,10.388455130576443,0.3502307692307692,6.3002692307692305,0,2633,0.05,23.51972157772622
T01309,R0170,Zone_9,15.17,112.08,278.29,Wallet,2024-07-17,0,Saanvi Kumar,29.0,Other,Bengaluru,2020-05-20,28.0,3.0,3.68,11037.0,1.83,56.1,Mixed,1.680568495620735,1.555708840235914,0,2,7,2,0.0,0.0,0.0,1.0,0.0,0.0,0.0,0.0,0.0,0.0,0.0,0.0,0.0,1.0,High,2,Low,5.632250668514958,2.783157673589016,10.586784214292837,1.9110714285714285,33.70392857142857,0,2271,0.10714285714285714,18.34475939353988
T01310,R0245,Zone_10,14.55,84.59,269.23,Credit Card,2024-04-22,0,Diya Sharma,35.0,Female,Hyderabad,2020-03-04,265.0,48.0,4.73,2440.0,1.54,35.4,Industrial,1.5746043345316942,1.4163764697979753,0,0,4,0,0.0,1.0,0.0,0.0,0.0,1.0,0.0,0.0,0.0,0.0,0.0,0.0,0.0,0.0,Medium,1,Medium,5.599273448230355,2.744060638625243,9.197282207261013,0.14988679245283018,2.8352075471698113,0,2348,0.1811320754716981,18.503780068728524
T01311,R0004,Zone_7,5.35,43.9,64.48,Wallet,2023-09-24,0,Aarav Nair,19.0,Other,Kolkata,2019-07-28,464.0,5.0,3.19,11070.0,0.64,45.2,Industrial,-0.8201155311395085,-0.6511361237972465,0,6,9,2,0.0,0.0,0.0,1.0,0.0,0.0,0.0,0.0,0.0,0.0,0.0,1.0,0.0,0.0,Low,0,High,4.181744752502934,1.8484548129046001,6.6257075093909785,0.08019396551724138,1.4720474137931034,0,2568,0.010775862068965518,12.052336448598133
T01312,R0238,Zone_8,7.26,53.73,75.46,Credit Card,2024-08-23,0,Reyansh Patel,30.0,Other,Pune,2019-04-22,362.0,56.0,4.91,4516.0,1.93,31.0,Business,-0.6916953888925255,-0.22190253099649937,0,4,8,2,0.0,1.0,0.0,0.0,0.0,0.0,0.0,0.0,0.0,0.0,0.0,0.0,1.0,0.0,High,2,High,4.336767728268267,2.1114245875328868,7.33007503372237,0.10698895027624308,1.6299171270718231,0,2665,0.15469613259668508,10.393939393939393
T01313,R0053,Zone_3,2.13,12.79,42.2,Credit Card,2024-08-04,0,Arjun Reddy,45.0,Female,Delhi,2019-09-16,63.0,7.0,4.85,12971.0,2.11,38.0,Business,-1.0806984791597987,-1.374765531555574,0,6,8,0,0.0,1.0,0.0,0.0,0.0,0.0,0.0,1.0,0.0,0.0,0.0,0.0,0.0,0.0,High,2,Low,3.765840495250065,1.1410330045520618,3.576310948449533,0.6984126984126984,11.318095238095237,0,2518,0.1111111111111111,19.812206572769956
T01314,R0027,Zone_6,6.82,49.94,153.49,Cash,2023-02-05,1,Ishaan Iyer,39.0,Male,Jaipur,2019-10-05,403.0,61.0,3.98,14627.0,0.54,37.6,Mixed,0.22092972035447805,-0.3207835680814881,0,6,2,1,1.0,0.0,0.0,0.0,0.0,0.0,0.0,0.0,0.0,0.0,1.0,0.0,0.0,0.0,Low,0,High,5.040129369323958,2.05668455455722,7.066823897621901,0.14349875930521092,2.052803970223325,0,2499,0.1513647642679901,22.505865102639298
T01315,R0222,Zone_10,8.12,63.74,108.79,UPI,2023-11-05,0,Aarav Singh,27.0,Male,Surat,2022-08-28,475.0,12.0,3.44,2440.0,1.54,35.4,Industrial,-0.3018735909788688,-0.02863504942129399,0,6,11,1,0.0,0.0,1.0,0.0,0.0,1.0,0.0,0.0,0.0,0.0,0.0,0.0,0.0,0.0,Medium,1,High,4.698569450246641,2.21046980408624,7.983733462484829,0.16642105263157894,2.7908000000000004,0,1441,0.02526315789473684,13.397783251231528
T01316,R0160,Zone_4,5.98,30.73,74.09,Cash,2023-04-11,0,Kavya Nair,30.0,Male,Surat,2021-06-16,438.0,7.0,4.42,4038.0,2.46,48.2,Business,-0.7077186671145989,-0.5095564570619213,0,1,4,1,1.0,0.0,0.0,0.0,0.0,0.0,0.0,0.0,1.0,0.0,0.0,0.0,0.0,0.0,High,2,High,4.318687394111793,1.9430489167742813,5.543464620614079,0.07472602739726027,0.906255707762557,0,1879,0.01598173515981735,12.389632107023411
T01317,R0249,Zone_7,5.48,52.77,121.71,Cash,2023-02-16,1,Diya Nair,20.0,Male,Mumbai,2023-03-24,396.0,48.0,4.49,11070.0,0.64,45.2,Industrial,-0.1507635511035481,-0.6219212719312268,0,3,2,1,1.0,0.0,0.0,0.0,0.0,0.0,0.0,0.0,0.0,0.0,0.0,1.0,0.0,0.0,Low,0,High,4.809823847988456,1.8687205103641833,7.264296249465602,0.1634090909090909,2.728611111111111,0,1233,0.12121212121212122,22.209854014598537
T01318,R0016,Zone_1,13.16,96.42,308.81,Wallet,2024-05-26,1,Aarav Iyer,28.0,Female,Delhi,2022-01-24,356.0,51.0,3.06,4921.0,2.43,30.9,Residential,2.037525029443861,1.1040022844613058,0,6,5,0,0.0,0.0,0.0,1.0,1.0,0.0,0.0,0.0,0.0,0.0,0.0,0.0,0.0,0.0,High,2,High,5.735959206351422,2.6504210882655737,9.819368615140181,0.11584269662921348,1.9316853932584273,0,1657,0.14325842696629212,23.46580547112462
T01319,R0223,Zone_5,12.54,89.9,223.88,Wallet,2023-06-10,0,Meera Ghosh,30.0,Female,Surat,2019-11-29,158.0,10.0,4.04,2590.0,1.31,43.9,Business,1.044198737910502,0.9646699140233668,0,5,6,0,0.0,0.0,0.0,1.0,0.0,0.0,0.0,0.0,0.0,1.0,0.0,0.0,0.0,0.0,Medium,1,Low,5.415566926598276,2.605648267484129,9.481561052906848,0.3569620253164557,6.248164556962026,0,2444,0.06329113924050633,17.853269537480063
T01320,R0003,Zone_2,10.0,98.25,154.94,UPI,2023-06-03,0,Kavya Reddy,34.0,Male,Pune,2023-05-04,45.0,9.0,3.76,6371.0,0.91,58.4,Residential,0.23788866445813234,0.39385665448729495,0,5,6,1,0.0,0.0,1.0,0.0,0.0,0.0,1.0,0.0,0.0,0.0,0.0,0.0,0.0,0.0,Low,0,Low,5.049471317881454,2.3978952727983707,9.912113800799505,1.5040000000000002,21.593555555555557,0,1192,0.2,15.494
T01321,R0236,Zone_7,1.6099999999999999,10.54,37.2,Credit Card,2023-02-02,1,Arjun Gupta,28.0,Male,Ahmedabad,2020-08-10,61.0,1.0,3.36,11070.0,0.64,45.2,Industrial,-1.139177596758607,-1.4916249390196519,0,3,2,1,0.0,1.0,0.0,0.0,0.0,0.0,0.0,0.0,0.0,0.0,0.0,1.0,0.0,0.0,Low,0,Low,3.6428355156125294,0.959350221334602,3.246536616149585,0.8198360655737704,12.599016393442623,0,2189,0.01639344262295082,23.105590062111805
T01322,R0185,Zone_9,9.0,87.7,155.52,Wallet,2024-02-16,0,Vivaan Sharma,27.0,Male,Delhi,2021-08-27,201.0,12.0,4.05,11037.0,1.83,56.1,Mixed,0.24467224209959426,0.1691270247486839,0,4,2,1,0.0,0.0,0.0,1.0,0.0,0.0,0.0,0.0,0.0,0.0,0.0,0.0,0.0,1.0,High,2,Medium,5.053183797342212,2.302585092994046,9.364827814754525,0.21756218905472638,3.7018905472636816,0,1807,0.05970149253731343,17.28
T01323,R0166,Zone_9,6.08,32.36,73.25,Wallet,2024-01-22,0,Reyansh Sharma,24.0,Other,Chennai,2021-03-16,349.0,63.0,4.29,11037.0,1.83,56.1,Mixed,-0.7175431588711987,-0.48708349408806034,0,0,1,2,0.0,0.0,0.0,1.0,0.0,0.0,0.0,0.0,0.0,0.0,0.0,0.0,0.0,1.0,High,2,High,4.307437777682809,1.9572739077056285,5.688585061331157,0.12366762177650428,1.7994555873925502,0,1971,0.18051575931232092,12.047697368421053
T01324,R0270,Zone_1,14.58,117.9,313.49,Credit Card,2024-08-14,1,Aadhya Reddy,35.0,Male,Hyderabad,2022-01-02,455.0,64.0,3.08,4921.0,2.43,30.9,Residential,2.0922614835163458,1.4231183586901335,0,2,8,1,0.0,1.0,0.0,0.0,1.0,0.0,0.0,0.0,0.0,0.0,0.0,0.0,0.0,0.0,High,2,High,5.750952279132591,2.7459880404426023,10.858176642512316,0.12975824175824174,2.420945054945055,0,1679,0.14065934065934066,21.501371742112482
T01325,R0250,Zone_9,1.01,5.7,8.99,Credit Card,2023-07-29,0,Aadhya Iyer,34.0,Female,Jaipur,2021-02-01,163.0,31.0,4.63,11037.0,1.83,56.1,Mixed,-1.4691167782510839,-1.6264627168628183,0,5,7,0,0.0,1.0,0.0,0.0,0.0,0.0,0.0,0.0,0.0,0.0,0.0,0.0,0.0,1.0,High,2,Low,2.301584592660462,0.6981347220709844,2.3874672772626644,0.46208588957055213,6.91601226993865,0,2014,0.1901840490797546,8.900990099009901
T01326,R0072,Zone_5,5.21,38.32,45.13,Wallet,2024-07-30,0,Saanvi Das,25.0,Other,Jaipur,2023-11-05,62.0,10.0,4.07,2590.0,1.31,43.9,Business,-1.046429716246897,-0.6825982719606519,0,1,7,2,0.0,0.0,0.0,1.0,0.0,0.0,0.0,0.0,0.0,1.0,0.0,0.0,0.0,0.0,Medium,1,Low,3.8314634975697293,1.8261608959453874,6.190315016216864,0.7845161290322581,11.808709677419355,0,1007,0.16129032258064516,8.662188099808063
T01327,R0280,Zone_8,5.07,44.97,72.82,Cash,2024-03-09,0,Saanvi Gupta,26.0,Other,Chennai,2023-05-31,172.0,23.0,4.43,4516.0,1.93,31.0,Business,-0.7225723629846963,-0.7140604201240575,0,5,3,2,1.0,0.0,0.0,0.0,0.0,0.0,0.0,0.0,0.0,0.0,0.0,0.0,1.0,0.0,High,2,Medium,4.301629697601852,1.803358605071407,6.705967491719595,0.29517441860465116,4.2749999999999995,0,1165,0.13372093023255813,14.3629191321499
T01328,R0203,Zone_4,5.67,32.13,68.89,UPI,2024-01-05,0,Kavya Gupta,49.0,Female,Bengaluru,2023-07-25,152.0,9.0,3.6,4038.0,2.46,48.2,Business,-0.7685369494173596,-0.5792226422808909,0,4,1,0,0.0,0.0,1.0,0.0,0.0,0.0,0.0,0.0,1.0,0.0,0.0,0.0,0.0,0.0,High,2,Low,4.246922577489038,1.8976198599275322,5.668333088307356,0.25513157894736843,4.596381578947369,0,1110,0.05921052631578947,12.149911816578484
T01329,R0165,Zone_10,12.79,110.98,232.73,Cash,2023-11-28,0,Meera Reddy,37.0,Female,Kolkata,2021-12-09,34.0,5.0,3.27,2440.0,1.54,35.4,Industrial,1.1477067760603927,1.0208523214580196,0,1,11,0,1.0,0.0,0.0,0.0,0.0,1.0,0.0,0.0,0.0,0.0,0.0,0.0,0.0,0.0,Medium,1,Low,5.454166603010877,2.6239436918052106,10.534704552098269,1.3738235294117647,22.932352941176468,0,1703,0.14705882352941177,18.196247068021894
T01330,R0028,Zone_4,3.76,33.29,33.59,UPI,2023-10-19,0,Reyansh Sharma,20.0,Female,Surat,2023-11-11,249.0,21.0,3.79,4038.0,2.46,48.2,Business,-1.1813995196649467,-1.008456235081638,0,3,10,0,0.0,0.0,1.0,0.0,0.0,0.0,0.0,0.0,1.0,0.0,0.0,0.0,0.0,0.0,High,2,Medium,3.5435646229490776,1.5602476682433286,5.769748694700662,0.34088353413654615,6.022128514056225,0,1001,0.08433734939759036,8.933510638297873
T01331,R0294,Zone_5,6.96,64.73,98.96,UPI,2023-12-12,0,Arjun Reddy,24.0,Male,Surat,2021-04-02,41.0,7.0,3.2,2590.0,1.31,43.9,Business,-0.4168435361781262,-0.28932141991808263,0,1,12,1,0.0,0.0,1.0,0.0,0.0,0.0,0.0,0.0,0.0,1.0,0.0,0.0,0.0,0.0,Medium,1,Low,4.604770105966751,2.0744289998562917,8.045495634204272,1.3824390243902438,20.37560975609756,0,1954,0.17073170731707318,14.2183908045977
T01332,R0146,Zone_6,12.25,87.0,233.83,UPI,2024-02-29,0,Kavya Gupta,30.0,Male,Surat,2020-04-15,80.0,11.0,3.89,14627.0,0.54,37.6,Mixed,1.1605721819321309,0.8994983213991697,0,3,2,1,0.0,0.0,1.0,0.0,0.0,0.0,0.0,0.0,0.0,0.0,1.0,0.0,0.0,0.0,Low,0,Low,5.458861848105724,2.583997552432231,9.327379053088816,0.843,11.730875000000001,0,2306,0.1375,19.08816326530612
T01333,R0135,Zone_3,12.9,77.2,259.46,UPI,2023-07-23,1,Reyansh Patel,38.0,Female,Ahmedabad,2022-02-24,153.0,8.0,3.47,12971.0,2.11,38.0,Business,1.4603361387436222,1.045572580729267,0,6,7,0,0.0,0.0,1.0,0.0,0.0,0.0,0.0,1.0,0.0,0.0,0.0,0.0,0.0,0.0,High,2,Low,5.5624492985395575,2.631888840136646,8.78635305459552,0.4352941176470588,6.4845098039215685,0,1626,0.05228758169934641,20.11317829457364
T01334,R0022,Zone_2,5.25,39.93,80.17,UPI,2023-05-16,0,Aarav Nair,43.0,Female,Kolkata,2020-09-14,220.0,1.0,3.32,6371.0,0.91,58.4,Residential,-0.6366080601144479,-0.6736090867711075,0,1,5,0,0.0,0.0,1.0,0.0,0.0,0.0,1.0,0.0,0.0,0.0,0.0,0.0,0.0,0.0,Low,0,Medium,4.3965457207730845,1.8325814637483102,6.319018911191831,0.2375,3.760090909090909,0,2154,0.004545454545454545,15.270476190476192
T01335,R0237,Zone_3,4.6,41.73,44.08,Wallet,2023-06-01,0,Aadhya Nair,40.0,Male,Chennai,2022-12-13,36.0,3.0,3.71,12971.0,2.11,38.0,Business,-1.0587103309426467,-0.8196833461012047,0,3,6,1,0.0,0.0,0.0,1.0,0.0,0.0,0.0,1.0,0.0,0.0,0.0,0.0,0.0,0.0,High,2,Low,3.8084386891715756,1.7227665977411035,6.4598761598036845,2.7047222222222222,48.88055555555556,0,1334,0.08333333333333333,9.582608695652175
T01336,R0157,Zone_1,9.73,77.54,93.63,UPI,2023-10-17,0,Kavya Nair,36.0,Female,Hyderabad,2021-11-23,319.0,27.0,4.65,4921.0,2.43,30.9,Residential,-0.4791822755384559,0.33317965445787007,0,1,10,0,0.0,0.0,1.0,0.0,1.0,0.0,0.0,0.0,0.0,0.0,0.0,0.0,0.0,0.0,High,2,Medium,4.549974550520141,2.373043556642607,8.805679985100527,0.3570532915360502,5.880658307210031,0,1719,0.08463949843260188,9.622816032887975
T01337,R0152,Zone_1,8.76,51.32,154.75,UPI,2024-02-14,0,Arjun Patel,34.0,Female,Bengaluru,2021-05-04,143.0,24.0,3.91,4921.0,2.43,30.9,Residential,0.23566645798937766,0.1151919136114172,0,2,2,0,0.0,0.0,1.0,0.0,1.0,0.0,0.0,0.0,0.0,0.0,0.0,0.0,0.0,0.0,High,2,Low,5.048252157667562,2.278292400425001,7.163797875428926,0.3393706293706294,6.395524475524475,0,1922,0.16783216783216784,17.66552511415525
T01338,R0160,Zone_1,8.35,66.52,109.36,Credit Card,2024-05-03,0,Kavya Nair,30.0,Male,Surat,2021-06-16,438.0,7.0,4.42,4921.0,2.43,30.9,Residential,-0.2952069715726047,0.023052765418586647,0,4,5,1,0.0,1.0,0.0,0.0,1.0,0.0,0.0,0.0,0.0,0.0,0.0,0.0,0.0,0.0,High,2,High,4.703747749349085,2.2353763433005955,8.155979401641472,0.07472602739726027,0.906255707762557,0,1879,0.01598173515981735,13.097005988023952
T01339,R0249,Zone_10,11.01,106.56,154.05,Cash,2023-03-27,0,Diya Nair,20.0,Male,Mumbai,2023-03-24,396.0,48.0,4.49,2440.0,1.54,35.4,Industrial,0.22747938152554462,0.6208335805232921,0,0,3,1,1.0,0.0,0.0,0.0,0.0,1.0,0.0,0.0,0.0,0.0,0.0,0.0,0.0,0.0,Medium,1,High,5.043747645546458,2.485739636091892,10.322790320451153,0.1634090909090909,2.728611111111111,0,1233,0.12121212121212122,13.99182561307902
T01340,R0223,Zone_7,2.36,18.92,47.61,UPI,2023-11-16,1,Meera Ghosh,30.0,Female,Surat,2019-11-29,158.0,10.0,4.04,11070.0,0.64,45.2,Industrial,-1.0174240739178881,-1.3230777167156935,0,3,11,0,0.0,0.0,1.0,0.0,0.0,0.0,0.0,0.0,0.0,0.0,0.0,1.0,0.0,0.0,Low,0,Low,3.883829271057364,1.2119409739751128,4.349712634186309,0.3569620253164557,6.248164556962026,0,2444,0.06329113924050633,20.173728813559322
T01341,R0285,Zone_9,3.68,26.59,64.46,UPI,2024-07-22,0,Diya Iyer,29.0,Female,Chennai,2019-01-10,244.0,16.0,4.97,11037.0,1.83,56.1,Mixed,-0.8203494476099039,-1.026434605460727,0,0,7,0,0.0,0.0,1.0,0.0,0.0,0.0,0.0,0.0,0.0,0.0,0.0,0.0,0.0,1.0,High,2,Medium,4.181439269073034,1.5432981099295553,5.156549233741495,0.25774590163934424,4.5302459016393435,0,2767,0.06557377049180328,17.516304347826086
T01342,R0055,Zone_3,11.22,84.17,99.64,Wallet,2024-01-29,0,Kavya Singh,32.0,Male,Delhi,2021-11-07,425.0,12.0,4.19,12971.0,2.11,38.0,Business,-0.40889037618468815,0.6680268027684005,0,0,1,1,0.0,0.0,0.0,1.0,0.0,0.0,0.0,1.0,0.0,0.0,0.0,0.0,0.0,0.0,High,2,High,4.611549792952131,2.503073953743449,9.174420962654809,0.16870588235294118,2.610729411764706,0,1735,0.02823529411764706,8.880570409982175
T01343,R0211,Zone_2,0.8,4.79,12.38,UPI,2024-01-16,0,Arjun Reddy,36.0,Female,Mumbai,2021-04-04,435.0,17.0,3.63,6371.0,0.91,58.4,Residential,-1.4294679365190919,-1.6736559391079266,0,1,1,0,0.0,0.0,1.0,0.0,0.0,0.0,1.0,0.0,0.0,0.0,0.0,0.0,0.0,0.0,Low,0,High,2.5937610547000824,0.5877866649021191,2.188606862823929,0.10593103448275862,1.4847816091954023,0,1952,0.03908045977011494,15.475
T01344,R0189,Zone_10,2.77,24.1,67.88,Credit Card,2023-02-01,1,Reyansh Gupta,29.0,Female,Delhi,2019-09-16,238.0,42.0,3.28,2440.0,1.54,35.4,Industrial,-0.780349731172319,-1.230938568522863,0,2,2,0,0.0,1.0,0.0,0.0,0.0,1.0,0.0,0.0,0.0,0.0,0.0,0.0,0.0,0.0,Medium,1,Medium,4.232365860119475,1.3270750014599193,4.909175083453431,0.30264705882352944,6.2214285714285715,0,2518,0.17647058823529413,24.50541516245487
T01345,R0114,Zone_7,7.23,59.13,66.53,Wallet,2023-12-30,0,Meera Das,36.0,Male,Chennai,2022-05-23,242.0,23.0,3.45,11070.0,0.64,45.2,Industrial,-0.7961390929239972,-0.22864441988865755,0,5,12,1,0.0,0.0,0.0,1.0,0.0,0.0,0.0,0.0,0.0,0.0,0.0,1.0,0.0,0.0,Low,0,Medium,4.212571943586751,2.1077860146889784,7.689603370785778,0.02987603305785124,0.2749173553719008,0,1538,0.09504132231404959,9.201936376210234
T01346,R0080,Zone_4,1.56,9.11,17.39,Cash,2023-08-23,0,Reyansh Kumar,19.0,Female,Mumbai,2021-05-15,34.0,6.0,4.6,4038.0,2.46,48.2,Business,-1.3708718606850858,-1.5028614205065822,0,2,8,0,1.0,0.0,0.0,0.0,0.0,0.0,0.0,0.0,1.0,0.0,0.0,0.0,0.0,0.0,High,2,Low,2.91180703861623,0.9400072584914712,3.018277654557314,1.6208823529411764,24.814117647058826,0,1911,0.17647058823529413,11.147435897435898
T01347,R0130,Zone_2,11.21,90.54,272.14,Credit Card,2023-09-30,1,Diya Ghosh,27.0,Female,Pune,2019-02-16,316.0,62.0,3.62,6371.0,0.91,58.4,Residential,1.6086391809742002,0.6657795064710145,0,5,9,0,0.0,1.0,0.0,0.0,0.0,0.0,1.0,0.0,0.0,0.0,0.0,0.0,0.0,0.0,Low,0,Medium,5.609984484250279,2.502255288122613,9.515250916292224,0.1610759493670886,2.836487341772152,0,2730,0.1962025316455696,24.27653880463871
T01348,R0131,Zone_2,6.04,32.61,91.44,UPI,2024-05-18,0,Reyansh Ghosh,24.0,Male,Surat,2019-10-22,99.0,7.0,3.6,6371.0,0.91,58.4,Residential,-0.5047961290467339,-0.4960726792776048,0,5,5,1,0.0,0.0,1.0,0.0,0.0,0.0,1.0,0.0,0.0,0.0,0.0,0.0,0.0,0.0,Low,0,Low,4.52655978540618,1.951608170169951,5.710516614107694,0.2724242424242424,4.396262626262627,0,2482,0.0707070707070707,15.139072847682119
T01349,R0023,Zone_7,17.16,162.72,261.85,Wallet,2024-03-08,0,Meera Iyer,24.0,Other,Jaipur,2019-10-09,176.0,32.0,3.21,11070.0,0.64,45.2,Industrial,1.4882891569558532,2.00292080341575,0,4,3,2,0.0,0.0,0.0,1.0,0.0,0.0,0.0,0.0,0.0,0.0,0.0,1.0,0.0,0.0,Low,0,Medium,5.5715835272654575,2.8992213731731473,12.75617497528158,0.36880681818181815,6.793295454545454,0,2495,0.18181818181818182,15.259324009324011
T01350,R0068,Zone_6,4.85,29.0,115.16,Credit Card,2024-04-02,1,Meera Singh,30.0,Female,Ahmedabad,2022-08-31,456.0,70.0,4.97,14627.0,0.54,37.6,Mixed,-0.22737119515798704,-0.763500938666552,0,1,4,0,0.0,1.0,0.0,0.0,0.0,0.0,0.0,0.0,0.0,0.0,1.0,0.0,0.0,0.0,Low,0,High,4.754968551076486,1.766441661243765,5.385164807134504,0.15745614035087718,2.4136622807017547,0,1438,0.15350877192982457,23.744329896907217
T01351,R0133,Zone_6,5.12,49.57,60.88,Wallet,2024-04-17,0,Diya Kumar,25.0,Female,Delhi,2019-07-13,155.0,11.0,4.4,14627.0,0.54,37.6,Mixed,-0.8622204958106506,-0.7028239386371269,0,2,4,0,0.0,0.0,0.0,1.0,0.0,0.0,0.0,0.0,0.0,0.0,1.0,0.0,0.0,0.0,Low,0,Low,4.125197025704866,1.8115620965242347,7.040596565632773,0.4186451612903226,5.272709677419355,0,2583,0.07096774193548387,11.890625
T01352,R0091,Zone_5,12.02,100.94,275.23,UPI,2024-01-19,1,Meera Das,41.0,Other,Surat,2022-04-16,334.0,43.0,3.4,2590.0,1.31,43.9,Business,1.6447792756502642,0.8478105065592891,0,4,1,2,0.0,0.0,1.0,0.0,0.0,0.0,0.0,0.0,0.0,1.0,0.0,0.0,0.0,0.0,Medium,1,High,5.621233852021042,2.5664866367804233,10.046890066085126,0.14934131736526945,2.7054191616766468,0,1575,0.12874251497005987,22.89767054908486
T01353,R0102,Zone_3,4.72,36.52,52.99,Cash,2023-04-16,0,Aarav Nair,18.0,Female,Chennai,2023-05-13,123.0,22.0,4.1,12971.0,2.11,38.0,Business,-0.9545005433815701,-0.7927157905325715,0,6,4,0,1.0,0.0,0.0,0.0,0.0,0.0,0.0,1.0,0.0,0.0,0.0,0.0,0.0,0.0,High,2,Low,3.9887988442301956,1.7439688053917064,6.043177971895251,0.29130081300813004,3.9292682926829268,0,1183,0.17886178861788618,11.226694915254239
T01354,R0063,Zone_6,15.56,149.46,218.79,UPI,2023-06-07,0,Diya Iyer,34.0,Male,Surat,2023-04-21,329.0,33.0,4.83,14627.0,0.54,37.6,Mixed,0.9846669961949152,1.6433533958339726,0,2,6,1,0.0,0.0,1.0,0.0,0.0,0.0,0.0,0.0,0.0,0.0,1.0,0.0,0.0,0.0,Low,0,Medium,5.392672545029182,2.8069901489571136,12.225383429569806,0.2053191489361702,3.7828571428571425,0,1205,0.10030395136778116,14.061053984575835
T01355,R0245,Zone_6,10.41,76.48,243.67,Wallet,2023-08-14,1,Diya Sharma,35.0,Female,Hyderabad,2020-03-04,265.0,48.0,4.73,14627.0,0.54,37.6,Mixed,1.2756590853665855,0.4859958026801255,0,0,8,0,0.0,0.0,0.0,1.0,0.0,0.0,0.0,0.0,0.0,0.0,1.0,0.0,0.0,0.0,Low,0,Medium,5.499910363831802,2.4344901638739844,8.74528444363018,0.14988679245283018,2.8352075471698113,0,2348,0.1811320754716981,23.407300672430353
T01356,R0098,Zone_3,6.48,51.15,142.24,Wallet,2023-06-15,1,Diya Singh,21.0,Other,Bengaluru,2023-04-29,286.0,56.0,3.5,12971.0,2.11,38.0,Business,0.08935170575715921,-0.3971916421926158,0,3,6,2,0.0,0.0,0.0,1.0,0.0,0.0,0.0,1.0,0.0,0.0,0.0,0.0,0.0,0.0,High,2,Medium,4.964521545130232,2.012232791986386,7.151922818375489,0.24779720279720283,3.7473776223776225,0,1197,0.1958041958041958,21.950617283950617
T01357,R0098,Zone_5,7.2,50.64,128.48,UPI,2023-09-15,0,Diya Singh,21.0,Other,Bengaluru,2023-04-29,286.0,56.0,3.5,2590.0,1.31,43.9,Business,-0.07158282587476163,-0.23538630878081593,0,4,9,2,0.0,0.0,1.0,0.0,0.0,0.0,0.0,0.0,0.0,1.0,0.0,0.0,0.0,0.0,Medium,1,Medium,4.8635264290580436,2.1041341542702074,7.116178749862878,0.24779720279720283,3.7473776223776225,0,1197,0.1958041958041958,17.84444444444444
T01358,R0118,Zone_4,22.25,183.6,317.32,Wallet,2023-02-14,0,Reyansh Gupta,29.0,Male,Surat,2023-09-26,165.0,24.0,4.13,4038.0,2.46,48.2,Business,2.137056487597033,3.14679461878528,0,1,2,1,0.0,0.0,0.0,1.0,0.0,0.0,0.0,0.0,1.0,0.0,0.0,0.0,0.0,0.0,High,2,Low,5.763057166118673,3.1463051320333655,13.549907748763458,0.23163636363636364,3.228424242424243,0,1047,0.14545454545454545,14.261573033707865
T01359,R0152,Zone_6,10.44,100.29,230.32,UPI,2024-02-17,1,Arjun Patel,34.0,Female,Bengaluru,2021-05-04,143.0,24.0,3.91,14627.0,0.54,37.6,Mixed,1.1195198413777672,0.4927376915722837,0,5,2,0,0.0,0.0,1.0,0.0,0.0,0.0,0.0,0.0,0.0,0.0,1.0,0.0,0.0,0.0,Low,0,Low,5.443802033290018,2.437115985951652,10.014489502715554,0.3393706293706294,6.395524475524475,0,1922,0.16783216783216784,22.061302681992338
T01360,R0067,Zone_1,8.75,44.84,112.76,Cash,2023-07-09,0,Saanvi Iyer,32.0,Male,Pune,2022-07-24,348.0,9.0,3.38,4921.0,2.43,30.9,Residential,-0.25544117160541496,0.11294461731403115,0,6,7,1,1.0,0.0,0.0,0.0,1.0,0.0,0.0,0.0,0.0,0.0,0.0,0.0,0.0,0.0,High,2,High,4.73409096605493,2.277267285009756,6.696267617113283,0.32491379310344826,5.3069252873563215,0,1476,0.02586206896551724,12.886857142857144
T01361,R0188,Zone_6,7.34,37.06,173.56,Credit Card,2023-02-11,1,Vivaan Gupta,24.0,Male,Delhi,2020-07-16,436.0,64.0,3.15,14627.0,0.54,37.6,Mixed,0.45566489839609475,-0.20392416061741045,0,5,2,1,0.0,1.0,0.0,0.0,0.0,0.0,0.0,0.0,0.0,0.0,1.0,0.0,0.0,0.0,Low,0,High,5.16226852208476,2.1210632163706555,6.087692502089769,0.05607798165137615,1.069816513761468,0,2214,0.14678899082568808,23.645776566757494
T01362,R0204,Zone_9,13.19,125.25,176.72,Credit Card,2024-02-07,0,Aarav Kumar,37.0,Female,Hyderabad,2019-01-01,438.0,5.0,3.73,11037.0,1.83,56.1,Mixed,0.4926237007185416,1.110744173353464,0,2,2,0,0.0,1.0,0.0,0.0,0.0,0.0,0.0,0.0,0.0,0.0,0.0,0.0,0.0,1.0,High,2,High,5.180209278067708,2.6525374911719513,11.191514642799696,0.15481735159817353,2.0578767123287673,0,2776,0.01141552511415525,13.398028809704321
T01363,R0272,Zone_2,0.41000000000000003,2.44,4.05,Credit Card,2023-11-24,0,Kavya Ghosh,21.0,Male,Kolkata,2020-01-15,432.0,4.0,4.79,6371.0,0.91,58.4,Residential,-1.5268941464387065,-1.761300494705985,0,4,11,1,0.0,1.0,0.0,0.0,0.0,0.0,1.0,0.0,0.0,0.0,0.0,0.0,0.0,0.0,Low,0,High,1.6193882432872684,0.34358970439007697,1.5620499351813308,0.09326388888888888,1.6012962962962962,0,2397,0.009259259259259259,9.878048780487804
T01364,R0044,Zone_8,7.09,40.91,95.09,UPI,2024-02-23,0,Arjun Gupta,36.0,Female,Hyderabad,2020-08-01,271.0,5.0,3.21,4516.0,1.93,31.0,Business,-0.46210637319960374,-0.2601065680520632,0,4,2,0,0.0,0.0,1.0,0.0,0.0,0.0,0.0,0.0,0.0,0.0,0.0,0.0,1.0,0.0,High,2,Medium,4.5652852522891765,2.0906287310704004,6.396092557178953,0.37734317343173435,6.127380073800738,0,2198,0.01845018450184502,13.411847672778562
T01365,R0214,Zone_7,6.17,47.6,88.34,Wallet,2023-04-12,0,Aarav Kumar,20.0,Female,Kolkata,2022-09-14,210.0,2.0,4.53,11070.0,0.64,45.2,Industrial,-0.541053181957995,-0.4668578274115854,0,2,4,0,0.0,0.0,0.0,1.0,0.0,0.0,0.0,0.0,0.0,0.0,0.0,1.0,0.0,0.0,Low,0,Medium,4.492449315923973,1.969905654611529,6.899275324264136,0.1940952380952381,3.2461428571428574,0,1424,0.009523809523809525,14.317666126418153
T01366,R0043,Zone_3,5.33,35.49,60.35,Cash,2024-06-16,0,Diya Kumar,28.0,Male,Ahmedabad,2021-12-10,85.0,16.0,4.68,12971.0,2.11,38.0,Business,-0.8684192822761244,-0.6556307163920186,0,6,6,1,1.0,0.0,0.0,0.0,0.0,0.0,0.0,1.0,0.0,0.0,0.0,0.0,0.0,0.0,High,2,Low,4.116595171156921,1.8453002361560848,5.957348403442592,0.7901176470588235,10.147058823529411,0,1702,0.18823529411764706,11.322701688555346
T01367,R0044,Zone_2,12.24,79.23,239.01,Cash,2023-08-23,0,Arjun Gupta,36.0,Female,Hyderabad,2020-08-01,271.0,5.0,3.21,6371.0,0.91,58.4,Residential,1.2211565477644961,0.8972510251017838,0,2,8,0,1.0,0.0,0.0,0.0,0.0,0.0,1.0,0.0,0.0,0.0,0.0,0.0,0.0,0.0,Low,0,Medium,5.4806805891406265,2.5832425505088623,8.901123524589467,0.37734317343173435,6.127380073800738,0,2198,0.01845018450184502,19.526960784313726
T01368,R0265,Zone_8,14.91,122.7,124.55,UPI,2024-03-12,0,Kavya Das,39.0,Female,Bengaluru,2020-11-26,176.0,24.0,3.26,4516.0,1.93,31.0,Business,-0.11754741230742492,1.4972791365038751,0,1,3,0,0.0,0.0,1.0,0.0,0.0,0.0,0.0,0.0,0.0,0.0,0.0,0.0,1.0,0.0,High,2,Medium,4.832704085603594,2.7669478423496954,11.077003204838391,0.25499999999999995,3.4528977272727275,0,2081,0.13636363636363635,8.353454057679409
T01369,R0128,Zone_10,11.03,62.96,88.9,Cash,2023-06-05,0,Reyansh Reddy,35.0,Male,Jaipur,2021-12-09,26.0,4.0,4.31,2440.0,1.54,35.4,Industrial,-0.5345035207869285,0.6253281731180642,0,0,6,1,1.0,0.0,0.0,0.0,0.0,1.0,0.0,0.0,0.0,0.0,0.0,0.0,0.0,0.0,Medium,1,Low,4.498697941477575,2.4874035299865875,7.934733769950949,0.4242307692307692,3.4192307692307695,0,1703,0.15384615384615385,8.059836808703537
T01370,R0204,Zone_1,11.2,65.39,91.6,UPI,2024-03-26,0,Aarav Kumar,37.0,Female,Hyderabad,2019-01-01,438.0,5.0,3.73,4921.0,2.43,30.9,Residential,-0.5029247972835721,0.6635322101736281,0,1,3,0,0.0,0.0,1.0,0.0,1.0,0.0,0.0,0.0,0.0,0.0,0.0,0.0,0.0,0.0,High,2,High,4.528289141652134,2.501435951739211,8.086408349817612,0.15481735159817353,2.0578767123287673,0,2776,0.01141552511415525,8.178571428571429
T01371,R0216,Zone_9,0.58,3.43,7.88,Cash,2023-07-12,0,Ishaan Ghosh,44.0,Female,Chennai,2019-08-01,335.0,24.0,3.4,11037.0,1.83,56.1,Mixed,-1.4820991423580194,-1.723096457650421,0,2,7,0,1.0,0.0,0.0,0.0,0.0,0.0,0.0,0.0,0.0,0.0,0.0,0.0,0.0,1.0,High,2,High,2.1838015570040787,0.4574248470388754,1.8520259177452134,0.0884776119402985,1.4891940298507462,0,2564,0.07164179104477612,13.586206896551724
T01372,R0153,Zone_2,4.61,32.97,105.47,Credit Card,2024-07-25,1,Aadhya Ghosh,20.0,Male,Mumbai,2020-05-04,76.0,14.0,4.54,6371.0,0.91,58.4,Residential,-0.34070372506447766,-0.8174360498038185,0,3,7,1,0.0,1.0,0.0,0.0,0.0,0.0,1.0,0.0,0.0,0.0,0.0,0.0,0.0,0.0,Low,0,Low,4.667863255326515,1.724550719534605,5.741950887982237,0.3794736842105263,6.065131578947368,0,2287,0.18421052631578946,22.878524945770064
T01373,R0210,Zone_5,15.37,150.01,128.24,UPI,2023-07-18,0,Meera Iyer,34.0,Other,Mumbai,2022-01-02,94.0,5.0,3.4,2590.0,1.31,43.9,Business,-0.07438982351950421,1.6006547661836361,0,1,7,2,0.0,0.0,1.0,0.0,0.0,0.0,0.0,0.0,0.0,1.0,0.0,0.0,0.0,0.0,Medium,1,Low,4.861671140956298,2.7954503913830435,12.247856955402442,0.43127659574468086,5.512659574468086,0,1679,0.05319148936170213,8.343526350032532
T01374,R0294,Zone_8,5.38,40.34,51.92,UPI,2023-06-23,0,Arjun Reddy,24.0,Male,Surat,2021-04-02,41.0,7.0,3.2,4516.0,1.93,31.0,Business,-0.9670150745477152,-0.6443942349050881,0,4,6,1,0.0,0.0,1.0,0.0,0.0,0.0,0.0,0.0,0.0,0.0,0.0,0.0,1.0,0.0,High,2,Low,3.968781339246755,1.8531680973566984,6.351377803280167,1.3824390243902438,20.37560975609756,0,1954,0.17073170731707318,9.650557620817844
T01375,R0104,Zone_5,7.32,40.19,66.74,Wallet,2023-07-13,0,Diya Gupta,52.0,Male,Kolkata,2021-05-27,328.0,1.0,3.7,2590.0,1.31,43.9,Business,-0.7936829699848473,-0.2084187532121826,0,3,7,1,0.0,0.0,0.0,1.0,0.0,0.0,0.0,0.0,0.0,1.0,0.0,0.0,0.0,0.0,Medium,1,Medium,4.215676847389625,2.1186622548331173,6.339558344238185,0.14234756097560977,2.3335060975609756,0,1899,0.003048780487804878,9.117486338797812
T01376,R0017,Zone_7,3.9699999999999998,27.58,71.92,Credit Card,2024-07-30,0,Meera Das,49.0,Female,Mumbai,2023-03-18,288.0,21.0,3.83,11070.0,0.64,45.2,Industrial,-0.7330986041524817,-0.9612630128365297,0,1,7,0,0.0,1.0,0.0,0.0,0.0,0.0,0.0,0.0,0.0,0.0,0.0,1.0,0.0,0.0,Low,0,Medium,4.289362949810462,1.6034198401085373,5.251666402200353,0.19437500000000002,2.820520833333333,0,1239,0.07291666666666667,18.115869017632242
T01377,R0007,Zone_8,3.33,22.94,82.97,Cash,2023-11-22,1,Ishaan Ghosh,18.0,Female,Mumbai,2021-03-26,458.0,82.0,4.03,4516.0,1.93,31.0,Business,-0.6038597542591153,-1.1050899758692407,0,2,11,0,1.0,0.0,0.0,0.0,0.0,0.0,0.0,0.0,0.0,0.0,0.0,0.0,1.0,0.0,High,2,High,4.430459592195472,1.4655675420143985,4.789572005931219,0.08650655021834062,1.3033187772925765,0,1961,0.17903930131004367,24.915915915915914
T01378,R0285,Zone_2,5.65,33.33,140.2,Credit Card,2023-02-02,1,Diya Iyer,29.0,Female,Chennai,2019-01-10,244.0,16.0,4.97,6371.0,0.91,58.4,Residential,0.06549222577684516,-0.583717234875663,0,3,2,0,0.0,1.0,0.0,0.0,0.0,0.0,1.0,0.0,0.0,0.0,0.0,0.0,0.0,0.0,Low,0,Medium,4.950177325059141,1.8946168546677629,5.773214009544423,0.25774590163934424,4.5302459016393435,0,2767,0.06557377049180328,24.814159292035395
T01379,R0119,Zone_8,4.69,28.13,49.68,Cash,2024-07-21,0,Saanvi Iyer,47.0,Male,Hyderabad,2023-05-05,30.0,1.0,4.39,4516.0,1.93,31.0,Business,-0.9932137192319813,-0.7994576794247296,0,6,7,1,1.0,0.0,0.0,0.0,0.0,0.0,0.0,0.0,0.0,0.0,0.0,0.0,1.0,0.0,High,2,Low,3.925531355452938,1.7387102481382397,5.303772242470448,0.9743333333333334,13.516666666666667,0,1191,0.03333333333333333,10.59275053304904
T01380,R0243,Zone_7,12.79,100.65,278.98,Credit Card,2023-01-04,1,Ishaan Patel,33.0,Male,Jaipur,2023-02-06,315.0,11.0,3.7,11070.0,0.64,45.2,Industrial,1.6886386138493705,1.0208523214580196,0,2,1,1,0.0,1.0,0.0,0.0,0.0,0.0,0.0,0.0,0.0,0.0,0.0,1.0,0.0,0.0,Low,0,Medium,5.6347181720466795,2.6239436918052106,10.032447358446493,0.1755873015873016,3.011206349206349,0,1279,0.03492063492063492,21.812353401094608
T01381,R0164,Zone_7,9.08,56.55,82.43,UPI,2023-05-12,0,Aadhya Ghosh,37.0,Other,Ahmedabad,2022-07-06,249.0,23.0,4.02,11070.0,0.64,45.2,Industrial,-0.6101754989597865,0.1871053951277728,0,4,5,2,0.0,0.0,1.0,0.0,0.0,0.0,0.0,0.0,0.0,0.0,0.0,1.0,0.0,0.0,Low,0,Medium,4.424007956913983,2.3105532626432224,7.519973404208288,0.40273092369477914,7.062208835341366,0,1494,0.09236947791164658,9.07819383259912
T01382,R0039,Zone_9,13.09,76.06,231.95,Credit Card,2024-03-08,0,Aadhya Iyer,24.0,Male,Chennai,2023-11-18,190.0,14.0,4.2,11037.0,1.83,56.1,Mixed,1.1385840337149786,1.088271210379603,0,4,3,1,0.0,1.0,0.0,0.0,0.0,0.0,0.0,0.0,0.0,0.0,0.0,0.0,0.0,1.0,High,2,Medium,5.450823838262806,2.645465325910589,8.721238444166058,0.17821052631578946,2.674,0,994,0.07368421052631578,17.7196333078686
T01383,R0171,Zone_3,1.06,10.23,25.97,UPI,2023-05-17,1,Kavya Singh,23.0,Female,Jaipur,2019-05-13,276.0,19.0,4.3,12971.0,2.11,38.0,Business,-1.2705216948855307,-1.6152262353758877,0,2,5,0,0.0,0.0,1.0,0.0,0.0,0.0,0.0,1.0,0.0,0.0,0.0,0.0,0.0,0.0,High,2,Medium,3.2947251371516386,0.7227059828014898,3.1984371183438953,0.043913043478260874,0.518550724637681,0,2644,0.06884057971014493,24.499999999999996
T01384,R0201,Zone_9,14.13,71.29,140.88,UPI,2023-02-28,0,Meera Reddy,37.0,Female,Delhi,2021-04-06,183.0,15.0,3.84,11037.0,1.83,56.1,Mixed,0.07344538577028319,1.3219900253077588,0,1,2,0,0.0,0.0,1.0,0.0,0.0,0.0,0.0,0.0,0.0,0.0,0.0,0.0,0.0,1.0,High,2,Medium,4.954981629905421,2.7166795278002644,8.443340571124677,0.3698360655737705,5.856830601092896,0,1950,0.08196721311475409,9.970276008492569
T01385,R0121,Zone_2,8.11,70.94,165.6,Cash,2023-06-29,1,Diya Iyer,29.0,Male,Pune,2023-07-13,378.0,10.0,4.17,6371.0,0.91,58.4,Residential,0.3625661431787917,-0.03088234571868005,0,3,6,1,1.0,0.0,0.0,0.0,0.0,0.0,1.0,0.0,0.0,0.0,0.0,0.0,0.0,0.0,Low,0,High,5.115595729732743,2.209372711271867,8.422588675698226,0.23269841269841268,3.8740211640211637,0,1122,0.026455026455026454,20.419235511713936
T01386,R0001,Zone_5,17.2,132.29,251.19,Credit Card,2024-08-09,0,Aarav Das,23.0,Male,Pune,2020-06-29,56.0,0.0,3.76,2590.0,1.31,43.9,Business,1.3636116782351935,2.0119099886052942,0,4,8,1,0.0,1.0,0.0,0.0,0.0,0.0,0.0,0.0,0.0,1.0,0.0,0.0,0.0,0.0,Medium,1,Low,5.530182771674116,2.9014215940827497,11.501738998951419,0.37214285714285716,5.670892857142857,0,2231,0.0,14.60406976744186
T01387,R0085,Zone_8,7.74,70.43,66.39,Cash,2023-08-17,0,Aadhya Ghosh,29.0,Female,Chennai,2022-09-17,94.0,12.0,4.95,4516.0,1.93,31.0,Business,-0.7977765082167638,-0.11403230872196596,0,3,8,0,1.0,0.0,0.0,0.0,0.0,0.0,0.0,0.0,0.0,0.0,0.0,0.0,1.0,0.0,High,2,Low,4.2104966389581255,2.167910189667444,8.392258337301111,0.46797872340425534,5.4245744680851065,0,1421,0.1276595744680851,8.577519379844961
T01388,R0288,Zone_6,0.53,4.2,5.69,UPI,2023-09-06,0,Diya Ghosh,42.0,Male,Ahmedabad,2021-08-30,43.0,5.0,4.56,14627.0,0.54,37.6,Mixed,-1.5077129958662974,-1.7343329391373516,0,2,9,1,0.0,0.0,1.0,0.0,0.0,0.0,0.0,0.0,0.0,0.0,1.0,0.0,0.0,0.0,Low,0,Low,1.900613874140137,0.4252677354043441,2.04939015319192,1.2111627906976743,18.50232558139535,0,1804,0.11627906976744186,10.735849056603774
T01389,R0011,Zone_3,14.42,131.06,305.27,Cash,2023-07-02,1,Vivaan Nair,26.0,Male,Chennai,2020-04-14,208.0,34.0,4.0,12971.0,2.11,38.0,Business,1.9961218141839046,1.3871616179319557,0,6,7,1,1.0,0.0,0.0,0.0,0.0,0.0,0.0,1.0,0.0,0.0,0.0,0.0,0.0,0.0,High,2,Medium,5.7244670658490335,2.7356653681351832,11.448143954370945,0.4276923076923077,7.8547115384615385,0,2307,0.16346153846153846,21.169902912621357
T01390,R0203,Zone_6,7.32,57.56,174.24,UPI,2023-11-26,1,Kavya Gupta,49.0,Female,Bengaluru,2023-07-25,152.0,9.0,3.6,14627.0,0.54,37.6,Mixed,0.46361805838953274,-0.2084187532121826,0,6,11,0,0.0,0.0,1.0,0.0,0.0,0.0,0.0,0.0,0.0,0.0,1.0,0.0,0.0,0.0,Low,0,Low,5.166156462945698,2.1186622548331173,7.586830695356263,0.25513157894736843,4.596381578947369,0,1110,0.05921052631578947,23.80327868852459
T01391,R0295,Zone_7,2.76,17.59,28.06,UPI,2024-04-19,0,Kavya Gupta,18.0,Female,Delhi,2019-05-29,98.0,18.0,3.59,11070.0,0.64,45.2,Industrial,-1.2460774237292287,-1.233185864820249,0,4,4,0,0.0,0.0,1.0,0.0,0.0,0.0,0.0,0.0,0.0,0.0,0.0,1.0,0.0,0.0,Low,0,Low,3.369362658142137,1.324418957401803,4.194043395102153,0.45683673469387753,5.34734693877551,0,2628,0.1836734693877551,10.166666666666668
T01392,R0125,Zone_5,8.73,59.38,134.85,UPI,2023-05-11,0,Saanvi Ghosh,44.0,Male,Ahmedabad,2023-04-22,99.0,19.0,3.89,2590.0,1.31,43.9,Business,0.002919569946120279,0.10845002471925902,0,3,5,1,0.0,0.0,1.0,0.0,0.0,0.0,0.0,0.0,0.0,1.0,0.0,0.0,0.0,0.0,Medium,1,Low,4.911551335872357,2.2752138961979136,7.705841939723395,0.5633333333333332,11.28040404040404,0,1204,0.1919191919191919,15.446735395189002
T01393,R0214,Zone_8,9.16,86.66,183.4,UPI,2023-05-15,1,Aarav Kumar,20.0,Female,Kolkata,2022-09-14,210.0,2.0,4.53,4516.0,1.93,31.0,Business,0.5707518018305496,0.2050837655068617,0,0,5,0,0.0,0.0,1.0,0.0,0.0,0.0,0.0,0.0,0.0,0.0,0.0,0.0,1.0,0.0,High,2,Medium,5.2171073111224935,2.318458442150336,9.309135298189624,0.1940952380952381,3.2461428571428574,0,1424,0.009523809523809525,20.021834061135372
T01394,R0100,Zone_8,13.38,119.64,265.91,Credit Card,2023-10-24,0,Ishaan Gupta,28.0,Male,Delhi,2021-05-24,383.0,60.0,3.79,4516.0,1.93,31.0,Business,1.5357742004460855,1.1534428030038004,0,1,10,1,0.0,1.0,0.0,0.0,0.0,0.0,0.0,0.0,0.0,0.0,0.0,0.0,1.0,0.0,High,2,High,5.586911522924786,2.6658383522929006,10.938007131100253,0.26488250652741513,4.327650130548303,0,1902,0.1566579634464752,19.873692077727952
T01395,R0284,Zone_9,9.94,55.38,141.77,Wallet,2023-12-16,0,Vivaan Das,28.0,Female,Surat,2019-07-31,135.0,19.0,4.95,11037.0,1.83,56.1,Mixed,0.08385466870287124,0.38037287670297815,0,5,12,0,0.0,0.0,0.0,1.0,0.0,0.0,0.0,0.0,0.0,0.0,0.0,0.0,0.0,1.0,High,2,Low,4.961234943801129,2.392425796993835,7.441773982055623,0.45118518518518513,7.306148148148148,0,2565,0.14074074074074075,14.2625754527163
T01396,R0129,Zone_6,13.74,86.72,322.3,Cash,2023-06-12,1,Vivaan Singh,35.0,Male,Hyderabad,2022-10-08,158.0,10.0,3.9,14627.0,0.54,37.6,Mixed,2.195301688725446,1.2343454697097003,0,0,6,1,1.0,0.0,0.0,0.0,0.0,0.0,0.0,0.0,0.0,0.0,1.0,0.0,0.0,0.0,Low,0,Low,5.778580684731388,2.6905648867611904,9.312357381458252,0.5688607594936709,9.54620253164557,0,1400,0.06329113924050633,23.457059679767102
T01397,R0024,Zone_8,5.63,36.68,96.95,Credit Card,2023-05-07,0,Meera Kumar,41.0,Other,Chennai,2019-07-10,140.0,16.0,3.49,4516.0,1.93,31.0,Business,-0.44035214145284707,-0.5882118274704353,0,6,5,2,0.0,1.0,0.0,0.0,0.0,0.0,0.0,0.0,0.0,0.0,0.0,0.0,1.0,0.0,High,2,Low,4.58445714439055,1.891604804197771,6.056401571890688,0.2212142857142857,3.4135,0,2586,0.11428571428571428,17.2202486678508
T01398,R0176,Zone_7,17.63,136.49,373.6,Wallet,2024-01-10,1,Kavya Gupta,43.0,Male,Mumbai,2019-05-24,260.0,13.0,3.95,11070.0,0.64,45.2,Industrial,2.79529743528922,2.108543729392897,0,2,1,1,0.0,0.0,0.0,1.0,0.0,0.0,0.0,0.0,0.0,0.0,0.0,1.0,0.0,0.0,Low,0,Medium,5.925858790009988,2.924773184613497,11.682893477217021,0.3502307692307692,6.3002692307692305,0,2633,0.05,21.191151446398187
T01399,R0015,Zone_9,0.59,4.04,7.02,Credit Card,2023-04-18,0,Saanvi Patel,28.0,Other,Chennai,2022-12-19,46.0,1.0,3.87,11037.0,1.83,56.1,Mixed,-1.4921575505850144,-1.720849161353035,0,1,4,2,0.0,1.0,0.0,0.0,0.0,0.0,0.0,0.0,0.0,0.0,0.0,0.0,0.0,1.0,High,2,Low,2.081938421878423,0.4637340162321401,2.009975124224178,0.6521739130434783,12.996739130434783,0,1328,0.021739130434782608,11.898305084745763
T01400,R0186,Zone_6,10.73,82.44,247.47,Wallet,2023-06-05,1,Ishaan Sharma,18.0,Other,Hyderabad,2020-12-11,373.0,19.0,3.26,14627.0,0.54,37.6,Mixed,1.32010321474168,0.5579092841964811,0,0,6,2,0.0,0.0,0.0,1.0,0.0,0.0,0.0,0.0,0.0,0.0,1.0,0.0,0.0,0.0,Low,0,High,5.515322113902837,2.462149662665384,9.079647570252934,0.18386058981233244,2.5169436997319035,0,2066,0.05093833780160858,23.06337371854613
T01401,R0040,Zone_9,10.06,55.66,185.32,Wallet,2023-11-28,0,Aarav Gupta,34.0,Other,Surat,2023-05-05,485.0,36.0,4.41,11037.0,1.83,56.1,Mixed,0.593207782988492,0.4073404322716117,0,1,11,2,0.0,0.0,0.0,1.0,0.0,0.0,0.0,0.0,0.0,0.0,0.0,0.0,0.0,1.0,High,2,High,5.227465625576086,2.403334996094189,7.4605629814377945,0.1658762886597938,2.352061855670103,0,1191,0.07422680412371134,18.421471172962224
T01402,R0045,Zone_10,5.89,32.55,119.72,Cash,2024-06-01,1,Saanvi Iyer,34.0,Other,Ahmedabad,2023-07-12,100.0,16.0,4.88,2440.0,1.54,35.4,Industrial,-0.1740382399078738,-0.5297821237383965,0,5,6,2,1.0,0.0,0.0,0.0,0.0,1.0,0.0,0.0,0.0,0.0,0.0,0.0,0.0,0.0,Medium,1,Low,4.793473814459594,1.9300710850255671,5.705260730238365,0.8753,15.298499999999999,0,1123,0.16,20.32597623089983
T01403,R0117,Zone_7,4.13,27.22,97.9,UPI,2024-06-13,1,Aadhya Gupta,21.0,Female,Ahmedabad,2021-06-12,369.0,37.0,3.16,11070.0,0.64,45.2,Industrial,-0.4292411091090734,-0.9253062720783519,0,3,6,0,0.0,0.0,1.0,0.0,0.0,0.0,0.0,0.0,0.0,0.0,0.0,1.0,0.0,0.0,Low,0,High,4.594109238628667,1.6351056591826783,5.217278984298233,0.07910569105691057,1.3319241192411924,0,1883,0.1002710027100271,23.704600484261505
T01404,R0300,Zone_9,6.13,37.67,146.58,UPI,2023-12-05,1,Saanvi Iyer,38.0,Female,Kolkata,2023-07-08,291.0,7.0,3.67,11037.0,1.83,56.1,Mixed,0.1401115798329249,-0.4758470126011298,0,1,12,0,0.0,0.0,1.0,0.0,0.0,0.0,0.0,0.0,0.0,0.0,0.0,0.0,0.0,1.0,High,2,Medium,4.994370401630221,1.9643112344262046,6.137589103222861,0.1885910652920962,3.4253264604810996,0,1127,0.024054982817869417,23.911908646003265
T01405,R0133,Zone_8,6.27,38.18,61.68,Cash,2023-05-09,0,Diya Kumar,25.0,Female,Delhi,2019-07-13,155.0,11.0,4.4,4516.0,1.93,31.0,Business,-0.8528638369948413,-0.44438486443772435,0,1,5,0,1.0,0.0,0.0,0.0,0.0,0.0,0.0,0.0,0.0,0.0,0.0,0.0,1.0,0.0,High,2,Low,4.13804241748782,1.9837562915454279,6.178996682310163,0.4186451612903226,5.272709677419355,0,2583,0.07096774193548387,9.83732057416268
T01406,R0031,Zone_6,1.73,13.13,34.58,UPI,2023-10-18,0,Reyansh Nair,29.0,Female,Hyderabad,2023-04-27,230.0,21.0,4.62,14627.0,0.54,37.6,Mixed,-1.1698206543803826,-1.4646573834510184,0,2,10,0,0.0,0.0,1.0,0.0,0.0,0.0,0.0,0.0,0.0,0.0,1.0,0.0,0.0,0.0,Low,0,Medium,3.571783682237689,1.0043016091968684,3.623534186398688,0.11760869565217391,1.699173913043478,0,1199,0.09130434782608696,19.98843930635838
T01407,R0002,Zone_6,12.96,74.47,204.25,Cash,2023-01-13,0,Ishaan Nair,39.0,Female,Mumbai,2019-11-23,70.0,5.0,4.12,14627.0,0.54,37.6,Mixed,0.8146097222175804,1.059056358513584,0,4,1,0,1.0,0.0,0.0,0.0,0.0,0.0,0.0,0.0,0.0,0.0,1.0,0.0,0.0,0.0,Low,0,Low,5.324228748332538,2.6361960973342264,8.629600222490032,1.0812857142857142,16.794428571428572,0,2450,0.07142857142857142,15.76003086419753
T01408,R0285,Zone_4,2.54,19.25,48.66,Credit Card,2023-04-17,0,Diya Iyer,29.0,Female,Chennai,2019-01-10,244.0,16.0,4.97,4038.0,2.46,48.2,Business,-1.0051434592221382,-1.2826263833627434,0,0,4,0,0.0,1.0,0.0,0.0,0.0,0.0,0.0,0.0,1.0,0.0,0.0,0.0,0.0,0.0,High,2,Medium,3.9051997800800207,1.264126727145683,4.387482193696061,0.25774590163934424,4.5302459016393435,0,2767,0.06557377049180328,19.15748031496063
T01409,R0164,Zone_5,13.12,84.41,167.66,UPI,2024-08-08,0,Aadhya Ghosh,37.0,Other,Ahmedabad,2022-07-06,249.0,23.0,4.02,2590.0,1.31,43.9,Business,0.3866595396295008,1.0950130992717613,0,3,8,2,0.0,0.0,1.0,0.0,0.0,0.0,0.0,0.0,0.0,1.0,0.0,0.0,0.0,0.0,Medium,1,Medium,5.127884854146496,2.647592232065096,9.187491496594705,0.40273092369477914,7.062208835341366,0,1494,0.09236947791164658,12.778963414634147
T01410,R0144,Zone_5,0.9400000000000001,7.98,19.79,Credit Card,2023-12-14,1,Ishaan Kumar,34.0,Other,Pune,2021-01-31,194.0,10.0,3.52,2590.0,1.31,43.9,Business,-1.342801884237658,-1.642193790944521,0,3,12,2,0.0,1.0,0.0,0.0,0.0,0.0,0.0,0.0,0.0,1.0,0.0,0.0,0.0,0.0,Medium,1,Medium,3.0344721018699214,0.6626879730752369,2.824889378365107,0.4354123711340206,8.002319587628865,0,2015,0.05154639175257732,21.0531914893617
T01411,R0027,Zone_2,7.11,69.09,64.67,Cash,2023-09-13,0,Ishaan Iyer,39.0,Male,Jaipur,2019-10-05,403.0,61.0,3.98,6371.0,0.91,58.4,Residential,-0.8178933246707538,-0.2556119754572909,0,2,9,1,1.0,0.0,0.0,0.0,0.0,0.0,1.0,0.0,0.0,0.0,0.0,0.0,0.0,0.0,Low,0,High,4.184642200202881,2.0930978681273213,8.312039460926542,0.14349875930521092,2.052803970223325,0,2499,0.1513647642679901,9.09563994374121
T01412,R0049,Zone_9,7.19,66.72,108.1,Wallet,2024-05-03,0,Meera Iyer,39.0,Male,Mumbai,2020-05-19,375.0,55.0,4.4,11037.0,1.83,56.1,Mixed,-0.30994370920750447,-0.237633605078202,0,4,5,1,0.0,0.0,0.0,1.0,0.0,0.0,0.0,0.0,0.0,0.0,0.0,0.0,0.0,1.0,High,2,High,4.692264892839025,2.1029138978649784,8.168231142664855,0.15565333333333334,2.6144,0,2272,0.14666666666666667,15.034770514603615
T01413,R0298,Zone_1,7.92,77.03,135.54,Wallet,2024-06-29,0,Vivaan Singh,35.0,Female,Ahmedabad,2020-03-25,65.0,11.0,3.88,4921.0,2.43,30.9,Residential,0.010989688174755806,-0.07358097536901603,0,5,6,0,0.0,0.0,0.0,1.0,1.0,0.0,0.0,0.0,0.0,0.0,0.0,0.0,0.0,0.0,High,2,Low,4.916617611990135,2.188295946591918,8.776673629570602,0.9721538461538463,15.421692307692307,0,2327,0.16923076923076924,17.113636363636363
T01414,R0208,Zone_10,12.78,126.74,130.84,Credit Card,2023-04-01,0,Aadhya Iyer,24.0,Other,Chennai,2020-01-08,356.0,53.0,4.75,2440.0,1.54,35.4,Industrial,-0.04398068236812393,1.0186050251606336,0,5,4,2,0.0,1.0,0.0,0.0,0.0,1.0,0.0,0.0,0.0,0.0,0.0,0.0,0.0,0.0,Medium,1,High,4.881589066161162,2.6232182655855123,11.257886124845996,0.13882022471910113,1.691376404494382,0,2404,0.14887640449438203,10.237871674491394
T01415,R0213,Zone_7,6.99,58.93,104.49,UPI,2023-09-20,0,Kavya Ghosh,29.0,Female,Chennai,2019-06-04,456.0,26.0,3.74,11070.0,0.64,45.2,Industrial,-0.3521656321138441,-0.28257953102592426,0,2,9,0,0.0,0.0,1.0,0.0,0.0,0.0,0.0,0.0,0.0,0.0,0.0,1.0,0.0,0.0,Low,0,High,4.658616161693717,2.0781907597781832,7.676587783644502,0.13396929824561402,2.3342105263157893,0,2622,0.05701754385964912,14.948497854077251
T01416,R0230,Zone_7,5.71,44.65,129.96,Credit Card,2023-09-06,1,Kavya Gupta,32.0,Male,Chennai,2022-11-22,183.0,23.0,3.65,11070.0,0.64,45.2,Industrial,-0.05427300706551414,-0.5702334570913464,0,2,9,1,0.0,1.0,0.0,0.0,0.0,0.0,0.0,0.0,0.0,0.0,0.0,1.0,0.0,0.0,Low,0,Medium,4.874891933062879,1.9035989509835904,6.682065548915245,0.32054644808743166,4.962950819672131,0,1355,0.12568306010928962,22.760070052539405
T01417,R0252,Zone_2,7.0,46.27,159.39,Credit Card,2024-06-09,1,Reyansh Gupta,38.0,Other,Ahmedabad,2020-09-23,392.0,47.0,4.83,6371.0,0.91,58.4,Residential,0.28993507912107164,-0.2803322347285382,0,6,6,2,0.0,1.0,0.0,0.0,0.0,0.0,1.0,0.0,0.0,0.0,0.0,0.0,0.0,0.0,Low,0,High,5.077608349349287,2.0794415416798357,6.802205524680947,0.25614795918367345,4.290943877551021,0,2145,0.11989795918367346,22.77
T01418,R0010,Zone_3,12.91,90.86,182.77,Credit Card,2024-01-21,0,Vivaan Gupta,25.0,Female,Surat,2023-05-14,173.0,1.0,3.38,12971.0,2.11,38.0,Business,0.5633834330130999,1.0478198770266531,0,6,1,0,0.0,1.0,0.0,0.0,0.0,0.0,0.0,1.0,0.0,0.0,0.0,0.0,0.0,0.0,High,2,Medium,5.213684975707333,2.6326080059353516,9.53205119583398,0.49277456647398843,6.962485549132948,0,1182,0.005780346820809248,14.15724244771495
T01419,R0218,Zone_2,1.97,18.82,34.15,Wallet,2023-12-18,0,Arjun Reddy,34.0,Other,Delhi,2019-01-11,160.0,16.0,3.87,6371.0,0.91,58.4,Residential,-1.17484985849388,-1.4107222723137518,0,0,12,2,0.0,0.0,0.0,1.0,0.0,0.0,1.0,0.0,0.0,0.0,0.0,0.0,0.0,0.0,Low,0,Low,3.5596246182566738,1.0885619528146082,4.338202392696772,0.31275,4.5341875,0,2766,0.1,17.33502538071066
T01420,R0057,Zone_10,2.9,25.97,24.86,Wallet,2023-03-21,0,Aadhya Reddy,39.0,Male,Bengaluru,2023-06-04,407.0,11.0,3.66,2440.0,1.54,35.4,Industrial,-1.2835040589924662,-1.2017237166568433,0,1,3,1,0.0,0.0,0.0,1.0,0.0,1.0,0.0,0.0,0.0,0.0,0.0,0.0,0.0,0.0,Medium,1,High,3.2526973733437115,1.3609765531356006,5.096076922496363,0.24648648648648647,3.8921621621621623,0,1161,0.02702702702702703,8.572413793103449
T01421,R0107,Zone_10,1.78,14.81,22.31,Credit Card,2023-12-17,0,Reyansh Gupta,33.0,Male,Hyderabad,2020-01-11,179.0,14.0,3.66,2440.0,1.54,35.4,Industrial,-1.3133284089678583,-1.4534209019640878,0,6,12,1,0.0,1.0,0.0,0.0,0.0,1.0,0.0,0.0,0.0,0.0,0.0,0.0,0.0,0.0,Medium,1,Medium,3.1488824530476656,1.0224509277025458,3.8483762809787714,0.18195530726256984,3.5079888268156427,0,2401,0.0782122905027933,12.53370786516854
T01422,R0237,Zone_5,18.14,94.02,379.63,UPI,2024-03-24,1,Aadhya Nair,40.0,Male,Chennai,2022-12-13,36.0,3.0,3.71,2590.0,1.31,43.9,Business,3.0025474280593962,2.223155840559589,0,6,3,1,0.0,0.0,1.0,0.0,0.0,0.0,0.0,0.0,0.0,1.0,0.0,0.0,0.0,0.0,Medium,1,Low,5.94182777466688,2.9517803860248084,9.69639108122192,2.7047222222222222,48.88055555555556,0,1334,0.08333333333333333,20.927783902976845
T01423,R0165,Zone_1,2.2,16.41,44.97,Wallet,2024-08-18,1,Meera Reddy,37.0,Female,Kolkata,2021-12-09,34.0,5.0,3.27,4921.0,2.43,30.9,Residential,-1.048301048010059,-1.359034457473871,0,6,8,0,0.0,0.0,0.0,1.0,1.0,0.0,0.0,0.0,0.0,0.0,0.0,0.0,0.0,0.0,High,2,Low,3.8279890098181366,1.1631508098056809,4.050925820105819,1.3738235294117647,22.932352941176468,0,1703,0.14705882352941177,20.440909090909088
T01424,R0244,Zone_10,1.43,12.15,17.42,Cash,2023-05-30,0,Aadhya Iyer,24.0,Female,Kolkata,2019-04-22,27.0,1.0,3.13,2440.0,1.54,35.4,Industrial,-1.370520985979493,-1.5320762723726018,0,1,5,0,1.0,0.0,0.0,0.0,0.0,1.0,0.0,0.0,0.0,0.0,0.0,0.0,0.0,0.0,Medium,1,Low,2.913437030827161,0.8878912573524571,3.4856850115866753,1.307777777777778,24.00777777777778,0,2665,0.037037037037037035,12.181818181818183
T01425,R0226,Zone_6,3.96,38.4,88.17,Credit Card,2023-06-28,1,Aarav Iyer,20.0,Other,Surat,2021-07-30,266.0,2.0,3.25,14627.0,0.54,37.6,Mixed,-0.5430414719563545,-0.9635103091339158,0,2,6,2,0.0,1.0,0.0,0.0,0.0,0.0,0.0,0.0,0.0,0.0,1.0,0.0,0.0,0.0,Low,0,Medium,4.490544660146788,1.601405740736836,6.196773353931867,0.2000375939849624,3.408571428571429,0,1835,0.007518796992481203,22.265151515151516
T01426,R0022,Zone_6,4.94,31.28,82.58,UPI,2023-05-09,0,Aarav Nair,43.0,Female,Kolkata,2020-09-14,220.0,1.0,3.32,14627.0,0.54,37.6,Mixed,-0.6084211254318224,-0.7432752719900768,0,1,5,0,0.0,0.0,1.0,0.0,0.0,0.0,0.0,0.0,0.0,0.0,1.0,0.0,0.0,0.0,Low,0,Medium,4.425804257019769,1.7817091333745536,5.592852581643825,0.2375,3.760090909090909,0,2154,0.004545454545454545,16.7165991902834
T01427,R0182,Zone_4,15.33,112.66,335.84,Wallet,2023-07-22,1,Meera Patel,43.0,Male,Jaipur,2020-09-30,8.0,0.0,4.4,4038.0,2.46,48.2,Business,2.353663139183019,1.5916655809940918,0,5,7,1,0.0,0.0,0.0,1.0,0.0,0.0,0.0,0.0,1.0,0.0,0.0,0.0,0.0,0.0,High,2,Low,5.819608040161792,2.7930039069823738,10.61414151026827,6.19125,104.47625,0,2138,0.0,21.907371167645138
T01428,R0144,Zone_2,5.68,49.78,101.56,Cash,2024-01-19,0,Ishaan Kumar,34.0,Other,Pune,2021-01-31,194.0,10.0,3.52,6371.0,0.91,58.4,Residential,-0.38643439502674576,-0.5769753459835049,0,4,1,2,1.0,0.0,0.0,0.0,0.0,0.0,1.0,0.0,0.0,0.0,0.0,0.0,0.0,0.0,Low,0,Medium,4.63044799317236,1.8991179875485542,7.055494312945054,0.4354123711340206,8.002319587628865,0,2015,0.05154639175257732,17.880281690140848
T01429,R0269,Zone_8,9.46,75.28,201.31,Credit Card,2023-11-18,1,Aadhya Sharma,41.0,Male,Mumbai,2019-05-19,423.0,16.0,3.41,4516.0,1.93,31.0,Business,0.7802240010694812,0.2725026544284452,0,5,11,1,0.0,1.0,0.0,0.0,0.0,0.0,0.0,0.0,0.0,0.0,0.0,0.0,1.0,0.0,High,2,High,5.309801174489323,2.347558458636777,8.676404785393544,0.14907801418439717,3.4486288416075648,0,2638,0.037825059101654845,21.28012684989429
T01430,R0164,Zone_1,0.9500000000000001,6.29,8.12,Cash,2024-05-06,0,Aadhya Ghosh,37.0,Other,Ahmedabad,2022-07-06,249.0,23.0,4.02,4921.0,2.43,30.9,Residential,-1.4792921447132765,-1.639946494647135,0,0,5,2,1.0,0.0,0.0,0.0,1.0,0.0,0.0,0.0,0.0,0.0,0.0,0.0,0.0,0.0,High,2,Medium,2.21046980408624,0.6678293725756554,2.5079872407968904,0.40273092369477914,7.062208835341366,0,1494,0.09236947791164658,8.54736842105263
T01431,R0243,Zone_9,9.04,70.93,73.6,UPI,2024-06-16,0,Ishaan Patel,33.0,Male,Jaipur,2023-02-06,315.0,11.0,3.7,11037.0,1.83,56.1,Mixed,-0.7134496206392822,0.17811620993822816,0,6,6,1,0.0,0.0,1.0,0.0,0.0,0.0,0.0,0.0,0.0,0.0,0.0,0.0,0.0,1.0,High,2,Medium,4.312140507209715,2.306577114263583,8.421995013059554,0.1755873015873016,3.011206349206349,0,1279,0.03492063492063492,8.141592920353983
T01432,R0105,Zone_7,0.24,2.31,4.63,Credit Card,2023-01-10,0,Diya Das,31.0,Female,Jaipur,2020-09-28,346.0,9.0,3.69,11070.0,0.64,45.2,Industrial,-1.5201105687972447,-1.7995045317615488,0,1,1,0,0.0,1.0,0.0,0.0,0.0,0.0,0.0,0.0,0.0,0.0,0.0,1.0,0.0,0.0,Low,0,High,1.728109442151599,0.2151113796169455,1.5198684153570663,0.27514450867052026,3.7604624277456646,0,2140,0.02601156069364162,19.291666666666668
T01433,R0027,Zone_5,6.43,45.88,95.97,UPI,2023-12-25,0,Ishaan Iyer,39.0,Male,Jaipur,2019-10-05,403.0,61.0,3.98,2590.0,1.31,43.9,Business,-0.4518140485022135,-0.40842812367954656,0,0,12,1,0.0,0.0,1.0,0.0,0.0,0.0,0.0,0.0,0.0,1.0,0.0,0.0,0.0,0.0,Medium,1,High,4.574401652316455,2.005525858729668,6.77347768875044,0.14349875930521092,2.052803970223325,0,2499,0.1513647642679901,14.925349922239503
T01434,R0262,Zone_4,4.2,36.03,76.18,Credit Card,2024-08-03,0,Meera Singh,30.0,Male,Ahmedabad,2019-04-21,6.0,0.0,3.35,4038.0,2.46,48.2,Business,-0.683274395958297,-0.9095751979966491,0,5,8,1,0.0,1.0,0.0,0.0,0.0,0.0,0.0,0.0,1.0,0.0,0.0,0.0,0.0,0.0,High,2,Low,4.346140356109473,1.6486586255873816,6.002499479383568,9.936666666666667,161.22666666666666,0,2666,0.0,18.13809523809524
T01435,R0019,Zone_8,8.29,41.99,98.89,UPI,2023-03-19,0,Kavya Patel,40.0,Other,Mumbai,2023-04-02,266.0,24.0,4.08,4516.0,1.93,31.0,Business,-0.41766224382450945,0.009568987634269872,0,6,3,2,0.0,0.0,1.0,0.0,0.0,0.0,0.0,0.0,0.0,0.0,0.0,0.0,1.0,0.0,High,2,Medium,4.604069580544058,2.2289385528257473,6.479969135728966,0.14567669172932332,2.3796616541353384,0,1224,0.09022556390977443,11.928829915560918
T01436,R0010,Zone_10,11.17,104.95,226.98,Cash,2023-01-25,1,Vivaan Gupta,25.0,Female,Surat,2023-05-14,173.0,1.0,3.38,2440.0,1.54,35.4,Industrial,1.0804557908217631,0.6567903212814699,0,2,1,0,1.0,0.0,0.0,0.0,0.0,1.0,0.0,0.0,0.0,0.0,0.0,0.0,0.0,0.0,Medium,1,Medium,5.429257905808632,2.498973906999436,10.244510725261602,0.49277456647398843,6.962485549132948,0,1182,0.005780346820809248,20.32050134288272
T01437,R0030,Zone_6,1.32,7.44,29.58,Cash,2024-04-17,1,Saanvi Patel,25.0,Other,Mumbai,2021-01-08,442.0,58.0,3.72,14627.0,0.54,37.6,Mixed,-1.228299771979191,-1.5567965316438488,0,2,4,2,1.0,0.0,0.0,0.0,0.0,0.0,0.0,0.0,0.0,0.0,1.0,0.0,0.0,0.0,Low,0,High,3.420346200500916,0.8415671856782186,2.727636339397171,0.1833710407239819,3.5865384615384617,0,2038,0.13122171945701358,22.409090909090907
T01438,R0095,Zone_10,2.32,15.32,24.12,Wallet,2023-06-18,0,Kavya Iyer,29.0,Female,Chennai,2020-10-07,481.0,77.0,4.26,2440.0,1.54,35.4,Industrial,-1.2921589683970898,-1.3320669019052378,0,6,6,0,0.0,0.0,0.0,1.0,0.0,1.0,0.0,0.0,0.0,0.0,0.0,0.0,0.0,0.0,Medium,1,High,3.223664341599998,1.199964782928397,3.9140771581561853,0.23856548856548856,3.907713097713098,0,2131,0.1600831600831601,10.396551724137932
T01439,R0090,Zone_3,8.97,66.47,86.98,Wallet,2024-03-03,0,Kavya Iyer,33.0,Female,Mumbai,2021-01-31,152.0,25.0,4.51,12971.0,2.11,38.0,Business,-0.5569595019448709,0.16238513585652573,0,6,3,0,0.0,0.0,0.0,1.0,0.0,0.0,0.0,1.0,0.0,0.0,0.0,0.0,0.0,0.0,High,2,Low,4.477109515920573,2.299580583973747,8.152913589631623,0.7113815789473685,12.63078947368421,0,2015,0.16447368421052633,9.696767001114827
T01440,R0184,Zone_8,11.44,107.46,187.99,Cash,2024-07-09,0,Meera Nair,29.0,Female,Surat,2020-03-04,285.0,27.0,3.97,4516.0,1.93,31.0,Business,0.6244356317862558,0.7174673213108947,0,1,7,0,1.0,0.0,0.0,0.0,0.0,0.0,0.0,0.0,0.0,0.0,0.0,0.0,1.0,0.0,High,2,Medium,5.241694103606946,2.5209170873110334,10.366291525902597,0.24266666666666664,4.2551578947368425,0,2348,0.09473684210526316,16.43269230769231
T01441,R0262,Zone_5,15.09,94.9,262.4,UPI,2024-01-03,0,Meera Singh,30.0,Male,Ahmedabad,2019-04-21,6.0,0.0,3.35,2590.0,1.31,43.9,Business,1.4947218598917216,1.537730469856825,0,2,1,1,0.0,0.0,1.0,0.0,0.0,0.0,0.0,0.0,0.0,1.0,0.0,0.0,0.0,0.0,Medium,1,Low,5.573673789309181,2.7781979610042917,9.741663102366044,9.936666666666667,161.22666666666666,0,2666,0.0,17.388999337309475
T01442,R0132,Zone_3,5.64,55.5,111.73,Cash,2023-08-05,0,Aadhya Iyer,23.0,Male,Surat,2022-12-09,484.0,25.0,3.32,12971.0,2.11,38.0,Business,-0.2674878698307695,-0.5859645311730493,0,5,8,1,1.0,0.0,0.0,0.0,0.0,0.0,0.0,1.0,0.0,0.0,0.0,0.0,0.0,0.0,High,2,High,4.72499557905644,1.8931119634883424,7.44983221287567,0.1433884297520661,2.2561776859504135,0,1338,0.05165289256198347,19.810283687943265
T01443,R0139,Zone_2,0.54,2.74,12.47,UPI,2023-05-28,1,Diya Gupta,44.0,Other,Kolkata,2023-10-09,155.0,7.0,4.39,6371.0,0.91,58.4,Residential,-1.4284153124023133,-1.7320856428399656,0,6,5,2,0.0,0.0,1.0,0.0,0.0,0.0,1.0,0.0,0.0,0.0,0.0,0.0,0.0,0.0,Low,0,Low,2.6004649904222727,0.43178241642553783,1.6552945357246849,0.38012903225806455,6.466,0,1034,0.04516129032258064,23.09259259259259
T01444,R0232,Zone_5,8.93,48.23,144.17,Wallet,2024-02-21,0,Meera Das,38.0,Male,Jaipur,2022-12-08,172.0,15.0,3.94,2590.0,1.31,43.9,Business,0.111924645150299,0.15339595066698106,0,2,2,1,0.0,0.0,0.0,1.0,0.0,0.0,0.0,0.0,0.0,1.0,0.0,0.0,0.0,0.0,Medium,1,Medium,4.9779054694733365,2.295560478057081,6.944782214007866,0.541860465116279,8.667674418604651,0,1339,0.0872093023255814,16.144456886898094
T01445,R0146,Zone_9,4.03,29.85,74.2,UPI,2024-08-10,0,Kavya Gupta,30.0,Male,Surat,2020-04-15,80.0,11.0,3.89,11037.0,1.83,56.1,Mixed,-0.7064321265274252,-0.947779235052213,0,5,8,1,0.0,0.0,1.0,0.0,0.0,0.0,0.0,0.0,0.0,0.0,0.0,0.0,0.0,1.0,High,2,Low,4.320151230955794,1.6154199841116479,5.463515351859094,0.843,11.730875000000001,0,2306,0.1375,18.411910669975185
T01446,R0236,Zone_9,3.38,17.1,61.12,Cash,2024-04-15,0,Arjun Gupta,28.0,Male,Ahmedabad,2020-08-10,61.0,1.0,3.36,11037.0,1.83,56.1,Mixed,-0.8594134981659077,-1.0938534943823102,0,0,4,1,1.0,0.0,0.0,0.0,0.0,0.0,0.0,0.0,0.0,0.0,0.0,0.0,0.0,1.0,High,2,Low,4.129067998280486,1.4770487243883548,4.135214625627067,0.8198360655737704,12.599016393442623,0,2189,0.01639344262295082,18.08284023668639
T01447,R0204,Zone_2,15.04,124.93,217.68,Credit Card,2023-08-22,0,Aarav Kumar,37.0,Female,Hyderabad,2019-01-01,438.0,5.0,3.73,6371.0,0.91,58.4,Residential,0.9716846320879798,1.5264939883698945,0,1,8,0,0.0,1.0,0.0,0.0,0.0,0.0,1.0,0.0,0.0,0.0,0.0,0.0,0.0,0.0,Low,0,High,5.387609474026799,2.7750856024383683,11.177208953938367,0.15481735159817353,2.0578767123287673,0,2776,0.01141552511415525,14.473404255319151
T01448,R0095,Zone_10,11.09,79.83,177.19,Credit Card,2023-04-29,0,Kavya Iyer,29.0,Female,Chennai,2020-10-07,481.0,77.0,4.26,2440.0,1.54,35.4,Industrial,0.49812073777282956,0.638811950902381,0,5,4,0,0.0,1.0,0.0,0.0,0.0,1.0,0.0,0.0,0.0,0.0,0.0,0.0,0.0,0.0,Medium,1,High,5.182850396739323,2.492378664626701,8.934763567101259,0.23856548856548856,3.907713097713098,0,2131,0.1600831600831601,15.97745716862038
T01449,R0041,Zone_1,4.36,36.21,73.04,Wallet,2024-08-10,0,Aarav Nair,25.0,Other,Pune,2020-04-11,353.0,8.0,4.74,4921.0,2.43,30.9,Residential,-0.7199992818103486,-0.8736184572384713,0,5,8,2,0.0,0.0,0.0,1.0,1.0,0.0,0.0,0.0,0.0,0.0,0.0,0.0,0.0,0.0,High,2,High,4.304605487705297,1.6789639750827108,6.017474553332153,0.11937677053824362,1.9891218130311614,0,2310,0.0226628895184136,16.75229357798165
T01450,R0095,Zone_1,7.91,57.89,184.42,Cash,2023-01-11,1,Kavya Iyer,29.0,Female,Chennai,2020-10-07,481.0,77.0,4.26,4921.0,2.43,30.9,Residential,0.5826815418207063,-0.0758282716664021,0,2,1,0,1.0,0.0,0.0,0.0,1.0,0.0,0.0,0.0,0.0,0.0,0.0,0.0,0.0,0.0,High,2,High,5.222623522178837,2.187174241482718,7.608547824650904,0.23856548856548856,3.907713097713098,0,2131,0.1600831600831601,23.314791403286975
T01451,R0090,Zone_4,7.57,66.04,94.64,Credit Card,2023-01-17,0,Kavya Iyer,33.0,Female,Mumbai,2021-01-31,152.0,25.0,4.51,4038.0,2.46,48.2,Business,-0.4673694937834965,-0.1522363457775298,0,1,1,0,0.0,1.0,0.0,0.0,0.0,0.0,0.0,0.0,1.0,0.0,0.0,0.0,0.0,0.0,High,2,Low,4.560591142590124,2.1482677326096886,8.126499861564017,0.7113815789473685,12.63078947368421,0,2015,0.16447368421052633,12.501981505944517
T01452,R0216,Zone_1,8.83,58.43,130.74,UPI,2023-05-21,0,Ishaan Ghosh,44.0,Female,Chennai,2019-08-01,335.0,24.0,3.4,4921.0,2.43,30.9,Residential,-0.045150264720100024,0.13092298769312005,0,6,5,0,0.0,0.0,1.0,0.0,1.0,0.0,0.0,0.0,0.0,0.0,0.0,0.0,0.0,0.0,High,2,High,4.880830283212547,2.285438934159075,7.643951857514541,0.0884776119402985,1.4891940298507462,0,2564,0.07164179104477612,14.80634201585504
T01453,R0112,Zone_1,5.97,39.87,48.61,Credit Card,2023-11-23,0,Meera Nair,41.0,Female,Delhi,2020-11-13,311.0,11.0,3.24,4921.0,2.43,30.9,Residential,-1.0057282503981264,-0.5118037533593076,0,3,11,0,0.0,1.0,0.0,0.0,1.0,0.0,0.0,0.0,0.0,0.0,0.0,0.0,0.0,0.0,High,2,Medium,3.9041924263129575,1.9416152247724325,6.314269553954756,0.28787781350482317,3.6986173633440513,0,2094,0.03536977491961415,8.142378559463987
T01454,R0026,Zone_3,1.5,13.48,22.54,Credit Card,2023-01-16,0,Aarav Kumar,26.0,Female,Surat,2020-04-17,44.0,5.0,3.17,12971.0,2.11,38.0,Business,-1.3106383695583133,-1.5163451982908989,0,0,1,0,0.0,1.0,0.0,0.0,0.0,0.0,0.0,1.0,0.0,0.0,0.0,0.0,0.0,0.0,High,2,Low,3.1587011018321305,0.9162907318741551,3.671511950137164,1.8020454545454547,22.11795454545455,0,2304,0.11363636363636363,15.026666666666666
T01455,R0248,Zone_8,3.12,16.59,37.83,Wallet,2023-11-11,0,Vivaan Ghosh,18.0,Female,Chennai,2021-10-24,104.0,12.0,3.65,4516.0,1.93,31.0,Business,-1.1318092279411571,-1.152283198114349,0,5,11,0,0.0,0.0,0.0,1.0,0.0,0.0,0.0,0.0,0.0,0.0,0.0,0.0,1.0,0.0,High,2,Low,3.659193143743576,1.415853163361435,4.07308237088326,0.5549999999999999,9.03519230769231,0,1749,0.11538461538461539,12.124999999999998
T01456,R0014,Zone_6,5.34,32.55,116.6,Wallet,2023-09-13,1,Aarav Das,26.0,Female,Ahmedabad,2021-06-08,325.0,53.0,3.0,14627.0,0.54,37.6,Mixed,-0.21052920928953026,-0.6533834200946326,0,2,9,0,0.0,0.0,0.0,1.0,0.0,0.0,0.0,0.0,0.0,0.0,1.0,0.0,0.0,0.0,Low,0,Medium,4.767289035464526,1.8468787684491346,5.705260730238365,0.1298153846153846,2.710769230769231,0,1887,0.16307692307692306,21.835205992509362
T01457,R0197,Zone_10,8.14,59.34,155.04,Cash,2023-10-27,0,Saanvi Das,29.0,Female,Bengaluru,2020-10-08,475.0,87.0,3.87,2440.0,1.54,35.4,Industrial,0.23905824681010843,-0.024140456826521463,0,4,10,0,1.0,0.0,0.0,0.0,0.0,1.0,0.0,0.0,0.0,0.0,0.0,0.0,0.0,0.0,Medium,1,High,5.050112384638456,2.2126603854660587,7.703246069028303,0.14964210526315788,2.048421052631579,0,2130,0.1831578947368421,19.046683046683043
T01458,R0197,Zone_8,2.59,24.08,23.54,Credit Card,2023-04-17,0,Saanvi Das,29.0,Female,Bengaluru,2020-10-08,475.0,87.0,3.87,4516.0,1.93,31.0,Business,-1.2989425460385515,-1.2713899018758128,0,0,4,0,0.0,1.0,0.0,0.0,0.0,0.0,0.0,0.0,0.0,0.0,0.0,0.0,1.0,0.0,High,2,High,3.2003044392827653,1.2781522025001875,4.907137658554118,0.14964210526315788,2.048421052631579,0,2130,0.1831578947368421,9.08880308880309
T01459,R0050,Zone_8,8.93,49.33,120.64,UPI,2024-04-09,0,Diya Das,49.0,Male,Ahmedabad,2022-10-06,330.0,41.0,3.42,4516.0,1.93,31.0,Business,-0.16327808226969304,0.15339595066698106,0,1,4,1,0.0,0.0,1.0,0.0,0.0,0.0,0.0,0.0,0.0,0.0,0.0,0.0,1.0,0.0,High,2,Medium,4.801065862809164,2.295560478057081,7.02353187506115,0.1821212121212121,2.775181818181818,0,1402,0.12424242424242424,13.509518477043674
T01460,R0144,Zone_4,6.09,45.45,95.39,UPI,2024-03-22,0,Ishaan Kumar,34.0,Other,Pune,2021-01-31,194.0,10.0,3.52,4038.0,2.46,48.2,Business,-0.4585976261436753,-0.4848361977906743,0,4,3,2,0.0,0.0,1.0,0.0,0.0,0.0,0.0,0.0,1.0,0.0,0.0,0.0,0.0,0.0,High,2,Medium,4.568402461795877,1.958685340544036,6.74166151627327,0.4354123711340206,8.002319587628865,0,2015,0.05154639175257732,15.663382594417078
T01461,R0086,Zone_6,4.2,35.0,45.3,Wallet,2023-06-28,0,Vivaan Patel,23.0,Male,Hyderabad,2019-11-08,337.0,17.0,4.56,14627.0,0.54,37.6,Mixed,-1.0444414262485375,-0.9095751979966491,0,2,6,1,0.0,0.0,0.0,1.0,0.0,0.0,0.0,0.0,0.0,0.0,1.0,0.0,0.0,0.0,Low,0,High,3.835141961092188,1.6486586255873816,5.916079783099616,0.19192878338278935,3.352581602373887,0,2465,0.050445103857566766,10.785714285714285
T01462,R0020,Zone_9,1.65,12.51,16.27,Cash,2024-02-07,0,Diya Das,35.0,Female,Chennai,2019-09-17,274.0,21.0,4.03,11037.0,1.83,56.1,Mixed,-1.383971183027219,-1.4826357538301072,0,2,2,0,1.0,0.0,0.0,0.0,0.0,0.0,0.0,0.0,0.0,0.0,0.0,0.0,0.0,1.0,High,2,Medium,2.848970892158587,0.9745596399981308,3.5369478367654787,0.19653284671532847,2.722846715328467,0,2517,0.07664233576642336,9.860606060606061
T01463,R0006,Zone_9,10.23,71.51,162.16,Credit Card,2023-03-13,0,Aarav Das,45.0,Female,Jaipur,2023-06-30,248.0,13.0,4.64,11037.0,1.83,56.1,Mixed,0.3223325102708116,0.44554446932717556,0,0,3,0,0.0,1.0,0.0,0.0,0.0,0.0,0.0,0.0,0.0,0.0,0.0,0.0,0.0,1.0,High,2,Medium,5.094731314449358,2.418588768750352,8.456358554366059,0.255,4.417056451612903,0,1135,0.05241935483870968,15.851417399804495
T01464,R0079,Zone_1,10.12,57.51,203.24,Cash,2023-07-30,1,Ishaan Nair,25.0,Male,Bengaluru,2020-09-23,146.0,28.0,4.92,4921.0,2.43,30.9,Residential,0.8027969404626213,0.42082421005592807,0,6,7,1,1.0,0.0,0.0,0.0,1.0,0.0,0.0,0.0,0.0,0.0,0.0,0.0,0.0,0.0,High,2,Low,5.319295772933229,2.4087452888224363,7.583534795858722,0.24972602739726027,4.194589041095891,0,2145,0.1917808219178082,20.08300395256917
T01465,R0137,Zone_10,12.0,79.86,296.06,Cash,2024-05-01,1,Arjun Gupta,27.0,Male,Bengaluru,2021-08-10,166.0,32.0,3.14,2440.0,1.54,35.4,Industrial,1.8884032795668997,0.843315913964517,0,2,5,1,1.0,0.0,0.0,0.0,0.0,1.0,0.0,0.0,0.0,0.0,0.0,0.0,0.0,0.0,Medium,1,Low,5.693934138601387,2.5649493574615367,8.936442245099556,0.49596385542168675,9.032349397590362,0,1824,0.1927710843373494,24.671666666666667
T01466,R0013,Zone_10,10.75,59.64,144.88,Cash,2024-04-15,0,Ishaan Gupta,43.0,Female,Kolkata,2019-04-01,6.0,0.0,3.91,2440.0,1.54,35.4,Industrial,0.12022867984932988,0.5624038767912533,0,0,4,0,1.0,0.0,0.0,0.0,0.0,1.0,0.0,0.0,0.0,0.0,0.0,0.0,0.0,0.0,Medium,1,Low,4.982784365940479,2.463853240590168,7.722693830523129,13.418333333333335,238.80666666666664,0,2686,0.0,13.477209302325582
T01467,R0263,Zone_3,11.12,97.41,93.08,UPI,2023-09-08,0,Ishaan Das,31.0,Other,Chennai,2020-12-30,297.0,21.0,3.84,12971.0,2.11,38.0,Business,-0.4856149784743248,0.6455538397945392,0,4,9,2,0.0,0.0,1.0,0.0,0.0,0.0,0.0,1.0,0.0,0.0,0.0,0.0,0.0,0.0,High,2,Medium,4.544145484150317,2.4948569806411682,9.869650449737316,0.3522558922558922,5.2110101010101015,0,2047,0.0707070707070707,8.370503597122303
T01468,R0099,Zone_6,9.91,79.9,187.68,Credit Card,2023-08-25,0,Diya Gupta,35.0,Other,Mumbai,2021-08-21,80.0,8.0,3.7,14627.0,0.54,37.6,Mixed,0.6208099264951297,0.37363098781082,0,4,8,2,0.0,1.0,0.0,0.0,0.0,0.0,0.0,0.0,0.0,0.0,1.0,0.0,0.0,0.0,Low,0,Low,5.240052458416061,2.3896797998449792,8.938679992034618,0.867125,16.033250000000002,0,1813,0.1,18.938446014127145
T01469,R0012,Zone_7,0.79,4.99,15.11,UPI,2023-12-19,0,Aarav Das,31.0,Female,Hyderabad,2022-01-19,248.0,11.0,3.31,11070.0,0.64,45.2,Industrial,-1.3975383383101425,-1.6759032354053127,0,1,12,0,0.0,0.0,1.0,0.0,0.0,0.0,0.0,0.0,0.0,0.0,0.0,1.0,0.0,0.0,Low,0,Medium,2.779440197188883,0.5822156198526637,2.233830790368868,0.11737903225806451,1.4224193548387096,0,1662,0.04435483870967742,19.12658227848101
T01470,R0213,Zone_10,6.6,58.55,155.4,Wallet,2024-05-30,1,Kavya Ghosh,29.0,Female,Chennai,2019-06-04,456.0,26.0,3.74,2440.0,1.54,35.4,Industrial,0.2432687432772228,-0.37022408662398265,0,3,5,0,0.0,0.0,0.0,1.0,0.0,1.0,0.0,0.0,0.0,0.0,0.0,0.0,0.0,0.0,Medium,1,High,5.052416828111211,2.028148247292285,7.651797174520506,0.13396929824561402,2.3342105263157893,0,2622,0.05701754385964912,23.545454545454547
T01471,R0252,Zone_3,0.84,6.37,18.24,UPI,2023-03-13,1,Reyansh Gupta,38.0,Other,Ahmedabad,2020-09-23,392.0,47.0,4.83,12971.0,2.11,38.0,Business,-1.3609304106932885,-1.6646667539183821,0,0,3,2,0.0,0.0,1.0,0.0,0.0,0.0,0.0,1.0,0.0,0.0,0.0,0.0,0.0,0.0,High,2,High,2.9569914452375605,0.6097655716208943,2.5238858928247927,0.25614795918367345,4.290943877551021,0,2145,0.11989795918367346,21.71428571428571
T01472,R0197,Zone_8,14.85,108.9,143.01,Cash,2024-05-12,0,Saanvi Das,29.0,Female,Bengaluru,2020-10-08,475.0,87.0,3.87,4516.0,1.93,31.0,Business,0.0983574898673755,1.4837953587195585,0,6,5,0,1.0,0.0,0.0,0.0,0.0,0.0,0.0,0.0,0.0,0.0,0.0,0.0,1.0,0.0,High,2,High,4.969882741609291,2.7631695003232895,10.435516278555651,0.14964210526315788,2.048421052631579,0,2130,0.1831578947368421,9.63030303030303
T01473,R0062,Zone_8,7.93,62.97,76.83,Cash,2024-04-04,0,Kavya Sharma,38.0,Male,Jaipur,2019-05-13,57.0,3.0,3.58,4516.0,1.93,31.0,Business,-0.675672110670452,-0.07133367907162998,0,3,4,1,1.0,0.0,0.0,0.0,0.0,0.0,0.0,0.0,0.0,0.0,0.0,0.0,1.0,0.0,High,2,Low,4.354526960971297,2.189416394888408,7.93536388579629,1.1587719298245613,15.605438596491227,0,2644,0.05263157894736842,9.688524590163935
T01474,R0259,Zone_7,14.35,89.85,254.51,Credit Card,2023-04-29,0,Aadhya Das,32.0,Male,Jaipur,2019-06-25,150.0,27.0,3.52,11070.0,0.64,45.2,Industrial,1.402441812320802,1.371430543850253,0,5,4,1,0.0,1.0,0.0,0.0,0.0,0.0,0.0,0.0,0.0,0.0,0.0,1.0,0.0,0.0,Low,0,Low,5.543261547821099,2.731115474033206,9.478923989567592,0.5316000000000001,8.553866666666666,0,2601,0.18,17.73588850174216
T01475,R0208,Zone_7,2.85,20.24,28.56,Credit Card,2024-08-10,0,Aadhya Iyer,24.0,Other,Chennai,2020-01-08,356.0,53.0,4.75,11070.0,0.64,45.2,Industrial,-1.2402295119693478,-1.212960198143774,0,5,8,2,0.0,1.0,0.0,0.0,0.0,0.0,0.0,0.0,0.0,0.0,0.0,1.0,0.0,0.0,Low,0,High,3.386422096080001,1.3480731482996928,4.498888751680797,0.13882022471910113,1.691376404494382,0,2404,0.14887640449438203,10.021052631578947
T01476,R0003,Zone_2,7.54,65.54,175.74,Credit Card,2024-06-29,1,Kavya Reddy,34.0,Male,Pune,2023-05-04,45.0,9.0,3.76,6371.0,0.91,58.4,Residential,0.4811617936691753,-0.15897823466968822,0,5,6,1,0.0,1.0,0.0,0.0,0.0,0.0,1.0,0.0,0.0,0.0,0.0,0.0,0.0,0.0,Low,0,Low,5.174679726089859,2.1447610078004784,8.095677859203638,1.5040000000000002,21.593555555555557,0,1192,0.2,23.30769230769231
T01477,R0043,Zone_1,9.32,91.17,102.0,UPI,2023-02-09,0,Diya Kumar,28.0,Male,Ahmedabad,2021-12-10,85.0,16.0,4.68,4921.0,2.43,30.9,Residential,-0.3812882326780506,0.2410405062650395,0,3,2,1,0.0,0.0,1.0,0.0,1.0,0.0,0.0,0.0,0.0,0.0,0.0,0.0,0.0,0.0,High,2,Low,4.634728988229636,2.334083760053417,9.54829827770373,0.7901176470588235,10.147058823529411,0,1702,0.18823529411764706,10.944206008583691
T01478,R0199,Zone_1,6.35,32.89,147.29,Credit Card,2024-06-21,1,Aarav Das,29.0,Male,Ahmedabad,2021-08-03,344.0,27.0,3.91,4921.0,2.43,30.9,Residential,0.14841561453195548,-0.42640649405863545,0,4,6,1,0.0,1.0,0.0,0.0,1.0,0.0,0.0,0.0,0.0,0.0,0.0,0.0,0.0,0.0,High,2,High,4.999169815986978,1.9947003132247452,5.734980383575867,0.24752906976744188,4.652616279069767,0,1831,0.07848837209302326,23.19527559055118
T01479,R0058,Zone_6,8.94,71.26,120.2,Wallet,2023-10-22,0,Vivaan Reddy,46.0,Male,Kolkata,2021-05-31,480.0,25.0,4.32,14627.0,0.54,37.6,Mixed,-0.16842424461838815,0.15564324696436713,0,6,10,1,0.0,0.0,0.0,1.0,0.0,0.0,0.0,0.0,0.0,0.0,1.0,0.0,0.0,0.0,Low,0,High,4.797442073635214,2.2965670206684825,8.441563836162112,0.15858333333333335,2.1738958333333334,0,1895,0.052083333333333336,13.445190156599553
T01480,R0273,Zone_7,15.41,120.88,163.17,Cash,2024-03-17,0,Aadhya Nair,43.0,Male,Delhi,2022-09-17,289.0,48.0,3.76,11070.0,0.64,45.2,Industrial,0.3341452920257708,1.6096439513731806,0,6,3,1,1.0,0.0,0.0,0.0,0.0,0.0,0.0,0.0,0.0,0.0,0.0,1.0,0.0,0.0,Low,0,Medium,5.100902476306427,2.7978909051019993,10.994544101507802,0.2589965397923875,3.313044982698962,0,1421,0.16608996539792387,10.588578844905904
T01481,R0106,Zone_3,2.84,20.79,26.74,Credit Card,2024-06-30,0,Aarav Patel,32.0,Other,Bengaluru,2021-11-25,6.0,1.0,4.03,12971.0,2.11,38.0,Business,-1.2615159107753142,-1.2152074944411602,0,6,6,2,0.0,1.0,0.0,0.0,0.0,0.0,0.0,1.0,0.0,0.0,0.0,0.0,0.0,0.0,High,2,Low,3.3228754148866853,1.3454723665996355,4.559605246071199,6.611666666666667,73.10333333333334,0,1717,0.16666666666666666,9.415492957746478
T01482,R0120,Zone_7,5.19,40.17,93.02,UPI,2023-12-25,0,Ishaan Gupta,18.0,Other,Surat,2020-07-12,311.0,15.0,4.55,11070.0,0.64,45.2,Industrial,-0.4863167278855105,-0.6870928645554241,0,0,12,2,0.0,0.0,1.0,0.0,0.0,0.0,0.0,0.0,0.0,0.0,0.0,1.0,0.0,0.0,Low,0,Medium,4.5435075255959845,1.8229350866965048,6.33798075099633,0.21929260450160773,3.260289389067524,0,2218,0.04823151125401929,17.922928709055874
T01483,R0154,Zone_1,16.0,137.14,336.27,Wallet,2024-07-02,1,Kavya Patel,18.0,Other,Kolkata,2019-03-25,466.0,79.0,4.68,4921.0,2.43,30.9,Residential,2.3586923432965166,1.7422344329189612,0,1,7,2,0.0,0.0,0.0,1.0,1.0,0.0,0.0,0.0,0.0,0.0,0.0,0.0,0.0,0.0,High,2,High,5.820883796517047,2.833213344056216,11.71067888723792,0.2974678111587983,4.419570815450644,0,2693,0.16952789699570817,21.016875
T01484,R0014,Zone_1,4.04,28.89,89.41,Wallet,2023-04-18,1,Aarav Das,26.0,Female,Ahmedabad,2021-06-08,325.0,53.0,3.0,4921.0,2.43,30.9,Residential,-0.5285386507918501,-0.9455319387548269,0,1,4,0,0.0,0.0,0.0,1.0,1.0,0.0,0.0,0.0,0.0,0.0,0.0,0.0,0.0,0.0,High,2,Medium,4.504354880749275,1.6174060820832772,5.374941860150675,0.1298153846153846,2.710769230769231,0,1887,0.16307692307692306,22.13118811881188
T01485,R0192,Zone_9,13.61,109.02,180.8,UPI,2024-03-17,0,Aadhya Nair,31.0,Male,Delhi,2021-08-23,449.0,31.0,3.89,11037.0,1.83,56.1,Mixed,0.5403426606791694,1.2051306178436807,0,6,3,1,0.0,0.0,1.0,0.0,0.0,0.0,0.0,0.0,0.0,0.0,0.0,0.0,0.0,1.0,High,2,High,5.202907181743378,2.681706225762608,10.441264291262817,0.03893095768374165,0.512694877505568,0,1811,0.06904231625835189,13.28434974283615
T01486,R0132,Zone_6,11.26,76.88,225.47,Wallet,2023-08-21,1,Aadhya Iyer,23.0,Male,Surat,2022-12-09,484.0,25.0,3.32,14627.0,0.54,37.6,Mixed,1.0627950973069231,0.6770159879579448,0,0,8,1,0.0,0.0,0.0,1.0,0.0,0.0,0.0,0.0,0.0,0.0,1.0,0.0,0.0,0.0,Low,0,High,5.422612485819643,2.506341930508065,8.76812408671319,0.1433884297520661,2.2561776859504135,0,1338,0.05165289256198347,20.02397868561279
T01487,R0174,Zone_5,6.92,68.8,62.66,Credit Card,2024-04-23,0,Aadhya Patel,32.0,Male,Kolkata,2019-02-07,320.0,7.0,3.8,2590.0,1.31,43.9,Business,-0.8414019299454749,-0.2983106051076271,0,1,4,1,0.0,1.0,0.0,0.0,0.0,0.0,0.0,0.0,0.0,1.0,0.0,0.0,0.0,0.0,Medium,1,Medium,4.1535564218539465,2.0693912058263346,8.294576541331088,0.1941875,2.88059375,0,2739,0.021875,9.054913294797688
T01488,R0273,Zone_8,9.9,73.94,116.71,UPI,2023-09-15,0,Aadhya Nair,43.0,Male,Delhi,2022-09-17,289.0,48.0,3.76,4516.0,1.93,31.0,Business,-0.20924266870235647,0.3713836915134339,0,4,9,1,0.0,0.0,1.0,0.0,0.0,0.0,0.0,0.0,0.0,0.0,0.0,0.0,1.0,0.0,High,2,Medium,4.768223972424389,2.388762789235098,8.598837130682265,0.2589965397923875,3.313044982698962,0,1421,0.16608996539792387,11.788888888888888
T01489,R0150,Zone_8,2.3,18.79,22.73,Credit Card,2024-06-14,0,Ishaan Gupta,33.0,Male,Pune,2022-02-27,215.0,16.0,4.95,4516.0,1.93,31.0,Business,-1.3084161630895583,-1.3365614945000102,0,4,6,1,0.0,1.0,0.0,0.0,0.0,0.0,0.0,0.0,0.0,0.0,0.0,0.0,1.0,0.0,High,2,Medium,3.166740070447672,1.1939224684724346,4.334743360338648,0.25795348837209303,3.506232558139535,0,1623,0.07441860465116279,9.882608695652175
T01490,R0291,Zone_1,8.43,42.19,180.72,Credit Card,2023-06-26,1,Arjun Ghosh,23.0,Other,Pune,2021-04-19,499.0,94.0,3.46,4921.0,2.43,30.9,Residential,0.5394069947975882,0.04103113579767555,0,0,6,2,0.0,1.0,0.0,0.0,1.0,0.0,0.0,0.0,0.0,0.0,0.0,0.0,0.0,0.0,High,2,High,5.202467040891203,2.2438960966453663,6.495382975621991,0.09308617234468938,1.59436873747495,0,1937,0.18837675350701402,21.437722419928825
T01491,R0169,Zone_2,10.97,55.36,198.18,Wallet,2023-11-18,0,Reyansh Kumar,32.0,Male,Delhi,2023-02-21,497.0,81.0,4.19,6371.0,0.91,58.4,Residential,0.7436160734526271,0.6118443953337478,0,5,11,1,0.0,0.0,0.0,1.0,0.0,0.0,1.0,0.0,0.0,0.0,0.0,0.0,0.0,0.0,Low,0,High,5.294208938503494,2.482403519569882,7.4404300950953095,0.14167002012072433,2.841871227364185,0,1264,0.16297786720321933,18.06563354603464
T01492,R0161,Zone_3,4.13,37.14,94.42,Credit Card,2024-07-29,1,Aarav Nair,32.0,Other,Surat,2019-03-27,332.0,50.0,4.91,12971.0,2.11,38.0,Business,-0.4699425749578441,-0.9253062720783519,0,0,7,2,0.0,1.0,0.0,0.0,0.0,0.0,0.0,1.0,0.0,0.0,0.0,0.0,0.0,0.0,High,2,Medium,4.5582882000879605,1.6351056591826783,6.094259594077036,0.10006024096385542,1.7095180722891565,0,2691,0.15060240963855423,22.861985472154966
T01493,R0043,Zone_10,6.1,46.38,93.68,UPI,2023-11-07,0,Diya Kumar,28.0,Male,Ahmedabad,2021-12-10,85.0,16.0,4.68,2440.0,1.54,35.4,Industrial,-0.4785974843624677,-0.4825889014932882,0,1,11,1,0.0,0.0,1.0,0.0,0.0,1.0,0.0,0.0,0.0,0.0,0.0,0.0,0.0,0.0,Medium,1,Low,4.550502784645783,1.9600947840472698,6.810286337592569,0.7901176470588235,10.147058823529411,0,1702,0.18823529411764706,15.35737704918033
T01494,R0123,Zone_6,9.56,92.52,200.04,UPI,2023-09-09,1,Meera Ghosh,32.0,Male,Bengaluru,2023-06-24,156.0,26.0,3.31,14627.0,0.54,37.6,Mixed,0.7653703051993838,0.2949756174023062,0,5,9,1,0.0,0.0,1.0,0.0,0.0,0.0,0.0,0.0,0.0,0.0,1.0,0.0,0.0,0.0,Low,0,Low,5.303503893235336,2.3570732782781154,9.618731725128837,0.2416666666666667,4.584487179487179,0,1141,0.16666666666666666,20.924686192468616
T01495,R0200,Zone_9,14.62,133.66,145.11,Cash,2023-12-20,0,Kavya Kumar,30.0,Other,Bengaluru,2021-11-15,443.0,87.0,3.6,11037.0,1.83,56.1,Mixed,0.12291871925887528,1.4321075438796778,0,2,12,2,1.0,0.0,0.0,0.0,0.0,0.0,0.0,0.0,0.0,0.0,0.0,0.0,0.0,1.0,High,2,High,4.984359762683993,2.7485521444115397,11.561141812122191,0.09022573363431151,1.1048532731376977,0,1727,0.1963882618510158,9.92544459644323
T01496,R0144,Zone_4,7.98,57.43,149.03,Cash,2024-06-10,0,Ishaan Kumar,34.0,Other,Pune,2021-01-31,194.0,10.0,3.52,4038.0,2.46,48.2,Business,0.1687663474563409,-0.060097197584699266,0,0,6,2,1.0,0.0,0.0,0.0,0.0,0.0,0.0,0.0,1.0,0.0,0.0,0.0,0.0,0.0,High,2,Medium,5.010835274098922,2.194999882314108,7.578258375114958,0.4354123711340206,8.002319587628865,0,2015,0.05154639175257732,18.675438596491226
T01497,R0135,Zone_4,5.85,37.08,54.06,UPI,2024-06-27,0,Reyansh Patel,38.0,Female,Ahmedabad,2022-02-24,153.0,8.0,3.47,4038.0,2.46,48.2,Business,-0.9419860122154252,-0.538771308927941,0,3,6,0,0.0,0.0,1.0,0.0,0.0,0.0,0.0,0.0,1.0,0.0,0.0,0.0,0.0,0.0,High,2,Low,4.008423499714461,1.9242486522741338,6.089334939055331,0.4352941176470588,6.4845098039215685,0,1626,0.05228758169934641,9.241025641025642
T01498,R0137,Zone_5,7.27,52.2,85.21,Wallet,2023-05-18,0,Arjun Gupta,27.0,Male,Bengaluru,2021-08-10,166.0,32.0,3.14,2590.0,1.31,43.9,Business,-0.5776611095748492,-0.2196552346991133,0,3,5,1,0.0,0.0,0.0,1.0,0.0,0.0,0.0,0.0,0.0,1.0,0.0,0.0,0.0,0.0,Medium,1,Low,4.456786180221833,2.1126345090356,7.224956747275377,0.49596385542168675,9.032349397590362,0,1824,0.1927710843373494,11.720770288858322
T01499,R0144,Zone_3,13.8,132.21,304.68,UPI,2023-02-20,1,Ishaan Kumar,34.0,Other,Pune,2021-01-31,194.0,10.0,3.52,12971.0,2.11,38.0,Business,1.9892212783072454,1.2478292474940171,0,0,2,2,0.0,0.0,1.0,0.0,0.0,0.0,0.0,1.0,0.0,0.0,0.0,0.0,0.0,0.0,High,2,Medium,5.722538803138645,2.6946271807700692,11.498260738042081,0.4354123711340206,8.002319587628865,0,2015,0.05154639175257732,22.078260869565216
T01500,R0099,Zone_4,4.79,38.71,59.63,Cash,2024-05-20,0,Diya Gupta,35.0,Other,Mumbai,2021-08-21,80.0,8.0,3.7,4038.0,2.46,48.2,Business,-0.8768402752103528,-0.7769847164508685,0,0,5,2,1.0,0.0,0.0,0.0,0.0,0.0,0.0,0.0,1.0,0.0,0.0,0.0,0.0,0.0,High,2,Low,4.1047898200836395,1.7561322915849038,6.221736092120913,0.867125,16.033250000000002,0,1813,0.1,12.448851774530272
T01501,R0063,Zone_5,6.5,37.48,159.88,Credit Card,2024-06-17,1,Diya Iyer,34.0,Male,Surat,2023-04-21,329.0,33.0,4.83,2590.0,1.31,43.9,Business,0.295666032645755,-0.3926970495978437,0,0,6,1,0.0,1.0,0.0,0.0,0.0,0.0,0.0,0.0,0.0,1.0,0.0,0.0,0.0,0.0,Medium,1,Medium,5.0806587454643966,2.0149030205422647,6.1220911460055865,0.2053191489361702,3.7828571428571425,0,1205,0.10030395136778116,24.596923076923076
T01502,R0038,Zone_9,4.84,47.19,67.43,Cash,2023-02-08,0,Aarav Singh,37.0,Other,Kolkata,2023-02-11,68.0,7.0,4.07,11037.0,1.83,56.1,Mixed,-0.7856128517562115,-0.7657482349639381,0,2,2,2,1.0,0.0,0.0,0.0,0.0,0.0,0.0,0.0,0.0,0.0,0.0,0.0,0.0,1.0,High,2,Low,4.225811324964407,1.7647307968401356,6.869497798238238,0.43720588235294117,6.673970588235294,0,1274,0.10294117647058823,13.931818181818183
T01503,R0072,Zone_8,6.98,58.84,77.73,Cash,2023-09-12,0,Saanvi Das,25.0,Other,Jaipur,2023-11-05,62.0,10.0,4.07,4516.0,1.93,31.0,Business,-0.6651458695026664,-0.2848268273233103,0,1,9,2,1.0,0.0,0.0,0.0,0.0,0.0,0.0,0.0,0.0,0.0,0.0,0.0,1.0,0.0,High,2,Low,4.3660242771963755,2.0769384114617173,7.6707235643060425,0.7845161290322581,11.808709677419355,0,1007,0.16129032258064516,11.136103151862464
T01504,R0100,Zone_4,9.07,83.78,88.37,Cash,2023-04-10,0,Ishaan Gupta,28.0,Male,Delhi,2021-05-24,383.0,60.0,3.79,4038.0,2.46,48.2,Business,-0.5407023072524022,0.18485809883038673,0,0,4,1,1.0,0.0,0.0,0.0,0.0,0.0,0.0,0.0,1.0,0.0,0.0,0.0,0.0,0.0,High,2,High,4.492785055393301,2.309560706730471,9.153141537199128,0.26488250652741513,4.327650130548303,0,1902,0.1566579634464752,9.74310915104741
T01505,R0083,Zone_6,13.17,107.57,211.46,Cash,2023-07-03,0,Kavya Patel,45.0,Female,Mumbai,2021-12-31,475.0,39.0,4.4,14627.0,0.54,37.6,Mixed,0.8989366097950622,1.1062495807586918,0,0,7,0,1.0,0.0,0.0,0.0,0.0,0.0,0.0,0.0,0.0,0.0,1.0,0.0,0.0,0.0,Low,0,High,5.3587537353518675,2.6511270537025893,10.371595827065379,0.19498947368421055,2.9796421052631583,0,1681,0.08210526315789474,16.056188306757782
T01506,R0141,Zone_3,2.62,15.88,59.31,Cash,2023-10-07,1,Arjun Das,25.0,Other,Jaipur,2019-07-08,53.0,0.0,4.29,12971.0,2.11,38.0,Business,-0.8805829387366765,-1.2646480129836546,0,5,10,2,1.0,0.0,0.0,0.0,0.0,0.0,0.0,1.0,0.0,0.0,0.0,0.0,0.0,0.0,High,2,Low,4.099497927462895,1.2864740258376797,3.984971769034255,0.5720754716981132,10.239622641509435,0,2588,0.0,22.637404580152673
T01507,R0056,Zone_9,10.78,72.47,104.66,Cash,2023-10-27,0,Meera Patel,40.0,Other,Hyderabad,2021-02-26,93.0,13.0,3.25,11037.0,1.83,56.1,Mixed,-0.3501773421154846,0.5691457656834115,0,4,10,2,1.0,0.0,0.0,0.0,0.0,0.0,0.0,0.0,0.0,0.0,0.0,0.0,0.0,1.0,High,2,Low,4.6602263917361695,2.4664031782234406,8.512931340026183,0.7120430107526882,9.976236559139785,0,1989,0.13978494623655913,9.708719851576994
T01508,R0184,Zone_3,3.54,26.1,65.71,Wallet,2024-03-18,0,Meera Nair,29.0,Female,Surat,2020-03-04,285.0,27.0,3.97,12971.0,2.11,38.0,Business,-0.8057296682102019,-1.0578967536241324,0,0,3,0,0.0,0.0,0.0,1.0,0.0,0.0,0.0,1.0,0.0,0.0,0.0,0.0,0.0,0.0,High,2,Medium,4.200354866721424,1.5129270120532565,5.10881590977792,0.24266666666666664,4.2551578947368425,0,2348,0.09473684210526316,18.562146892655367
T01509,R0105,Zone_4,10.97,105.64,136.12,Credit Card,2023-05-25,0,Diya Das,31.0,Female,Jaipur,2020-09-28,346.0,9.0,3.69,4038.0,2.46,48.2,Business,0.017773265816217725,0.6118443953337478,0,3,5,0,0.0,1.0,0.0,0.0,0.0,0.0,0.0,0.0,1.0,0.0,0.0,0.0,0.0,0.0,High,2,High,4.92085645484947,2.482403519569882,10.278132126023678,0.27514450867052026,3.7604624277456646,0,2140,0.02601156069364162,12.408386508659982
T01510,R0265,Zone_2,14.2,82.55,193.31,Credit Card,2024-04-26,0,Kavya Das,39.0,Female,Bengaluru,2020-11-26,176.0,24.0,3.26,6371.0,0.91,58.4,Residential,0.6866574129113878,1.3377210993894613,0,4,4,0,0.0,1.0,0.0,0.0,0.0,0.0,1.0,0.0,0.0,0.0,0.0,0.0,0.0,0.0,Low,0,Medium,5.269454821862936,2.7212954278522306,9.085703054799886,0.25499999999999995,3.4528977272727275,0,2081,0.13636363636363635,13.61338028169014
T01511,R0057,Zone_9,12.98,84.12,253.63,UPI,2023-06-26,0,Aadhya Reddy,39.0,Male,Bengaluru,2023-06-04,407.0,11.0,3.66,11037.0,1.83,56.1,Mixed,1.392149487623412,1.0635509511083558,0,0,6,1,0.0,0.0,1.0,0.0,0.0,0.0,0.0,0.0,0.0,0.0,0.0,0.0,0.0,1.0,High,2,High,5.53981151107484,2.637627736805664,9.171695590238482,0.24648648648648647,3.8921621621621623,0,1161,0.02702702702702703,19.540061633281972
T01512,R0056,Zone_3,8.79,59.17,88.55,Wallet,2024-02-08,0,Meera Patel,40.0,Other,Hyderabad,2021-02-26,93.0,13.0,3.25,12971.0,2.11,38.0,Business,-0.5385970590188451,0.1219338025035754,0,3,2,2,0.0,0.0,0.0,1.0,0.0,0.0,0.0,1.0,0.0,0.0,0.0,0.0,0.0,0.0,High,2,Low,4.494797128506721,2.281361456542419,7.692203845452875,0.7120430107526882,9.976236559139785,0,1989,0.13978494623655913,10.073947667804324
T01513,R0273,Zone_6,12.17,66.97,127.47,Credit Card,2023-04-23,0,Aadhya Nair,43.0,Male,Delhi,2022-09-17,289.0,48.0,3.76,14627.0,0.54,37.6,Mixed,-0.08339560762972081,0.8815199510200808,0,6,4,1,0.0,1.0,0.0,0.0,0.0,0.0,0.0,0.0,0.0,0.0,1.0,0.0,0.0,0.0,Low,0,Medium,4.8556954140435185,2.5779415157551897,8.183520025025906,0.2589965397923875,3.313044982698962,0,1421,0.16608996539792387,10.474116680361545
T01514,R0259,Zone_9,3.2800000000000002,22.09,57.41,Credit Card,2023-09-23,0,Aadhya Das,32.0,Male,Jaipur,2019-06-25,150.0,27.0,3.52,11037.0,1.83,56.1,Mixed,-0.9028050034242237,-1.1163264573561713,0,5,9,1,0.0,1.0,0.0,0.0,0.0,0.0,0.0,0.0,0.0,0.0,0.0,0.0,0.0,1.0,High,2,Low,4.067487108052218,1.4539530095937054,4.7,0.5316000000000001,8.553866666666666,0,2601,0.18,17.503048780487802
T01515,R0172,Zone_4,7.66,40.65,129.04,Wallet,2023-09-15,0,Reyansh Reddy,31.0,Other,Pune,2019-12-24,168.0,14.0,3.72,4038.0,2.46,48.2,Business,-0.06503316470369506,-0.13201067910105485,0,4,9,2,0.0,0.0,0.0,1.0,0.0,0.0,0.0,0.0,1.0,0.0,0.0,0.0,0.0,0.0,High,2,Low,4.867842095435704,2.1587147225743437,6.375735251718032,0.5050595238095238,8.86077380952381,0,2419,0.08333333333333333,16.845953002610965
T01516,R0132,Zone_10,15.6,100.6,233.07,UPI,2023-04-17,0,Aadhya Iyer,23.0,Male,Surat,2022-12-09,484.0,25.0,3.32,2440.0,1.54,35.4,Industrial,1.1516833560571118,1.6523425810235166,0,0,4,1,0.0,0.0,1.0,0.0,0.0,1.0,0.0,0.0,0.0,0.0,0.0,0.0,0.0,0.0,Medium,1,High,5.455620215921813,2.8094026953624978,10.029955134495866,0.1433884297520661,2.2561776859504135,0,1338,0.05165289256198347,14.940384615384616
T01517,R0255,Zone_6,4.05,20.31,62.76,Cash,2023-06-01,0,Reyansh Sharma,37.0,Female,Bengaluru,2021-07-06,475.0,42.0,3.12,14627.0,0.54,37.6,Mixed,-0.8402323475934987,-0.9432846424574408,0,3,6,0,1.0,0.0,0.0,0.0,0.0,0.0,0.0,0.0,0.0,0.0,1.0,0.0,0.0,0.0,Low,0,High,4.15512603448196,1.6193882432872684,4.5066617356975,0.15162105263157893,2.6573052631578946,0,1859,0.08842105263157894,15.496296296296297
T01518,R0229,Zone_6,8.99,70.24,196.93,UPI,2023-01-17,1,Reyansh Ghosh,22.0,Female,Mumbai,2020-11-23,146.0,16.0,4.43,14627.0,0.54,37.6,Mixed,0.7289962940529251,0.16687972845129784,0,1,1,0,0.0,0.0,1.0,0.0,0.0,0.0,0.0,0.0,0.0,0.0,1.0,0.0,0.0,0.0,Low,0,Low,5.287913432832644,2.301584592660462,8.380930735902785,0.26493150684931505,4.715753424657534,0,2084,0.1095890410958904,21.905450500556174
T01519,R0235,Zone_1,6.15,42.15,104.59,Credit Card,2023-06-25,0,Aarav Ghosh,34.0,Other,Delhi,2021-02-15,284.0,8.0,4.06,4921.0,2.43,30.9,Residential,-0.3509960497618678,-0.47135242000635746,0,6,6,2,0.0,1.0,0.0,0.0,1.0,0.0,0.0,0.0,0.0,0.0,0.0,0.0,0.0,0.0,High,2,Medium,4.659563669818423,1.9671123567059163,6.492303135251773,0.1959507042253521,2.9790845070422534,0,2000,0.028169014084507043,17.00650406504065
T01520,R0280,Zone_1,7.02,51.41,88.54,Cash,2024-08-21,0,Saanvi Gupta,26.0,Other,Chennai,2023-05-31,172.0,23.0,4.43,4921.0,2.43,30.9,Residential,-0.5387140172540427,-0.27583764213376605,0,2,8,2,1.0,0.0,0.0,0.0,1.0,0.0,0.0,0.0,0.0,0.0,0.0,0.0,0.0,0.0,High,2,Medium,4.49468545281282,2.081938421878423,7.170076708097341,0.29517441860465116,4.2749999999999995,0,1165,0.13372093023255813,12.612535612535615
T01521,R0249,Zone_5,10.03,59.01,94.66,UPI,2024-07-04,0,Diya Nair,20.0,Male,Mumbai,2023-03-24,396.0,48.0,4.49,2590.0,1.31,43.9,Business,-0.46713557731310135,0.4005985433794531,0,3,7,1,0.0,0.0,1.0,0.0,0.0,0.0,0.0,0.0,0.0,1.0,0.0,0.0,0.0,0.0,Medium,1,High,4.560800238252151,2.400618833265411,7.681796664843453,0.1634090909090909,2.728611111111111,0,1233,0.12121212121212122,9.437686939182452
T01522,R0223,Zone_2,6.65,62.7,102.34,Credit Card,2024-07-18,0,Meera Ghosh,30.0,Female,Surat,2019-11-29,158.0,10.0,4.04,6371.0,0.91,58.4,Residential,-0.3773116526813316,-0.35898760513705197,0,3,7,0,0.0,1.0,0.0,0.0,0.0,0.0,1.0,0.0,0.0,0.0,0.0,0.0,0.0,0.0,Low,0,Low,4.638024522859038,2.0347056478384444,7.918333157931662,0.3569620253164557,6.248164556962026,0,2444,0.06329113924050633,15.389473684210525
T01523,R0036,Zone_5,7.98,74.21,176.1,UPI,2023-09-09,1,Aadhya Das,30.0,Female,Surat,2022-03-16,177.0,15.0,4.9,2590.0,1.31,43.9,Business,0.4853722901362893,-0.060097197584699266,0,5,9,0,0.0,0.0,1.0,0.0,0.0,0.0,0.0,0.0,0.0,1.0,0.0,0.0,0.0,0.0,Medium,1,Medium,5.176714544788788,2.194999882314108,8.614522621712709,0.36819209039548023,5.884293785310734,0,1606,0.0847457627118644,22.06766917293233
T01524,R0159,Zone_5,5.48,51.6,115.03,Cash,2023-06-05,1,Ishaan Singh,43.0,Female,Bengaluru,2020-05-21,79.0,2.0,4.9,2590.0,1.31,43.9,Business,-0.22889165221555602,-0.6219212719312268,0,0,6,0,1.0,0.0,0.0,0.0,0.0,0.0,0.0,0.0,0.0,1.0,0.0,0.0,0.0,0.0,Medium,1,Low,4.753848778359454,1.8687205103641833,7.183313998427188,0.3034177215189873,5.378354430379747,0,2270,0.02531645569620253,20.990875912408757
T01525,R0232,Zone_9,1.13,7.14,20.27,Wallet,2023-11-03,0,Meera Das,38.0,Male,Jaipur,2022-12-08,172.0,15.0,3.94,11037.0,1.83,56.1,Mixed,-1.3371878889481723,-1.599495161294185,0,4,11,1,0.0,0.0,0.0,1.0,0.0,0.0,0.0,0.0,0.0,0.0,0.0,0.0,0.0,1.0,High,2,Medium,3.0572976292121457,0.7561219797213337,2.6720778431774774,0.541860465116279,8.667674418604651,0,1339,0.0872093023255814,17.938053097345133
T01526,R0175,Zone_7,8.97,88.29,94.91,Cash,2023-07-04,0,Diya Patel,35.0,Male,Chennai,2022-08-18,98.0,8.0,3.48,11070.0,0.64,45.2,Industrial,-0.4642116214331609,0.16238513585652573,0,1,7,1,1.0,0.0,0.0,0.0,0.0,0.0,0.0,0.0,0.0,0.0,0.0,1.0,0.0,0.0,Low,0,Low,4.563410251739859,2.299580583973747,9.396275858019495,0.7169387755102041,12.928877551020408,0,1451,0.08163265306122448,10.580824972129319
T01527,R0023,Zone_4,10.2,85.72,225.65,Credit Card,2023-11-21,1,Meera Iyer,24.0,Other,Jaipur,2019-10-09,176.0,32.0,3.21,4038.0,2.46,48.2,Business,1.0649003455404804,0.438802580435017,0,1,11,2,0.0,1.0,0.0,0.0,0.0,0.0,0.0,0.0,1.0,0.0,0.0,0.0,0.0,0.0,High,2,Medium,5.4234069773868585,2.4159137783010487,9.258509599282165,0.36880681818181815,6.793295454545454,0,2495,0.18181818181818182,22.122549019607845
T01528,R0154,Zone_8,14.91,77.99,138.83,Wallet,2024-07-12,0,Kavya Patel,18.0,Other,Kolkata,2019-03-25,466.0,79.0,4.68,4516.0,1.93,31.0,Business,0.04946894755477195,1.4972791365038751,0,4,7,2,0.0,0.0,0.0,1.0,0.0,0.0,0.0,0.0,0.0,0.0,0.0,0.0,1.0,0.0,High,2,High,4.940427399052759,2.7669478423496954,8.831194709664146,0.2974678111587983,4.419570815450644,0,2693,0.16952789699570817,9.31120053655265
T01529,R0189,Zone_7,7.34,44.32,151.32,Credit Card,2023-07-27,1,Reyansh Gupta,29.0,Female,Delhi,2019-09-16,238.0,42.0,3.28,11070.0,0.64,45.2,Industrial,0.19554978331659503,-0.20392416061741045,0,3,7,0,0.0,1.0,0.0,0.0,0.0,0.0,0.0,0.0,0.0,0.0,0.0,1.0,0.0,0.0,Low,0,Medium,5.025983571043055,2.1210632163706555,6.6573267908372955,0.30264705882352944,6.2214285714285715,0,2518,0.17647058823529413,20.615803814713896
T01530,R0012,Zone_7,1.03,7.86,15.99,UPI,2023-12-10,0,Aarav Das,31.0,Female,Hyderabad,2022-01-19,248.0,11.0,3.31,11070.0,0.64,45.2,Industrial,-1.3872460136127522,-1.6219681242680462,0,6,12,0,0.0,0.0,1.0,0.0,0.0,0.0,0.0,0.0,0.0,0.0,0.0,1.0,0.0,0.0,Low,0,Medium,2.8326249356838407,0.708035793053696,2.8035691537752374,0.11737903225806451,1.4224193548387096,0,1662,0.04435483870967742,15.524271844660195
T01531,R0085,Zone_7,4.23,29.06,84.56,Cash,2023-07-14,0,Aadhya Ghosh,29.0,Female,Chennai,2022-09-17,94.0,12.0,4.95,11070.0,0.64,45.2,Industrial,-0.5852633948626942,-0.9028333091044907,0,4,7,0,1.0,0.0,0.0,0.0,0.0,0.0,0.0,0.0,0.0,0.0,0.0,1.0,0.0,0.0,Low,0,Low,4.449217884214205,1.6544112780768316,5.390732788777422,0.46797872340425534,5.4245744680851065,0,1421,0.1276595744680851,19.990543735224584
T01532,R0289,Zone_7,10.7,70.59,209.12,Cash,2023-12-07,0,Aarav Gupta,21.0,Other,Chennai,2021-09-30,322.0,14.0,4.17,11070.0,0.64,45.2,Industrial,0.8715683827588199,0.5511673953043226,0,3,12,2,1.0,0.0,0.0,0.0,0.0,0.0,0.0,0.0,0.0,0.0,0.0,1.0,0.0,0.0,Low,0,Medium,5.347678796085761,2.4595888418037104,8.401785524517988,0.2053726708074534,3.8337888198757764,0,1773,0.043478260869565216,19.543925233644863
T01533,R0257,Zone_1,7.58,60.11,100.17,Cash,2023-04-19,0,Arjun Reddy,36.0,Other,Delhi,2023-03-11,459.0,19.0,4.82,4921.0,2.43,30.9,Residential,-0.4026915897192145,-0.14998904948014377,0,2,4,2,1.0,0.0,0.0,0.0,1.0,0.0,0.0,0.0,0.0,0.0,0.0,0.0,0.0,0.0,High,2,High,4.616802270217799,2.149433913499871,7.753063910480811,0.12224400871459695,1.7913507625272331,0,1246,0.04139433551198257,13.215039577836412
T01534,R0047,Zone_2,9.4,64.38,220.61,Wallet,2024-08-06,1,Reyansh Iyer,51.0,Female,Bengaluru,2021-10-07,69.0,3.0,4.86,6371.0,0.91,58.4,Residential,1.0059533950008817,0.2590188766441284,0,1,8,0,0.0,0.0,0.0,1.0,0.0,0.0,1.0,0.0,0.0,0.0,0.0,0.0,0.0,0.0,Low,0,Low,5.400919080208756,2.341805806147327,8.023714850367003,0.9018840579710146,16.592318840579708,0,1766,0.043478260869565216,23.469148936170214
T01535,R0275,Zone_10,6.23,36.31,64.76,Wallet,2024-01-04,0,Ishaan Das,21.0,Other,Jaipur,2022-10-04,247.0,17.0,3.07,2440.0,1.54,35.4,Industrial,-0.8168407005539753,-0.45337404962726857,0,3,1,2,0.0,0.0,0.0,1.0,0.0,1.0,0.0,0.0,0.0,0.0,0.0,0.0,0.0,0.0,Medium,1,Medium,4.186011750747925,1.9782390361706734,6.025777958073132,0.13704453441295547,1.3201214574898787,0,1404,0.06882591093117409,10.39486356340289
T01536,R0086,Zone_6,17.35,136.11,255.38,Wallet,2023-09-23,0,Vivaan Patel,23.0,Male,Hyderabad,2019-11-08,337.0,17.0,4.56,14627.0,0.54,37.6,Mixed,1.4126171787829949,2.0456194330660864,0,5,9,1,0.0,0.0,0.0,1.0,0.0,0.0,0.0,0.0,0.0,0.0,1.0,0.0,0.0,0.0,Low,0,High,5.546660718883989,2.9096295745005794,11.666619047521866,0.19192878338278935,3.352581602373887,0,2465,0.050445103857566766,14.719308357348702
T01537,R0255,Zone_1,16.64,113.01,328.23,Cash,2023-01-14,0,Reyansh Sharma,37.0,Female,Bengaluru,2021-07-06,475.0,42.0,3.12,4921.0,2.43,30.9,Residential,2.264657922197633,1.8860613959516723,0,5,1,0,1.0,0.0,0.0,0.0,1.0,0.0,0.0,0.0,0.0,0.0,0.0,0.0,0.0,0.0,High,2,High,5.796756594662978,2.8701690505786455,10.630616162763097,0.15162105263157893,2.6573052631578946,0,1859,0.08842105263157894,19.725360576923077
T01538,R0271,Zone_4,3.34,25.65,41.92,Wallet,2024-01-08,0,Saanvi Iyer,22.0,Male,Bengaluru,2022-10-07,58.0,6.0,4.37,4038.0,2.46,48.2,Business,-1.083973309745332,-1.1028426795718547,0,0,1,1,0.0,0.0,0.0,1.0,0.0,0.0,0.0,0.0,1.0,0.0,0.0,0.0,0.0,0.0,High,2,Low,3.759337917762498,1.4678743481123135,5.06458290484024,1.1210344827586207,16.013448275862068,0,1401,0.10344827586206896,12.550898203592816
T01539,R0197,Zone_8,12.55,63.06,103.09,UPI,2023-07-12,0,Saanvi Das,29.0,Female,Bengaluru,2020-10-08,475.0,87.0,3.87,4516.0,1.93,31.0,Business,-0.36853978504151036,0.9669172103207533,0,2,7,0,0.0,0.0,1.0,0.0,0.0,0.0,0.0,0.0,0.0,0.0,0.0,0.0,1.0,0.0,High,2,High,4.645255909527377,2.60638654732571,7.941032678436729,0.14964210526315788,2.048421052631579,0,2130,0.1831578947368421,8.214342629482072
T01540,R0270,Zone_9,9.52,67.56,111.55,Credit Card,2023-09-05,0,Aadhya Reddy,35.0,Male,Hyderabad,2022-01-02,455.0,64.0,3.08,11037.0,1.83,56.1,Mixed,-0.2695931180643267,0.28598643221276154,0,1,9,1,0.0,1.0,0.0,0.0,0.0,0.0,0.0,0.0,0.0,0.0,0.0,0.0,0.0,1.0,High,2,High,4.723397567352741,2.3532782073095637,8.219489035213806,0.12975824175824174,2.420945054945055,0,1679,0.14065934065934066,11.717436974789916
T01541,R0227,Zone_1,8.07,74.65,178.6,Credit Card,2023-06-06,1,Arjun Nair,25.0,Other,Pune,2020-07-11,320.0,23.0,4.12,4921.0,2.43,30.9,Residential,0.5146118489356935,-0.039871530908224304,0,1,6,2,0.0,1.0,0.0,0.0,1.0,0.0,0.0,0.0,0.0,0.0,0.0,0.0,0.0,0.0,High,2,Medium,5.190732155868099,2.2049722641270453,8.64002314811714,0.0885,1.58815625,0,2219,0.071875,22.131350681536553
T01542,R0107,Zone_9,3.7,31.32,83.84,UPI,2024-03-13,1,Reyansh Gupta,33.0,Male,Hyderabad,2020-01-11,179.0,14.0,3.66,11037.0,1.83,56.1,Mixed,-0.5936843877969226,-1.0219400128659546,0,2,3,1,0.0,0.0,1.0,0.0,0.0,0.0,0.0,0.0,0.0,0.0,0.0,0.0,0.0,1.0,High,2,Medium,4.440767129696482,1.547562508716013,5.596427431853289,0.18195530726256984,3.5079888268156427,0,2401,0.0782122905027933,22.65945945945946
T01543,R0175,Zone_6,16.11,146.94,379.63,Wallet,2024-04-26,1,Diya Patel,35.0,Male,Chennai,2022-08-18,98.0,8.0,3.48,14627.0,0.54,37.6,Mixed,3.0351787756795323,1.7669546921902084,0,4,4,1,0.0,0.0,0.0,1.0,0.0,0.0,0.0,0.0,0.0,0.0,1.0,0.0,0.0,0.0,Low,0,Low,5.94182777466688,2.839663087904102,12.121881042148532,0.7169387755102041,12.928877551020408,0,1451,0.08163265306122448,23.564866542520175
T01544,R0028,Zone_6,13.83,77.81,299.74,Cash,2023-02-21,1,Reyansh Sharma,20.0,Female,Surat,2023-11-11,249.0,21.0,3.79,14627.0,0.54,37.6,Mixed,1.9314439101196228,1.2545711363861753,0,1,2,0,1.0,0.0,0.0,0.0,0.0,0.0,0.0,0.0,0.0,0.0,1.0,0.0,0.0,0.0,Low,0,Medium,5.706246104094174,2.696652156149841,8.820997676000147,0.34088353413654615,6.022128514056225,0,1001,0.08433734939759036,21.673174258857557
T01545,R0234,Zone_1,0.71,5.6,17.31,Wallet,2023-04-29,1,Saanvi Nair,32.0,Other,Pune,2022-12-01,183.0,31.0,3.98,4921.0,2.43,30.9,Residential,-1.3718075265666667,-1.6938816057844017,0,5,4,2,0.0,0.0,0.0,1.0,1.0,0.0,0.0,0.0,0.0,0.0,0.0,0.0,0.0,0.0,High,2,Medium,2.907447358686419,0.5364933705145685,2.3664319132398464,0.34677595628415303,6.222677595628415,0,1346,0.16939890710382513,24.380281690140844
T01546,R0291,Zone_3,14.92,128.69,236.53,UPI,2023-08-17,0,Arjun Ghosh,23.0,Other,Pune,2021-04-19,499.0,94.0,3.46,12971.0,2.11,38.0,Business,1.1921509054354873,1.4995264328012612,0,3,8,2,0.0,0.0,1.0,0.0,0.0,0.0,0.0,1.0,0.0,0.0,0.0,0.0,0.0,0.0,High,2,High,5.470293931287002,2.767576180416237,11.344161493913951,0.09308617234468938,1.59436873747495,0,1937,0.18837675350701402,15.853217158176944
T01547,R0005,Zone_1,7.8100000000000005,67.95,163.28,UPI,2023-07-13,1,Diya Reddy,27.0,Male,Ahmedabad,2021-05-31,294.0,30.0,3.53,4921.0,2.43,30.9,Residential,0.33543183261294474,-0.09830123464026312,0,3,7,1,0.0,0.0,1.0,0.0,1.0,0.0,0.0,0.0,0.0,0.0,0.0,0.0,0.0,0.0,High,2,Medium,5.101572289088358,2.175887439948088,8.243178998420452,0.17435374149659866,3.1511904761904765,0,1895,0.10204081632653061,20.90653008962868
T01548,R0152,Zone_7,5.01,32.28,108.17,Credit Card,2024-01-26,1,Arjun Patel,34.0,Female,Bengaluru,2021-05-04,143.0,24.0,3.91,11070.0,0.64,45.2,Industrial,-0.3091250015611211,-0.7275441979083742,0,4,1,0,0.0,1.0,0.0,0.0,0.0,0.0,0.0,0.0,0.0,0.0,0.0,1.0,0.0,0.0,Low,0,Low,4.6929063002921785,1.7934247485471162,5.681549084536717,0.3393706293706294,6.395524475524475,0,1922,0.16783216783216784,21.590818363273453
T01549,R0081,Zone_6,3.12,21.16,54.75,UPI,2023-01-07,0,Diya Reddy,42.0,Other,Mumbai,2022-01-31,114.0,2.0,3.9,14627.0,0.54,37.6,Mixed,-0.9339158939867896,-1.152283198114349,0,5,1,2,0.0,0.0,1.0,0.0,0.0,0.0,0.0,0.0,0.0,0.0,1.0,0.0,0.0,0.0,Low,0,Low,4.020877410340228,1.415853163361435,4.6,0.46421052631578946,7.123421052631579,0,1650,0.017543859649122806,17.548076923076923
T01550,R0207,Zone_6,12.72,118.88,224.62,Credit Card,2024-04-12,0,Ishaan Iyer,31.0,Male,Mumbai,2023-12-06,47.0,3.0,3.93,14627.0,0.54,37.6,Mixed,1.0528536473151258,1.0051212473763171,0,4,4,1,0.0,1.0,0.0,0.0,0.0,0.0,0.0,0.0,0.0,0.0,1.0,0.0,0.0,0.0,Low,0,Low,5.418852168176774,2.6188546222977394,10.903210536351208,1.3504255319148937,26.20127659574468,0,976,0.06382978723404255,17.65880503144654
T01551,R0087,Zone_2,10.0,87.94,105.72,Credit Card,2023-04-04,0,Saanvi Das,26.0,Female,Jaipur,2021-05-11,362.0,33.0,3.57,6371.0,0.91,58.4,Residential,-0.3377797691845372,0.39385665448729495,0,1,4,0,0.0,1.0,0.0,0.0,0.0,0.0,1.0,0.0,0.0,0.0,0.0,0.0,0.0,0.0,Low,0,High,4.670208582167313,2.3978952727983707,9.377632963600142,0.07339779005524862,1.0319060773480664,0,1915,0.09116022099447514,10.572
T01552,R0283,Zone_10,3.63,21.99,45.85,UPI,2024-01-10,0,Diya Nair,19.0,Male,Surat,2023-06-15,245.0,45.0,3.55,2440.0,1.54,35.4,Industrial,-1.0380087233126687,-1.0376710869476575,0,2,1,1,0.0,0.0,1.0,0.0,0.0,1.0,0.0,0.0,0.0,0.0,0.0,0.0,0.0,0.0,Medium,1,Medium,3.846951008684431,1.5325568680981427,4.689349635077342,0.22844897959183674,4.135632653061225,0,1150,0.1836734693877551,12.630853994490359
T01553,R0050,Zone_7,3.94,39.26,92.05,UPI,2023-04-26,1,Diya Das,49.0,Male,Ahmedabad,2022-10-06,330.0,41.0,3.42,11070.0,0.64,45.2,Industrial,-0.4976616766996793,-0.968004901728688,0,2,4,1,0.0,0.0,1.0,0.0,0.0,0.0,0.0,0.0,0.0,0.0,0.0,1.0,0.0,0.0,Low,0,Medium,4.5331369830882595,1.597365331199831,6.265780079128216,0.1821212121212121,2.775181818181818,0,1402,0.12424242424242424,23.36294416243655
T01554,R0204,Zone_9,6.06,36.68,106.89,Cash,2024-01-04,0,Aarav Kumar,37.0,Female,Hyderabad,2019-01-01,438.0,5.0,3.73,11037.0,1.83,56.1,Mixed,-0.324095655666416,-0.49157808668283265,0,3,1,0,1.0,0.0,0.0,0.0,0.0,0.0,0.0,0.0,0.0,0.0,0.0,0.0,0.0,1.0,High,2,High,4.681112189563248,1.9544450515051506,6.056401571890688,0.15481735159817353,2.0578767123287673,0,2776,0.01141552511415525,17.63861386138614
T01555,R0232,Zone_7,5.44,32.77,109.34,Wallet,2024-02-02,1,Meera Das,38.0,Male,Jaipur,2022-12-08,172.0,15.0,3.94,11070.0,0.64,45.2,Industrial,-0.2954408880429999,-0.6309104571207713,0,4,2,1,0.0,0.0,0.0,1.0,0.0,0.0,0.0,0.0,0.0,0.0,0.0,1.0,0.0,0.0,Low,0,Medium,4.703566507844284,1.8625285401162623,5.724508712544685,0.541860465116279,8.667674418604651,0,1339,0.0872093023255814,20.09926470588235
T01556,R0211,Zone_5,10.64,80.28,261.71,Wallet,2023-09-08,1,Arjun Reddy,36.0,Female,Mumbai,2021-04-04,435.0,17.0,3.63,2590.0,1.31,43.9,Business,1.486651741663086,0.5376836175200062,0,4,9,0,0.0,0.0,0.0,1.0,0.0,0.0,0.0,0.0,0.0,1.0,0.0,0.0,0.0,0.0,Medium,1,High,5.571050762202242,2.454447442303292,8.959910713840847,0.10593103448275862,1.4847816091954023,0,1952,0.03908045977011494,24.596804511278194
T01557,R0066,Zone_9,9.89,74.88,163.41,Credit Card,2023-04-10,0,Arjun Patel,38.0,Female,Bengaluru,2022-06-03,167.0,28.0,4.72,11037.0,1.83,56.1,Mixed,0.3369522896705137,0.36913639521604785,0,0,4,0,0.0,1.0,0.0,0.0,0.0,0.0,0.0,0.0,0.0,0.0,0.0,0.0,0.0,1.0,High,2,Low,5.1023633080227855,2.387844936944869,8.653323061113573,0.25431137724550895,3.449940119760479,0,1527,0.16766467065868262,16.522750252780586
T01558,R0228,Zone_2,4.82,32.43,85.61,Credit Card,2023-09-06,0,Kavya Ghosh,21.0,Female,Pune,2020-05-18,10.0,0.0,4.84,6371.0,0.91,58.4,Residential,-0.5729827801669445,-0.7702428275587102,0,2,9,0,0.0,1.0,0.0,0.0,0.0,0.0,1.0,0.0,0.0,0.0,0.0,0.0,0.0,0.0,Low,0,Low,4.461415282342953,1.7613002617433464,5.694734409961539,3.844,67.522,0,2273,0.0,17.761410788381742
T01559,R0027,Zone_1,0.29,1.82,5.8100000000000005,Credit Card,2023-05-24,1,Ishaan Iyer,39.0,Male,Jaipur,2019-10-05,403.0,61.0,3.98,4921.0,2.43,30.9,Residential,-1.506309497043926,-1.7882680502746182,0,2,5,1,0.0,1.0,0.0,0.0,1.0,0.0,0.0,0.0,0.0,0.0,0.0,0.0,0.0,0.0,High,2,High,1.9183921201614211,0.2546422183735807,1.3490737563232043,0.14349875930521092,2.052803970223325,0,2499,0.1513647642679901,20.034482758620694
T01560,R0091,Zone_6,1.33,10.62,28.23,UPI,2024-03-28,1,Meera Das,41.0,Other,Surat,2022-04-16,334.0,43.0,3.4,14627.0,0.54,37.6,Mixed,-1.2440891337308693,-1.5545492353464627,0,3,3,2,0.0,0.0,1.0,0.0,0.0,0.0,0.0,0.0,0.0,0.0,1.0,0.0,0.0,0.0,Low,0,High,3.3751955791231545,0.8458682675776092,3.2588341473600644,0.14934131736526945,2.7054191616766468,0,1575,0.12874251497005987,21.225563909774436
T01561,R0282,Zone_2,12.35,77.23,146.48,Credit Card,2023-05-12,0,Reyansh Kumar,22.0,Other,Bengaluru,2022-05-02,319.0,3.0,4.47,6371.0,0.91,58.4,Residential,0.1389419974809485,0.9219712843730308,0,4,5,2,0.0,1.0,0.0,0.0,0.0,0.0,1.0,0.0,0.0,0.0,0.0,0.0,0.0,0.0,Low,0,Medium,4.993692573365943,2.5915163848462583,8.788060081724522,0.29112852664576805,4.387931034482759,0,1559,0.009404388714733543,11.860728744939271
T01562,R0012,Zone_9,3.03,17.39,48.23,Wallet,2024-07-14,0,Aarav Das,31.0,Female,Hyderabad,2022-01-19,248.0,11.0,3.31,11037.0,1.83,56.1,Mixed,-1.0101726633356358,-1.1725088647908242,0,6,7,0,0.0,0.0,0.0,1.0,0.0,0.0,0.0,0.0,0.0,0.0,0.0,0.0,0.0,1.0,High,2,Medium,3.8965031937701093,1.3937663759585914,4.170131892398609,0.11737903225806451,1.4224193548387096,0,1662,0.04435483870967742,15.917491749174918
T01563,R0178,Zone_3,8.56,58.56,117.82,Credit Card,2023-07-22,0,Saanvi Ghosh,27.0,Male,Delhi,2021-05-15,56.0,7.0,3.13,12971.0,2.11,38.0,Business,-0.19626030459542104,0.07024598766369516,0,5,7,1,0.0,1.0,0.0,0.0,0.0,0.0,0.0,1.0,0.0,0.0,0.0,0.0,0.0,0.0,High,2,Low,4.777609742927595,2.25758772706331,7.652450587883597,1.1296428571428572,18.581071428571427,0,1911,0.125,13.764018691588783
T01564,R0215,Zone_8,0.8200000000000001,6.74,9.85,Wallet,2024-04-25,0,Saanvi Gupta,26.0,Female,Hyderabad,2020-02-28,438.0,48.0,3.24,4516.0,1.93,31.0,Business,-1.459058370024089,-1.6691613465131543,0,3,4,0,0.0,0.0,0.0,1.0,0.0,0.0,0.0,0.0,0.0,0.0,0.0,0.0,1.0,0.0,High,2,High,2.3841650799864684,0.598836501088704,2.596150997149434,0.04143835616438356,0.8495433789954339,0,2353,0.1095890410958904,12.012195121951217
T01565,R0222,Zone_9,9.99,64.69,244.98,UPI,2023-04-22,1,Aarav Singh,27.0,Male,Surat,2022-08-28,475.0,12.0,3.44,11037.0,1.83,56.1,Mixed,1.2909806141774733,0.3916093581899089,0,5,4,1,0.0,0.0,1.0,0.0,0.0,0.0,0.0,0.0,0.0,0.0,0.0,0.0,0.0,1.0,High,2,High,5.505250231814264,2.39698576841553,8.043009387039158,0.16642105263157894,2.7908000000000004,0,1441,0.02526315789473684,24.52252252252252
T01566,R0090,Zone_7,17.6,102.42,255.79,UPI,2023-06-01,0,Kavya Iyer,33.0,Female,Mumbai,2021-01-31,152.0,25.0,4.51,11070.0,0.64,45.2,Industrial,1.417412466426097,2.1018018405007393,0,3,6,0,0.0,0.0,1.0,0.0,0.0,0.0,0.0,0.0,0.0,0.0,0.0,1.0,0.0,0.0,Low,0,Low,5.5482586302476244,2.9231615807191558,10.1202766760598,0.7113815789473685,12.63078947368421,0,2015,0.16447368421052633,14.533522727272725
T01567,R0299,Zone_9,1.3599999999999999,7.68,12.48,Credit Card,2023-12-07,0,Ishaan Gupta,33.0,Other,Kolkata,2020-09-04,457.0,0.0,3.92,11037.0,1.83,56.1,Mixed,-1.4282983541671155,-1.5478073464543045,0,3,12,2,0.0,1.0,0.0,0.0,0.0,0.0,0.0,0.0,0.0,0.0,0.0,0.0,0.0,1.0,High,2,High,2.601207105484161,0.8586616190375187,2.7712812921102037,0.06540481400437637,1.0091903719912472,0,2164,0.0,9.176470588235295
T01568,R0130,Zone_7,10.75,89.22,200.09,UPI,2023-12-16,0,Diya Ghosh,27.0,Female,Pune,2019-02-16,316.0,62.0,3.62,11070.0,0.64,45.2,Industrial,0.765955096375372,0.5624038767912533,0,5,12,0,0.0,0.0,1.0,0.0,0.0,0.0,0.0,0.0,0.0,0.0,0.0,1.0,0.0,0.0,Low,0,Medium,5.303752569037976,2.463853240590168,9.445633912025174,0.1610759493670886,2.836487341772152,0,2730,0.1962025316455696,18.613023255813953
T01569,R0068,Zone_1,9.36,91.8,126.46,Cash,2024-05-03,0,Meera Singh,30.0,Female,Ahmedabad,2022-08-31,456.0,70.0,4.97,4921.0,2.43,30.9,Residential,-0.09520838938468017,0.25002969145458376,0,4,5,0,1.0,0.0,0.0,0.0,1.0,0.0,0.0,0.0,0.0,0.0,0.0,0.0,0.0,0.0,High,2,High,4.847802589886148,2.337952236831337,9.581231653602787,0.15745614035087718,2.4136622807017547,0,1438,0.15350877192982457,13.510683760683762
T01570,R0061,Zone_2,12.59,96.34,128.88,UPI,2023-06-14,0,Meera Reddy,25.0,Male,Mumbai,2020-08-20,168.0,25.0,3.69,6371.0,0.91,58.4,Residential,-0.0669044964668569,0.9759063955102976,0,2,6,1,0.0,0.0,1.0,0.0,0.0,0.0,1.0,0.0,0.0,0.0,0.0,0.0,0.0,0.0,Low,0,Low,4.866610947234645,2.6093342281630525,9.815294188153507,0.20517857142857143,3.5520238095238095,0,2179,0.1488095238095238,10.236695790309769
T01571,R0212,Zone_6,7.34,55.6,96.83,Cash,2023-04-11,0,Aadhya Iyer,36.0,Female,Ahmedabad,2023-09-11,73.0,12.0,3.22,14627.0,0.54,37.6,Mixed,-0.4417556402752185,-0.20392416061741045,0,1,4,0,1.0,0.0,0.0,0.0,0.0,0.0,0.0,0.0,0.0,0.0,1.0,0.0,0.0,0.0,Low,0,Low,4.583231278469338,2.1210632163706555,7.4565407529228995,0.8024657534246575,15.458767123287672,0,1062,0.1643835616438356,13.192098092643052
T01572,R0043,Zone_8,9.36,48.82,81.25,Credit Card,2023-05-07,0,Diya Kumar,28.0,Male,Ahmedabad,2021-12-10,85.0,16.0,4.68,4516.0,1.93,31.0,Business,-0.6239765707131053,0.25002969145458376,0,6,5,1,0.0,1.0,0.0,0.0,0.0,0.0,0.0,0.0,0.0,0.0,0.0,0.0,1.0,0.0,High,2,Low,4.409763389645481,2.337952236831337,6.987131027825369,0.7901176470588235,10.147058823529411,0,1702,0.18823529411764706,8.680555555555555
T01573,R0025,Zone_3,8.91,70.45,184.89,UPI,2023-03-10,1,Meera Das,21.0,Female,Mumbai,2021-10-22,42.0,3.0,4.01,12971.0,2.11,38.0,Business,0.5881785788749944,0.14890135807220894,0,4,3,0,0.0,0.0,1.0,0.0,0.0,0.0,0.0,1.0,0.0,0.0,0.0,0.0,0.0,0.0,High,2,Low,5.225155100919053,2.2935443483418965,8.393449827097319,1.125,17.129285714285714,0,1751,0.07142857142857142,20.750841750841747
T01574,R0101,Zone_8,10.86,82.01,152.51,Cash,2023-11-23,0,Aarav Singh,37.0,Female,Delhi,2020-11-01,228.0,29.0,3.03,4516.0,1.93,31.0,Business,0.20946781330511138,0.5871241360625004,0,3,11,0,1.0,0.0,0.0,0.0,0.0,0.0,0.0,0.0,0.0,0.0,0.0,0.0,1.0,0.0,High,2,Medium,5.03376571148511,2.4731713935695794,9.055937278934744,0.19864035087719298,2.9445614035087715,0,2106,0.12719298245614036,14.043278084714549
T01575,R0132,Zone_1,3.8,32.8,64.5,Cash,2023-11-27,0,Aadhya Iyer,23.0,Male,Surat,2022-12-09,484.0,25.0,3.32,4921.0,2.43,30.9,Residential,-0.8198816146691134,-0.9994670498920936,0,0,11,1,1.0,0.0,0.0,0.0,1.0,0.0,0.0,0.0,0.0,0.0,0.0,0.0,0.0,0.0,High,2,High,4.182050142641207,1.5686159179138452,5.727128425310541,0.1433884297520661,2.2561776859504135,0,1338,0.05165289256198347,16.973684210526315
T01576,R0270,Zone_3,8.96,74.87,181.1,Credit Card,2024-07-29,1,Aadhya Reddy,35.0,Male,Hyderabad,2022-01-02,455.0,64.0,3.08,12971.0,2.11,38.0,Business,0.5438514077350977,0.16013783955913966,0,0,7,1,0.0,1.0,0.0,0.0,0.0,0.0,0.0,1.0,0.0,0.0,0.0,0.0,0.0,0.0,High,2,High,5.2045559867335625,2.298577071596507,8.652745229116595,0.12975824175824174,2.420945054945055,0,1679,0.14065934065934066,20.21205357142857
T01577,R0006,Zone_10,12.05,93.58,277.76,UPI,2023-03-19,1,Aarav Das,45.0,Female,Jaipur,2023-06-30,248.0,13.0,4.64,2440.0,1.54,35.4,Industrial,1.674369709155261,0.8545523954514478,0,6,3,0,0.0,0.0,1.0,0.0,0.0,1.0,0.0,0.0,0.0,0.0,0.0,0.0,0.0,0.0,Medium,1,Medium,5.630351196570318,2.5687881337687024,9.673675619949224,0.255,4.417056451612903,0,1135,0.05241935483870968,23.050622406639
T01578,R0089,Zone_3,13.84,106.35,168.79,Wallet,2023-05-09,0,Saanvi Reddy,48.0,Other,Surat,2022-09-21,308.0,6.0,3.91,12971.0,2.11,38.0,Business,0.39987582020683143,1.2568184326835614,0,1,5,2,0.0,0.0,0.0,1.0,0.0,0.0,0.0,1.0,0.0,0.0,0.0,0.0,0.0,0.0,High,2,Medium,5.13456237932792,2.6973262377392344,10.312613635737547,0.29165584415584417,4.595941558441559,0,1417,0.01948051948051948,12.195809248554912
T01579,R0179,Zone_9,10.48,79.57,163.52,Wallet,2023-08-10,0,Meera Patel,28.0,Male,Kolkata,2022-04-11,274.0,14.0,4.64,11037.0,1.83,56.1,Mixed,0.33823883025768764,0.5017268767618284,0,3,8,1,0.0,0.0,0.0,1.0,0.0,0.0,0.0,0.0,0.0,0.0,0.0,0.0,0.0,1.0,High,2,Medium,5.103032143362223,2.4406063908914204,8.920201791439473,0.09317518248175183,1.6759124087591242,0,1580,0.051094890510948905,15.603053435114504
T01580,R0048,Zone_8,2.34,12.14,46.18,UPI,2023-05-04,0,Kavya Sharma,35.0,Male,Hyderabad,2019-05-31,207.0,1.0,3.02,4516.0,1.93,31.0,Business,-1.0341491015511473,-1.3275723093104657,0,3,5,1,0.0,0.0,1.0,0.0,0.0,0.0,0.0,0.0,0.0,0.0,0.0,0.0,1.0,0.0,High,2,Medium,3.853970073979529,1.205970806988609,3.4842502780368694,0.14072463768115942,2.4457971014492754,0,2626,0.004830917874396135,19.735042735042736
T01581,R0027,Zone_10,0.23,1.98,3.27,Cash,2023-12-31,0,Ishaan Iyer,39.0,Male,Jaipur,2019-10-05,403.0,61.0,3.98,2440.0,1.54,35.4,Industrial,-1.546309213481511,-1.8017518280589349,0,6,12,1,1.0,0.0,0.0,0.0,0.0,1.0,0.0,0.0,0.0,0.0,0.0,0.0,0.0,0.0,Medium,1,High,1.451613827240533,0.20701416938432615,1.407124727947029,0.14349875930521092,2.052803970223325,0,2499,0.1513647642679901,14.217391304347826
T01582,R0170,Zone_3,10.04,91.04,140.22,Cash,2023-07-17,0,Saanvi Kumar,29.0,Other,Bengaluru,2020-05-20,28.0,3.0,3.68,12971.0,2.11,38.0,Business,0.06572614224724052,0.4028458396768392,0,0,7,2,1.0,0.0,0.0,0.0,0.0,0.0,0.0,1.0,0.0,0.0,0.0,0.0,0.0,0.0,High,2,Low,4.950318958088201,2.401525040848949,9.54148835350125,1.9110714285714285,33.70392857142857,0,2271,0.10714285714285714,13.966135458167331
T01583,R0268,Zone_10,2.94,21.9,39.9,Credit Card,2023-08-06,0,Ishaan Kumar,34.0,Male,Chennai,2022-10-16,10.0,0.0,4.6,2440.0,1.54,35.4,Industrial,-1.1075988732552504,-1.192734531467299,0,6,8,1,0.0,1.0,0.0,0.0,0.0,1.0,0.0,0.0,0.0,0.0,0.0,0.0,0.0,0.0,Medium,1,Low,3.711130063048756,1.3711807233098425,4.679743582719036,4.252,72.60799999999999,0,1392,0.0,13.571428571428571
T01584,R0056,Zone_4,12.22,110.73,221.25,Credit Card,2024-05-30,0,Meera Patel,40.0,Other,Hyderabad,2021-02-26,93.0,13.0,3.25,4038.0,2.46,48.2,Business,1.013438722053529,0.8927564325070116,0,3,5,2,0.0,1.0,0.0,0.0,0.0,0.0,0.0,0.0,1.0,0.0,0.0,0.0,0.0,0.0,High,2,Low,5.403802874394014,2.5817308344235403,10.522832318344715,0.7120430107526882,9.976236559139785,0,1989,0.13978494623655913,18.105564648117838
T01585,R0048,Zone_6,6.5600000000000005,35.87,154.83,UPI,2023-07-26,1,Kavya Sharma,35.0,Male,Hyderabad,2019-05-31,207.0,1.0,3.02,14627.0,0.54,37.6,Mixed,0.23660212387095872,-0.37921327181352693,0,2,7,1,0.0,0.0,1.0,0.0,0.0,0.0,0.0,0.0,0.0,0.0,1.0,0.0,0.0,0.0,Low,0,Medium,5.048765669457524,2.0228711901914416,5.989156868875618,0.14072463768115942,2.4457971014492754,0,2626,0.004830917874396135,23.602134146341463
T01586,R0174,Zone_2,13.06,77.42,136.89,Credit Card,2023-10-12,0,Aadhya Patel,32.0,Male,Kolkata,2019-02-07,320.0,7.0,3.8,6371.0,0.91,58.4,Residential,0.026779049926433998,1.0815293214874449,0,3,10,1,0.0,1.0,0.0,0.0,0.0,0.0,1.0,0.0,0.0,0.0,0.0,0.0,0.0,0.0,Low,0,Medium,4.92645626585365,2.643333886382519,8.798863562983575,0.1941875,2.88059375,0,2739,0.021875,10.481623277182234
T01587,R0003,Zone_5,18.63,94.05,275.09,UPI,2023-09-24,0,Kavya Reddy,34.0,Male,Pune,2023-05-04,45.0,9.0,3.76,2590.0,1.31,43.9,Business,1.6431418603574972,2.3332733591315082,0,6,9,1,0.0,0.0,1.0,0.0,0.0,0.0,0.0,0.0,0.0,1.0,0.0,0.0,0.0,0.0,Medium,1,Low,5.620726899518875,2.9770590082883697,9.697937925146768,1.5040000000000002,21.593555555555557,0,1192,0.2,14.765968867418142
T01588,R0191,Zone_10,7.69,41.24,78.94,UPI,2023-01-05,0,Meera Gupta,33.0,Other,Surat,2020-08-14,87.0,6.0,4.56,2440.0,1.54,35.4,Industrial,-0.6509939230437548,-0.12526879020889647,0,3,1,2,0.0,0.0,1.0,0.0,0.0,1.0,0.0,0.0,0.0,0.0,0.0,0.0,0.0,0.0,Medium,1,Low,4.3812763532831775,2.162172939277301,6.421837743200929,0.9559770114942528,15.24735632183908,0,2185,0.06896551724137931,10.265279583875161
T01589,R0136,Zone_6,7.42,40.44,76.22,Wallet,2023-11-09,0,Diya Ghosh,34.0,Male,Hyderabad,2019-01-19,339.0,11.0,3.82,14627.0,0.54,37.6,Mixed,-0.6828065630175065,-0.18594579023832156,0,3,11,1,0.0,0.0,0.0,1.0,0.0,0.0,0.0,0.0,0.0,0.0,1.0,0.0,0.0,0.0,Low,0,High,4.346658490836091,2.130609828254235,6.359245238233858,0.0792330383480826,1.0111799410029498,0,2758,0.032448377581120944,10.272237196765499
T01590,R0289,Zone_6,13.07,82.78,293.03,Credit Card,2023-05-30,1,Aarav Gupta,21.0,Other,Chennai,2021-09-30,322.0,14.0,4.17,14627.0,0.54,37.6,Mixed,1.8529649343020216,1.083776617784831,0,1,5,2,0.0,1.0,0.0,0.0,0.0,0.0,0.0,0.0,0.0,0.0,1.0,0.0,0.0,0.0,Low,0,Medium,5.683681802949198,2.644044871126298,9.098351499035417,0.2053726708074534,3.8337888198757764,0,1773,0.043478260869565216,22.420045906656462
T01591,R0081,Zone_9,13.32,85.06,120.07,Credit Card,2023-06-08,0,Diya Reddy,42.0,Other,Mumbai,2022-01-31,114.0,2.0,3.9,11037.0,1.83,56.1,Mixed,-0.16994470167595727,1.1399590252194838,0,3,6,2,0.0,1.0,0.0,0.0,0.0,0.0,0.0,0.0,0.0,0.0,0.0,0.0,0.0,1.0,High,2,Low,4.7963688907196484,2.6616571615324998,9.222797840135064,0.46421052631578946,7.123421052631579,0,1650,0.017543859649122806,9.014264264264263
T01592,R0167,Zone_3,16.51,157.13,247.42,Cash,2024-03-16,0,Kavya Nair,44.0,Male,Hyderabad,2022-08-25,117.0,5.0,4.75,12971.0,2.11,38.0,Business,1.3195184235656918,1.8568465440856532,0,5,3,1,1.0,0.0,0.0,0.0,0.0,0.0,0.0,1.0,0.0,0.0,0.0,0.0,0.0,0.0,High,2,Low,5.5151208621160475,2.8627721462977607,12.535150577476124,0.5496581196581197,9.192735042735043,0,1444,0.042735042735042736,14.986069049061173
T01593,R0241,Zone_10,8.98,88.78,113.68,Cash,2024-01-04,0,Kavya Gupta,34.0,Female,Chennai,2020-01-13,165.0,3.0,3.28,2440.0,1.54,35.4,Industrial,-0.2446810139672342,0.16463243215391177,0,3,1,0,1.0,0.0,0.0,0.0,0.0,1.0,0.0,0.0,0.0,0.0,0.0,0.0,0.0,0.0,Medium,1,Low,4.742145641015169,2.300583090323373,9.422313940853382,0.2770909090909091,4.619090909090909,0,2399,0.01818181818181818,12.659242761692651
T01594,R0169,Zone_7,4.84,45.31,84.76,Wallet,2023-07-19,0,Reyansh Kumar,32.0,Male,Delhi,2023-02-21,497.0,81.0,4.19,11070.0,0.64,45.2,Industrial,-0.5829242301587418,-0.7657482349639381,0,2,7,1,0.0,0.0,0.0,1.0,0.0,0.0,0.0,0.0,0.0,0.0,0.0,1.0,0.0,0.0,Low,0,High,4.451552697322492,1.7647307968401356,6.731270311018568,0.14167002012072433,2.841871227364185,0,1264,0.16297786720321933,17.51239669421488
T01595,R0154,Zone_8,8.04,58.45,149.87,Credit Card,2023-02-05,0,Kavya Patel,18.0,Other,Kolkata,2019-03-25,466.0,79.0,4.68,4516.0,1.93,31.0,Business,0.17859083921294072,-0.04661341980038289,0,6,2,2,0.0,1.0,0.0,0.0,0.0,0.0,0.0,0.0,0.0,0.0,0.0,0.0,1.0,0.0,High,2,High,5.016418538851983,2.201659174404085,7.6452599694189605,0.2974678111587983,4.419570815450644,0,2693,0.16952789699570817,18.640547263681594
T01596,R0236,Zone_5,4.88,46.24,119.52,Credit Card,2024-02-01,1,Arjun Gupta,28.0,Male,Ahmedabad,2020-08-10,61.0,1.0,3.36,2590.0,1.31,43.9,Business,-0.17637740461182616,-0.7567590497743936,0,3,2,1,0.0,1.0,0.0,0.0,0.0,0.0,0.0,0.0,0.0,1.0,0.0,0.0,0.0,0.0,Medium,1,Low,4.791815714262101,1.7715567619105355,6.8,0.8198360655737704,12.599016393442623,0,2189,0.01639344262295082,24.491803278688526
T01597,R0214,Zone_5,9.2,49.69,74.11,Credit Card,2023-12-30,0,Aarav Kumar,20.0,Female,Kolkata,2022-09-14,210.0,2.0,4.53,2590.0,1.31,43.9,Business,-0.7074847506442037,0.21407295069640594,0,5,12,0,0.0,1.0,0.0,0.0,0.0,0.0,0.0,0.0,0.0,1.0,0.0,0.0,0.0,0.0,Medium,1,Medium,4.31895370569792,2.322387720290225,7.049113419430843,0.1940952380952381,3.2461428571428574,0,1424,0.009523809523809525,8.055434782608696
T01598,R0277,Zone_3,3.66,20.35,51.93,Cash,2023-04-27,0,Kavya Gupta,42.0,Female,Jaipur,2021-01-22,433.0,16.0,3.06,12971.0,2.11,38.0,Business,-0.9668981163125175,-1.030929198055499,0,3,4,0,1.0,0.0,0.0,0.0,0.0,0.0,0.0,1.0,0.0,0.0,0.0,0.0,0.0,0.0,High,2,High,3.9689702858698963,1.5390154481375546,4.511097427455985,0.20076212471131638,3.2397228637413393,0,2024,0.03695150115473441,14.188524590163933
T01599,R0196,Zone_1,12.51,69.51,154.55,Credit Card,2023-01-05,0,Vivaan Das,18.0,Male,Hyderabad,2019-06-24,51.0,9.0,4.93,4921.0,2.43,30.9,Residential,0.23332729328542545,0.9579280251312086,0,3,1,1,0.0,1.0,0.0,0.0,1.0,0.0,0.0,0.0,0.0,0.0,0.0,0.0,0.0,0.0,High,2,Low,5.046967223343646,2.6034301519721073,8.337265738837884,1.8813725490196078,31.831960784313726,0,2602,0.17647058823529413,12.354116706634693
T01600,R0005,Zone_10,11.49,98.56,280.91,Cash,2023-10-25,1,Diya Reddy,27.0,Male,Ahmedabad,2021-05-31,294.0,30.0,3.53,2440.0,1.54,35.4,Industrial,1.7112115532425107,0.7287038027978254,0,2,10,1,1.0,0.0,0.0,0.0,0.0,1.0,0.0,0.0,0.0,0.0,0.0,0.0,0.0,0.0,Medium,1,Medium,5.641587871063083,2.5249283241374862,9.927738916792686,0.17435374149659866,3.1511904761904765,0,1895,0.10204081632653061,24.44821583986075
T01601,R0083,Zone_2,8.7,83.36,191.83,Wallet,2024-03-06,1,Kavya Patel,45.0,Female,Mumbai,2021-12-31,475.0,39.0,4.4,6371.0,0.91,58.4,Residential,0.6693475941021406,0.10170813582710043,0,2,3,0,0.0,0.0,0.0,1.0,0.0,0.0,1.0,0.0,0.0,0.0,0.0,0.0,0.0,0.0,Low,0,High,5.261808971731513,2.272125885509337,9.130169768410662,0.19498947368421055,2.9796421052631583,0,1681,0.08210526315789474,22.049425287356325
T01602,R0251,Zone_7,8.13,40.91,139.73,Wallet,2024-03-22,0,Vivaan Iyer,46.0,Female,Mumbai,2020-01-13,213.0,26.0,4.48,11070.0,0.64,45.2,Industrial,0.05999518872255719,-0.026387753123907527,0,4,3,0,0.0,0.0,0.0,1.0,0.0,0.0,0.0,0.0,0.0,0.0,0.0,1.0,0.0,0.0,Low,0,Medium,4.946843161008476,2.211565694606877,6.396092557178953,0.18032863849765257,3.5801877934272297,0,2399,0.12206572769953052,17.186961869618692
T01603,R0264,Zone_5,7.02,57.96,96.68,Wallet,2024-07-23,0,Aadhya Das,27.0,Other,Delhi,2019-02-06,401.0,54.0,3.59,2590.0,1.31,43.9,Business,-0.44351001380318267,-0.27583764213376605,0,1,7,2,0.0,0.0,0.0,1.0,0.0,0.0,0.0,0.0,0.0,1.0,0.0,0.0,0.0,0.0,Medium,1,High,4.581696829802449,2.081938421878423,7.6131465242697125,0.031022443890274313,0.47408977556109727,0,2740,0.13466334164588528,13.772079772079774
T01604,R0253,Zone_10,14.56,124.59,132.54,Wallet,2024-01-10,0,Ishaan Gupta,26.0,Male,Surat,2021-08-19,173.0,24.0,3.16,2440.0,1.54,35.4,Industrial,-0.024097782384529212,1.4186237660953613,0,2,1,1,0.0,0.0,0.0,1.0,0.0,1.0,0.0,0.0,0.0,0.0,0.0,0.0,0.0,0.0,Medium,1,Medium,4.894401058429723,2.7447035187502458,11.161989070053778,0.28797687861271676,4.304104046242775,0,1815,0.13872832369942195,9.103021978021976
T01605,R0077,Zone_1,13.94,83.86,238.65,Cash,2024-05-17,0,Reyansh Das,28.0,Male,Mumbai,2019-09-07,406.0,72.0,3.79,4921.0,2.43,30.9,Residential,1.2169460512973822,1.2792913956574223,0,4,5,1,1.0,0.0,0.0,0.0,1.0,0.0,0.0,0.0,0.0,0.0,0.0,0.0,0.0,0.0,High,2,High,5.47917952560564,2.7040421797046714,9.157510578754469,0.3617241379310345,5.7729556650246305,0,2527,0.17733990147783252,17.119799139167863
T01606,R0179,Zone_9,8.73,82.07,177.84,Wallet,2024-05-20,1,Meera Patel,28.0,Male,Kolkata,2022-04-11,274.0,14.0,4.64,11037.0,1.83,56.1,Mixed,0.5057230230606747,0.10845002471925902,0,0,5,1,0.0,0.0,0.0,1.0,0.0,0.0,0.0,0.0,0.0,0.0,0.0,0.0,0.0,1.0,High,2,Medium,5.18649155136578,2.2752138961979136,9.059249417032296,0.09317518248175183,1.6759124087591242,0,1580,0.051094890510948905,20.371134020618555
T01607,R0279,Zone_9,3.7199999999999998,18.65,52.72,UPI,2023-04-28,0,Diya Singh,25.0,Other,Pune,2022-04-21,454.0,84.0,3.73,11037.0,1.83,56.1,Mixed,-0.9576584157319059,-1.0174454202711825,0,4,4,2,0.0,0.0,1.0,0.0,0.0,0.0,0.0,0.0,0.0,0.0,0.0,0.0,0.0,1.0,High,2,High,3.9837853716550367,1.5518087995974639,4.318564576337836,0.09151982378854624,1.5398017621145372,0,1570,0.18502202643171806,14.172043010752688
T01608,R0257,Zone_4,2.12,16.02,18.57,Cash,2024-05-05,0,Arjun Reddy,36.0,Other,Delhi,2023-03-11,459.0,19.0,4.82,4038.0,2.46,48.2,Business,-1.357070788931767,-1.37701282785296,0,6,5,2,1.0,0.0,0.0,0.0,0.0,0.0,0.0,0.0,1.0,0.0,0.0,0.0,0.0,0.0,High,2,High,2.9739977814079848,1.1378330018213911,4.0024992192379,0.12224400871459695,1.7913507625272331,0,1246,0.04139433551198257,8.75943396226415
T01609,R0040,Zone_3,9.44,53.61,232.99,UPI,2024-06-09,1,Aarav Gupta,34.0,Other,Surat,2023-05-05,485.0,36.0,4.41,12971.0,2.11,38.0,Business,1.1507476901755311,0.26800806183367265,0,6,6,2,0.0,0.0,1.0,0.0,0.0,0.0,0.0,1.0,0.0,0.0,0.0,0.0,0.0,0.0,High,2,High,5.455278379401799,2.3456445824544927,7.321885003194191,0.1658762886597938,2.352061855670103,0,1191,0.07422680412371134,24.681144067796613
T01610,R0186,Zone_10,4.8100000000000005,32.34,69.28,UPI,2023-03-13,0,Ishaan Sharma,18.0,Other,Hyderabad,2020-12-11,373.0,19.0,3.26,2440.0,1.54,35.4,Industrial,-0.7639755782446526,-0.7724901238560963,0,0,3,2,0.0,0.0,1.0,0.0,0.0,1.0,0.0,0.0,0.0,0.0,0.0,0.0,0.0,0.0,Medium,1,High,4.252487263318897,1.75958057086382,5.686826883245173,0.18386058981233244,2.5169436997319035,0,2066,0.05093833780160858,14.403326403326401
T01611,R0104,Zone_2,10.38,81.05,102.76,UPI,2024-03-23,0,Diya Gupta,52.0,Male,Kolkata,2021-05-27,328.0,1.0,3.7,6371.0,0.91,58.4,Residential,-0.3723994068030317,0.47925391378796733,0,5,3,1,0.0,0.0,1.0,0.0,0.0,0.0,1.0,0.0,0.0,0.0,0.0,0.0,0.0,0.0,Low,0,Medium,4.642080540008188,2.431857428698185,9.002777349240622,0.14234756097560977,2.3335060975609756,0,1899,0.003048780487804878,9.89980732177264
T01612,R0271,Zone_4,6.07,60.67,117.3,Wallet,2023-09-24,0,Saanvi Iyer,22.0,Male,Bengaluru,2022-10-07,58.0,6.0,4.37,4038.0,2.46,48.2,Business,-0.20234213282569705,-0.4893307903854464,0,6,9,1,0.0,0.0,0.0,1.0,0.0,0.0,0.0,0.0,1.0,0.0,0.0,0.0,0.0,0.0,High,2,Low,4.773223770984341,1.9558604799084813,7.789094941005662,1.1210344827586207,16.013448275862068,0,1401,0.10344827586206896,19.32454695222405
T01613,R0025,Zone_4,11.87,88.44,159.39,Cash,2023-09-08,0,Meera Das,21.0,Female,Mumbai,2021-10-22,42.0,3.0,4.01,4038.0,2.46,48.2,Business,0.28993507912107164,0.8141010620984974,0,4,9,0,1.0,0.0,0.0,0.0,0.0,0.0,0.0,0.0,1.0,0.0,0.0,0.0,0.0,0.0,High,2,Low,5.077608349349287,2.554899021608035,9.404254356406998,1.125,17.129285714285714,0,1751,0.07142857142857142,13.427969671440607
T01614,R0100,Zone_2,9.04,72.33,200.2,Cash,2023-06-11,1,Ishaan Gupta,28.0,Male,Delhi,2021-05-24,383.0,60.0,3.79,6371.0,0.91,58.4,Residential,0.7672416369625455,0.17811620993822816,0,6,6,1,1.0,0.0,0.0,0.0,0.0,0.0,1.0,0.0,0.0,0.0,0.0,0.0,0.0,0.0,Low,0,High,5.304299438225584,2.306577114263583,8.504704580407246,0.26488250652741513,4.327650130548303,0,1902,0.1566579634464752,22.146017699115045
T01615,R0101,Zone_9,12.99,106.71,165.87,Credit Card,2023-07-26,0,Aarav Singh,37.0,Female,Delhi,2020-11-01,228.0,29.0,3.03,11037.0,1.83,56.1,Mixed,0.36572401552912753,1.065798247405742,0,2,7,0,0.0,1.0,0.0,0.0,0.0,0.0,0.0,0.0,0.0,0.0,0.0,0.0,0.0,1.0,High,2,Medium,5.117215066158812,2.63834278867739,10.330053242844395,0.19864035087719298,2.9445614035087715,0,2106,0.12719298245614036,12.76905311778291
T01616,R0295,Zone_6,3.17,26.19,63.07,Credit Card,2023-05-12,0,Kavya Gupta,18.0,Female,Delhi,2019-05-29,98.0,18.0,3.59,14627.0,0.54,37.6,Mixed,-0.8366066423023727,-1.1410467166274185,0,4,5,0,0.0,1.0,0.0,0.0,0.0,0.0,0.0,0.0,0.0,0.0,1.0,0.0,0.0,0.0,Low,0,Low,4.15997623565093,1.4279160358107101,5.117616632769594,0.45683673469387753,5.34734693877551,0,2628,0.1836734693877551,19.895899053627762
T01617,R0015,Zone_9,6.86,36.69,158.93,Credit Card,2024-07-15,1,Saanvi Patel,28.0,Other,Chennai,2022-12-19,46.0,1.0,3.87,11037.0,1.83,56.1,Mixed,0.2845550003019815,-0.31179438289194367,0,0,7,2,0.0,1.0,0.0,0.0,0.0,0.0,0.0,0.0,0.0,0.0,0.0,0.0,0.0,1.0,High,2,Low,5.074736219502779,2.061786606441115,6.057227088363123,0.6521739130434783,12.996739130434783,0,1328,0.021739130434782608,23.167638483965014
T01618,R0212,Zone_8,19.08,127.16,379.63,Cash,2024-05-12,0,Aadhya Iyer,36.0,Female,Ahmedabad,2023-09-11,73.0,12.0,3.22,4516.0,1.93,31.0,Business,3.4837136076623914,2.434401692513883,0,6,5,0,1.0,0.0,0.0,0.0,0.0,0.0,0.0,0.0,0.0,0.0,0.0,0.0,1.0,0.0,High,2,Low,5.94182777466688,2.9997242948235283,11.276524287208359,0.8024657534246575,15.458767123287672,0,1062,0.1643835616438356,19.896750524109017
T01619,R0049,Zone_10,4.52,32.2,63.01,Cash,2023-09-04,0,Meera Iyer,39.0,Male,Mumbai,2020-05-19,375.0,55.0,4.4,2440.0,1.54,35.4,Industrial,-0.8373083917135584,-0.8376617164802936,0,0,9,1,1.0,0.0,0.0,0.0,0.0,1.0,0.0,0.0,0.0,0.0,0.0,0.0,0.0,0.0,Medium,1,High,4.159039321153912,1.7083778602890038,5.674504383644443,0.15565333333333334,2.6144,0,2272,0.14666666666666667,13.940265486725664
T01620,R0059,Zone_2,12.21,89.57,237.49,UPI,2023-04-23,0,Aarav Sharma,43.0,Male,Delhi,2021-08-02,357.0,11.0,3.27,6371.0,0.91,58.4,Residential,1.2033788960144587,0.8905091362096256,0,6,4,1,0.0,0.0,1.0,0.0,0.0,0.0,1.0,0.0,0.0,0.0,0.0,0.0,0.0,0.0,Low,0,High,5.474327380728188,2.580974118534234,9.464142856064674,0.09803921568627451,1.4979831932773109,0,1832,0.03081232492997199,19.45045045045045
T01621,R0062,Zone_6,10.09,66.64,113.63,Credit Card,2023-03-10,0,Kavya Sharma,38.0,Male,Jaipur,2019-05-13,57.0,3.0,3.58,14627.0,0.54,37.6,Mixed,-0.2452658051432224,0.4140823211637699,0,4,3,1,0.0,1.0,0.0,0.0,0.0,0.0,0.0,0.0,0.0,0.0,1.0,0.0,0.0,0.0,Low,0,Low,4.741709550126918,2.4060438013622756,8.16333265278342,1.1587719298245613,15.605438596491227,0,2644,0.05263157894736842,11.261645193260653
T01622,R0031,Zone_10,14.43,83.28,128.31,Credit Card,2023-11-02,0,Reyansh Nair,29.0,Female,Hyderabad,2023-04-27,230.0,21.0,4.62,2440.0,1.54,35.4,Industrial,-0.07357111587312097,1.3894089142293418,0,3,11,0,0.0,1.0,0.0,0.0,0.0,1.0,0.0,0.0,0.0,0.0,0.0,0.0,0.0,0.0,Medium,1,Medium,4.86221262230776,2.7363136663750693,9.125787637239867,0.11760869565217391,1.699173913043478,0,1199,0.09130434782608696,8.891891891891893
T01623,R0130,Zone_6,7.13,63.26,131.57,UPI,2024-04-03,0,Diya Ghosh,27.0,Female,Pune,2019-02-16,316.0,62.0,3.62,14627.0,0.54,37.6,Mixed,-0.03544273119869802,-0.2511173828625188,0,2,4,0,0.0,0.0,1.0,0.0,0.0,0.0,0.0,0.0,0.0,0.0,1.0,0.0,0.0,0.0,Low,0,Medium,4.887110807810759,2.0955609235597192,7.9536155300592695,0.1610759493670886,2.836487341772152,0,2730,0.1962025316455696,18.453015427769984
T01624,R0267,Zone_3,13.95,100.44,191.44,Credit Card,2023-01-24,0,Arjun Iyer,37.0,Other,Jaipur,2021-01-01,131.0,11.0,4.5,12971.0,2.11,38.0,Business,0.6647862229294335,1.2815386919548084,0,1,1,2,0.0,1.0,0.0,0.0,0.0,0.0,0.0,1.0,0.0,0.0,0.0,0.0,0.0,0.0,High,2,Low,5.259784416831253,2.7047112998366956,10.02197585309404,0.3602290076335878,5.203740458015267,0,2045,0.08396946564885496,13.723297491039427
T01625,R0204,Zone_4,14.08,86.32,142.21,Wallet,2024-05-19,0,Aarav Kumar,37.0,Female,Hyderabad,2019-01-01,438.0,5.0,3.73,4038.0,2.46,48.2,Business,0.08900083105156635,1.310753543820828,0,6,5,0,0.0,0.0,0.0,1.0,0.0,0.0,0.0,0.0,1.0,0.0,0.0,0.0,0.0,0.0,High,2,High,4.9643120844906115,2.71336936257981,9.290855719469548,0.15481735159817353,2.0578767123287673,0,2776,0.01141552511415525,10.100142045454547
T01626,R0266,Zone_10,8.98,63.43,121.26,Wallet,2023-10-15,0,Diya Reddy,29.0,Other,Chennai,2020-09-25,98.0,13.0,3.9,2440.0,1.54,35.4,Industrial,-0.15602667168744075,0.16463243215391177,0,6,10,2,0.0,0.0,0.0,1.0,0.0,1.0,0.0,0.0,0.0,0.0,0.0,0.0,0.0,0.0,Medium,1,Low,4.80614992460058,2.300583090323373,7.964295323504773,0.7445918367346939,12.729081632653061,0,2143,0.1326530612244898,13.503340757238307
T01627,R0138,Zone_7,2.18,11.6,40.84,Wallet,2024-07-29,0,Ishaan Das,46.0,Male,Kolkata,2022-07-28,13.0,0.0,3.53,11070.0,0.64,45.2,Industrial,-1.0966047991466745,-1.3635290500686434,0,0,7,1,0.0,0.0,0.0,1.0,0.0,0.0,0.0,0.0,0.0,0.0,0.0,1.0,0.0,0.0,Low,0,Low,3.7338528197566676,1.1568811967920856,3.40587727318528,2.4038461538461537,40.113846153846154,0,1472,0.0,18.73394495412844
T01628,R0063,Zone_6,12.57,66.91,195.23,UPI,2024-06-19,0,Diya Iyer,34.0,Male,Surat,2023-04-21,329.0,33.0,4.83,14627.0,0.54,37.6,Mixed,0.70911339406933,0.9714118029155254,0,2,6,1,0.0,0.0,1.0,0.0,0.0,0.0,0.0,0.0,0.0,0.0,1.0,0.0,0.0,0.0,Low,0,Medium,5.279287440641231,2.6078614738467776,8.179853299418028,0.2053191489361702,3.7828571428571425,0,1205,0.10030395136778116,15.531424025457436
T01629,R0260,Zone_2,3.13,28.76,62.82,UPI,2024-05-10,1,Reyansh Das,55.0,Other,Mumbai,2019-07-17,63.0,3.0,4.24,6371.0,0.91,58.4,Residential,-0.839530598182313,-1.150035901816963,0,4,5,2,0.0,0.0,1.0,0.0,0.0,0.0,1.0,0.0,0.0,0.0,0.0,0.0,0.0,0.0,Low,0,Low,4.156066620850098,1.4182774069729414,5.362835071116769,0.5998412698412698,10.94063492063492,0,2579,0.047619047619047616,20.070287539936103
T01630,R0067,Zone_5,7.31,39.41,165.12,UPI,2023-04-01,1,Saanvi Iyer,32.0,Male,Pune,2022-07-24,348.0,9.0,3.38,2590.0,1.31,43.9,Business,0.35695214788930624,-0.21066604950956885,0,5,4,1,0.0,0.0,1.0,0.0,0.0,0.0,0.0,0.0,0.0,1.0,0.0,0.0,0.0,0.0,Medium,1,High,5.1127104187625525,2.1174596088673567,6.2777384462878025,0.32491379310344826,5.3069252873563215,0,1476,0.02586206896551724,22.58823529411765
T01631,R0177,Zone_1,12.73,110.74,235.51,Credit Card,2024-07-15,0,Ishaan Reddy,34.0,Other,Bengaluru,2023-02-15,489.0,63.0,4.48,4921.0,2.43,30.9,Residential,1.1802211654453303,1.0073685436737032,0,0,7,2,0.0,1.0,0.0,0.0,1.0,0.0,0.0,0.0,0.0,0.0,0.0,0.0,0.0,0.0,High,2,High,5.465990490336171,2.6195832197798796,10.523307464861036,0.23668711656441715,3.8175051124744375,0,1270,0.12883435582822086,18.500392772977218
T01632,R0007,Zone_8,13.46,95.47,174.21,Credit Card,2023-04-26,0,Ishaan Ghosh,18.0,Female,Mumbai,2021-03-26,458.0,82.0,4.03,4516.0,1.93,31.0,Business,0.4632671836839399,1.1714211733828894,0,2,4,0,0.0,1.0,0.0,0.0,0.0,0.0,0.0,0.0,0.0,0.0,0.0,0.0,1.0,0.0,High,2,High,5.165985254498996,2.671386216730619,9.770875088752286,0.08650655021834062,1.3033187772925765,0,1961,0.17903930131004367,12.942793462109956
T01633,R0232,Zone_6,6.26,62.59,81.29,Credit Card,2023-04-09,0,Meera Das,38.0,Male,Jaipur,2022-12-08,172.0,15.0,3.94,14627.0,0.54,37.6,Mixed,-0.6235087377723149,-0.4466321607351104,0,6,4,1,0.0,1.0,0.0,0.0,0.0,0.0,0.0,0.0,0.0,0.0,1.0,0.0,0.0,0.0,Low,0,Medium,4.410249593617622,1.9823798288367047,7.911384202527394,0.541860465116279,8.667674418604651,0,1339,0.0872093023255814,12.98562300319489
T01634,R0066,Zone_4,11.13,81.26,140.6,Cash,2023-12-09,0,Arjun Patel,38.0,Female,Bengaluru,2022-06-03,167.0,28.0,4.72,4038.0,2.46,48.2,Business,0.0701705551847499,0.6478011360919256,0,5,12,0,1.0,0.0,0.0,0.0,0.0,0.0,0.0,0.0,1.0,0.0,0.0,0.0,0.0,0.0,High,2,Low,4.953006181259619,2.495681722955959,9.01443287178955,0.25431137724550895,3.449940119760479,0,1527,0.16766467065868262,12.632524707996405
T01635,R0291,Zone_9,0.29,2.87,4.66,Wallet,2023-08-03,0,Arjun Ghosh,23.0,Other,Pune,2021-04-19,499.0,94.0,3.46,11037.0,1.83,56.1,Mixed,-1.519759694091652,-1.7882680502746182,0,3,8,2,0.0,0.0,0.0,1.0,0.0,0.0,0.0,0.0,0.0,0.0,0.0,0.0,0.0,1.0,High,2,High,1.7334238922150915,0.2546422183735807,1.6941074346097416,0.09308617234468938,1.59436873747495,0,1937,0.18837675350701402,16.06896551724138
T01636,R0009,Zone_2,5.64,36.01,62.56,Wallet,2024-05-28,0,Diya Patel,42.0,Female,Ahmedabad,2019-12-15,172.0,21.0,4.11,6371.0,0.91,58.4,Residential,-0.842571512297451,-0.5859645311730493,0,1,5,0,0.0,0.0,0.0,1.0,0.0,0.0,1.0,0.0,0.0,0.0,0.0,0.0,0.0,0.0,Low,0,Medium,4.151984341668515,1.8931119634883424,6.000833275470999,0.37720930232558136,5.327848837209302,0,2428,0.12209302325581395,11.092198581560284
T01637,R0044,Zone_7,15.34,123.22,134.21,Credit Card,2023-04-05,0,Arjun Gupta,36.0,Female,Hyderabad,2020-08-01,271.0,5.0,3.21,11070.0,0.64,45.2,Industrial,-0.004565757106527032,1.593912877291478,0,2,4,0,0.0,1.0,0.0,0.0,0.0,0.0,0.0,0.0,0.0,0.0,0.0,1.0,0.0,0.0,Low,0,Medium,4.906829125370667,2.7936160894318567,11.10045044131093,0.37734317343173435,6.127380073800738,0,2198,0.01845018450184502,8.749022164276402
T01638,R0002,Zone_8,14.72,101.63,148.43,Cash,2023-02-08,0,Ishaan Nair,39.0,Female,Mumbai,2019-11-23,70.0,5.0,4.12,4516.0,1.93,31.0,Business,0.16174885334448394,1.4545805068535391,0,2,2,0,1.0,0.0,0.0,0.0,0.0,0.0,0.0,0.0,0.0,0.0,0.0,0.0,1.0,0.0,High,2,Low,5.006828055753302,2.7549337870010606,10.081170566953025,1.0812857142857142,16.794428571428572,0,2450,0.07142857142857142,10.083559782608695
T01639,R0292,Zone_7,11.35,79.85,93.29,Wallet,2023-12-11,0,Diya Patel,37.0,Female,Jaipur,2020-06-28,141.0,19.0,4.39,11070.0,0.64,45.2,Industrial,-0.48315885553517474,0.6972416546344198,0,0,12,0,0.0,0.0,0.0,1.0,0.0,0.0,0.0,0.0,0.0,0.0,0.0,1.0,0.0,0.0,Low,0,Low,4.546375139477586,2.513656063073986,8.935882720806042,0.5628368794326241,8.070141843971632,0,2232,0.1347517730496454,8.219383259911895
T01640,R0124,Zone_7,7.29,37.66,85.71,UPI,2024-06-29,0,Aadhya Das,37.0,Other,Hyderabad,2022-06-09,419.0,25.0,3.59,11070.0,0.64,45.2,Industrial,-0.5718131978149683,-0.21516064210434097,0,5,6,2,0.0,0.0,1.0,0.0,0.0,0.0,0.0,0.0,0.0,0.0,0.0,1.0,0.0,0.0,Low,0,High,4.462569217389069,2.1150499691472033,6.136774397026503,0.10162291169451074,1.5354415274463007,0,1521,0.059665871121718374,11.757201646090534
T01641,R0250,Zone_3,12.24,92.52,209.81,Cash,2023-08-07,0,Aadhya Iyer,34.0,Female,Jaipur,2021-02-01,163.0,31.0,4.63,12971.0,2.11,38.0,Business,0.8796385009874554,0.8972510251017838,0,0,8,0,1.0,0.0,0.0,0.0,0.0,0.0,0.0,1.0,0.0,0.0,0.0,0.0,0.0,0.0,High,2,Low,5.350957253872216,2.5832425505088623,9.618731725128837,0.46208588957055213,6.91601226993865,0,2014,0.1901840490797546,17.141339869281044
T01642,R0271,Zone_8,7.88,75.96,74.58,UPI,2023-05-11,0,Saanvi Iyer,22.0,Male,Bengaluru,2022-10-07,58.0,6.0,4.37,4516.0,1.93,31.0,Business,-0.7019877135899157,-0.0825701605585605,0,3,5,1,0.0,0.0,1.0,0.0,0.0,0.0,0.0,0.0,0.0,0.0,0.0,0.0,1.0,0.0,High,2,Low,4.325191697921343,2.1838015570040787,8.71550342780037,1.1210344827586207,16.013448275862068,0,1401,0.10344827586206896,9.464467005076141
T01643,R0271,Zone_5,8.84,69.96,205.88,Credit Card,2023-10-03,1,Saanvi Iyer,22.0,Male,Bengaluru,2022-10-07,58.0,6.0,4.37,2590.0,1.31,43.9,Business,0.833673914554792,0.1331702839905061,0,1,10,1,0.0,1.0,0.0,0.0,0.0,0.0,0.0,0.0,0.0,1.0,0.0,0.0,0.0,0.0,Medium,1,Low,5.332138915023547,2.286455711064162,8.364209466530593,1.1210344827586207,16.013448275862068,0,1401,0.10344827586206896,23.289592760180994
T01644,R0155,Zone_10,8.44,46.57,105.78,Wallet,2023-08-26,0,Meera Reddy,23.0,Male,Hyderabad,2019-02-10,353.0,8.0,3.14,2440.0,1.54,35.4,Industrial,-0.3370780197733515,0.04327843209506161,0,5,8,1,0.0,0.0,0.0,1.0,0.0,1.0,0.0,0.0,0.0,0.0,0.0,0.0,0.0,0.0,Medium,1,High,4.67077064307204,2.244955980157409,6.824221567329126,0.17254957507082153,2.639405099150142,0,2736,0.0226628895184136,12.533175355450238
T01645,R0018,Zone_7,4.12,37.56,46.6,Credit Card,2023-05-07,0,Aarav Reddy,49.0,Female,Delhi,2023-01-09,446.0,86.0,3.29,11070.0,0.64,45.2,Industrial,-1.0292368556728475,-0.927553568375738,0,6,5,0,0.0,1.0,0.0,0.0,0.0,0.0,0.0,0.0,0.0,0.0,0.0,1.0,0.0,0.0,Low,0,High,3.8628327612373745,1.6331544390514163,6.128621378417825,0.12150224215246637,2.3415470852017934,0,1307,0.19282511210762332,11.310679611650485
T01646,R0157,Zone_3,11.63,91.2,170.93,Wallet,2024-01-24,0,Kavya Nair,36.0,Female,Hyderabad,2021-11-23,319.0,27.0,4.65,12971.0,2.11,38.0,Business,0.4249048825391216,0.7601659509612311,0,2,1,0,0.0,0.0,0.0,1.0,0.0,0.0,0.0,1.0,0.0,0.0,0.0,0.0,0.0,0.0,High,2,Medium,5.147087417231756,2.5360749363624,9.549869109050658,0.3570532915360502,5.880658307210031,0,1719,0.08463949843260188,14.697334479793637
T01647,R0026,Zone_10,2.65,18.2,25.4,Cash,2023-09-29,0,Aarav Kumar,26.0,Female,Surat,2020-04-17,44.0,5.0,3.17,2440.0,1.54,35.4,Industrial,-1.2771883142917948,-1.2579061240914962,0,4,9,0,1.0,0.0,0.0,0.0,0.0,1.0,0.0,0.0,0.0,0.0,0.0,0.0,0.0,0.0,Medium,1,Low,3.2733640101522705,1.2947271675944,4.266145801540309,1.8020454545454547,22.11795454545455,0,2304,0.11363636363636363,9.584905660377359
T01648,R0196,Zone_3,11.88,114.22,118.56,Credit Card,2024-06-05,0,Vivaan Das,18.0,Male,Hyderabad,2019-06-24,51.0,9.0,4.93,12971.0,2.11,38.0,Business,-0.18760539519079727,0.8163483583958839,0,2,6,1,0.0,1.0,0.0,0.0,0.0,0.0,0.0,1.0,0.0,0.0,0.0,0.0,0.0,0.0,High,2,Low,4.783818337415737,2.5556757206762075,10.687375730271674,1.8813725490196078,31.831960784313726,0,2602,0.17647058823529413,9.97979797979798
T01649,R0253,Zone_4,3.2,28.3,49.71,UPI,2023-06-28,0,Ishaan Gupta,26.0,Male,Surat,2021-08-19,173.0,24.0,3.16,4038.0,2.46,48.2,Business,-0.9928628445263884,-1.13430482773526,0,2,6,1,0.0,0.0,1.0,0.0,0.0,0.0,0.0,0.0,1.0,0.0,0.0,0.0,0.0,0.0,High,2,Medium,3.926123129806928,1.4350845252893227,5.319774431308154,0.28797687861271676,4.304104046242775,0,1815,0.13872832369942195,15.534374999999999
T01650,R0261,Zone_2,4.39,23.72,49.3,Cash,2024-03-29,0,Aarav Kumar,31.0,Male,Pune,2022-08-26,477.0,83.0,4.24,6371.0,0.91,58.4,Residential,-0.9976581321694908,-0.8668765683463131,0,4,3,1,1.0,0.0,0.0,0.0,0.0,0.0,1.0,0.0,0.0,0.0,0.0,0.0,0.0,0.0,Low,0,High,3.9180050771056933,1.6845453849209058,4.870318264754368,0.10308176100628931,1.3621174004192873,0,1443,0.1740041928721174,11.230068337129842
T01651,R0097,Zone_2,6.2,61.2,102.4,UPI,2024-01-23,0,Aarav Iyer,23.0,Other,Bengaluru,2021-01-25,478.0,5.0,3.28,6371.0,0.91,58.4,Residential,-0.3766099032701459,-0.46011593851942695,0,1,1,2,0.0,0.0,1.0,0.0,0.0,0.0,1.0,0.0,0.0,0.0,0.0,0.0,0.0,0.0,Low,0,High,4.638604962074329,1.9740810260220096,7.8230428862431785,0.1452510460251046,2.3370292887029285,0,2021,0.010460251046025104,16.516129032258064
T01652,R0214,Zone_10,7.22,57.99,164.58,Wallet,2024-05-16,1,Aarav Kumar,20.0,Female,Kolkata,2022-09-14,210.0,2.0,4.53,2440.0,1.54,35.4,Industrial,0.35063640318863504,-0.23089171618604382,0,3,5,0,0.0,0.0,0.0,1.0,0.0,1.0,0.0,0.0,0.0,0.0,0.0,0.0,0.0,0.0,Medium,1,Medium,5.10945446171066,2.1065702090680882,7.61511654539837,0.1940952380952381,3.2461428571428574,0,1424,0.009523809523809525,22.795013850415515
T01653,R0250,Zone_5,8.95,64.68,119.38,UPI,2024-06-18,0,Aadhya Iyer,34.0,Female,Jaipur,2021-02-01,163.0,31.0,4.63,2590.0,1.31,43.9,Business,-0.1780148199045928,0.1578905432617532,0,1,6,0,0.0,0.0,1.0,0.0,0.0,0.0,0.0,0.0,0.0,1.0,0.0,0.0,0.0,0.0,Medium,1,Low,4.790653406119625,2.2975725511705014,8.04238770515324,0.46208588957055213,6.91601226993865,0,2014,0.1901840490797546,13.33854748603352
T01654,R0125,Zone_1,12.14,94.46,296.53,UPI,2023-06-03,1,Saanvi Ghosh,44.0,Male,Ahmedabad,2023-04-22,99.0,19.0,3.89,4921.0,2.43,30.9,Residential,1.8939003166211874,0.8747780621279228,0,5,6,1,0.0,0.0,1.0,0.0,1.0,0.0,0.0,0.0,0.0,0.0,0.0,0.0,0.0,0.0,High,2,Low,5.695515060237774,2.5756610130564646,9.719053451854249,0.5633333333333332,11.28040404040404,0,1204,0.1919191919191919,24.42586490939044
T01655,R0196,Zone_6,14.55,91.15,168.41,Cash,2024-05-10,0,Vivaan Das,18.0,Male,Hyderabad,2019-06-24,51.0,9.0,4.93,14627.0,0.54,37.6,Mixed,0.3954314072693221,1.4163764697979753,0,4,5,1,1.0,0.0,0.0,0.0,0.0,0.0,0.0,0.0,0.0,0.0,1.0,0.0,0.0,0.0,Low,0,Low,5.132321812352855,2.744060638625243,9.547250913221042,1.8813725490196078,31.831960784313726,0,2602,0.17647058823529413,11.574570446735395
T01656,R0185,Zone_10,0.55,5.47,9.49,Wallet,2023-06-10,0,Vivaan Sharma,27.0,Male,Delhi,2021-08-27,201.0,12.0,4.05,2440.0,1.54,35.4,Industrial,-1.463268866491203,-1.7298383465425795,0,5,6,1,0.0,0.0,0.0,1.0,0.0,1.0,0.0,0.0,0.0,0.0,0.0,0.0,0.0,0.0,Medium,1,Medium,2.3504224224082058,0.4382549309311553,2.3388031127052997,0.21756218905472638,3.7018905472636816,0,1807,0.05970149253731343,17.254545454545454
T01657,R0246,Zone_3,12.92,108.63,201.25,Cash,2023-08-16,0,Vivaan Das,29.0,Other,Mumbai,2021-03-31,240.0,34.0,4.79,12971.0,2.11,38.0,Business,0.7795222516582955,1.0500671733240392,0,2,8,2,1.0,0.0,0.0,0.0,0.0,0.0,0.0,1.0,0.0,0.0,0.0,0.0,0.0,0.0,High,2,Medium,5.309504555938601,2.6333266549062735,10.422571659624126,0.34891666666666665,6.460624999999999,0,1956,0.14166666666666666,15.576625386996904
T01658,R0184,Zone_1,5.68,33.74,133.83,UPI,2024-03-30,1,Meera Nair,29.0,Female,Surat,2020-03-04,285.0,27.0,3.97,4921.0,2.43,30.9,Residential,-0.009010170044036415,-0.5769753459835049,0,5,3,0,0.0,0.0,1.0,0.0,1.0,0.0,0.0,0.0,0.0,0.0,0.0,0.0,0.0,0.0,High,2,Medium,4.904014725645983,1.8991179875485542,5.808614292583043,0.24266666666666664,4.2551578947368425,0,2348,0.09473684210526316,23.561619718309863
T01659,R0086,Zone_8,7.64,68.83,107.37,UPI,2023-07-01,0,Vivaan Patel,23.0,Male,Hyderabad,2019-11-08,337.0,17.0,4.56,4516.0,1.93,31.0,Business,-0.3184816603769304,-0.13650527169582719,0,5,7,1,0.0,0.0,1.0,0.0,0.0,0.0,0.0,0.0,0.0,0.0,0.0,0.0,1.0,0.0,High,2,High,4.685551297934904,2.1564025828159643,8.296384754819414,0.19192878338278935,3.352581602373887,0,2465,0.050445103857566766,14.05366492146597
T01660,R0095,Zone_1,7.47,54.57,181.06,UPI,2023-03-09,1,Kavya Iyer,29.0,Female,Chennai,2020-10-07,481.0,77.0,4.26,4921.0,2.43,30.9,Residential,0.5433835747943073,-0.17470930875139104,0,3,3,0,0.0,0.0,1.0,0.0,1.0,0.0,0.0,0.0,0.0,0.0,0.0,0.0,0.0,0.0,High,2,High,5.204336303077143,2.136530508663963,7.387151006985034,0.23856548856548856,3.907713097713098,0,2131,0.1600831600831601,24.238286479250334
T01661,R0173,Zone_5,5.75,37.23,46.87,UPI,2023-11-15,0,Saanvi Ghosh,26.0,Other,Mumbai,2020-01-15,389.0,55.0,4.28,2590.0,1.31,43.9,Business,-1.0260789833225117,-0.561244271901802,0,2,11,2,0.0,0.0,1.0,0.0,0.0,0.0,0.0,0.0,0.0,1.0,0.0,0.0,0.0,0.0,Medium,1,High,3.8684890034044175,1.9095425048844386,6.10163912403872,0.1286375321336761,2.2145758354755785,0,2397,0.14138817480719795,8.151304347826086
T01662,R0149,Zone_4,3.55,31.84,59.18,Credit Card,2024-05-27,0,Diya Reddy,30.0,Male,Jaipur,2019-09-14,89.0,8.0,4.57,4038.0,2.46,48.2,Business,-0.8821033957942453,-1.0556494573267463,0,0,5,1,0.0,1.0,0.0,0.0,0.0,0.0,0.0,0.0,1.0,0.0,0.0,0.0,0.0,0.0,High,2,Low,4.0973400712018995,1.5151272329628591,5.642694391866354,0.4766292134831461,7.428314606741573,0,2520,0.0898876404494382,16.67042253521127
T01663,R0294,Zone_4,9.4,87.11,128.34,Cash,2023-09-18,0,Arjun Reddy,24.0,Male,Surat,2021-04-02,41.0,7.0,3.2,4038.0,2.46,48.2,Business,-0.07322024116752811,0.2590188766441284,0,0,9,1,1.0,0.0,0.0,0.0,0.0,0.0,0.0,0.0,1.0,0.0,0.0,0.0,0.0,0.0,High,2,Low,4.862444596018447,2.341805806147327,9.333273809334,1.3824390243902438,20.37560975609756,0,1954,0.17073170731707318,13.653191489361703
T01664,R0283,Zone_5,12.06,77.85,274.76,Wallet,2024-03-08,1,Diya Nair,19.0,Male,Surat,2023-06-15,245.0,45.0,3.55,2590.0,1.31,43.9,Business,1.639282238595976,0.8567996917488339,0,4,3,1,0.0,0.0,0.0,1.0,0.0,0.0,0.0,0.0,0.0,1.0,0.0,0.0,0.0,0.0,Medium,1,Medium,5.61953092220861,2.569554123848285,8.823264701911645,0.22844897959183674,4.135632653061225,0,1150,0.1836734693877551,22.782752902155885
T01665,R0293,Zone_1,1.7000000000000002,9.4,23.4,Wallet,2023-02-13,0,Arjun Kumar,39.0,Female,Delhi,2019-10-01,248.0,44.0,3.2,4921.0,2.43,30.9,Residential,-1.300579961331318,-1.4713992723431766,0,0,2,0,0.0,0.0,0.0,1.0,1.0,0.0,0.0,0.0,0.0,0.0,0.0,0.0,0.0,0.0,High,2,Medium,3.1945831322991562,0.9932517730102834,3.0659419433511785,0.09040322580645162,1.6186290322580645,0,2503,0.1774193548387097,13.764705882352938
T01666,R0247,Zone_9,7.9,54.08,140.92,Wallet,2024-05-03,0,Aadhya Das,37.0,Male,Bengaluru,2021-05-11,249.0,47.0,4.92,11037.0,1.83,56.1,Mixed,0.07391321871107355,-0.07807556796378816,0,4,5,1,0.0,0.0,0.0,1.0,0.0,0.0,0.0,0.0,0.0,0.0,0.0,0.0,0.0,1.0,High,2,Medium,4.955263518561269,2.186051276738094,7.353910524340094,0.5360642570281124,9.507791164658634,0,1915,0.18875502008032127,17.837974683544303
T01667,R0112,Zone_6,4.85,26.32,50.99,Wallet,2024-08-21,0,Meera Nair,41.0,Female,Delhi,2020-11-13,311.0,11.0,3.24,14627.0,0.54,37.6,Mixed,-0.9778921904210934,-0.763500938666552,0,2,8,0,0.0,0.0,0.0,1.0,0.0,0.0,0.0,0.0,0.0,0.0,1.0,0.0,0.0,0.0,Low,0,Medium,3.9510513923956245,1.766441661243765,5.130302135352264,0.28787781350482317,3.6986173633440513,0,2094,0.03536977491961415,10.513402061855672
T01668,R0012,Zone_9,13.48,88.12,180.67,Credit Card,2023-09-08,0,Aarav Das,31.0,Female,Hyderabad,2022-01-19,248.0,11.0,3.31,11037.0,1.83,56.1,Mixed,0.5388222036216,1.1759157659776616,0,4,9,0,0.0,1.0,0.0,0.0,0.0,0.0,0.0,0.0,0.0,0.0,0.0,0.0,0.0,1.0,High,2,Medium,5.202191854450653,2.6727683869575705,9.387225362161068,0.11737903225806451,1.4224193548387096,0,1662,0.04435483870967742,13.402818991097922
T01669,R0018,Zone_9,10.47,104.34,254.12,Credit Card,2023-02-11,1,Aarav Reddy,49.0,Female,Delhi,2023-01-09,446.0,86.0,3.29,11037.0,1.83,56.1,Mixed,1.3978804411480952,0.4994795804644423,0,5,2,0,0.0,1.0,0.0,0.0,0.0,0.0,0.0,0.0,0.0,0.0,0.0,0.0,0.0,1.0,High,2,High,5.541734022701802,2.4397349311412793,10.214695296483395,0.12150224215246637,2.3415470852017934,0,1307,0.19282511210762332,24.271251193887295
T01670,R0027,Zone_9,15.54,102.56,248.87,Wallet,2023-05-12,0,Ishaan Iyer,39.0,Male,Jaipur,2019-10-05,403.0,61.0,3.98,11037.0,1.83,56.1,Mixed,1.3364773676693464,1.6388588032392,0,4,5,1,0.0,0.0,0.0,1.0,0.0,0.0,0.0,0.0,0.0,0.0,0.0,0.0,0.0,1.0,High,2,High,5.520940782615359,2.805781689595545,10.12719112093773,0.14349875930521092,2.052803970223325,0,2499,0.1513647642679901,16.014800514800516
T01671,R0132,Zone_9,0.26,2.04,3.27,Wallet,2023-12-06,0,Aadhya Iyer,23.0,Male,Surat,2022-12-09,484.0,25.0,3.32,11037.0,1.83,56.1,Mixed,-1.5390578028992588,-1.7950099391667766,0,2,12,1,0.0,0.0,0.0,1.0,0.0,0.0,0.0,0.0,0.0,0.0,0.0,0.0,0.0,1.0,High,2,High,1.451613827240533,0.23111172096338664,1.42828568570857,0.1433884297520661,2.2561776859504135,0,1338,0.05165289256198347,12.576923076923077
T01672,R0263,Zone_10,13.17,85.57,307.13,Wallet,2024-03-08,1,Ishaan Das,31.0,Other,Chennai,2020-12-30,297.0,21.0,3.84,2440.0,1.54,35.4,Industrial,2.0178760459306613,1.1062495807586918,0,4,3,2,0.0,0.0,0.0,1.0,0.0,1.0,0.0,0.0,0.0,0.0,0.0,0.0,0.0,0.0,Medium,1,Medium,5.730521771845822,2.6511270537025893,9.250405396521819,0.3522558922558922,5.2110101010101015,0,2047,0.0707070707070707,23.320425208807897
T01673,R0065,Zone_9,8.81,81.96,76.13,Cash,2023-12-21,0,Meera Nair,43.0,Other,Mumbai,2023-06-28,180.0,32.0,4.52,11037.0,1.83,56.1,Mixed,-0.6838591871342852,0.1264283950983479,0,3,12,2,1.0,0.0,0.0,0.0,0.0,0.0,0.0,0.0,0.0,0.0,0.0,0.0,0.0,1.0,High,2,Medium,4.345492309945908,2.2834022735772717,9.053176238205019,0.13622222222222224,2.370611111111111,0,1137,0.17777777777777778,8.641316685584561
T01674,R0195,Zone_10,4.37,36.96,84.07,Cash,2023-05-31,0,Aadhya Reddy,33.0,Male,Kolkata,2021-05-27,72.0,10.0,4.97,2440.0,1.54,35.4,Industrial,-0.5909943483873775,-0.8713711609410852,0,2,5,1,1.0,0.0,0.0,0.0,0.0,1.0,0.0,0.0,0.0,0.0,0.0,0.0,0.0,0.0,Medium,1,Low,4.443474446987793,1.6808279085207734,6.079473661428265,0.9766666666666668,14.502361111111112,0,1899,0.1388888888888889,19.23798627002288
T01675,R0138,Zone_1,10.45,53.5,170.59,Wallet,2024-03-12,0,Ishaan Das,46.0,Male,Kolkata,2022-07-28,13.0,0.0,3.53,4921.0,2.43,30.9,Residential,0.4209283025424026,0.49498498786966977,0,1,3,1,0.0,0.0,0.0,1.0,1.0,0.0,0.0,0.0,0.0,0.0,0.0,0.0,0.0,0.0,High,2,Low,5.14510791029753,2.4379897300002487,7.314369419163897,2.4038461538461537,40.113846153846154,0,1472,0.0,16.3244019138756
T01676,R0213,Zone_1,15.83,84.55,300.77,UPI,2024-06-26,0,Kavya Ghosh,29.0,Female,Chennai,2019-06-04,456.0,26.0,3.74,4921.0,2.43,30.9,Residential,1.943490608344977,1.7040303958633973,0,2,6,0,0.0,0.0,1.0,0.0,1.0,0.0,0.0,0.0,0.0,0.0,0.0,0.0,0.0,0.0,High,2,High,5.709665137814357,2.8231630082027146,9.195107394696377,0.13396929824561402,2.3342105263157893,0,2622,0.05701754385964912,19.0
T01677,R0089,Zone_10,16.02,96.02,276.89,UPI,2023-08-11,0,Saanvi Reddy,48.0,Other,Surat,2022-09-21,308.0,6.0,3.91,2440.0,1.54,35.4,Industrial,1.6641943426930683,1.7467290255137333,0,4,8,2,0.0,0.0,1.0,0.0,0.0,1.0,0.0,0.0,0.0,0.0,0.0,0.0,0.0,0.0,Medium,1,Medium,5.627225351934046,2.834389123145228,9.798979538707078,0.29165584415584417,4.595941558441559,0,1417,0.01948051948051948,17.28401997503121
T01678,R0147,Zone_9,12.11,103.45,251.23,Cash,2024-06-18,1,Saanvi Nair,35.0,Other,Mumbai,2022-08-29,239.0,21.0,3.91,11037.0,1.83,56.1,Mixed,1.3640795111759838,0.8680361732357641,0,1,6,2,1.0,0.0,0.0,0.0,0.0,0.0,0.0,0.0,0.0,0.0,0.0,0.0,0.0,1.0,High,2,Medium,5.530341369668184,2.5733752977756086,10.171037311896953,0.26589958158995813,4.27531380753138,0,1440,0.08786610878661087,20.745664739884393
T01679,R0204,Zone_10,3.04,18.36,46.52,UPI,2024-06-18,0,Aarav Kumar,37.0,Female,Hyderabad,2019-01-01,438.0,5.0,3.73,2440.0,1.54,35.4,Industrial,-1.0301725215544282,-1.1702615684934379,0,1,6,0,0.0,0.0,1.0,0.0,0.0,1.0,0.0,0.0,0.0,0.0,0.0,0.0,0.0,0.0,Medium,1,High,3.8611506750543896,1.3962446919730587,4.28485705712571,0.15481735159817353,2.0578767123287673,0,2776,0.01141552511415525,15.30263157894737
T01680,R0067,Zone_2,9.55,70.55,139.31,Credit Card,2023-12-03,0,Saanvi Iyer,32.0,Male,Pune,2022-07-24,348.0,9.0,3.38,6371.0,0.91,58.4,Residential,0.05508294284425744,0.29272832110492014,0,6,12,1,0.0,1.0,0.0,0.0,0.0,0.0,1.0,0.0,0.0,0.0,0.0,0.0,0.0,0.0,Low,0,High,4.943854260405905,2.3561258599220753,8.399404740813482,0.32491379310344826,5.3069252873563215,0,1476,0.02586206896551724,14.587434554973822
T01681,R0090,Zone_4,9.71,84.65,212.98,Cash,2023-03-28,1,Kavya Iyer,33.0,Female,Mumbai,2021-01-31,152.0,25.0,4.51,4038.0,2.46,48.2,Business,0.9167142615450997,0.3286850618630979,0,1,3,0,1.0,0.0,0.0,0.0,0.0,0.0,0.0,0.0,1.0,0.0,0.0,0.0,0.0,0.0,High,2,Low,5.3658825527104606,2.3711778844596574,9.200543462209176,0.7113815789473685,12.63078947368421,0,2015,0.16447368421052633,21.934088568486093
T01682,R0162,Zone_5,14.21,105.79,305.85,Credit Card,2023-05-26,1,Meera Patel,30.0,Male,Hyderabad,2023-08-14,394.0,38.0,4.28,2590.0,1.31,43.9,Business,2.002905391825367,1.3399683956868476,0,4,5,1,0.0,1.0,0.0,0.0,0.0,0.0,0.0,0.0,0.0,1.0,0.0,0.0,0.0,0.0,Medium,1,High,5.726359028835106,2.7219531062712017,10.285426583277916,0.13484771573604062,2.3779187817258887,0,1090,0.09644670050761421,21.52357494722027
T01683,R0225,Zone_10,7.18,36.97,138.49,Wallet,2023-08-13,0,Ishaan Sharma,39.0,Female,Delhi,2020-06-15,465.0,9.0,4.08,2440.0,1.54,35.4,Industrial,0.04549236755805294,-0.23988090137558826,0,6,8,0,0.0,0.0,0.0,1.0,0.0,1.0,0.0,0.0,0.0,0.0,0.0,0.0,0.0,0.0,Medium,1,High,4.937992914104144,2.1016921506146558,6.080296045424104,0.10393548387096774,1.4471397849462366,0,2245,0.01935483870967742,19.2883008356546
T01684,R0100,Zone_10,8.08,75.65,66.07,UPI,2023-05-28,0,Ishaan Gupta,28.0,Male,Delhi,2021-05-24,383.0,60.0,3.79,2440.0,1.54,35.4,Industrial,-0.8015191717430876,-0.03762423461083824,0,6,5,1,0.0,0.0,1.0,0.0,0.0,1.0,0.0,0.0,0.0,0.0,0.0,0.0,0.0,0.0,Medium,1,High,4.205736850111646,2.206074192613202,8.697700845625814,0.26488250652741513,4.327650130548303,0,1902,0.1566579634464752,8.176980198019802
T01685,R0134,Zone_10,4.73,44.0,114.72,Credit Card,2024-07-02,1,Aadhya Singh,34.0,Male,Jaipur,2022-07-30,410.0,29.0,4.59,2440.0,1.54,35.4,Industrial,-0.23251735750668215,-0.7904684942351852,0,1,7,1,0.0,1.0,0.0,0.0,0.0,1.0,0.0,0.0,0.0,0.0,0.0,0.0,0.0,0.0,Medium,1,High,4.751173480107934,1.7457155307266483,6.6332495807108,0.13614634146341464,2.644878048780488,0,1470,0.07073170731707316,24.253699788583507
T01686,R0209,Zone_3,11.34,91.7,149.77,Credit Card,2024-05-15,0,Vivaan Sharma,31.0,Other,Surat,2020-06-11,109.0,20.0,3.77,12971.0,2.11,38.0,Business,0.17742125686096463,0.6949943583370337,0,2,5,2,0.0,1.0,0.0,0.0,0.0,0.0,0.0,1.0,0.0,0.0,0.0,0.0,0.0,0.0,High,2,Low,5.0157554967908276,2.5128460184772416,9.57601169589929,0.5368807339449542,6.743944954128441,0,2249,0.1834862385321101,13.207231040564375
T01687,R0262,Zone_1,6.92,58.18,118.05,UPI,2024-02-17,0,Meera Singh,30.0,Male,Ahmedabad,2019-04-21,6.0,0.0,3.35,4921.0,2.43,30.9,Residential,-0.1935702651858758,-0.2983106051076271,0,5,2,1,0.0,0.0,1.0,0.0,1.0,0.0,0.0,0.0,0.0,0.0,0.0,0.0,0.0,0.0,High,2,Low,4.779543572932872,2.0693912058263346,7.6275815302099526,9.936666666666667,161.22666666666666,0,2666,0.0,17.059248554913296
T01688,R0244,Zone_9,8.93,75.16,210.43,Cash,2024-02-20,1,Aadhya Iyer,24.0,Female,Kolkata,2019-04-22,27.0,1.0,3.13,11037.0,1.83,56.1,Mixed,0.8868899115697076,0.15339595066698106,0,1,2,0,1.0,0.0,0.0,0.0,0.0,0.0,0.0,0.0,0.0,0.0,0.0,0.0,0.0,1.0,High,2,Low,5.353893974436778,2.295560478057081,8.669486720677297,1.307777777777778,24.00777777777778,0,2665,0.037037037037037035,23.564389697648377
T01689,R0140,Zone_4,5.65,44.27,75.01,Cash,2024-04-26,0,Aadhya Nair,29.0,Female,Delhi,2020-04-17,499.0,45.0,4.92,4038.0,2.46,48.2,Business,-0.6969585094764181,-0.583717234875663,0,4,4,0,1.0,0.0,0.0,0.0,0.0,0.0,0.0,0.0,1.0,0.0,0.0,0.0,0.0,0.0,High,2,High,4.330864910577949,1.8946168546677629,6.653570470055908,0.06975951903807616,1.2386973947895792,0,2304,0.09018036072144289,13.276106194690266
T01690,R0108,Zone_2,8.24,47.99,153.95,Credit Card,2023-06-04,0,Reyansh Gupta,18.0,Male,Pune,2019-05-31,184.0,32.0,4.88,6371.0,0.91,58.4,Residential,0.22630979917356817,-0.00166749385266044,0,6,6,1,0.0,1.0,0.0,0.0,0.0,0.0,1.0,0.0,0.0,0.0,0.0,0.0,0.0,0.0,Low,0,Medium,5.043102484233757,2.2235418856535927,6.927481504847198,0.23695652173913045,4.754836956521739,0,2626,0.17391304347826086,18.683252427184463
T01691,R0091,Zone_7,2.6,23.78,35.54,Credit Card,2023-11-27,0,Meera Das,41.0,Other,Surat,2022-04-16,334.0,43.0,3.4,11070.0,0.64,45.2,Industrial,-1.1585926638014115,-1.269142605578427,0,0,11,2,0.0,1.0,0.0,0.0,0.0,0.0,0.0,0.0,0.0,0.0,0.0,1.0,0.0,0.0,Low,0,High,3.5984075509498608,1.2809338454620642,4.876474136094644,0.14934131736526945,2.7054191616766468,0,1575,0.12874251497005987,13.669230769230769
T01692,R0144,Zone_3,8.8,66.55,137.95,Wallet,2023-02-07,0,Ishaan Kumar,34.0,Other,Pune,2021-01-31,194.0,10.0,3.52,12971.0,2.11,38.0,Business,0.0391766228573814,0.12418109880096186,0,1,2,2,0.0,0.0,0.0,1.0,0.0,0.0,0.0,1.0,0.0,0.0,0.0,0.0,0.0,0.0,High,2,Medium,4.934114156188513,2.2823823856765264,8.15781833580523,0.4354123711340206,8.002319587628865,0,2015,0.05154639175257732,15.676136363636362
T01693,R0092,Zone_2,4.99,38.39,47.48,Cash,2024-06-18,0,Aarav Nair,21.0,Male,Surat,2019-07-18,252.0,23.0,4.51,6371.0,0.91,58.4,Residential,-1.0189445309754572,-0.7320387905031464,0,1,6,1,1.0,0.0,0.0,0.0,0.0,0.0,1.0,0.0,0.0,0.0,0.0,0.0,0.0,0.0,Low,0,Medium,3.881151341761059,1.7900914121273581,6.1959664298638675,0.22694444444444448,3.415357142857143,0,2578,0.09126984126984126,9.515030060120239
T01694,R0288,Zone_2,11.5,81.69,222.26,Credit Card,2024-02-27,0,Diya Ghosh,42.0,Male,Ahmedabad,2021-08-30,43.0,5.0,4.56,6371.0,0.91,58.4,Residential,1.0252515038084882,0.7309510990952115,0,1,2,1,0.0,1.0,0.0,0.0,0.0,0.0,1.0,0.0,0.0,0.0,0.0,0.0,0.0,0.0,Low,0,Low,5.408337011586586,2.5257286443082556,9.038252043398657,1.2111627906976743,18.50232558139535,0,1804,0.11627906976744186,19.32695652173913
T01695,R0028,Zone_6,17.24,165.21,379.63,UPI,2024-02-16,1,Reyansh Sharma,20.0,Female,Surat,2023-11-11,249.0,21.0,3.79,14627.0,0.54,37.6,Mixed,3.438918603581705,2.0208991737948385,0,4,2,0,0.0,0.0,1.0,0.0,0.0,0.0,0.0,0.0,0.0,0.0,1.0,0.0,0.0,0.0,Low,0,Medium,5.94182777466688,2.9036169846461855,12.853404218338424,0.34088353413654615,6.022128514056225,0,1001,0.08433734939759036,22.02030162412993
T01696,R0063,Zone_6,12.23,64.78,266.78,Cash,2023-11-26,1,Diya Iyer,34.0,Male,Surat,2023-04-21,329.0,33.0,4.83,14627.0,0.54,37.6,Mixed,1.5459495669082777,0.8950037288043977,0,6,11,1,1.0,0.0,0.0,0.0,0.0,0.0,0.0,0.0,0.0,0.0,1.0,0.0,0.0,0.0,Low,0,Medium,5.590165747869233,2.5824869781268642,8.048602363143553,0.2053191489361702,3.7828571428571425,0,1205,0.10030395136778116,21.813573180703187
T01697,R0075,Zone_10,2.4,16.38,23.94,UPI,2023-08-14,0,Diya Reddy,18.0,Female,Mumbai,2021-04-30,108.0,7.0,4.83,2440.0,1.54,35.4,Industrial,-1.2942642166306468,-1.3140885315261488,0,0,8,0,0.0,0.0,1.0,0.0,0.0,1.0,0.0,0.0,0.0,0.0,0.0,0.0,0.0,0.0,Medium,1,Low,3.2164729402518906,1.2237754316221157,4.047221268969612,0.43657407407407406,6.526018518518519,0,1926,0.06481481481481481,9.975000000000001
T01698,R0096,Zone_3,6.2,61.65,93.59,UPI,2023-01-25,0,Reyansh Das,40.0,Female,Kolkata,2019-12-28,121.0,3.0,4.46,12971.0,2.11,38.0,Business,-0.4796501084792463,-0.46011593851942695,0,2,1,0,0.0,0.0,1.0,0.0,0.0,0.0,0.0,1.0,0.0,0.0,0.0,0.0,0.0,0.0,High,2,Low,4.549551762225079,1.9740810260220096,7.85175139698144,0.2265289256198347,2.933471074380165,0,2415,0.024793388429752067,15.095161290322581
T01699,R0119,Zone_2,0.05,0.48,3.27,Wallet,2023-08-19,1,Saanvi Iyer,47.0,Male,Hyderabad,2023-05-05,30.0,1.0,4.39,6371.0,0.91,58.4,Residential,-1.5659581969947105,-1.8422031614118848,0,5,8,1,0.0,0.0,0.0,1.0,0.0,0.0,1.0,0.0,0.0,0.0,0.0,0.0,0.0,0.0,Low,0,Low,1.451613827240533,0.048790164169432,0.6928203230275509,0.9743333333333334,13.516666666666667,0,1191,0.03333333333333333,65.39999999999999
T01700,R0237,Zone_9,8.07,47.69,107.17,UPI,2023-01-08,0,Aadhya Nair,40.0,Male,Chennai,2022-12-13,36.0,3.0,3.71,11037.0,1.83,56.1,Mixed,-0.3208208250808828,-0.039871530908224304,0,6,1,1,0.0,0.0,1.0,0.0,0.0,0.0,0.0,0.0,0.0,0.0,0.0,0.0,0.0,1.0,High,2,Low,4.683704063642198,2.2049722641270453,6.905794668247818,2.7047222222222222,48.88055555555556,0,1334,0.08333333333333333,13.280049566294919
T01701,R0224,Zone_8,0.87,7.64,14.27,Credit Card,2023-10-22,0,Ishaan Sharma,29.0,Female,Ahmedabad,2020-08-04,200.0,1.0,4.31,4516.0,1.93,31.0,Business,-1.4073628300667422,-1.657924865026224,0,6,10,0,0.0,1.0,0.0,0.0,0.0,0.0,0.0,0.0,0.0,0.0,0.0,0.0,1.0,0.0,High,2,Medium,2.725890119230541,0.6259384308664953,2.7640549922170505,0.20855,2.5707,0,2195,0.005,16.402298850574713
T01702,R0242,Zone_1,1.99,10.0,42.27,UPI,2023-05-11,1,Kavya Iyer,34.0,Male,Ahmedabad,2022-06-05,445.0,8.0,4.54,4921.0,2.43,30.9,Residential,-1.0798797715134152,-1.4062276797189794,0,3,5,1,0.0,0.0,1.0,0.0,1.0,0.0,0.0,0.0,0.0,0.0,0.0,0.0,0.0,0.0,High,2,High,3.7674595542367935,1.095273387402595,3.1622776601683795,0.05903370786516854,0.7375056179775281,0,1525,0.017977528089887642,21.241206030150757
T01703,R0246,Zone_3,13.48,88.14,273.92,Wallet,2023-02-19,1,Vivaan Das,29.0,Other,Mumbai,2021-03-31,240.0,34.0,4.79,12971.0,2.11,38.0,Business,1.6294577468393765,1.1759157659776616,0,6,2,2,0.0,0.0,0.0,1.0,0.0,0.0,0.0,1.0,0.0,0.0,0.0,0.0,0.0,0.0,High,2,Medium,5.616480146253404,2.6727683869575705,9.38829057922687,0.34891666666666665,6.460624999999999,0,1956,0.14166666666666666,20.320474777448073
T01704,R0282,Zone_5,12.31,113.54,272.04,Wallet,2024-07-15,1,Reyansh Kumar,22.0,Other,Bengaluru,2022-05-02,319.0,3.0,4.47,2590.0,1.31,43.9,Business,1.6074695986222245,0.9129820991834866,0,0,7,2,0.0,0.0,0.0,1.0,0.0,0.0,0.0,0.0,0.0,1.0,0.0,0.0,0.0,0.0,Medium,1,Medium,5.609618304598452,2.58851563240702,10.655515003977987,0.29112852664576805,4.387931034482759,0,1559,0.009404388714733543,22.09910641754671
T01705,R0288,Zone_7,0.4,3.68,4.43,UPI,2023-11-12,0,Diya Ghosh,42.0,Male,Ahmedabad,2021-08-30,43.0,5.0,4.56,11070.0,0.64,45.2,Industrial,-1.522449733501197,-1.763547791003371,0,6,11,1,0.0,0.0,1.0,0.0,0.0,0.0,0.0,0.0,0.0,0.0,0.0,1.0,0.0,0.0,Low,0,Low,1.691939133945844,0.33647223662121295,1.9183326093250879,1.2111627906976743,18.50232558139535,0,1804,0.11627906976744186,11.075
T01706,R0164,Zone_6,5.76,42.24,86.96,UPI,2023-01-26,0,Aadhya Ghosh,37.0,Other,Ahmedabad,2022-07-06,249.0,23.0,4.02,14627.0,0.54,37.6,Mixed,-0.5571934184152663,-0.558996975604416,0,3,1,2,0.0,0.0,1.0,0.0,0.0,0.0,0.0,0.0,0.0,0.0,1.0,0.0,0.0,0.0,Low,0,Medium,4.47688216568656,1.9110228900548727,6.499230723708768,0.40273092369477914,7.062208835341366,0,1494,0.09236947791164658,15.097222222222221
T01707,R0266,Zone_8,10.32,54.32,189.21,UPI,2023-09-07,0,Diya Reddy,29.0,Other,Chennai,2020-09-25,98.0,13.0,3.9,4516.0,1.93,31.0,Business,0.638704536480365,0.4657701360036505,0,3,9,2,0.0,0.0,1.0,0.0,0.0,0.0,0.0,0.0,0.0,0.0,0.0,0.0,1.0,0.0,High,2,Low,5.24812872496475,2.4265710727750367,7.370210309075311,0.7445918367346939,12.729081632653061,0,2143,0.1326530612244898,18.334302325581394
T01708,R0080,Zone_8,9.96,61.44,140.62,UPI,2024-08-03,0,Reyansh Kumar,19.0,Female,Mumbai,2021-05-15,34.0,6.0,4.6,4516.0,1.93,31.0,Business,0.07040447165514525,0.3848674692977507,0,5,8,0,0.0,0.0,1.0,0.0,0.0,0.0,0.0,0.0,0.0,0.0,0.0,0.0,1.0,0.0,High,2,Low,4.953147414223628,2.3942522815198695,7.83836717690617,1.6208823529411764,24.814117647058826,0,1911,0.17647058823529413,14.118473895582328
T01709,R0285,Zone_8,0.14,0.74,3.27,Wallet,2023-10-24,1,Diya Iyer,29.0,Female,Chennai,2019-01-10,244.0,16.0,4.97,4516.0,1.93,31.0,Business,-1.5605781181756202,-1.8219774947354097,0,1,10,0,0.0,0.0,0.0,1.0,0.0,0.0,0.0,0.0,0.0,0.0,0.0,0.0,1.0,0.0,High,2,Medium,1.451613827240533,0.13102826240640408,0.8602325267042626,0.25774590163934424,4.5302459016393435,0,2767,0.06557377049180328,23.357142857142854
T01710,R0230,Zone_10,9.3,86.41,197.64,UPI,2023-12-14,1,Kavya Gupta,32.0,Male,Chennai,2022-11-22,183.0,23.0,3.65,2440.0,1.54,35.4,Industrial,0.7373003287519556,0.23654591367026737,0,3,12,1,0.0,0.0,1.0,0.0,0.0,1.0,0.0,0.0,0.0,0.0,0.0,0.0,0.0,0.0,Medium,1,Medium,5.2914941411999115,2.33214389523559,9.29569792968769,0.32054644808743166,4.962950819672131,0,1355,0.12568306010928962,21.251612903225805
T01711,R0037,Zone_3,4.96,33.86,69.47,Cash,2023-10-06,0,Aadhya Iyer,32.0,Other,Ahmedabad,2020-11-21,489.0,6.0,3.36,12971.0,2.11,38.0,Business,-0.7617533717758979,-0.7387806793953047,0,4,10,2,1.0,0.0,0.0,0.0,0.0,0.0,0.0,1.0,0.0,0.0,0.0,0.0,0.0,0.0,High,2,High,4.255187087338931,1.7850704810772584,5.818934610390462,0.15969325153374234,2.6884662576687117,0,2086,0.012269938650306749,14.006048387096774
T01712,R0141,Zone_2,13.99,128.6,165.65,UPI,2023-11-08,0,Arjun Das,25.0,Other,Jaipur,2019-07-08,53.0,0.0,4.29,6371.0,0.91,58.4,Residential,0.36315093435477996,1.2905278771443531,0,2,11,2,0.0,0.0,1.0,0.0,0.0,0.0,1.0,0.0,0.0,0.0,0.0,0.0,0.0,0.0,Low,0,Low,5.115895804753749,2.7073833121145063,11.34019400186787,0.5720754716981132,10.239622641509435,0,2588,0.0,11.84060042887777
T01713,R0030,Zone_9,7.0,59.57,169.64,Wallet,2024-03-26,1,Saanvi Patel,25.0,Other,Mumbai,2021-01-08,442.0,58.0,3.72,11037.0,1.83,56.1,Mixed,0.4098172701986288,-0.2803322347285382,0,1,3,2,0.0,0.0,0.0,1.0,0.0,0.0,0.0,0.0,0.0,0.0,0.0,0.0,0.0,1.0,High,2,High,5.139556074163095,2.0794415416798357,7.718160402582988,0.1833710407239819,3.5865384615384617,0,2038,0.13122171945701358,24.23428571428571
T01714,R0246,Zone_1,9.8,51.41,202.66,Cash,2024-02-14,1,Vivaan Das,29.0,Other,Mumbai,2021-03-31,240.0,34.0,4.79,4921.0,2.43,30.9,Residential,0.7960133628211594,0.3489107285395729,0,2,2,2,1.0,0.0,0.0,0.0,1.0,0.0,0.0,0.0,0.0,0.0,0.0,0.0,0.0,0.0,High,2,Medium,5.316451936743519,2.379546134130174,7.170076708097341,0.34891666666666665,6.460624999999999,0,1956,0.14166666666666666,20.67959183673469
T01715,R0199,Zone_9,7.45,63.51,105.16,Cash,2023-01-03,0,Aarav Das,29.0,Male,Ahmedabad,2021-08-03,344.0,27.0,3.91,11037.0,1.83,56.1,Mixed,-0.34432943035560376,-0.17920390134616318,0,1,1,1,1.0,0.0,0.0,0.0,0.0,0.0,0.0,0.0,0.0,0.0,0.0,0.0,0.0,1.0,High,2,High,4.664947390023952,2.134166441369082,7.969316156358712,0.24752906976744188,4.652616279069767,0,1831,0.07848837209302326,14.115436241610738
T01716,R0178,Zone_4,11.33,112.89,208.08,UPI,2023-03-29,0,Saanvi Ghosh,27.0,Male,Delhi,2021-05-15,56.0,7.0,3.13,4038.0,2.46,48.2,Business,0.8594047262982678,0.6927470620396476,0,2,3,1,0.0,0.0,1.0,0.0,0.0,0.0,0.0,0.0,1.0,0.0,0.0,0.0,0.0,0.0,High,2,Low,5.342716953844721,2.512035317176253,10.624970588194586,1.1296428571428572,18.581071428571427,0,1911,0.125,18.36540158870256
T01717,R0048,Zone_1,4.16,32.72,51.0,Wallet,2023-12-22,0,Kavya Sharma,35.0,Male,Hyderabad,2019-05-31,207.0,1.0,3.02,4921.0,2.43,30.9,Residential,-0.977775232185896,-0.9185643831861935,0,4,12,1,0.0,0.0,0.0,1.0,1.0,0.0,0.0,0.0,0.0,0.0,0.0,0.0,0.0,0.0,High,2,Medium,3.9512437185814275,1.6409365794934714,5.720139858430037,0.14072463768115942,2.4457971014492754,0,2626,0.004830917874396135,12.259615384615385
T01718,R0087,Zone_10,11.34,62.28,219.31,Wallet,2023-11-24,0,Saanvi Das,26.0,Female,Jaipur,2021-05-11,362.0,33.0,3.57,2440.0,1.54,35.4,Industrial,0.9907488244251913,0.6949943583370337,0,4,11,0,0.0,0.0,0.0,1.0,0.0,1.0,0.0,0.0,0.0,0.0,0.0,0.0,0.0,0.0,Medium,1,High,5.395035645424474,2.5128460184772416,7.891767862779544,0.07339779005524862,1.0319060773480664,0,1915,0.09116022099447514,19.339506172839506
T01719,R0146,Zone_6,14.04,90.79,208.19,Wallet,2023-05-21,0,Kavya Gupta,30.0,Male,Surat,2020-04-15,80.0,11.0,3.89,14627.0,0.54,37.6,Mixed,0.8606912668854414,1.3017643586312833,0,6,5,1,0.0,0.0,0.0,1.0,0.0,0.0,0.0,0.0,0.0,0.0,1.0,0.0,0.0,0.0,Low,0,Low,5.343242929901029,2.7107133185216936,9.528378665859162,0.843,11.730875000000001,0,2306,0.1375,14.828347578347579
T01720,R0261,Zone_5,17.18,118.18,141.0,UPI,2023-08-22,0,Aarav Kumar,31.0,Male,Pune,2022-08-26,477.0,83.0,4.24,2590.0,1.31,43.9,Business,0.07484888459265464,2.007415396010522,0,1,8,1,0.0,0.0,1.0,0.0,0.0,0.0,0.0,0.0,0.0,1.0,0.0,0.0,0.0,0.0,Medium,1,High,4.955827057601261,2.900322088749333,10.871062505569546,0.10308176100628931,1.3621174004192873,0,1443,0.1740041928721174,8.20721769499418
T01721,R0290,Zone_9,15.92,116.68,200.09,Wallet,2023-06-22,0,Saanvi Kumar,34.0,Other,Chennai,2020-05-06,169.0,4.0,4.28,11037.0,1.83,56.1,Mixed,0.765955096375372,1.7242560625398724,0,3,6,2,0.0,0.0,0.0,1.0,0.0,0.0,0.0,0.0,0.0,0.0,0.0,0.0,0.0,1.0,High,2,Low,5.303752569037976,2.8284963541780774,10.80185169311262,0.40366863905325445,6.376745562130178,0,2285,0.023668639053254437,12.568467336683417
T01722,R0272,Zone_5,5.32,38.27,53.27,Credit Card,2023-09-12,0,Kavya Ghosh,21.0,Male,Kolkata,2020-01-15,432.0,4.0,4.79,2590.0,1.31,43.9,Business,-0.9512257127960368,-0.6578780126894047,0,1,9,1,0.0,1.0,0.0,0.0,0.0,0.0,0.0,0.0,0.0,1.0,0.0,0.0,0.0,0.0,Medium,1,High,3.9939715880753135,1.843719208158766,6.1862751312886175,0.09326388888888888,1.6012962962962962,0,2397,0.009259259259259259,10.013157894736842
T01723,R0031,Zone_6,10.89,107.1,227.92,Credit Card,2023-09-24,1,Reyansh Nair,29.0,Female,Hyderabad,2023-04-27,230.0,21.0,4.62,14627.0,0.54,37.6,Mixed,1.0914498649303392,0.5938660249546589,0,6,9,0,0.0,1.0,0.0,0.0,0.0,0.0,0.0,0.0,0.0,0.0,1.0,0.0,0.0,0.0,Low,0,Medium,5.4333725975409015,2.4756977107026903,10.348912986396204,0.11760869565217391,1.699173913043478,0,1199,0.09130434782608696,20.929292929292927
T01724,R0300,Zone_1,12.04,109.7,169.14,UPI,2024-04-27,0,Saanvi Iyer,38.0,Female,Kolkata,2023-07-08,291.0,7.0,3.67,4921.0,2.43,30.9,Residential,0.403969358438748,0.8523050991540613,0,5,4,0,0.0,0.0,1.0,0.0,1.0,0.0,0.0,0.0,0.0,0.0,0.0,0.0,0.0,0.0,High,2,Medium,5.136621627547738,2.5680215564985067,10.47377677822093,0.1885910652920962,3.4253264604810996,0,1127,0.024054982817869417,14.048172757475083
T01725,R0103,Zone_6,10.95,103.94,253.26,UPI,2024-02-21,1,Ishaan Gupta,37.0,Other,Surat,2022-11-24,175.0,14.0,3.07,14627.0,0.54,37.6,Mixed,1.3878220329211,0.6073498027389753,0,2,2,2,0.0,0.0,1.0,0.0,0.0,0.0,0.0,0.0,0.0,0.0,1.0,0.0,0.0,0.0,Low,0,Medium,5.538357365521977,2.4807312783775197,10.195096860746347,0.40817142857142863,7.065371428571429,0,1353,0.08,23.128767123287673
T01726,R0057,Zone_8,11.77,69.51,128.9,UPI,2024-08-01,0,Aadhya Reddy,39.0,Male,Bengaluru,2023-06-04,407.0,11.0,3.66,4516.0,1.93,31.0,Business,-0.06667057999646155,0.7916280991246364,0,3,8,1,0.0,0.0,1.0,0.0,0.0,0.0,0.0,0.0,0.0,0.0,0.0,0.0,1.0,0.0,High,2,High,4.866764923676554,2.547098670044448,8.337265738837884,0.24648648648648647,3.8921621621621623,0,1161,0.02702702702702703,10.951571792693288
T01727,R0151,Zone_2,10.12,98.81,118.9,Wallet,2023-07-18,0,Meera Reddy,34.0,Male,Hyderabad,2023-02-25,394.0,56.0,5.0,6371.0,0.91,58.4,Residential,-0.18362881519407828,0.42082421005592807,0,1,7,1,0.0,0.0,0.0,1.0,0.0,0.0,1.0,0.0,0.0,0.0,0.0,0.0,0.0,0.0,Low,0,High,4.786658062033468,2.4087452888224363,9.940321926376429,0.15967005076142132,2.8274111675126905,0,1260,0.14213197969543148,11.749011857707512
T01728,R0140,Zone_2,5.27,31.51,112.62,UPI,2024-03-02,1,Aadhya Nair,29.0,Female,Delhi,2020-04-17,499.0,45.0,4.92,6371.0,0.91,58.4,Residential,-0.2570785868981816,-0.6691144941763354,0,5,3,0,0.0,0.0,1.0,0.0,0.0,0.0,1.0,0.0,0.0,0.0,0.0,0.0,0.0,0.0,Low,0,High,4.732859547128981,1.8357763546448294,5.613376880274475,0.06975951903807616,1.2386973947895792,0,2304,0.09018036072144289,21.37001897533207
T01729,R0255,Zone_6,9.04,70.88,187.66,Cash,2023-10-04,1,Reyansh Sharma,37.0,Female,Bengaluru,2021-07-06,475.0,42.0,3.12,14627.0,0.54,37.6,Mixed,0.6205760100247343,0.17811620993822816,0,2,10,0,1.0,0.0,0.0,0.0,0.0,0.0,0.0,0.0,0.0,0.0,1.0,0.0,0.0,0.0,Low,0,High,5.239946453221707,2.306577114263583,8.419026071939674,0.15162105263157893,2.6573052631578946,0,1859,0.08842105263157894,20.758849557522126
T01730,R0263,Zone_2,12.23,104.41,267.87,Cash,2023-10-03,1,Ishaan Das,31.0,Other,Chennai,2020-12-30,297.0,21.0,3.84,6371.0,0.91,58.4,Residential,1.5586980145448182,0.8950037288043977,0,1,10,2,1.0,0.0,0.0,0.0,0.0,0.0,1.0,0.0,0.0,0.0,0.0,0.0,0.0,0.0,Low,0,Medium,5.594227991413127,2.5824869781268642,10.218121158021175,0.3522558922558922,5.2110101010101015,0,2047,0.0707070707070707,21.902698282910876
T01731,R0277,Zone_9,10.31,77.1,246.97,Cash,2024-07-26,1,Kavya Gupta,42.0,Female,Jaipur,2021-01-22,433.0,16.0,3.06,11037.0,1.83,56.1,Mixed,1.3142553029817992,0.46352283970626446,0,4,7,0,1.0,0.0,0.0,0.0,0.0,0.0,0.0,0.0,0.0,0.0,0.0,0.0,0.0,1.0,High,2,High,5.513307771105859,2.425687290128029,8.780660567406077,0.20076212471131638,3.2397228637413393,0,2024,0.03695150115473441,23.954413191076622
T01732,R0234,Zone_4,2.52,23.94,57.04,UPI,2023-11-11,1,Saanvi Nair,32.0,Other,Pune,2022-12-01,183.0,31.0,3.98,4038.0,2.46,48.2,Business,-0.9071324581265355,-1.2871209759575157,0,5,11,2,0.0,0.0,1.0,0.0,0.0,0.0,0.0,0.0,1.0,0.0,0.0,0.0,0.0,0.0,High,2,Medium,4.061132428015987,1.2584609896100056,4.892851929090027,0.34677595628415303,6.222677595628415,0,1346,0.16939890710382513,22.634920634920633
T01733,R0193,Zone_1,3.61,27.51,31.75,Wallet,2023-09-26,0,Kavya Singh,33.0,Female,Chennai,2022-01-03,389.0,68.0,4.41,4921.0,2.43,30.9,Residential,-1.2029198349413082,-1.0421656795424297,0,1,9,0,0.0,0.0,0.0,1.0,1.0,0.0,0.0,0.0,0.0,0.0,0.0,0.0,0.0,0.0,High,2,High,3.488902962081261,1.528227857008557,5.244997616777343,0.14419023136246786,2.5851928020565555,0,1678,0.17480719794344474,8.795013850415513
T01734,R0158,Zone_10,5.95,38.13,50.62,Credit Card,2024-03-21,0,Aarav Iyer,27.0,Male,Ahmedabad,2020-07-26,441.0,60.0,3.57,2440.0,1.54,35.4,Industrial,-0.9822196451234053,-0.5162983459540798,0,3,3,1,0.0,1.0,0.0,0.0,0.0,1.0,0.0,0.0,0.0,0.0,0.0,0.0,0.0,0.0,Medium,1,High,3.943909194290468,1.9387416595767009,6.174949392505173,0.057732426303854875,0.8727210884353742,0,2204,0.1360544217687075,8.507563025210084
T01735,R0262,Zone_1,6.98,51.86,154.48,Wallet,2024-08-09,1,Meera Singh,30.0,Male,Ahmedabad,2019-04-21,6.0,0.0,3.35,4921.0,2.43,30.9,Residential,0.23250858563904186,-0.2848268273233103,0,4,8,1,0.0,0.0,0.0,1.0,1.0,0.0,0.0,0.0,0.0,0.0,0.0,0.0,0.0,0.0,High,2,Low,5.046517105984022,2.0769384114617173,7.201388754955532,9.936666666666667,161.22666666666666,0,2666,0.0,22.13180515759312
T01736,R0053,Zone_8,8.79,75.14,113.83,Wallet,2024-02-22,0,Arjun Reddy,45.0,Female,Delhi,2019-09-16,63.0,7.0,4.85,4516.0,1.93,31.0,Business,-0.24292664043927004,0.1219338025035754,0,3,2,0,0.0,0.0,0.0,1.0,0.0,0.0,0.0,0.0,0.0,0.0,0.0,0.0,1.0,0.0,High,2,Low,4.743452773788098,2.281361456542419,8.668333173107735,0.6984126984126984,11.318095238095237,0,2518,0.1111111111111111,12.949943117178613
T01737,R0117,Zone_6,3.11,20.42,42.78,Credit Card,2023-11-22,0,Aadhya Gupta,21.0,Female,Ahmedabad,2021-06-12,369.0,37.0,3.16,14627.0,0.54,37.6,Mixed,-1.073914901518337,-1.1545304944117352,0,2,11,0,0.0,1.0,0.0,0.0,0.0,0.0,0.0,0.0,0.0,0.0,1.0,0.0,0.0,0.0,Low,0,High,3.779177092094717,1.413423028508143,4.518849411078001,0.07910569105691057,1.3319241192411924,0,1883,0.1002710027100271,13.755627009646304
T01738,R0290,Zone_10,11.97,114.96,223.25,Wallet,2023-07-14,0,Saanvi Kumar,34.0,Other,Chennai,2020-05-06,169.0,4.0,4.28,2440.0,1.54,35.4,Industrial,1.0368303690930523,0.8365740250723589,0,4,7,2,0.0,0.0,0.0,1.0,0.0,1.0,0.0,0.0,0.0,0.0,0.0,0.0,0.0,0.0,Medium,1,Low,5.412761500938905,2.5626389983283526,10.721940122944167,0.40366863905325445,6.376745562130178,0,2285,0.023668639053254437,18.65079365079365
T01739,R0177,Zone_1,1.29,9.66,22.62,UPI,2024-08-14,0,Ishaan Reddy,34.0,Other,Bengaluru,2023-02-15,489.0,63.0,4.48,4921.0,2.43,30.9,Residential,-1.3097027036767321,-1.5635384205360072,0,2,8,2,0.0,0.0,1.0,0.0,1.0,0.0,0.0,0.0,0.0,0.0,0.0,0.0,0.0,0.0,High,2,High,3.1620938107692163,0.8285518175661483,3.1080540535840107,0.23668711656441715,3.8175051124744375,0,1270,0.12883435582822086,17.53488372093023
T01740,R0300,Zone_2,10.64,86.27,177.69,Wallet,2024-04-21,0,Saanvi Iyer,38.0,Female,Kolkata,2023-07-08,291.0,7.0,3.67,6371.0,0.91,58.4,Residential,0.5039686495327104,0.5376836175200062,0,6,4,0,0.0,0.0,0.0,1.0,0.0,0.0,1.0,0.0,0.0,0.0,0.0,0.0,0.0,0.0,Low,0,Medium,5.18565246089057,2.454447442303292,9.288164511893617,0.1885910652920962,3.4253264604810996,0,1127,0.024054982817869417,16.700187969924812
T01741,R0233,Zone_10,10.53,61.59,204.16,Wallet,2023-05-18,0,Ishaan Iyer,30.0,Other,Hyderabad,2023-11-23,469.0,41.0,4.37,2440.0,1.54,35.4,Industrial,0.8135570981008019,0.5129633582487586,0,3,5,2,0.0,0.0,0.0,1.0,0.0,1.0,0.0,0.0,0.0,0.0,0.0,0.0,0.0,0.0,Medium,1,High,5.3237901625210675,2.4449523342809676,7.847929663293371,0.1903411513859275,3.3757569296375265,0,989,0.08742004264392324,19.388414055080723
T01742,R0154,Zone_1,11.22,103.83,129.65,Credit Card,2023-11-07,0,Kavya Patel,18.0,Other,Kolkata,2019-03-25,466.0,79.0,4.68,4921.0,2.43,30.9,Residential,-0.05789871235664029,0.6680268027684005,0,1,11,2,0.0,1.0,0.0,0.0,1.0,0.0,0.0,0.0,0.0,0.0,0.0,0.0,0.0,0.0,High,2,High,4.872521991966622,2.503073953743449,10.189700682551965,0.2974678111587983,4.419570815450644,0,2693,0.16952789699570817,11.555258467023172
T01743,R0269,Zone_1,7.33,71.96,182.95,Wallet,2023-06-27,1,Aadhya Sharma,41.0,Male,Mumbai,2019-05-19,423.0,16.0,3.41,4921.0,2.43,30.9,Residential,0.5654886812466567,-0.20617145691479652,0,1,6,1,0.0,0.0,0.0,1.0,1.0,0.0,0.0,0.0,0.0,0.0,0.0,0.0,0.0,0.0,High,2,High,5.214663981550784,2.1198634561787513,8.482924024179399,0.14907801418439717,3.4486288416075648,0,2638,0.037825059101654845,24.95907230559345
T01744,R0287,Zone_6,1.25,9.95,28.87,Credit Card,2023-12-10,1,Saanvi Singh,18.0,Other,Delhi,2021-12-17,320.0,34.0,3.33,14627.0,0.54,37.6,Mixed,-1.2366038066782217,-1.5725276057255517,0,6,12,2,0.0,1.0,0.0,0.0,0.0,0.0,0.0,0.0,0.0,0.0,1.0,0.0,0.0,0.0,Low,0,Medium,3.3968546322280186,0.8109302162163288,3.1543620591175006,0.12587500000000001,2.3166874999999996,0,1695,0.10625,23.096
T01745,R0251,Zone_10,6.24,56.42,132.09,UPI,2023-08-11,1,Vivaan Iyer,46.0,Female,Mumbai,2020-01-13,213.0,26.0,4.48,2440.0,1.54,35.4,Industrial,-0.029360902968421834,-0.4511267533298825,0,4,8,0,0.0,0.0,1.0,0.0,0.0,1.0,0.0,0.0,0.0,0.0,0.0,0.0,0.0,0.0,Medium,1,Medium,4.891025591098464,1.979621206397625,7.511324783285569,0.18032863849765257,3.5801877934272297,0,2399,0.12206572769953052,21.16826923076923
T01746,R0129,Zone_1,8.84,87.37,134.25,Cash,2023-12-06,0,Vivaan Singh,35.0,Male,Hyderabad,2022-10-08,158.0,10.0,3.9,4921.0,2.43,30.9,Residential,-0.004097924165736659,0.1331702839905061,0,2,12,1,1.0,0.0,0.0,0.0,1.0,0.0,0.0,0.0,0.0,0.0,0.0,0.0,0.0,0.0,High,2,Low,4.907124917726591,2.286455711064162,9.347192091746056,0.5688607594936709,9.54620253164557,0,1400,0.06329113924050633,15.186651583710407
T01747,R0115,Zone_2,7.59,43.96,73.02,UPI,2023-08-07,0,Aarav Ghosh,40.0,Female,Bengaluru,2020-03-01,170.0,15.0,4.4,6371.0,0.91,58.4,Residential,-0.720233198280744,-0.1477417531827577,0,0,8,0,0.0,0.0,1.0,0.0,0.0,0.0,1.0,0.0,0.0,0.0,0.0,0.0,0.0,0.0,Low,0,Medium,4.30433532695801,2.150598735996164,6.63023378170031,0.49105882352941177,8.388058823529413,0,2351,0.08823529411764706,9.620553359683795
T01748,R0149,Zone_6,3.93,21.52,60.37,Cash,2023-03-21,0,Diya Reddy,30.0,Male,Jaipur,2019-09-14,89.0,8.0,4.57,14627.0,0.54,37.6,Mixed,-0.868185365805729,-0.9702521980260741,0,1,3,1,1.0,0.0,0.0,0.0,0.0,0.0,0.0,0.0,0.0,0.0,1.0,0.0,0.0,0.0,Low,0,Low,4.116921116401006,1.5953389880545987,4.638965401897281,0.4766292134831461,7.428314606741573,0,2520,0.0898876404494382,15.361323155216283
T01749,R0231,Zone_4,14.42,94.87,118.1,UPI,2023-06-18,0,Ishaan Nair,19.0,Other,Mumbai,2019-08-26,328.0,22.0,4.81,4038.0,2.46,48.2,Business,-0.19298547400988775,1.3871616179319557,0,6,6,2,0.0,0.0,1.0,0.0,0.0,0.0,0.0,0.0,1.0,0.0,0.0,0.0,0.0,0.0,High,2,Medium,4.779963476361254,2.7356653681351832,9.740123202506219,0.18076219512195124,2.230274390243902,0,2539,0.06707317073170732,8.19001386962552
T01750,R0226,Zone_4,9.62,84.01,199.49,Wallet,2023-04-27,1,Aarav Iyer,20.0,Other,Surat,2021-07-30,266.0,2.0,3.25,4038.0,2.46,48.2,Business,0.758937602263515,0.3084593951866226,0,3,4,2,0.0,0.0,0.0,1.0,0.0,0.0,0.0,0.0,1.0,0.0,0.0,0.0,0.0,0.0,High,2,Medium,5.3007643701910885,2.362739015813793,9.165696918401787,0.2000375939849624,3.408571428571429,0,1835,0.007518796992481203,20.73700623700624
T01751,R0201,Zone_9,6.03,54.85,125.96,Wallet,2024-08-12,1,Meera Reddy,37.0,Female,Delhi,2021-04-06,183.0,15.0,3.84,11037.0,1.83,56.1,Mixed,-0.101056301144561,-0.49831997557499086,0,0,8,0,0.0,0.0,0.0,1.0,0.0,0.0,0.0,0.0,0.0,0.0,0.0,0.0,0.0,1.0,High,2,Medium,4.843872076218154,1.9501867058225735,7.406078584514209,0.3698360655737705,5.856830601092896,0,1950,0.08196721311475409,20.888888888888886
T01752,R0236,Zone_9,3.06,19.37,66.63,UPI,2023-09-16,1,Arjun Gupta,28.0,Male,Ahmedabad,2020-08-10,61.0,1.0,3.36,11037.0,1.83,56.1,Mixed,-0.794969510572021,-1.1657669758986655,0,5,9,1,0.0,0.0,1.0,0.0,0.0,0.0,0.0,0.0,0.0,0.0,0.0,0.0,0.0,1.0,High,2,Low,4.214051671586849,1.4011829736136414,4.401136216933078,0.8198360655737704,12.599016393442623,0,2189,0.01639344262295082,21.774509803921568
T01753,R0213,Zone_7,8.34,47.98,174.62,Wallet,2023-06-15,1,Kavya Ghosh,29.0,Female,Chennai,2019-06-04,456.0,26.0,3.74,11070.0,0.64,45.2,Industrial,0.46806247132704215,0.020805469121200584,0,3,6,0,0.0,0.0,0.0,1.0,0.0,0.0,0.0,0.0,0.0,0.0,0.0,1.0,0.0,0.0,Low,0,High,5.168322569931849,2.234306252240751,6.926759704219571,0.13396929824561402,2.3342105263157893,0,2622,0.05701754385964912,20.937649880095925
T01754,R0177,Zone_6,14.29,93.41,240.82,Credit Card,2023-11-24,0,Ishaan Reddy,34.0,Other,Bengaluru,2023-02-15,489.0,63.0,4.48,14627.0,0.54,37.6,Mixed,1.2423259883352649,1.3579467660659361,0,4,11,2,0.0,1.0,0.0,0.0,0.0,0.0,0.0,0.0,0.0,0.0,1.0,0.0,0.0,0.0,Low,0,High,5.488193647746101,2.727199019940971,9.664884893261792,0.23668711656441715,3.8175051124744375,0,1270,0.12883435582822086,16.85234429671099
T01755,R0159,Zone_8,8.18,58.92,158.71,Credit Card,2023-05-03,0,Ishaan Singh,43.0,Female,Bengaluru,2020-05-21,79.0,2.0,4.9,4516.0,1.93,31.0,Business,0.281981919127634,-0.015151271636977215,0,2,5,0,0.0,1.0,0.0,0.0,0.0,0.0,0.0,0.0,0.0,0.0,0.0,0.0,1.0,0.0,High,2,Low,5.073359670668218,2.217027204632399,7.675936424958196,0.3034177215189873,5.378354430379747,0,2270,0.02531645569620253,19.402200488997558
T01756,R0211,Zone_6,7.84,40.8,64.65,Wallet,2023-05-23,0,Arjun Reddy,36.0,Female,Mumbai,2021-04-04,435.0,17.0,3.63,14627.0,0.54,37.6,Mixed,-0.8181272411411491,-0.09155934574810494,0,1,5,0,0.0,0.0,0.0,1.0,0.0,0.0,0.0,0.0,0.0,0.0,1.0,0.0,0.0,0.0,Low,0,High,4.184337600748806,2.179286876649552,6.387487769068525,0.10593103448275862,1.4847816091954023,0,1952,0.03908045977011494,8.246173469387756
T01757,R0105,Zone_5,8.33,57.68,108.7,Cash,2023-05-24,0,Diya Das,31.0,Female,Jaipur,2020-09-28,346.0,9.0,3.69,2590.0,1.31,43.9,Business,-0.3029262150956474,0.01855817282381452,0,2,5,0,1.0,0.0,0.0,0.0,0.0,0.0,0.0,0.0,0.0,1.0,0.0,0.0,0.0,0.0,Medium,1,High,4.697749367281185,2.2332350148592526,7.59473501841901,0.27514450867052026,3.7604624277456646,0,2140,0.02601156069364162,13.04921968787515
T01758,R0043,Zone_7,8.6,80.57,101.45,Credit Card,2023-04-07,0,Diya Kumar,28.0,Male,Ahmedabad,2021-12-10,85.0,16.0,4.68,11070.0,0.64,45.2,Industrial,-0.3877209356139195,0.0792351728532394,0,4,4,1,0.0,1.0,0.0,0.0,0.0,0.0,0.0,0.0,0.0,0.0,0.0,1.0,0.0,0.0,Low,0,Low,4.629374874684909,2.2617630984737906,8.976079322287655,0.7901176470588235,10.147058823529411,0,1702,0.18823529411764706,11.796511627906977
T01759,R0240,Zone_5,6.83,61.99,86.6,Cash,2023-12-08,0,Aarav Iyer,30.0,Male,Delhi,2020-05-18,174.0,2.0,4.07,2590.0,1.31,43.9,Business,-0.5614039148823805,-0.31853627178410204,0,4,12,1,1.0,0.0,0.0,0.0,0.0,0.0,0.0,0.0,0.0,1.0,0.0,0.0,0.0,0.0,Medium,1,Medium,4.472780997942346,2.057962510002712,7.873372847769881,0.5294252873563219,7.0199425287356325,0,2273,0.011494252873563218,12.67935578330893
T01760,R0020,Zone_1,3.14,26.9,37.59,UPI,2023-01-11,0,Diya Das,35.0,Female,Chennai,2019-09-17,274.0,21.0,4.03,4921.0,2.43,30.9,Residential,-1.1346162255859,-1.1477886055195767,0,2,1,0,0.0,0.0,1.0,0.0,1.0,0.0,0.0,0.0,0.0,0.0,0.0,0.0,0.0,0.0,High,2,Medium,3.6529931755495273,1.420695787837223,5.186520991955976,0.19653284671532847,2.722846715328467,0,2517,0.07664233576642336,11.971337579617835
T01761,R0093,Zone_9,15.65,104.48,316.31,UPI,2023-09-08,1,Diya Patel,33.0,Other,Surat,2019-05-30,119.0,18.0,3.77,11037.0,1.83,56.1,Mixed,2.1252437058420734,1.6635790625104474,0,4,9,2,0.0,0.0,1.0,0.0,0.0,0.0,0.0,0.0,0.0,0.0,0.0,0.0,0.0,1.0,High,2,Low,5.7598792140080715,2.8124102164264526,10.22154587134451,0.6012605042016808,9.999075630252099,0,2627,0.15126050420168066,20.21150159744409
T01762,R0205,Zone_4,11.19,73.68,108.27,UPI,2023-08-14,0,Diya Singh,31.0,Other,Surat,2019-05-12,100.0,14.0,4.66,4038.0,2.46,48.2,Business,-0.307955419209145,0.661284913876242,0,0,8,2,0.0,0.0,1.0,0.0,0.0,0.0,0.0,0.0,1.0,0.0,0.0,0.0,0.0,0.0,High,2,Low,4.693821883582654,2.5006159434931803,8.583705493549974,0.25549999999999995,2.659,0,2645,0.14,9.675603217158177
T01763,R0247,Zone_2,18.59,135.95,379.63,UPI,2023-01-10,1,Aadhya Das,37.0,Male,Bengaluru,2021-05-11,249.0,47.0,4.92,6371.0,0.91,58.4,Residential,3.0982192644510476,2.324284173941964,0,1,1,1,0.0,0.0,1.0,0.0,0.0,0.0,1.0,0.0,0.0,0.0,0.0,0.0,0.0,0.0,Low,0,Medium,5.94182777466688,2.9750192319564492,11.65975986030587,0.5360642570281124,9.507791164658634,0,1915,0.18875502008032127,20.42119419042496
T01764,R0195,Zone_7,10.49,74.13,100.92,Cash,2023-05-23,0,Aadhya Reddy,33.0,Male,Kolkata,2021-05-27,72.0,10.0,4.97,11070.0,0.64,45.2,Industrial,-0.3939197220793932,0.5039741730592144,0,1,5,1,1.0,0.0,0.0,0.0,0.0,0.0,0.0,0.0,0.0,0.0,0.0,1.0,0.0,0.0,Low,0,Low,4.624188191823853,2.4414770918606643,8.609878047916823,0.9766666666666668,14.502361111111112,0,1899,0.1388888888888889,9.620591039084843
T01765,R0199,Zone_5,6.84,52.93,123.67,Cash,2023-02-06,0,Aarav Das,29.0,Male,Ahmedabad,2021-08-03,344.0,27.0,3.91,2590.0,1.31,43.9,Business,-0.12783973700481513,-0.316288975486716,0,0,2,1,1.0,0.0,0.0,0.0,0.0,0.0,0.0,0.0,0.0,1.0,0.0,0.0,0.0,0.0,Medium,1,High,4.825670246356884,2.0592388343623163,7.275300681071539,0.24752906976744188,4.652616279069767,0,1831,0.07848837209302326,18.08040935672515
T01766,R0105,Zone_9,3.27,27.01,51.97,UPI,2023-09-07,0,Diya Das,31.0,Female,Jaipur,2020-09-28,346.0,9.0,3.69,11037.0,1.83,56.1,Mixed,-0.9664302833717272,-1.1185737536535574,0,3,9,0,0.0,0.0,1.0,0.0,0.0,0.0,0.0,0.0,0.0,0.0,0.0,0.0,0.0,1.0,High,2,High,3.9697257155564354,1.451613827240533,5.197114584074513,0.27514450867052026,3.7604624277456646,0,2140,0.02601156069364162,15.892966360856269
T01767,R0095,Zone_6,6.35,36.97,71.23,Cash,2023-12-03,0,Kavya Iyer,29.0,Female,Chennai,2020-10-07,481.0,77.0,4.26,14627.0,0.54,37.6,Mixed,-0.7411687223811173,-0.42640649405863545,0,6,12,0,1.0,0.0,0.0,0.0,0.0,0.0,0.0,0.0,0.0,0.0,1.0,0.0,0.0,0.0,Low,0,High,4.2798554720627555,1.9947003132247452,6.080296045424104,0.23856548856548856,3.907713097713098,0,2131,0.1600831600831601,11.217322834645671
T01768,R0208,Zone_1,2.24,22.2,29.35,Wallet,2023-07-20,0,Aadhya Iyer,24.0,Other,Chennai,2020-01-08,356.0,53.0,4.75,4921.0,2.43,30.9,Residential,-1.2309898113887363,-1.3500452722843268,0,3,7,2,0.0,0.0,0.0,1.0,1.0,0.0,0.0,0.0,0.0,0.0,0.0,0.0,0.0,0.0,High,2,High,3.4127965175055075,1.1755733298042381,4.711687595755898,0.13882022471910113,1.691376404494382,0,2404,0.14887640449438203,13.102678571428571
T01769,R0057,Zone_10,18.49,177.45,379.63,Wallet,2023-10-04,1,Aadhya Reddy,39.0,Male,Bengaluru,2023-06-04,407.0,11.0,3.66,2440.0,1.54,35.4,Industrial,3.100558429154999,2.3018112109681024,0,2,10,1,0.0,0.0,0.0,1.0,0.0,1.0,0.0,0.0,0.0,0.0,0.0,0.0,0.0,0.0,Medium,1,High,5.94182777466688,2.9699015135194693,13.321035995747478,0.24648648648648647,3.8921621621621623,0,1161,0.02702702702702703,20.531638723634398
T01770,R0295,Zone_3,7.91,47.55,76.49,Credit Card,2023-12-07,0,Kavya Gupta,18.0,Female,Delhi,2019-05-29,98.0,18.0,3.59,12971.0,2.11,38.0,Business,-0.6796486906671709,-0.0758282716664021,0,3,12,0,0.0,1.0,0.0,0.0,0.0,0.0,0.0,1.0,0.0,0.0,0.0,0.0,0.0,0.0,High,2,Low,4.350148895775859,2.187174241482718,6.895650803223725,0.45683673469387753,5.34734693877551,0,2628,0.1836734693877551,9.670037926675095
T01771,R0023,Zone_5,11.93,97.65,269.07,Credit Card,2023-01-14,1,Meera Iyer,24.0,Other,Jaipur,2019-10-09,176.0,32.0,3.21,2590.0,1.31,43.9,Business,1.572733002768532,0.8275848398828142,0,5,1,2,0.0,1.0,0.0,0.0,0.0,0.0,0.0,0.0,0.0,1.0,0.0,0.0,0.0,0.0,Medium,1,Medium,5.59868118465576,2.559550192783766,9.881801455200362,0.36880681818181815,6.793295454545454,0,2495,0.18181818181818182,22.55406538139145
T01772,R0157,Zone_6,12.81,112.98,252.86,Credit Card,2023-05-24,0,Kavya Nair,36.0,Female,Hyderabad,2021-11-23,319.0,27.0,4.65,14627.0,0.54,37.6,Mixed,1.3831437035131955,1.025346914052792,0,2,5,0,0.0,1.0,0.0,0.0,0.0,0.0,0.0,0.0,0.0,0.0,1.0,0.0,0.0,0.0,Low,0,Medium,5.536782933960031,2.6253929674212007,10.629205050237765,0.3570532915360502,5.880658307210031,0,1719,0.08463949843260188,19.739266198282593
T01773,R0191,Zone_10,13.4,71.93,147.97,Cash,2023-09-12,0,Meera Gupta,33.0,Other,Surat,2020-08-14,87.0,6.0,4.56,2440.0,1.54,35.4,Industrial,0.1563687745253935,1.1579373955985726,0,1,9,2,1.0,0.0,0.0,0.0,0.0,1.0,0.0,0.0,0.0,0.0,0.0,0.0,0.0,0.0,Medium,1,Low,5.003744943391502,2.667228206581955,8.481155581640984,0.9559770114942528,15.24735632183908,0,2185,0.06896551724137931,11.042537313432835
T01774,R0233,Zone_5,20.74,175.96,379.63,Wallet,2023-10-01,0,Ishaan Iyer,30.0,Other,Hyderabad,2023-11-23,469.0,41.0,4.37,2590.0,1.31,43.9,Business,3.6612562086923743,2.807452877879977,0,6,10,2,0.0,0.0,0.0,1.0,0.0,0.0,0.0,0.0,0.0,1.0,0.0,0.0,0.0,0.0,Medium,1,High,5.94182777466688,3.0791538816930633,13.264991519032344,0.1903411513859275,3.3757569296375265,0,989,0.08742004264392324,18.30424300867888
T01775,R0091,Zone_3,7.52,69.92,75.77,UPI,2023-05-17,0,Meera Das,41.0,Other,Surat,2022-04-16,334.0,43.0,3.4,12971.0,2.11,38.0,Business,-0.6880696836013994,-0.16347282726446052,0,2,5,2,0.0,0.0,1.0,0.0,0.0,0.0,0.0,1.0,0.0,0.0,0.0,0.0,0.0,0.0,High,2,High,4.3408139388398075,2.1424163408412245,8.361817984146748,0.14934131736526945,2.7054191616766468,0,1575,0.12874251497005987,10.075797872340425
T01776,R0146,Zone_4,7.09,40.39,119.95,Wallet,2024-03-05,0,Kavya Gupta,30.0,Male,Surat,2020-04-15,80.0,11.0,3.89,4038.0,2.46,48.2,Business,-0.17134820049832855,-0.2601065680520632,0,1,3,1,0.0,0.0,0.0,1.0,0.0,0.0,0.0,0.0,1.0,0.0,0.0,0.0,0.0,0.0,High,2,Low,4.795377237056036,2.0906287310704004,6.355312738174259,0.843,11.730875000000001,0,2306,0.1375,16.918194640338506
T01777,R0187,Zone_7,8.82,58.42,112.0,Wallet,2023-04-22,0,Saanvi Reddy,27.0,Other,Surat,2022-08-05,357.0,38.0,4.71,11070.0,0.64,45.2,Industrial,-0.2643299974804339,0.12867569139573398,0,5,4,2,0.0,0.0,0.0,1.0,0.0,0.0,0.0,0.0,0.0,0.0,0.0,1.0,0.0,0.0,Low,0,High,4.727387818712341,2.2844211223663744,7.6432977176085455,0.21170868347338936,3.818879551820728,0,1464,0.10644257703081232,12.698412698412698
T01778,R0197,Zone_8,11.74,101.17,222.01,Credit Card,2023-03-05,0,Saanvi Das,29.0,Female,Bengaluru,2020-10-08,475.0,87.0,3.87,4516.0,1.93,31.0,Business,1.0223275479285476,0.7848862102324782,0,6,3,0,0.0,1.0,0.0,0.0,0.0,0.0,0.0,0.0,0.0,0.0,0.0,0.0,1.0,0.0,High,2,High,5.407216613504026,2.5447466501440172,10.058329881247682,0.14964210526315788,2.048421052631579,0,2130,0.1831578947368421,18.910562180579216
T01779,R0262,Zone_10,8.89,76.52,74.68,Wallet,2023-10-19,0,Meera Singh,30.0,Male,Ahmedabad,2019-04-21,6.0,0.0,3.35,2440.0,1.54,35.4,Industrial,-0.7008181312379395,0.1444067654774368,0,3,10,1,0.0,0.0,0.0,1.0,0.0,1.0,0.0,0.0,0.0,0.0,0.0,0.0,0.0,0.0,Medium,1,Low,4.326513924743623,2.2915241456346207,8.747571091451615,9.936666666666667,161.22666666666666,0,2666,0.0,8.40044994375703
T01780,R0004,Zone_5,6.66,36.68,165.2,Credit Card,2023-11-14,1,Aarav Nair,19.0,Other,Kolkata,2019-07-28,464.0,5.0,3.19,2590.0,1.31,43.9,Business,0.357887813770887,-0.3567403088396659,0,1,11,2,0.0,1.0,0.0,0.0,0.0,0.0,0.0,0.0,0.0,1.0,0.0,0.0,0.0,0.0,Medium,1,High,5.113191882421348,2.0360119837525,6.056401571890688,0.08019396551724138,1.4720474137931034,0,2568,0.010775862068965518,24.804804804804803
T01781,R0260,Zone_9,4.42,35.18,98.28,UPI,2024-02-01,1,Reyansh Das,55.0,Other,Mumbai,2019-07-17,63.0,3.0,4.24,11037.0,1.83,56.1,Mixed,-0.424796696171564,-0.8601346794541547,0,3,2,2,0.0,0.0,1.0,0.0,0.0,0.0,0.0,0.0,0.0,0.0,0.0,0.0,0.0,1.0,High,2,Low,4.5979441408963515,1.6900958154515549,5.931273050534767,0.5998412698412698,10.94063492063492,0,2579,0.047619047619047616,22.235294117647058
T01782,R0231,Zone_5,4.13,34.78,80.9,Cash,2023-03-06,0,Ishaan Nair,19.0,Other,Mumbai,2019-08-26,328.0,22.0,4.81,2590.0,1.31,43.9,Business,-0.6280701089450219,-0.9253062720783519,0,0,3,2,1.0,0.0,0.0,0.0,0.0,0.0,0.0,0.0,0.0,1.0,0.0,0.0,0.0,0.0,Medium,1,Medium,4.405498990859024,1.6351056591826783,5.897457079114693,0.18076219512195124,2.230274390243902,0,2539,0.06707317073170732,19.588377723970947
T01783,R0097,Zone_5,9.35,87.23,161.58,Cash,2023-07-07,0,Aarav Iyer,23.0,Other,Bengaluru,2021-01-25,478.0,5.0,3.28,2590.0,1.31,43.9,Business,0.31554893262935,0.2477823951571977,0,4,7,2,1.0,0.0,0.0,0.0,0.0,0.0,0.0,0.0,0.0,1.0,0.0,0.0,0.0,0.0,Medium,1,High,5.091170188318427,2.336986519711378,9.339700209321496,0.1452510460251046,2.3370292887029285,0,2021,0.010460251046025104,17.281283422459897
T01784,R0290,Zone_4,3.01,21.04,24.59,Wallet,2023-02-21,0,Saanvi Kumar,34.0,Other,Chennai,2020-05-06,169.0,4.0,4.28,4038.0,2.46,48.2,Business,-1.2866619313428018,-1.1770034573855963,0,1,2,2,0.0,0.0,0.0,1.0,0.0,0.0,0.0,0.0,1.0,0.0,0.0,0.0,0.0,0.0,High,2,Low,3.2422016501716975,1.3887912413184778,4.586937976471886,0.40366863905325445,6.376745562130178,0,2285,0.023668639053254437,8.169435215946844
T01785,R0161,Zone_5,1.07,10.37,18.72,Wallet,2023-11-25,0,Aarav Nair,32.0,Other,Surat,2019-03-27,332.0,50.0,4.91,2590.0,1.31,43.9,Business,-1.3553164154038029,-1.6129789390785017,0,5,11,2,0.0,0.0,0.0,1.0,0.0,0.0,0.0,0.0,0.0,1.0,0.0,0.0,0.0,0.0,Medium,1,Medium,2.9816333491744893,0.7275486072772778,3.2202484376209237,0.10006024096385542,1.7095180722891565,0,2691,0.15060240963855423,17.495327102803735
T01786,R0221,Zone_10,8.58,53.37,143.92,Cash,2024-05-01,0,Diya Patel,21.0,Female,Delhi,2021-01-13,106.0,1.0,4.41,2440.0,1.54,35.4,Industrial,0.10900068927035858,0.07474058025846728,0,2,5,0,1.0,0.0,0.0,0.0,0.0,1.0,0.0,0.0,0.0,0.0,0.0,0.0,0.0,0.0,Medium,1,Low,4.976181866026876,2.259677591982769,7.305477397131552,0.5540566037735849,8.615943396226415,0,2033,0.009433962264150943,16.773892773892772
T01787,R0274,Zone_10,13.81,118.3,194.21,Credit Card,2023-01-30,0,Reyansh Nair,27.0,Female,Surat,2019-03-18,31.0,5.0,3.04,2440.0,1.54,35.4,Industrial,0.6971836540791734,1.2500765437914032,0,0,1,0,0.0,1.0,0.0,0.0,0.0,1.0,0.0,0.0,0.0,0.0,0.0,0.0,0.0,0.0,Medium,1,Low,5.274075902175002,2.6953026282797072,10.876580344942981,0.9754838709677419,15.392258064516128,0,2700,0.16129032258064516,14.062997827661116
T01788,R0210,Zone_1,11.31,93.56,205.41,UPI,2024-06-15,0,Meera Iyer,34.0,Other,Mumbai,2022-01-02,94.0,5.0,3.4,4921.0,2.43,30.9,Residential,0.828176877500504,0.6882524694448755,0,5,6,2,0.0,0.0,1.0,0.0,1.0,0.0,0.0,0.0,0.0,0.0,0.0,0.0,0.0,0.0,High,2,Low,5.329864482046166,2.510411940196362,9.672641831474998,0.43127659574468086,5.512659574468086,0,1679,0.05319148936170213,18.16180371352785
T01789,R0214,Zone_1,7.91,49.88,157.86,Credit Card,2023-02-13,0,Aarav Kumar,20.0,Female,Kolkata,2022-09-14,210.0,2.0,4.53,4921.0,2.43,30.9,Residential,0.2720404691358366,-0.0758282716664021,0,0,2,0,0.0,1.0,0.0,0.0,1.0,0.0,0.0,0.0,0.0,0.0,0.0,0.0,0.0,0.0,High,2,Medium,5.068023311204986,2.187174241482718,7.06257743320383,0.1940952380952381,3.2461428571428574,0,1424,0.009523809523809525,19.95701643489254
T01790,R0254,Zone_6,10.02,78.23,232.0,Wallet,2024-05-22,1,Meera Kumar,18.0,Male,Delhi,2020-03-09,363.0,70.0,3.68,14627.0,0.54,37.6,Mixed,1.1391688248909668,0.3983512470820671,0,2,5,1,0.0,0.0,0.0,1.0,0.0,0.0,0.0,0.0,0.0,0.0,1.0,0.0,0.0,0.0,Low,0,High,5.4510384535657,2.3997118037247684,8.844772467395643,0.2269146005509642,3.346005509641873,0,2343,0.1928374655647383,23.15369261477046
T01791,R0078,Zone_5,0.24,1.6,3.27,Cash,2023-01-11,0,Saanvi Sharma,30.0,Other,Jaipur,2023-01-02,97.0,9.0,3.62,2590.0,1.31,43.9,Business,-1.5390578028992588,-1.7995045317615488,0,2,1,2,1.0,0.0,0.0,0.0,0.0,0.0,0.0,0.0,0.0,1.0,0.0,0.0,0.0,0.0,Medium,1,Low,1.451613827240533,0.2151113796169455,1.2649110640673518,0.025670103092783503,0.26979381443298966,0,1314,0.09278350515463918,13.625
T01792,R0135,Zone_9,4.55,35.7,65.91,Credit Card,2024-07-04,0,Reyansh Patel,38.0,Female,Ahmedabad,2022-02-24,153.0,8.0,3.47,11037.0,1.83,56.1,Mixed,-0.8033905035062494,-0.8309198275881353,0,3,7,0,0.0,1.0,0.0,0.0,0.0,0.0,0.0,0.0,0.0,0.0,0.0,0.0,0.0,1.0,High,2,Low,4.2033484327947255,1.713797927758343,5.974947698515862,0.4352941176470588,6.4845098039215685,0,1626,0.05228758169934641,14.485714285714286
T01793,R0103,Zone_9,16.39,94.54,325.6,Wallet,2023-10-22,0,Ishaan Gupta,37.0,Other,Surat,2022-11-24,175.0,14.0,3.07,11037.0,1.83,56.1,Mixed,2.2338979063406597,1.8298789885170197,0,6,10,2,0.0,0.0,0.0,1.0,0.0,0.0,0.0,0.0,0.0,0.0,0.0,0.0,0.0,1.0,High,2,Medium,5.788736180536365,2.855895328366192,9.723168207945392,0.40817142857142863,7.065371428571429,0,1353,0.08,19.86577181208054
T01794,R0251,Zone_4,13.92,136.57,273.07,Cash,2023-09-10,0,Vivaan Iyer,46.0,Female,Mumbai,2020-01-13,213.0,26.0,4.48,4038.0,2.46,48.2,Business,1.6195162968475787,1.2747968030626502,0,6,9,0,1.0,0.0,0.0,0.0,0.0,0.0,0.0,0.0,1.0,0.0,0.0,0.0,0.0,0.0,High,2,Medium,5.613383548212584,2.702702594775615,11.686316785026838,0.18032863849765257,3.5801877934272297,0,2399,0.12206572769953052,19.617097701149426
T01795,R0046,Zone_1,4.44,37.76,49.02,Credit Card,2023-10-12,0,Vivaan Singh,31.0,Female,Kolkata,2019-08-16,31.0,4.0,3.87,4921.0,2.43,30.9,Residential,-1.0009329627550239,-0.8556400868593823,0,3,10,0,0.0,1.0,0.0,0.0,1.0,0.0,0.0,0.0,0.0,0.0,0.0,0.0,0.0,0.0,High,2,Low,3.912422925449473,1.6937790608678513,6.144916598294887,2.581290322580645,41.82,0,2549,0.12903225806451613,11.04054054054054
T01796,R0240,Zone_8,16.77,141.03,196.01,Cash,2023-12-22,0,Aarav Iyer,30.0,Male,Delhi,2020-05-18,174.0,2.0,4.07,4516.0,1.93,31.0,Business,0.7182361364147442,1.9152762478176917,0,4,12,1,1.0,0.0,0.0,0.0,0.0,0.0,0.0,0.0,0.0,0.0,0.0,0.0,1.0,0.0,High,2,Medium,5.283254488870991,2.87751164216656,11.875605247733692,0.5294252873563219,7.0199425287356325,0,2273,0.011494252873563218,11.688133571854502
T01797,R0197,Zone_7,4.41,28.5,58.59,Credit Card,2024-01-04,0,Saanvi Das,29.0,Female,Bengaluru,2020-10-08,475.0,87.0,3.87,11070.0,0.64,45.2,Industrial,-0.8890039316709049,-0.8623819757515407,0,3,1,0,0.0,1.0,0.0,0.0,0.0,0.0,0.0,0.0,0.0,0.0,0.0,1.0,0.0,0.0,Low,0,High,4.087487774758888,1.6882490928583902,5.338539126015656,0.14964210526315788,2.048421052631579,0,2130,0.1831578947368421,13.285714285714286
T01798,R0083,Zone_4,3.88,35.19,34.82,Credit Card,2023-08-02,0,Kavya Patel,45.0,Female,Mumbai,2021-12-31,475.0,39.0,4.4,4038.0,2.46,48.2,Business,-1.16701365673564,-0.9814886795130047,0,2,8,0,0.0,1.0,0.0,0.0,0.0,0.0,0.0,0.0,1.0,0.0,0.0,0.0,0.0,0.0,High,2,High,3.578506396632566,1.5851452198650557,5.932115979985556,0.19498947368421055,2.9796421052631583,0,1681,0.08210526315789474,8.974226804123711
T01799,R0269,Zone_7,15.68,105.54,378.85,UPI,2023-04-15,1,Aadhya Sharma,41.0,Male,Mumbai,2019-05-19,423.0,16.0,3.41,11070.0,0.64,45.2,Industrial,2.856700508767969,1.6703209514026056,0,5,4,1,0.0,0.0,1.0,0.0,0.0,0.0,0.0,0.0,0.0,0.0,0.0,1.0,0.0,0.0,Low,0,High,5.939776437949231,2.8142103969306005,10.273266277090261,0.14907801418439717,3.4486288416075648,0,2638,0.037825059101654845,24.16135204081633
T01800,R0221,Zone_7,14.54,131.27,297.51,Wallet,2023-05-24,1,Diya Patel,21.0,Female,Delhi,2021-01-13,106.0,1.0,4.41,11070.0,0.64,45.2,Industrial,1.905362223670554,1.414129173500589,0,2,5,0,0.0,0.0,0.0,1.0,0.0,0.0,0.0,0.0,0.0,0.0,0.0,1.0,0.0,0.0,Low,0,Low,5.698803433109037,2.7434173449395014,11.457312075700827,0.5540566037735849,8.615943396226415,0,2033,0.009433962264150943,20.461485557083908
T01801,R0042,Zone_5,5.06,25.83,51.03,UPI,2024-03-11,0,Arjun Reddy,18.0,Female,Chennai,2021-05-20,23.0,4.0,3.03,2590.0,1.31,43.9,Business,-0.9774243574803031,-0.7163077164214436,0,0,3,0,0.0,0.0,1.0,0.0,0.0,0.0,0.0,0.0,0.0,1.0,0.0,0.0,0.0,0.0,Medium,1,Low,3.9518204753022124,1.801709800081223,5.0823223038292245,2.0069565217391303,32.10782608695652,0,1906,0.17391304347826086,10.08498023715415
T01802,R0138,Zone_3,7.75,60.38,177.01,UPI,2023-04-21,1,Ishaan Das,46.0,Male,Kolkata,2022-07-28,13.0,0.0,3.53,12971.0,2.11,38.0,Business,0.4960154895392724,-0.1117850124245799,0,4,4,1,0.0,0.0,1.0,0.0,0.0,0.0,0.0,1.0,0.0,0.0,0.0,0.0,0.0,0.0,High,2,Low,5.181839728489342,2.169053700369523,7.770456872024965,2.4038461538461537,40.113846153846154,0,1472,0.0,22.84
T01803,R0179,Zone_7,6.29,41.15,114.57,Cash,2023-03-18,0,Meera Patel,28.0,Male,Kolkata,2022-04-11,274.0,14.0,4.64,11070.0,0.64,45.2,Industrial,-0.23427173103464646,-0.439890271842952,0,5,3,1,1.0,0.0,0.0,0.0,0.0,0.0,0.0,0.0,0.0,0.0,0.0,1.0,0.0,0.0,Low,0,Medium,4.74987640698735,1.986503546020567,6.41482657598785,0.09317518248175183,1.6759124087591242,0,1580,0.051094890510948905,18.214626391096978
T01804,R0121,Zone_8,10.52,66.79,184.38,Cash,2023-12-04,0,Diya Iyer,29.0,Male,Pune,2023-07-13,378.0,10.0,4.17,4516.0,1.93,31.0,Business,0.582213708879916,0.5107160619513726,0,0,12,1,1.0,0.0,0.0,0.0,0.0,0.0,0.0,0.0,0.0,0.0,0.0,0.0,1.0,0.0,High,2,High,5.222407772447687,2.444084655267745,8.17251491280377,0.23269841269841268,3.8740211640211637,0,1122,0.026455026455026454,17.526615969581748
T01805,R0152,Zone_5,15.84,85.37,256.16,Cash,2023-10-01,0,Arjun Patel,34.0,Female,Bengaluru,2021-05-04,143.0,24.0,3.91,2590.0,1.31,43.9,Business,1.4217399211284092,1.7062776921607834,0,6,10,0,1.0,0.0,0.0,0.0,0.0,0.0,0.0,0.0,0.0,1.0,0.0,0.0,0.0,0.0,Medium,1,Low,5.549698459273486,2.8237570088141806,9.239588735436227,0.3393706293706294,6.395524475524475,0,1922,0.16783216783216784,16.171717171717173
T01806,R0157,Zone_1,10.66,82.98,177.51,Wallet,2024-08-23,0,Kavya Nair,36.0,Female,Hyderabad,2021-11-23,319.0,27.0,4.65,4921.0,2.43,30.9,Residential,0.5018634012991532,0.5421782101147783,0,4,8,0,0.0,0.0,0.0,1.0,1.0,0.0,0.0,0.0,0.0,0.0,0.0,0.0,0.0,0.0,High,2,Medium,5.18464462205946,2.4561641809223462,9.109335870413386,0.3570532915360502,5.880658307210031,0,1719,0.08463949843260188,16.651969981238274
T01807,R0016,Zone_8,7.43,55.78,98.82,Wallet,2024-07-21,0,Aarav Iyer,28.0,Female,Delhi,2022-01-24,356.0,51.0,3.06,4516.0,1.93,31.0,Business,-0.4184809514708928,-0.1836984939409355,0,6,7,0,0.0,0.0,0.0,1.0,0.0,0.0,0.0,0.0,0.0,0.0,0.0,0.0,1.0,0.0,High,2,High,4.603368564041463,2.131796772013764,7.468600939935136,0.11584269662921348,1.9316853932584273,0,1657,0.14325842696629212,13.300134589502019
T01808,R0099,Zone_8,1.27,11.57,25.71,Credit Card,2023-05-16,1,Diya Gupta,35.0,Other,Mumbai,2021-08-21,80.0,8.0,3.7,4516.0,1.93,31.0,Business,-1.2735626090006686,-1.5680330131307796,0,1,5,2,0.0,1.0,0.0,0.0,0.0,0.0,0.0,0.0,0.0,0.0,0.0,0.0,1.0,0.0,High,2,Low,3.2850380271218693,0.8197798314933114,3.4014702703389896,0.867125,16.033250000000002,0,1813,0.1,20.244094488188978
T01809,R0259,Zone_10,11.89,94.26,134.21,Wallet,2023-12-30,0,Aadhya Das,32.0,Male,Jaipur,2019-06-25,150.0,27.0,3.52,2440.0,1.54,35.4,Industrial,-0.004565757106527032,0.8185956546932699,0,5,12,1,0.0,0.0,0.0,1.0,0.0,1.0,0.0,0.0,0.0,0.0,0.0,0.0,0.0,0.0,Medium,1,Low,4.906829125370667,2.556451816951096,9.708758932015977,0.5316000000000001,8.553866666666666,0,2601,0.18,11.287636669470142
T01810,R0253,Zone_4,1.8900000000000001,18.17,21.41,Cash,2023-05-17,0,Ishaan Gupta,26.0,Male,Surat,2021-08-19,173.0,24.0,3.16,4038.0,2.46,48.2,Business,-1.3238546501356439,-1.4287006426928406,0,2,5,1,1.0,0.0,0.0,0.0,0.0,0.0,0.0,0.0,1.0,0.0,0.0,0.0,0.0,0.0,High,2,Medium,3.1095072878128356,1.0612565021243408,4.262628297189424,0.28797687861271676,4.304104046242775,0,1815,0.13872832369942195,11.328042328042327
T01811,R0283,Zone_9,7.06,41.12,167.08,Cash,2023-07-23,1,Diya Nair,19.0,Male,Surat,2023-06-15,245.0,45.0,3.55,11037.0,1.83,56.1,Mixed,0.37987596198803925,-0.2668484569442216,0,6,7,1,1.0,0.0,0.0,0.0,0.0,0.0,0.0,0.0,0.0,0.0,0.0,0.0,0.0,1.0,High,2,Medium,5.124440056536745,2.0869135565185366,6.4124878167525585,0.22844897959183674,4.135632653061225,0,1150,0.1836734693877551,23.6657223796034
T01812,R0030,Zone_3,12.79,82.93,234.27,UPI,2023-01-14,0,Saanvi Patel,25.0,Other,Mumbai,2021-01-08,442.0,58.0,3.72,12971.0,2.11,38.0,Business,1.165718344280826,1.0208523214580196,0,5,1,2,0.0,0.0,1.0,0.0,0.0,0.0,0.0,1.0,0.0,0.0,0.0,0.0,0.0,0.0,High,2,High,5.460733790792328,2.6239436918052106,9.10659101969557,0.1833710407239819,3.5865384615384617,0,2038,0.13122171945701358,18.316653635652855
T01813,R0026,Zone_5,12.06,72.67,110.9,Cash,2023-05-24,0,Aarav Kumar,26.0,Female,Surat,2020-04-17,44.0,5.0,3.17,2590.0,1.31,43.9,Business,-0.2771954033521717,0.8567996917488339,0,2,5,0,1.0,0.0,0.0,0.0,0.0,0.0,0.0,0.0,0.0,1.0,0.0,0.0,0.0,0.0,Medium,1,Low,4.71760561531788,2.569554123848285,8.524670081592602,1.8020454545454547,22.11795454545455,0,2304,0.11363636363636363,9.195688225538971
T01814,R0189,Zone_1,12.19,80.85,203.93,UPI,2024-02-12,0,Reyansh Gupta,29.0,Female,Delhi,2019-09-16,238.0,42.0,3.28,4921.0,2.43,30.9,Residential,0.8108670586912569,0.886014543614853,0,0,2,0,0.0,0.0,1.0,0.0,1.0,0.0,0.0,0.0,0.0,0.0,0.0,0.0,0.0,0.0,High,2,Medium,5.322668457411868,2.579458966729223,8.99166280506559,0.30264705882352944,6.2214285714285715,0,2518,0.17647058823529413,16.729286300246105
T01815,R0127,Zone_9,11.49,72.44,284.26,Credit Card,2024-01-22,1,Vivaan Kumar,38.0,Male,Chennai,2020-03-17,43.0,2.0,4.83,11037.0,1.83,56.1,Mixed,1.750392562033712,0.7287038027978254,0,0,1,1,0.0,1.0,0.0,0.0,0.0,0.0,0.0,0.0,0.0,0.0,0.0,0.0,0.0,1.0,High,2,Low,5.6534010450952765,2.5249283241374862,8.511169132381285,1.6467441860465117,32.56906976744186,0,2335,0.046511627906976744,24.73977371627502
T01816,R0190,Zone_6,8.73,59.31,153.71,UPI,2023-09-21,0,Saanvi Iyer,35.0,Other,Surat,2020-09-25,274.0,47.0,4.12,14627.0,0.54,37.6,Mixed,0.2235028015288256,0.10845002471925902,0,3,9,2,0.0,0.0,1.0,0.0,0.0,0.0,0.0,0.0,0.0,0.0,1.0,0.0,0.0,0.0,Low,0,Medium,5.041552396730977,2.2752138961979136,7.7012985917960615,0.25543795620437953,4.08,0,2143,0.17153284671532848,17.607101947308134
T01817,R0249,Zone_7,9.51,87.31,211.56,Credit Card,2023-06-09,1,Diya Nair,20.0,Male,Mumbai,2023-03-24,396.0,48.0,4.49,11070.0,0.64,45.2,Industrial,0.9001061921470384,0.2837391359153755,0,4,6,1,0.0,1.0,0.0,0.0,0.0,0.0,0.0,0.0,0.0,0.0,0.0,1.0,0.0,0.0,Low,0,High,5.359224301451558,2.3523271848888596,9.343982020530648,0.1634090909090909,2.728611111111111,0,1233,0.12121212121212122,22.246056782334385
T01818,R0201,Zone_4,8.46,82.56,119.97,Cash,2024-01-31,0,Meera Reddy,37.0,Female,Delhi,2021-04-06,183.0,15.0,3.84,4038.0,2.46,48.2,Business,-0.17111428402793336,0.04777302468983413,0,2,1,0,1.0,0.0,0.0,0.0,0.0,0.0,0.0,0.0,1.0,0.0,0.0,0.0,0.0,0.0,High,2,Medium,4.795542580971757,2.247072383063787,9.086253353280437,0.3698360655737705,5.856830601092896,0,1950,0.08196721311475409,14.180851063829786
T01819,R0292,Zone_7,10.41,100.65,155.43,UPI,2023-08-05,0,Diya Patel,37.0,Female,Jaipur,2020-06-28,141.0,19.0,4.39,11070.0,0.64,45.2,Industrial,0.24361961798281567,0.4859958026801255,0,5,8,0,0.0,0.0,1.0,0.0,0.0,0.0,0.0,0.0,0.0,0.0,0.0,1.0,0.0,0.0,Low,0,Low,5.052608625573679,2.4344901638739844,10.032447358446493,0.5628368794326241,8.070141843971632,0,2232,0.1347517730496454,14.930835734870318
T01820,R0247,Zone_4,10.68,79.42,100.76,Wallet,2024-08-01,0,Aadhya Das,37.0,Male,Bengaluru,2021-05-11,249.0,47.0,4.92,4038.0,2.46,48.2,Business,-0.39579105384255503,0.5466728027095504,0,3,8,1,0.0,0.0,0.0,1.0,0.0,0.0,0.0,0.0,1.0,0.0,0.0,0.0,0.0,0.0,High,2,Medium,4.622617099591812,2.457877977400081,8.911789943664516,0.5360642570281124,9.507791164658634,0,1915,0.18875502008032127,9.434456928838951
T01821,R0151,Zone_4,8.67,48.49,192.02,UPI,2023-11-20,1,Meera Reddy,34.0,Male,Hyderabad,2023-02-25,394.0,56.0,5.0,4038.0,2.46,48.2,Business,0.6715698005708953,0.09496624693494224,0,0,11,1,0.0,0.0,1.0,0.0,0.0,0.0,0.0,0.0,1.0,0.0,0.0,0.0,0.0,0.0,High,2,High,5.26279381047899,2.269028309465203,6.963476143421474,0.15967005076142132,2.8274111675126905,0,1260,0.14213197969543148,22.147635524798154
T01822,R0233,Zone_5,10.57,64.85,220.34,UPI,2024-08-09,1,Ishaan Iyer,30.0,Other,Hyderabad,2023-11-23,469.0,41.0,4.37,2590.0,1.31,43.9,Business,1.0027955226505458,0.5219525434383033,0,4,8,2,0.0,0.0,1.0,0.0,0.0,0.0,0.0,0.0,0.0,1.0,0.0,0.0,0.0,0.0,Medium,1,High,5.3996999808366395,2.448415541205585,8.052949770115296,0.1903411513859275,3.3757569296375265,0,989,0.08742004264392324,20.845789971617787
T01823,R0212,Zone_6,4.58,42.58,77.52,UPI,2024-05-15,0,Aadhya Iyer,36.0,Female,Ahmedabad,2023-09-11,73.0,12.0,3.22,14627.0,0.54,37.6,Mixed,-0.6676019924418164,-0.8241779386959769,0,2,5,0,0.0,0.0,1.0,0.0,0.0,0.0,0.0,0.0,0.0,0.0,1.0,0.0,0.0,0.0,Low,0,Low,4.3633533694082605,1.7191887763932197,6.52533524043018,0.8024657534246575,15.458767123287672,0,1062,0.1643835616438356,16.925764192139738
T01824,R0248,Zone_9,6.47,52.78,148.29,Credit Card,2023-02-24,1,Vivaan Ghosh,18.0,Female,Chennai,2021-10-24,104.0,12.0,3.65,11037.0,1.83,56.1,Mixed,0.16011143805171715,-0.3994389384900021,0,4,2,0,0.0,1.0,0.0,0.0,0.0,0.0,0.0,0.0,0.0,0.0,0.0,0.0,0.0,1.0,High,2,Low,5.005890723065499,2.010894999144726,7.264984514780469,0.5549999999999999,9.03519230769231,0,1749,0.11538461538461539,22.919629057187016
T01825,R0093,Zone_6,9.15,72.97,125.3,Wallet,2024-08-22,0,Diya Patel,33.0,Other,Surat,2019-05-30,119.0,18.0,3.77,14627.0,0.54,37.6,Mixed,-0.10877554466760367,0.20283646920947565,0,3,8,2,0.0,0.0,0.0,1.0,0.0,0.0,0.0,0.0,0.0,0.0,1.0,0.0,0.0,0.0,Low,0,Low,4.838660029356445,2.3174737054877963,8.542247947700886,0.6012605042016808,9.999075630252099,0,2627,0.15126050420168066,13.693989071038251
T01826,R0010,Zone_6,17.62,90.44,227.02,Cash,2023-09-20,0,Vivaan Gupta,25.0,Female,Surat,2023-05-14,173.0,1.0,3.38,14627.0,0.54,37.6,Mixed,1.080923623762554,2.1062964330955114,0,2,9,0,1.0,0.0,0.0,0.0,0.0,0.0,0.0,0.0,0.0,0.0,1.0,0.0,0.0,0.0,Low,0,Medium,5.429433344405574,2.924236271848921,9.509994742374992,0.49277456647398843,6.962485549132948,0,1182,0.005780346820809248,12.88422247446084
T01827,R0110,Zone_1,10.64,97.91,219.66,Cash,2023-06-01,1,Vivaan Patel,19.0,Female,Kolkata,2023-02-04,224.0,28.0,4.43,4921.0,2.43,30.9,Residential,0.9948423626571078,0.5376836175200062,0,3,6,0,1.0,0.0,0.0,0.0,1.0,0.0,0.0,0.0,0.0,0.0,0.0,0.0,0.0,0.0,High,2,Medium,5.39662305533216,2.454447442303292,9.894948206029175,0.26571428571428574,4.226249999999999,0,1281,0.125,20.64473684210526
T01828,R0090,Zone_3,7.33,73.0,173.86,Cash,2024-06-13,1,Kavya Iyer,33.0,Female,Mumbai,2021-01-31,152.0,25.0,4.51,12971.0,2.11,38.0,Business,0.4591736454520234,-0.20617145691479652,0,3,6,0,1.0,0.0,0.0,0.0,0.0,0.0,0.0,1.0,0.0,0.0,0.0,0.0,0.0,0.0,High,2,Low,5.163985653752745,2.1198634561787513,8.54400374531753,0.7113815789473685,12.63078947368421,0,2015,0.16447368421052633,23.718963165075035
T01829,R0090,Zone_3,6.9,58.91,170.42,Cash,2024-08-17,1,Kavya Iyer,33.0,Female,Mumbai,2021-01-31,152.0,25.0,4.51,12971.0,2.11,38.0,Business,0.4189400125440429,-0.3028051977023992,0,5,8,0,1.0,0.0,0.0,0.0,0.0,0.0,0.0,1.0,0.0,0.0,0.0,0.0,0.0,0.0,High,2,Low,5.1441166854707365,2.066862759472976,7.675285010994705,0.7113815789473685,12.63078947368421,0,2015,0.16447368421052633,24.698550724637677
T01830,R0168,Zone_4,11.72,114.29,180.01,Wallet,2023-10-27,0,Diya Das,23.0,Male,Pune,2019-10-08,471.0,74.0,4.03,4038.0,2.46,48.2,Business,0.5311029600985574,0.780391617637706,0,4,10,1,0.0,0.0,0.0,1.0,0.0,0.0,0.0,0.0,1.0,0.0,0.0,0.0,0.0,0.0,High,2,High,5.198552278358462,2.543175557911976,10.690650120549265,0.0743524416135881,1.2087261146496815,0,2496,0.15711252653927812,15.359215017064844
T01831,R0221,Zone_5,7.51,47.39,108.64,Credit Card,2023-09-19,0,Diya Patel,21.0,Female,Delhi,2021-01-13,106.0,1.0,4.41,2590.0,1.31,43.9,Business,-0.3036279645068331,-0.1657201235618466,0,1,9,0,0.0,1.0,0.0,0.0,0.0,0.0,0.0,0.0,0.0,1.0,0.0,0.0,0.0,0.0,Medium,1,Low,4.697202271434585,2.1412419425852827,6.884039511798287,0.5540566037735849,8.615943396226415,0,2033,0.009433962264150943,14.466045272969374
T01832,R0209,Zone_3,11.19,85.31,190.72,Wallet,2024-04-30,0,Vivaan Sharma,31.0,Other,Surat,2020-06-11,109.0,20.0,3.77,12971.0,2.11,38.0,Business,0.656365229995205,0.661284913876242,0,1,4,2,0.0,0.0,0.0,1.0,0.0,0.0,0.0,1.0,0.0,0.0,0.0,0.0,0.0,0.0,High,2,Low,5.25603597429143,2.5006159434931803,9.236341266973628,0.5368807339449542,6.743944954128441,0,2249,0.1834862385321101,17.0437890974084
T01833,R0135,Zone_6,10.56,92.83,96.94,Wallet,2023-09-17,0,Reyansh Patel,38.0,Female,Ahmedabad,2022-02-24,153.0,8.0,3.47,14627.0,0.54,37.6,Mixed,-0.4404690996880447,0.5197052471409173,0,6,9,0,0.0,0.0,0.0,1.0,0.0,0.0,0.0,0.0,0.0,0.0,1.0,0.0,0.0,0.0,Low,0,Low,4.584355046274172,2.4475508632442313,9.634832639957997,0.4352941176470588,6.4845098039215685,0,1626,0.05228758169934641,9.179924242424242
T01834,R0277,Zone_2,1.77,17.08,41.11,Cash,2023-03-25,1,Kavya Gupta,42.0,Female,Jaipur,2021-01-22,433.0,16.0,3.06,6371.0,0.91,58.4,Residential,-1.093446926796339,-1.455668198261474,0,5,3,0,1.0,0.0,0.0,0.0,0.0,0.0,1.0,0.0,0.0,0.0,0.0,0.0,0.0,0.0,Low,0,High,3.740285242173836,1.0188473201992472,4.132795663954365,0.20076212471131638,3.2397228637413393,0,2024,0.03695150115473441,23.225988700564972
T01835,R0121,Zone_5,10.36,81.16,120.91,Wallet,2024-05-13,0,Diya Iyer,29.0,Male,Pune,2023-07-13,378.0,10.0,4.17,2590.0,1.31,43.9,Business,-0.1601202099193574,0.4747593211931948,0,0,5,1,0.0,0.0,0.0,1.0,0.0,0.0,0.0,0.0,0.0,1.0,0.0,0.0,0.0,0.0,Medium,1,High,4.803283067577055,2.4300984132930052,9.008884503644166,0.23269841269841268,3.8740211640211637,0,1122,0.026455026455026454,11.670849420849422
T01836,R0030,Zone_3,10.33,86.22,159.71,Cash,2024-04-25,0,Saanvi Patel,25.0,Other,Mumbai,2021-01-08,442.0,58.0,3.72,12971.0,2.11,38.0,Business,0.29367774264739566,0.4680174323010366,0,3,4,2,1.0,0.0,0.0,0.0,0.0,0.0,0.0,1.0,0.0,0.0,0.0,0.0,0.0,0.0,High,2,High,5.0796014985609785,2.427454075039915,9.285472524325296,0.1833710407239819,3.5865384615384617,0,2038,0.13122171945701358,15.46079380445305
T01837,R0144,Zone_4,11.98,119.08,161.41,Wallet,2024-06-02,0,Ishaan Kumar,34.0,Other,Pune,2021-01-31,194.0,10.0,3.52,4038.0,2.46,48.2,Business,0.31356064263099037,0.8388213213697449,0,6,6,2,0.0,0.0,0.0,1.0,0.0,0.0,0.0,0.0,1.0,0.0,0.0,0.0,0.0,0.0,High,2,Medium,5.090124002186512,2.563409711275944,10.912378292562991,0.4354123711340206,8.002319587628865,0,2015,0.05154639175257732,13.473288814691152
T01838,R0288,Zone_4,3.81,30.6,65.86,UPI,2023-09-01,0,Diya Ghosh,42.0,Male,Ahmedabad,2021-08-30,43.0,5.0,4.56,4038.0,2.46,48.2,Business,-0.8039752946822375,-0.9972197535947073,0,4,9,1,0.0,0.0,1.0,0.0,0.0,0.0,0.0,0.0,1.0,0.0,0.0,0.0,0.0,0.0,High,2,Low,4.202600880991953,1.57069708411767,5.531726674375733,1.2111627906976743,18.50232558139535,0,1804,0.11627906976744186,17.286089238845143
T01839,R0187,Zone_10,13.47,105.41,270.11,Credit Card,2024-02-04,1,Saanvi Reddy,27.0,Other,Surat,2022-08-05,357.0,38.0,4.71,2440.0,1.54,35.4,Industrial,1.5848966592290845,1.1736684696802755,0,6,2,2,0.0,1.0,0.0,0.0,0.0,1.0,0.0,0.0,0.0,0.0,0.0,0.0,0.0,0.0,Medium,1,High,5.602524642581974,2.6720775406433925,10.266937225872184,0.21170868347338936,3.818879551820728,0,1464,0.10644257703081232,20.052709725315516
T01840,R0226,Zone_6,7.17,67.97,156.24,Cash,2024-05-15,1,Aarav Iyer,20.0,Other,Surat,2021-07-30,266.0,2.0,3.25,14627.0,0.54,37.6,Mixed,0.25309323503382264,-0.24212819767297433,0,2,5,2,1.0,0.0,0.0,0.0,0.0,0.0,0.0,0.0,0.0,0.0,1.0,0.0,0.0,0.0,Low,0,Medium,5.057773300553659,2.1004689088719113,8.244392033376384,0.2000375939849624,3.408571428571429,0,1835,0.007518796992481203,21.7907949790795
T01841,R0154,Zone_10,17.94,102.09,150.4,Credit Card,2023-12-03,0,Kavya Patel,18.0,Other,Kolkata,2019-03-25,466.0,79.0,4.68,2440.0,1.54,35.4,Industrial,0.18478962567841442,2.178209914611867,0,6,12,2,0.0,1.0,0.0,0.0,0.0,1.0,0.0,0.0,0.0,0.0,0.0,0.0,0.0,0.0,Medium,1,High,5.019925341003349,2.9412760877579323,10.103959619871805,0.2974678111587983,4.419570815450644,0,2693,0.16952789699570817,8.383500557413601
T01842,R0298,Zone_5,16.76,92.4,353.62,UPI,2023-07-15,1,Vivaan Singh,35.0,Female,Ahmedabad,2020-03-25,65.0,11.0,3.88,2590.0,1.31,43.9,Business,2.5616148813643815,1.913028951520306,0,5,7,0,0.0,0.0,1.0,0.0,0.0,0.0,0.0,0.0,0.0,1.0,0.0,0.0,0.0,0.0,Medium,1,Low,5.871046793628842,2.876948737564024,9.612491872558333,0.9721538461538463,15.421692307692307,0,2327,0.16923076923076924,21.099045346062052
T01843,R0256,Zone_6,4.96,44.3,59.86,Wallet,2023-11-27,0,Aadhya Sharma,31.0,Female,Delhi,2021-03-25,265.0,8.0,3.65,14627.0,0.54,37.6,Mixed,-0.8741502358008075,-0.7387806793953047,0,0,11,0,0.0,0.0,0.0,1.0,0.0,0.0,0.0,0.0,0.0,0.0,1.0,0.0,0.0,0.0,Low,0,Medium,4.108576144468825,1.7850704810772584,6.6558245169174945,0.15641509433962264,2.8445283018867924,0,1962,0.03018867924528302,12.068548387096774
T01844,R0236,Zone_1,1.15,11.34,20.45,Wallet,2024-05-01,0,Arjun Gupta,28.0,Male,Ahmedabad,2020-08-10,61.0,1.0,3.36,4921.0,2.43,30.9,Residential,-1.335082640714615,-1.5950005686994126,0,2,5,1,0.0,0.0,0.0,1.0,1.0,0.0,0.0,0.0,0.0,0.0,0.0,0.0,0.0,0.0,High,2,Low,3.065724645374026,0.7654678421395714,3.3674916480965473,0.8198360655737704,12.599016393442623,0,2189,0.01639344262295082,17.782608695652176
T01845,R0137,Zone_4,11.49,57.75,228.53,Wallet,2024-03-03,0,Arjun Gupta,27.0,Male,Bengaluru,2021-08-10,166.0,32.0,3.14,4038.0,2.46,48.2,Business,1.098584317277394,0.7287038027978254,0,6,3,1,0.0,0.0,0.0,1.0,0.0,0.0,0.0,0.0,1.0,0.0,0.0,0.0,0.0,0.0,High,2,Low,5.4360337399118706,2.5249283241374862,7.599342076785332,0.49596385542168675,9.032349397590362,0,1824,0.1927710843373494,19.88946910356832
T01846,R0013,Zone_7,3.9,27.41,59.02,Cash,2023-03-16,0,Ishaan Gupta,43.0,Female,Kolkata,2019-04-01,6.0,0.0,3.91,11070.0,0.64,45.2,Industrial,-0.8839747275574072,-0.9769940869182323,0,3,3,0,1.0,0.0,0.0,0.0,0.0,0.0,0.0,0.0,0.0,0.0,0.0,1.0,0.0,0.0,Low,0,Low,4.0946778400122215,1.589235205116581,5.23545604508337,13.418333333333335,238.80666666666664,0,2686,0.0,15.133333333333335
T01847,R0082,Zone_10,13.74,118.5,115.55,Credit Card,2023-12-12,0,Kavya Singh,26.0,Other,Pune,2022-12-27,274.0,23.0,3.15,2440.0,1.54,35.4,Industrial,-0.22280982398528,1.2343454697097003,0,1,12,2,0.0,1.0,0.0,0.0,0.0,1.0,0.0,0.0,0.0,0.0,0.0,0.0,0.0,0.0,Medium,1,Medium,4.758320365481766,2.6905648867611904,10.88577052853862,0.08985401459854014,1.0863503649635036,0,1320,0.08394160583941605,8.409752547307132
T01848,R0286,Zone_8,10.65,94.84,102.71,UPI,2023-07-26,0,Ishaan Nair,26.0,Male,Pune,2023-02-15,29.0,0.0,4.48,4516.0,1.93,31.0,Business,-0.3729841979790199,0.5399309138173922,0,2,7,1,0.0,0.0,1.0,0.0,0.0,0.0,0.0,0.0,0.0,0.0,0.0,0.0,1.0,0.0,High,2,Low,4.641598542601643,2.4553061800117097,9.73858305915188,1.4572413793103447,21.62551724137931,0,1270,0.0,9.64413145539906
T01849,R0003,Zone_9,0.73,6.3,9.1,Credit Card,2023-01-21,0,Kavya Reddy,34.0,Male,Pune,2023-05-04,45.0,9.0,3.76,11037.0,1.83,56.1,Mixed,-1.46783023766391,-1.6893870131896294,0,5,1,1,0.0,1.0,0.0,0.0,0.0,0.0,0.0,0.0,0.0,0.0,0.0,0.0,0.0,1.0,High,2,Low,2.312535423847214,0.5481214085096876,2.5099800796022267,1.5040000000000002,21.593555555555557,0,1192,0.2,12.465753424657533
T01850,R0271,Zone_2,11.91,79.11,174.3,Credit Card,2023-07-10,0,Saanvi Iyer,22.0,Male,Bengaluru,2022-10-07,58.0,6.0,4.37,6371.0,0.91,58.4,Residential,0.4643198078007185,0.823090247288042,0,0,7,1,0.0,1.0,0.0,0.0,0.0,0.0,1.0,0.0,0.0,0.0,0.0,0.0,0.0,0.0,Low,0,Low,5.1664987919271885,2.558002204858551,8.894380248224156,1.1210344827586207,16.013448275862068,0,1401,0.10344827586206896,14.634760705289674
T01851,R0022,Zone_9,8.69,50.94,105.0,Cash,2023-06-02,0,Aarav Nair,43.0,Female,Kolkata,2020-09-14,220.0,1.0,3.32,11037.0,1.83,56.1,Mixed,-0.3462007621187656,0.09946083952971436,0,4,6,0,1.0,0.0,0.0,0.0,0.0,0.0,0.0,0.0,0.0,0.0,0.0,0.0,0.0,1.0,High,2,Medium,4.663439094112067,2.2710944259026746,7.137226352022191,0.2375,3.760090909090909,0,2154,0.004545454545454545,12.082853855005755
T01852,R0238,Zone_10,10.06,51.65,96.1,Cash,2024-08-06,0,Reyansh Patel,30.0,Other,Pune,2019-04-22,362.0,56.0,4.91,2440.0,1.54,35.4,Industrial,-0.45029359144464454,0.4073404322716117,0,1,8,2,1.0,0.0,0.0,0.0,0.0,1.0,0.0,0.0,0.0,0.0,0.0,0.0,0.0,0.0,Medium,1,High,4.575741375297279,2.403334996094189,7.1867934435323795,0.10698895027624308,1.6299171270718231,0,2665,0.15469613259668508,9.552683896620277
T01853,R0285,Zone_5,15.62,132.86,287.7,Credit Card,2024-06-24,0,Diya Iyer,29.0,Female,Chennai,2019-01-10,244.0,16.0,4.97,2590.0,1.31,43.9,Business,1.790626194941692,1.6568371736182887,0,0,6,0,0.0,1.0,0.0,0.0,0.0,0.0,0.0,0.0,0.0,1.0,0.0,0.0,0.0,0.0,Medium,1,Medium,5.665388086668889,2.810606789427302,11.526491226735047,0.25774590163934424,4.5302459016393435,0,2767,0.06557377049180328,18.418693982074263
T01854,R0097,Zone_2,7.35,58.39,94.59,Cash,2024-08-06,0,Aarav Iyer,23.0,Other,Bengaluru,2021-01-25,478.0,5.0,3.28,6371.0,0.91,58.4,Residential,-0.4679542849594846,-0.2016768643200244,0,1,8,2,1.0,0.0,0.0,0.0,0.0,0.0,1.0,0.0,0.0,0.0,0.0,0.0,0.0,0.0,Low,0,High,4.560068212075671,2.122261538862764,7.641334961902927,0.1452510460251046,2.3370292887029285,0,2021,0.010460251046025104,12.869387755102041
T01855,R0282,Zone_10,11.79,68.45,231.34,Wallet,2023-08-10,0,Reyansh Kumar,22.0,Other,Bengaluru,2022-05-02,319.0,3.0,4.47,2440.0,1.54,35.4,Industrial,1.1314495813679242,0.7961226917194085,0,3,8,2,0.0,0.0,0.0,1.0,0.0,1.0,0.0,0.0,0.0,0.0,0.0,0.0,0.0,0.0,Medium,1,Medium,5.448201816085329,2.548663615590751,8.273451516749223,0.29112852664576805,4.387931034482759,0,1559,0.009404388714733543,19.621713316369807
T01856,R0245,Zone_6,5.01,41.54,56.43,Credit Card,2023-03-07,0,Diya Sharma,35.0,Female,Hyderabad,2020-03-04,265.0,48.0,4.73,14627.0,0.54,37.6,Mixed,-0.91426691047359,-0.7275441979083742,0,1,3,0,0.0,1.0,0.0,0.0,0.0,0.0,0.0,0.0,0.0,0.0,1.0,0.0,0.0,0.0,Low,0,Medium,4.0505668148762055,1.7934247485471162,6.445153217728808,0.14988679245283018,2.8352075471698113,0,2348,0.1811320754716981,11.263473053892216
T01857,R0274,Zone_1,5.13,48.17,111.86,Wallet,2023-03-13,1,Reyansh Nair,27.0,Female,Surat,2019-03-18,31.0,5.0,3.04,4921.0,2.43,30.9,Residential,-0.2659674127732005,-0.7005766423397408,0,0,3,0,0.0,0.0,0.0,1.0,1.0,0.0,0.0,0.0,0.0,0.0,0.0,0.0,0.0,0.0,High,2,Low,4.726148112540994,1.81319474994812,6.940461079784253,0.9754838709677419,15.392258064516128,0,2700,0.16129032258064516,21.80506822612086
T01858,R0196,Zone_5,6.91,35.04,113.8,UPI,2023-02-07,0,Vivaan Das,18.0,Male,Hyderabad,2019-06-24,51.0,9.0,4.93,2590.0,1.31,43.9,Business,-0.2432775151448629,-0.30055790140501315,0,1,2,1,0.0,0.0,1.0,0.0,0.0,0.0,0.0,0.0,0.0,1.0,0.0,0.0,0.0,0.0,Medium,1,Low,4.743191483885466,2.0681277817795625,5.919459434779497,1.8813725490196078,31.831960784313726,0,2602,0.17647058823529413,16.46888567293777
T01859,R0297,Zone_2,4.9,32.94,47.64,Cash,2023-04-22,0,Saanvi Gupta,47.0,Male,Pune,2023-09-20,396.0,46.0,3.87,6371.0,0.91,58.4,Residential,-1.0170731992122952,-0.7522644571796213,0,5,4,1,1.0,0.0,0.0,0.0,0.0,0.0,1.0,0.0,0.0,0.0,0.0,0.0,0.0,0.0,Low,0,High,3.8844462376579116,1.7749523509116738,5.739337940912697,0.059898989898989896,1.0166161616161615,0,1053,0.11616161616161616,9.722448979591837
T01860,R0145,Zone_5,10.84,92.81,103.05,UPI,2023-07-08,0,Saanvi Nair,36.0,Female,Jaipur,2022-12-09,222.0,43.0,4.3,2590.0,1.31,43.9,Business,-0.3690076179823009,0.5826295434677282,0,5,7,0,0.0,0.0,1.0,0.0,0.0,0.0,0.0,0.0,0.0,1.0,0.0,0.0,0.0,0.0,Medium,1,Medium,4.644871552839644,2.4714836294558595,9.633794683301073,0.20873873873873874,2.948918918918919,0,1338,0.19369369369369369,9.506457564575646
T01861,R0041,Zone_2,1.38,7.84,28.57,UPI,2023-07-12,1,Aarav Nair,25.0,Other,Pune,2020-04-11,353.0,8.0,4.74,6371.0,0.91,58.4,Residential,-1.2401125537341504,-1.5433127538595324,0,2,7,2,0.0,0.0,1.0,0.0,0.0,0.0,1.0,0.0,0.0,0.0,0.0,0.0,0.0,0.0,Low,0,High,3.3867603338643857,0.8671004876833833,2.8,0.11937677053824362,1.9891218130311614,0,2310,0.0226628895184136,20.70289855072464
T01862,R0217,Zone_5,12.15,119.63,130.46,Wallet,2023-01-05,0,Kavya Iyer,39.0,Other,Jaipur,2023-03-03,104.0,5.0,3.52,2590.0,1.31,43.9,Business,-0.048425095305633305,0.8770253584253088,0,3,1,2,0.0,0.0,0.0,1.0,0.0,0.0,0.0,0.0,0.0,1.0,0.0,0.0,0.0,0.0,Medium,1,Low,4.87870262283543,2.5764217586237734,10.937549999885714,0.40807692307692306,7.267596153846155,0,1254,0.04807692307692308,10.737448559670781
T01863,R0006,Zone_4,4.19,35.54,44.01,Cash,2024-01-19,0,Aarav Das,45.0,Female,Jaipur,2023-06-30,248.0,13.0,4.64,4038.0,2.46,48.2,Business,-1.0595290385890301,-0.9118224942940352,0,4,1,0,1.0,0.0,0.0,0.0,0.0,0.0,0.0,0.0,1.0,0.0,0.0,0.0,0.0,0.0,High,2,Medium,3.806884687304841,1.6467336971777973,5.961543424315552,0.255,4.417056451612903,0,1135,0.05241935483870968,10.503579952267302
T01864,R0199,Zone_9,9.89,84.33,145.75,Wallet,2024-01-29,0,Aarav Das,29.0,Male,Ahmedabad,2021-08-03,344.0,27.0,3.91,11037.0,1.83,56.1,Mixed,0.13040404631152258,0.36913639521604785,0,0,1,1,0.0,0.0,0.0,1.0,0.0,0.0,0.0,0.0,0.0,0.0,0.0,0.0,0.0,1.0,High,2,High,4.988730458708206,2.387844936944869,9.183136719008381,0.24752906976744188,4.652616279069767,0,1831,0.07848837209302326,14.737108190091
T01865,R0213,Zone_5,2.06,12.73,25.96,Cash,2023-11-20,0,Kavya Ghosh,29.0,Female,Chennai,2019-06-04,456.0,26.0,3.74,2590.0,1.31,43.9,Business,-1.270638653120728,-1.3904966056372767,0,0,11,0,1.0,0.0,0.0,0.0,0.0,0.0,0.0,0.0,0.0,1.0,0.0,0.0,0.0,0.0,Medium,1,High,3.2943542860441064,1.1184149159642893,3.5679125549822546,0.13396929824561402,2.3342105263157893,0,2622,0.05701754385964912,12.601941747572816
T01866,R0208,Zone_9,10.39,103.43,97.61,Credit Card,2024-03-08,0,Aadhya Iyer,24.0,Other,Chennai,2020-01-08,356.0,53.0,4.75,11037.0,1.83,56.1,Mixed,-0.43263289792980436,0.4815012100853534,0,4,3,2,0.0,1.0,0.0,0.0,0.0,0.0,0.0,0.0,0.0,0.0,0.0,0.0,0.0,1.0,High,2,High,4.591172676344238,2.432735777459091,10.170054080485512,0.13882022471910113,1.691376404494382,0,2404,0.14887640449438203,9.39461020211742
T01867,R0139,Zone_1,13.42,107.81,311.79,Credit Card,2023-09-06,1,Diya Gupta,44.0,Other,Kolkata,2023-10-09,155.0,7.0,4.39,4921.0,2.43,30.9,Residential,2.072378583532751,1.1624319881933447,0,2,9,2,0.0,1.0,0.0,0.0,1.0,0.0,0.0,0.0,0.0,0.0,0.0,0.0,0.0,0.0,High,2,Low,5.745532038850664,2.668616131856803,10.383159442096611,0.38012903225806455,6.466,0,1034,0.04516129032258064,23.23323397913562
T01868,R0243,Zone_2,8.05,61.08,85.45,Credit Card,2023-08-17,0,Ishaan Patel,33.0,Male,Jaipur,2023-02-06,315.0,11.0,3.7,6371.0,0.91,58.4,Residential,-0.5748541119301063,-0.04436612350299643,0,3,8,1,0.0,1.0,0.0,0.0,0.0,0.0,1.0,0.0,0.0,0.0,0.0,0.0,0.0,0.0,Low,0,Medium,4.4595662121293,2.2027647577118348,7.815369473031969,0.1755873015873016,3.011206349206349,0,1279,0.03492063492063492,10.614906832298136
T01869,R0172,Zone_4,15.74,135.3,361.21,UPI,2024-06-29,1,Reyansh Reddy,31.0,Other,Pune,2019-12-24,168.0,14.0,3.72,4038.0,2.46,48.2,Business,2.6503861818793726,1.6838047291869225,0,5,6,2,0.0,0.0,1.0,0.0,0.0,0.0,0.0,0.0,1.0,0.0,0.0,0.0,0.0,0.0,High,2,Low,5.89222415412396,2.8178010650613294,11.631852818876277,0.5050595238095238,8.86077380952381,0,2419,0.08333333333333333,22.94853875476493
T01870,R0295,Zone_1,7.3,67.29,64.61,Credit Card,2023-12-26,0,Kavya Gupta,18.0,Female,Delhi,2019-05-29,98.0,18.0,3.59,4921.0,2.43,30.9,Residential,-0.8185950740819395,-0.2129133458069549,0,1,12,0,0.0,1.0,0.0,0.0,1.0,0.0,0.0,0.0,0.0,0.0,0.0,0.0,0.0,0.0,High,2,Low,4.1837281233567865,2.1162555148025524,8.203048213926333,0.45683673469387753,5.34734693877551,0,2628,0.1836734693877551,8.85068493150685
T01871,R0055,Zone_1,10.06,100.3,231.96,Wallet,2024-04-05,1,Kavya Singh,32.0,Male,Delhi,2021-11-07,425.0,12.0,4.19,4921.0,2.43,30.9,Residential,1.1387009919501765,0.4073404322716117,0,4,4,1,0.0,0.0,0.0,1.0,1.0,0.0,0.0,0.0,0.0,0.0,0.0,0.0,0.0,0.0,High,2,High,5.450866765008321,2.403334996094189,10.014988766843425,0.16870588235294118,2.610729411764706,0,1735,0.02823529411764706,23.05765407554672
T01872,R0197,Zone_5,3.37,21.81,35.74,Cash,2023-04-05,0,Saanvi Das,29.0,Female,Bengaluru,2020-10-08,475.0,87.0,3.87,2590.0,1.31,43.9,Business,-1.156253499097459,-1.0961007906796962,0,2,4,0,1.0,0.0,0.0,0.0,0.0,0.0,0.0,0.0,0.0,1.0,0.0,0.0,0.0,0.0,Medium,1,High,3.6038660797869797,1.4747630091074988,4.670117771534247,0.14964210526315788,2.048421052631579,0,2130,0.1831578947368421,10.605341246290802
T01873,R0150,Zone_7,10.19,66.96,226.21,Wallet,2024-02-02,1,Ishaan Gupta,33.0,Male,Pune,2022-02-27,215.0,16.0,4.95,11070.0,0.64,45.2,Industrial,1.0714500067115469,0.43655528413763095,0,4,2,1,0.0,0.0,0.0,1.0,0.0,0.0,0.0,0.0,0.0,0.0,0.0,1.0,0.0,0.0,Low,0,Medium,5.425874699962912,2.4150205223238337,8.182909018191513,0.25795348837209303,3.506232558139535,0,1623,0.07441860465116279,22.19921491658489
T01874,R0281,Zone_5,5.16,39.1,43.14,Cash,2023-06-05,0,Arjun Iyer,21.0,Female,Jaipur,2020-10-15,268.0,17.0,4.74,2590.0,1.31,43.9,Business,-1.0697044050512228,-0.6938347534475825,0,0,6,0,1.0,0.0,0.0,0.0,0.0,0.0,0.0,0.0,0.0,1.0,0.0,0.0,0.0,0.0,Medium,1,Medium,3.7873664008285903,1.8180767775454285,6.252999280345393,0.1422761194029851,2.050858208955224,0,2123,0.06343283582089553,8.36046511627907
T01875,R0056,Zone_10,4.4,30.29,54.44,Wallet,2023-05-26,0,Meera Patel,40.0,Other,Hyderabad,2021-02-26,93.0,13.0,3.25,2440.0,1.54,35.4,Industrial,-0.9375415992779158,-0.8646292720489268,0,4,5,2,0.0,0.0,0.0,1.0,0.0,1.0,0.0,0.0,0.0,0.0,0.0,0.0,0.0,0.0,Medium,1,Low,4.015301354881648,1.6863989535702288,5.503635162326805,0.7120430107526882,9.976236559139785,0,1989,0.13978494623655913,12.372727272727271
T01876,R0017,Zone_4,15.9,118.97,161.71,Cash,2023-06-17,0,Meera Das,49.0,Female,Mumbai,2023-03-18,288.0,21.0,3.83,4038.0,2.46,48.2,Business,0.317069389686919,1.7197614699451003,0,5,6,0,1.0,0.0,0.0,0.0,0.0,0.0,0.0,0.0,1.0,0.0,0.0,0.0,0.0,0.0,High,2,Medium,5.091969475151227,2.8273136219290276,10.907336980216574,0.19437500000000002,2.820520833333333,0,1239,0.07291666666666667,10.170440251572327
T01877,R0281,Zone_1,1.65,9.01,22.93,UPI,2023-05-04,0,Arjun Iyer,21.0,Female,Jaipur,2020-10-15,268.0,17.0,4.74,4921.0,2.43,30.9,Residential,-1.306076998385606,-1.4826357538301072,0,3,5,0,0.0,0.0,1.0,0.0,1.0,0.0,0.0,0.0,0.0,0.0,0.0,0.0,0.0,0.0,High,2,Medium,3.175132901920282,0.9745596399981308,3.0016662039607267,0.1422761194029851,2.050858208955224,0,2123,0.06343283582089553,13.896969696969698
T01878,R0097,Zone_10,7.43,39.47,109.72,UPI,2024-06-19,0,Aarav Iyer,23.0,Other,Bengaluru,2021-01-25,478.0,5.0,3.28,2440.0,1.54,35.4,Industrial,-0.29099647510549054,-0.1836984939409355,0,2,6,2,0.0,0.0,1.0,0.0,0.0,1.0,0.0,0.0,0.0,0.0,0.0,0.0,0.0,0.0,Medium,1,High,4.707004491869359,2.131796772013764,6.282515419798028,0.1452510460251046,2.3370292887029285,0,2021,0.010460251046025104,14.767160161507404
T01879,R0195,Zone_3,11.56,85.8,103.95,Wallet,2023-03-24,0,Aadhya Reddy,33.0,Male,Kolkata,2021-05-27,72.0,10.0,4.97,12971.0,2.11,38.0,Business,-0.3584813768145153,0.7444348768795283,0,4,3,1,0.0,0.0,0.0,1.0,0.0,0.0,0.0,1.0,0.0,0.0,0.0,0.0,0.0,0.0,High,2,Low,4.653484046266642,2.5305171610400525,9.262828941527529,0.9766666666666668,14.502361111111112,0,1899,0.1388888888888889,8.992214532871973
T01880,R0057,Zone_4,9.17,70.82,119.13,Credit Card,2023-11-17,0,Aadhya Reddy,39.0,Male,Bengaluru,2023-06-04,407.0,11.0,3.66,4038.0,2.46,48.2,Business,-0.1809387757845332,0.20733106180424776,0,4,11,1,0.0,1.0,0.0,0.0,0.0,0.0,0.0,0.0,1.0,0.0,0.0,0.0,0.0,0.0,High,2,High,4.788574489733284,2.3194422100604686,8.415461959987699,0.24648648648648647,3.8921621621621623,0,1161,0.02702702702702703,12.991275899672846
T01881,R0213,Zone_6,1.24,11.4,13.83,Wallet,2024-08-14,0,Kavya Ghosh,29.0,Female,Chennai,2019-06-04,456.0,26.0,3.74,14627.0,0.54,37.6,Mixed,-1.4125089924154375,-1.5747749020229378,0,2,8,0,0.0,0.0,0.0,1.0,0.0,0.0,0.0,0.0,0.0,0.0,1.0,0.0,0.0,0.0,Low,0,High,2.696652156149841,0.8064758658669484,3.3763886032268267,0.13396929824561402,2.3342105263157893,0,2622,0.05701754385964912,11.153225806451614
T01882,R0022,Zone_8,11.02,71.31,123.44,Wallet,2023-05-11,0,Aarav Nair,43.0,Female,Kolkata,2020-09-14,220.0,1.0,3.32,4516.0,1.93,31.0,Business,-0.13052977641436037,0.6230808768206781,0,3,5,0,0.0,0.0,0.0,1.0,0.0,0.0,0.0,0.0,0.0,0.0,0.0,0.0,1.0,0.0,High,2,Medium,4.8238236720294365,2.4865719291070616,8.444524853418338,0.2375,3.760090909090909,0,2154,0.004545454545454545,11.201451905626135
T01883,R0010,Zone_6,1.11,10.93,24.81,UPI,2024-05-14,1,Vivaan Gupta,25.0,Female,Surat,2023-05-14,173.0,1.0,3.38,14627.0,0.54,37.6,Mixed,-1.2840888501684542,-1.6039897538889571,0,1,5,0,0.0,0.0,1.0,0.0,0.0,0.0,0.0,0.0,0.0,0.0,1.0,0.0,0.0,0.0,Low,0,Medium,3.2507620137305224,0.7466879474879752,3.306055050963308,0.49277456647398843,6.962485549132948,0,1182,0.005780346820809248,22.351351351351347
T01884,R0265,Zone_1,5.78,51.31,97.08,UPI,2023-02-27,0,Kavya Das,39.0,Female,Bengaluru,2020-11-26,176.0,24.0,3.26,4921.0,2.43,30.9,Residential,-0.4388316843952781,-0.5545023830096436,0,0,2,0,0.0,0.0,1.0,0.0,1.0,0.0,0.0,0.0,0.0,0.0,0.0,0.0,0.0,0.0,High,2,Medium,4.585783472187901,1.9139771019523042,7.163099887618489,0.25499999999999995,3.4528977272727275,0,2081,0.13636363636363635,16.79584775086505
T01885,R0198,Zone_7,6.78,42.21,143.92,Credit Card,2023-10-22,1,Vivaan Kumar,31.0,Other,Mumbai,2021-12-10,202.0,23.0,3.85,11070.0,0.64,45.2,Industrial,0.10900068927035858,-0.32977275327103256,0,6,10,2,0.0,1.0,0.0,0.0,0.0,0.0,0.0,0.0,0.0,0.0,0.0,1.0,0.0,0.0,Low,0,Medium,4.976181866026876,2.0515563381903004,6.496922348312315,0.19361386138613862,2.9134158415841584,0,1702,0.11386138613861387,21.227138643067843
T01886,R0293,Zone_6,6.6,47.47,164.58,Wallet,2024-08-17,1,Arjun Kumar,39.0,Female,Delhi,2019-10-01,248.0,44.0,3.2,14627.0,0.54,37.6,Mixed,0.35063640318863504,-0.37022408662398265,0,5,8,0,0.0,0.0,0.0,1.0,0.0,0.0,0.0,0.0,0.0,0.0,1.0,0.0,0.0,0.0,Low,0,Medium,5.10945446171066,2.028148247292285,6.8898476035395735,0.09040322580645162,1.6186290322580645,0,2503,0.1774193548387097,24.93636363636364
T01887,R0222,Zone_5,7.47,74.53,113.68,UPI,2024-01-21,0,Aarav Singh,27.0,Male,Surat,2022-08-28,475.0,12.0,3.44,2590.0,1.31,43.9,Business,-0.2446810139672342,-0.17470930875139104,0,6,1,1,0.0,0.0,1.0,0.0,0.0,0.0,0.0,0.0,0.0,1.0,0.0,0.0,0.0,0.0,Medium,1,High,4.742145641015169,2.136530508663963,8.633075929238663,0.16642105263157894,2.7908000000000004,0,1441,0.02526315789473684,15.218206157965195
T01888,R0046,Zone_10,11.33,85.5,178.34,Wallet,2024-06-29,0,Vivaan Singh,31.0,Female,Kolkata,2019-08-16,31.0,4.0,3.87,2440.0,1.54,35.4,Industrial,0.5115709348205556,0.6927470620396476,0,5,6,0,0.0,0.0,0.0,1.0,0.0,1.0,0.0,0.0,0.0,0.0,0.0,0.0,0.0,0.0,Medium,1,Low,5.189283445523902,2.512035317176253,9.246621004453464,2.581290322580645,41.82,0,2549,0.12903225806451613,15.740511915269197
T01889,R0018,Zone_3,7.15,53.93,134.58,Wallet,2023-08-24,0,Aarav Reddy,49.0,Female,Delhi,2023-01-09,446.0,86.0,3.29,12971.0,2.11,38.0,Business,-0.00023830240421516004,-0.24662279026774644,0,3,8,0,0.0,0.0,0.0,1.0,0.0,0.0,0.0,1.0,0.0,0.0,0.0,0.0,0.0,0.0,High,2,High,4.909561872002819,2.0980179272527715,7.343704787094863,0.12150224215246637,2.3415470852017934,0,1307,0.19282511210762332,18.822377622377623
T01890,R0256,Zone_3,8.92,50.75,215.0,Credit Card,2023-08-01,1,Aadhya Sharma,31.0,Female,Delhi,2021-03-25,265.0,8.0,3.65,12971.0,2.11,38.0,Business,0.9403398250550185,0.15114865436959501,0,1,8,0,0.0,1.0,0.0,0.0,0.0,0.0,0.0,1.0,0.0,0.0,0.0,0.0,0.0,0.0,High,2,Medium,5.375278407684165,2.2945529212967815,7.123903424387503,0.15641509433962264,2.8445283018867924,0,1962,0.03018867924528302,24.103139013452914
T01891,R0033,Zone_2,19.31,167.79,379.63,Credit Card,2023-07-01,0,Diya Iyer,18.0,Female,Chennai,2019-05-22,472.0,37.0,3.24,6371.0,0.91,58.4,Residential,3.9495582584544993,2.4860895073537637,0,5,7,0,0.0,1.0,0.0,0.0,0.0,0.0,1.0,0.0,0.0,0.0,0.0,0.0,0.0,0.0,Low,0,High,5.94182777466688,3.011113375592293,12.953377937819926,0.06792372881355933,1.2849364406779662,0,2635,0.07838983050847458,19.659761781460386
T01892,R0202,Zone_4,13.63,136.03,119.82,Cash,2024-07-26,0,Aadhya Reddy,27.0,Male,Ahmedabad,2021-10-28,317.0,0.0,4.72,4038.0,2.46,48.2,Business,-0.1728686575558977,1.2096252104384533,0,4,7,1,1.0,0.0,0.0,0.0,0.0,0.0,0.0,0.0,1.0,0.0,0.0,0.0,0.0,0.0,High,2,Medium,4.794301834710595,2.683074215032033,11.663189958154673,0.23249211356466878,2.86794952681388,0,1745,0.0,8.790902421129859
T01893,R0242,Zone_8,8.3,52.21,81.63,Wallet,2023-05-01,0,Kavya Iyer,34.0,Male,Ahmedabad,2022-06-05,445.0,8.0,4.54,4516.0,1.93,31.0,Business,-0.619532157775596,0.011816283931656334,0,0,5,1,0.0,0.0,0.0,1.0,0.0,0.0,0.0,0.0,0.0,0.0,0.0,0.0,1.0,0.0,High,2,High,4.414372810713093,2.2300144001592104,7.22564875980005,0.05903370786516854,0.7375056179775281,0,1525,0.017977528089887642,9.834939759036143
T01894,R0093,Zone_10,20.94,201.07,379.63,UPI,2024-02-23,0,Diya Patel,33.0,Other,Surat,2019-05-30,119.0,18.0,3.77,2440.0,1.54,35.4,Industrial,3.8768102361615813,2.8523988038277,0,4,2,2,0.0,0.0,1.0,0.0,0.0,1.0,0.0,0.0,0.0,0.0,0.0,0.0,0.0,0.0,Medium,1,Low,5.94182777466688,3.088311454847084,14.17991537351334,0.6012605042016808,9.999075630252099,0,2627,0.15126050420168066,18.129417382999044
T01895,R0184,Zone_2,4.82,24.32,74.34,UPI,2023-03-11,0,Meera Nair,29.0,Female,Surat,2020-03-04,285.0,27.0,3.97,6371.0,0.91,58.4,Residential,-0.7047947112346584,-0.7702428275587102,0,5,3,0,0.0,0.0,1.0,0.0,0.0,0.0,1.0,0.0,0.0,0.0,0.0,0.0,0.0,0.0,Low,0,Medium,4.322011202263895,1.7613002617433464,4.931531202375181,0.24266666666666664,4.2551578947368425,0,2348,0.09473684210526316,15.423236514522822
T01896,R0209,Zone_8,10.6,78.22,107.9,Cash,2024-07-28,0,Vivaan Sharma,31.0,Other,Surat,2020-06-11,109.0,20.0,3.77,4516.0,1.93,31.0,Business,-0.3122828739114567,0.5286944323304615,0,6,7,2,1.0,0.0,0.0,0.0,0.0,0.0,0.0,0.0,0.0,0.0,0.0,0.0,1.0,0.0,High,2,Low,4.690430029938915,2.451005098112319,8.84420714366189,0.5368807339449542,6.743944954128441,0,2249,0.1834862385321101,10.179245283018869
T01897,R0235,Zone_2,0.12,0.79,3.27,Credit Card,2023-07-21,1,Aarav Ghosh,34.0,Other,Delhi,2021-02-15,284.0,8.0,4.06,6371.0,0.91,58.4,Residential,-1.5567184964140988,-1.8264720873301823,0,4,7,2,0.0,1.0,0.0,0.0,0.0,0.0,1.0,0.0,0.0,0.0,0.0,0.0,0.0,0.0,Low,0,Medium,1.451613827240533,0.11332868530700317,0.8888194417315589,0.1959507042253521,2.9790845070422534,0,2000,0.028169014084507043,27.25
T01898,R0265,Zone_6,9.99,65.36,192.77,UPI,2024-05-05,0,Kavya Das,39.0,Female,Bengaluru,2020-11-26,176.0,24.0,3.26,14627.0,0.54,37.6,Mixed,0.6803416682107166,0.3916093581899089,0,6,5,0,0.0,0.0,1.0,0.0,0.0,0.0,0.0,0.0,0.0,0.0,1.0,0.0,0.0,0.0,Low,0,Medium,5.266671888712491,2.39698576841553,8.084553172563094,0.25499999999999995,3.4528977272727275,0,2081,0.13636363636363635,19.296296296296298
T01899,R0177,Zone_10,7.44,38.48,88.56,UPI,2024-07-22,0,Ishaan Reddy,34.0,Other,Bengaluru,2023-02-15,489.0,63.0,4.48,2440.0,1.54,35.4,Industrial,-0.5384801007836475,-0.18145119764354922,0,0,7,2,0.0,0.0,1.0,0.0,0.0,1.0,0.0,0.0,0.0,0.0,0.0,0.0,0.0,0.0,Medium,1,High,4.494908791730554,2.132982308607866,6.203224967708329,0.23668711656441715,3.8175051124744375,0,1270,0.12883435582822086,11.903225806451612
T01900,R0150,Zone_4,8.3,80.45,93.17,Credit Card,2023-06-20,0,Ishaan Gupta,33.0,Male,Pune,2022-02-27,215.0,16.0,4.95,4038.0,2.46,48.2,Business,-0.4845623543575462,0.011816283931656334,0,1,6,1,0.0,1.0,0.0,0.0,0.0,0.0,0.0,0.0,1.0,0.0,0.0,0.0,0.0,0.0,High,2,Medium,4.545101659521972,2.2300144001592104,8.969392398596462,0.25795348837209303,3.506232558139535,0,1623,0.07441860465116279,11.225301204819276
T01901,R0225,Zone_6,9.85,62.56,110.98,UPI,2023-05-26,0,Ishaan Sharma,39.0,Female,Delhi,2020-06-15,465.0,9.0,4.08,14627.0,0.54,37.6,Mixed,-0.27625973747059074,0.3601472100265032,0,4,5,0,0.0,0.0,1.0,0.0,0.0,0.0,0.0,0.0,0.0,0.0,1.0,0.0,0.0,0.0,Low,0,High,4.718320283920748,2.3841650799864684,7.909487973314076,0.10393548387096774,1.4471397849462366,0,2245,0.01935483870967742,11.267005076142134
T01902,R0261,Zone_1,9.4,89.17,89.44,UPI,2023-10-07,0,Aarav Kumar,31.0,Male,Pune,2022-08-26,477.0,83.0,4.24,4921.0,2.43,30.9,Residential,-0.5281877760862572,0.2590188766441284,0,5,10,1,0.0,0.0,1.0,0.0,1.0,0.0,0.0,0.0,0.0,0.0,0.0,0.0,0.0,0.0,High,2,High,4.504686647409769,2.341805806147327,9.442986815621422,0.10308176100628931,1.3621174004192873,0,1443,0.1740041928721174,9.514893617021276
T01903,R0227,Zone_4,2.64,19.46,45.45,Cash,2023-06-18,0,Arjun Nair,25.0,Other,Pune,2020-07-11,320.0,23.0,4.12,4038.0,2.46,48.2,Business,-1.0426870527205732,-1.2601534203888822,0,6,6,2,1.0,0.0,0.0,0.0,0.0,0.0,0.0,0.0,1.0,0.0,0.0,0.0,0.0,0.0,High,2,Medium,3.8383764652598478,1.2919836816486494,4.411349000022556,0.0885,1.58815625,0,2219,0.071875,17.21590909090909
T01904,R0034,Zone_5,6.08,38.77,146.96,Credit Card,2023-07-21,1,Arjun Iyer,26.0,Other,Chennai,2019-04-23,484.0,48.0,3.1,2590.0,1.31,43.9,Business,0.1445559927704343,-0.48708349408806034,0,4,7,2,0.0,1.0,0.0,0.0,0.0,0.0,0.0,0.0,0.0,1.0,0.0,0.0,0.0,0.0,Medium,1,High,4.996941966964253,1.9572739077056285,6.226556030423239,0.047231404958677684,0.8786157024793388,0,2664,0.09917355371900827,24.17105263157895
T01905,R0196,Zone_8,8.03,40.53,149.92,UPI,2023-12-17,0,Vivaan Das,18.0,Male,Hyderabad,2019-06-24,51.0,9.0,4.93,4516.0,1.93,31.0,Business,0.17917563038892861,-0.04886071609776895,0,6,12,1,0.0,0.0,1.0,0.0,0.0,0.0,0.0,0.0,0.0,0.0,0.0,0.0,1.0,0.0,High,2,Low,5.01674989509611,2.200552367428894,6.366317616958802,1.8813725490196078,31.831960784313726,0,2602,0.17647058823529413,18.669987546699875
T01906,R0295,Zone_4,0.85,4.85,20.88,Credit Card,2024-06-13,1,Kavya Gupta,18.0,Female,Delhi,2019-05-29,98.0,18.0,3.59,4038.0,2.46,48.2,Business,-1.3300534366011176,-1.662419457620996,0,3,6,0,0.0,1.0,0.0,0.0,0.0,0.0,0.0,0.0,1.0,0.0,0.0,0.0,0.0,0.0,High,2,Low,3.0855729775537806,0.6151856390902334,2.202271554554524,0.45683673469387753,5.34734693877551,0,2628,0.1836734693877551,24.56470588235294
T01907,R0237,Zone_8,12.01,82.33,294.45,Wallet,2023-03-10,1,Aadhya Nair,40.0,Male,Chennai,2022-12-13,36.0,3.0,3.71,4516.0,1.93,31.0,Business,1.8695730037000833,0.8455632102619031,0,4,3,1,0.0,0.0,0.0,1.0,0.0,0.0,0.0,0.0,0.0,0.0,0.0,0.0,1.0,0.0,High,2,Low,5.688499617791684,2.565718292524414,9.07358804442873,2.7047222222222222,48.88055555555556,0,1334,0.08333333333333333,24.51706910907577
T01908,R0008,Zone_6,17.41,116.11,273.32,Wallet,2024-08-12,0,Ishaan Ghosh,28.0,Female,Jaipur,2022-10-01,215.0,23.0,4.02,14627.0,0.54,37.6,Mixed,1.6224402527275192,2.059103210850403,0,0,8,0,0.0,0.0,0.0,1.0,0.0,0.0,0.0,0.0,0.0,0.0,1.0,0.0,0.0,0.0,Low,0,Medium,5.614295308154665,2.9128939952449864,10.775435026020991,0.22441860465116278,4.1547441860465115,0,1407,0.10697674418604651,15.699023549684089
T01909,R0232,Zone_5,9.52,79.46,192.94,Wallet,2023-01-16,1,Meera Das,38.0,Male,Jaipur,2022-12-08,172.0,15.0,3.94,2590.0,1.31,43.9,Business,0.6823299582090759,0.28598643221276154,0,0,1,1,0.0,0.0,0.0,1.0,0.0,0.0,0.0,0.0,0.0,1.0,0.0,0.0,0.0,0.0,Medium,1,Medium,5.2675488328764,2.3532782073095637,8.91403387922662,0.541860465116279,8.667674418604651,0,1339,0.0872093023255814,20.266806722689076
T01910,R0183,Zone_4,5.36,30.69,130.84,Cash,2023-10-11,1,Arjun Patel,43.0,Other,Jaipur,2022-08-27,406.0,66.0,3.79,4038.0,2.46,48.2,Business,-0.04398068236812393,-0.6488888274998602,0,2,10,2,1.0,0.0,0.0,0.0,0.0,0.0,0.0,0.0,1.0,0.0,0.0,0.0,0.0,0.0,High,2,High,4.881589066161162,1.8500283773520307,5.539855593785816,0.14231527093596058,2.0964039408866997,0,1442,0.1625615763546798,24.41044776119403
T01911,R0292,Zone_6,3.51,32.24,46.7,Wallet,2023-04-16,0,Diya Patel,37.0,Female,Jaipur,2020-06-28,141.0,19.0,4.39,14627.0,0.54,37.6,Mixed,-1.0280672733208711,-1.0646386425162908,0,6,4,0,0.0,0.0,0.0,1.0,0.0,0.0,0.0,0.0,0.0,0.0,1.0,0.0,0.0,0.0,Low,0,Low,3.8649313978942956,1.506297153514587,5.678027826631356,0.5628368794326241,8.070141843971632,0,2232,0.1347517730496454,13.304843304843306
T01912,R0270,Zone_9,0.4,3.71,6.92,Wallet,2023-02-11,0,Aadhya Reddy,35.0,Male,Hyderabad,2022-01-02,455.0,64.0,3.08,11037.0,1.83,56.1,Mixed,-1.4933271329369906,-1.763547791003371,0,5,2,1,0.0,0.0,0.0,1.0,0.0,0.0,0.0,0.0,0.0,0.0,0.0,0.0,0.0,1.0,High,2,High,2.0693912058263346,0.33647223662121295,1.9261360284258222,0.12975824175824174,2.420945054945055,0,1679,0.14065934065934066,17.299999999999997
T01913,R0224,Zone_1,9.7,55.17,127.01,Wallet,2023-05-08,0,Ishaan Sharma,29.0,Female,Ahmedabad,2020-08-04,200.0,1.0,4.31,4921.0,2.43,30.9,Residential,-0.08877568644881112,0.32643776556571147,0,0,5,0,0.0,0.0,0.0,1.0,1.0,0.0,0.0,0.0,0.0,0.0,0.0,0.0,0.0,0.0,High,2,Medium,4.852108385868018,2.3702437414678603,7.427651041883968,0.20855,2.5707,0,2195,0.005,13.093814432989692
T01914,R0089,Zone_7,14.31,81.68,133.14,Cash,2023-12-22,0,Saanvi Reddy,48.0,Other,Surat,2022-09-21,308.0,6.0,3.91,11070.0,0.64,45.2,Industrial,-0.017080288272672276,1.3624413586607087,0,4,12,2,1.0,0.0,0.0,0.0,0.0,0.0,0.0,0.0,0.0,0.0,0.0,1.0,0.0,0.0,Low,0,Medium,4.898884030671591,2.7285062096695922,9.037698822156003,0.29165584415584417,4.595941558441559,0,1417,0.01948051948051948,9.303983228511528
T01915,R0252,Zone_6,6.9,53.47,157.6,UPI,2023-08-05,1,Reyansh Gupta,38.0,Other,Ahmedabad,2020-09-23,392.0,47.0,4.83,14627.0,0.54,37.6,Mixed,0.26899955502069833,-0.3028051977023992,0,5,8,2,0.0,0.0,1.0,0.0,0.0,0.0,0.0,0.0,0.0,0.0,1.0,0.0,0.0,0.0,Low,0,High,5.066385309200747,2.066862759472976,7.312318373812781,0.25614795918367345,4.290943877551021,0,2145,0.11989795918367346,22.840579710144926
T01916,R0140,Zone_6,0.56,4.79,10.76,UPI,2024-05-21,0,Aadhya Nair,29.0,Female,Delhi,2020-04-17,499.0,45.0,4.92,14627.0,0.54,37.6,Mixed,-1.4484151706211057,-1.7275910502451932,0,1,5,0,0.0,0.0,1.0,0.0,0.0,0.0,0.0,0.0,0.0,0.0,1.0,0.0,0.0,0.0,Low,0,High,2.464703942470481,0.44468582126144574,2.188606862823929,0.06975951903807616,1.2386973947895792,0,2304,0.09018036072144289,19.21428571428571
T01917,R0001,Zone_4,3.64,26.21,66.38,Wallet,2023-01-09,0,Aarav Das,23.0,Male,Pune,2020-06-29,56.0,0.0,3.76,4038.0,2.46,48.2,Business,-0.7978934664519615,-1.0354237906502712,0,0,1,1,0.0,0.0,0.0,1.0,0.0,0.0,0.0,0.0,1.0,0.0,0.0,0.0,0.0,0.0,High,2,Low,4.2103482379784065,1.534714366238164,5.119570294468081,0.37214285714285716,5.670892857142857,0,2231,0.0,18.236263736263734
T01918,R0024,Zone_9,5.14,41.41,105.17,UPI,2023-08-27,1,Meera Kumar,41.0,Other,Chennai,2019-07-10,140.0,16.0,3.49,11037.0,1.83,56.1,Mixed,-0.3442124721204061,-0.6983293460423547,0,6,8,2,0.0,0.0,1.0,0.0,0.0,0.0,0.0,0.0,0.0,0.0,0.0,0.0,0.0,1.0,High,2,Low,4.665041583025482,1.814824742159051,6.435060217278467,0.2212142857142857,3.4135,0,2586,0.11428571428571428,20.461089494163424
T01919,R0100,Zone_5,1.6600000000000001,11.24,25.28,Credit Card,2024-01-06,0,Ishaan Gupta,28.0,Male,Delhi,2021-05-24,383.0,60.0,3.79,2590.0,1.31,43.9,Business,-1.2785918131141663,-1.480388457532721,0,5,1,1,0.0,1.0,0.0,0.0,0.0,0.0,0.0,0.0,0.0,1.0,0.0,0.0,0.0,0.0,Medium,1,High,3.26880819361641,0.9783261227936078,3.352610922848042,0.26488250652741513,4.327650130548303,0,1902,0.1566579634464752,15.228915662650602
T01920,R0174,Zone_3,6.45,43.18,135.11,Credit Card,2023-01-03,1,Aadhya Patel,32.0,Male,Kolkata,2019-02-07,320.0,7.0,3.8,12971.0,2.11,38.0,Business,0.00596048406125854,-0.4039335310847742,0,1,1,1,0.0,1.0,0.0,0.0,0.0,0.0,0.0,1.0,0.0,0.0,0.0,0.0,0.0,0.0,High,2,Medium,4.913463382343982,2.0082140323914683,6.571149062378664,0.1941875,2.88059375,0,2739,0.021875,20.94728682170543
T01921,R0149,Zone_8,12.46,71.95,127.51,Cash,2023-08-15,0,Diya Reddy,30.0,Male,Jaipur,2019-09-14,89.0,8.0,4.57,4516.0,1.93,31.0,Business,-0.08292777468893028,0.9466915436442783,0,1,8,1,1.0,0.0,0.0,0.0,0.0,0.0,0.0,0.0,0.0,0.0,0.0,0.0,1.0,0.0,High,2,Low,4.85600672231905,2.599722324216582,8.482334584299302,0.4766292134831461,7.428314606741573,0,2520,0.0898876404494382,10.23354735152488
T01922,R0008,Zone_3,0.41000000000000003,3.5,8.81,Credit Card,2024-03-25,1,Ishaan Ghosh,28.0,Female,Jaipur,2022-10-01,215.0,23.0,4.02,12971.0,2.11,38.0,Business,-1.471222026484641,-1.761300494705985,0,0,3,0,0.0,1.0,0.0,0.0,0.0,0.0,0.0,1.0,0.0,0.0,0.0,0.0,0.0,0.0,High,2,Medium,2.2834022735772717,0.34358970439007697,1.8708286933869707,0.22441860465116278,4.1547441860465115,0,1407,0.10697674418604651,21.48780487804878
T01923,R0204,Zone_8,5.2,46.01,119.73,Cash,2023-09-02,1,Aarav Kumar,37.0,Female,Hyderabad,2019-01-01,438.0,5.0,3.73,4516.0,1.93,31.0,Business,-0.17392128167267612,-0.684845568258038,0,5,9,0,1.0,0.0,0.0,0.0,0.0,0.0,0.0,0.0,0.0,0.0,0.0,0.0,1.0,0.0,High,2,High,4.793556647344296,1.824549292051046,6.783067152844648,0.15481735159817353,2.0578767123287673,0,2776,0.01141552511415525,23.025
T01924,R0142,Zone_2,2.12,10.73,33.63,Credit Card,2023-02-25,0,Meera Nair,33.0,Female,Kolkata,2021-03-04,78.0,5.0,3.48,6371.0,0.91,58.4,Residential,-1.1809316867241564,-1.37701282785296,0,5,2,0,0.0,1.0,0.0,0.0,0.0,0.0,1.0,0.0,0.0,0.0,0.0,0.0,0.0,0.0,Low,0,Low,3.5447203584143305,1.1378330018213911,3.27566787083184,0.3476923076923077,5.378205128205129,0,1983,0.0641025641025641,15.86320754716981
T01925,R0039,Zone_9,3.9,35.93,89.93,Cash,2023-04-03,1,Aadhya Iyer,24.0,Male,Chennai,2023-11-18,190.0,14.0,4.2,11037.0,1.83,56.1,Mixed,-0.522456822561574,-0.9769940869182323,0,0,4,1,1.0,0.0,0.0,0.0,0.0,0.0,0.0,0.0,0.0,0.0,0.0,0.0,0.0,1.0,High,2,Medium,4.510089979737821,1.589235205116581,5.994163828258284,0.17821052631578946,2.674,0,994,0.07368421052631578,23.05897435897436
T01926,R0155,Zone_4,7.26,70.43,80.96,UPI,2024-04-19,0,Meera Reddy,23.0,Male,Hyderabad,2019-02-10,353.0,8.0,3.14,4038.0,2.46,48.2,Business,-0.6273683595338363,-0.22190253099649937,0,4,4,1,0.0,0.0,1.0,0.0,0.0,0.0,0.0,0.0,1.0,0.0,0.0,0.0,0.0,0.0,High,2,High,4.406231323370699,2.1114245875328868,8.392258337301111,0.17254957507082153,2.639405099150142,0,2736,0.0226628895184136,11.15151515151515
T01927,R0150,Zone_10,13.11,67.82,119.86,Cash,2023-02-26,0,Ishaan Gupta,33.0,Male,Pune,2022-02-27,215.0,16.0,4.95,2440.0,1.54,35.4,Industrial,-0.17240082461510714,1.0927658029743752,0,6,2,1,1.0,0.0,0.0,0.0,0.0,1.0,0.0,0.0,0.0,0.0,0.0,0.0,0.0,0.0,Medium,1,Medium,4.794632850933413,2.6468837658647226,8.235289915965314,0.25795348837209303,3.506232558139535,0,1623,0.07441860465116279,9.142639206712433
T01928,R0073,Zone_9,10.28,63.91,169.9,Cash,2023-09-03,0,Meera Das,41.0,Other,Ahmedabad,2021-06-19,490.0,30.0,3.01,11037.0,1.83,56.1,Mixed,0.4128581843137671,0.4567809508141059,0,6,9,2,1.0,0.0,0.0,0.0,0.0,0.0,0.0,0.0,0.0,0.0,0.0,0.0,0.0,1.0,High,2,High,5.141078590121546,2.423031246069913,7.994373021069257,0.16042857142857142,2.6034693877551023,0,1876,0.061224489795918366,16.527237354085603
T01929,R0191,Zone_2,2.08,18.48,46.88,Credit Card,2023-05-08,1,Meera Gupta,33.0,Other,Surat,2020-08-14,87.0,6.0,4.56,6371.0,0.91,58.4,Residential,-1.025962025087314,-1.3860020130425046,0,0,5,2,0.0,1.0,0.0,0.0,0.0,0.0,1.0,0.0,0.0,0.0,0.0,0.0,0.0,0.0,Low,0,Low,3.8686978806897723,1.1249295969854831,4.298837052040936,0.9559770114942528,15.24735632183908,0,2185,0.06896551724137931,22.53846153846154
T01930,R0229,Zone_9,8.47,65.57,122.37,Wallet,2023-01-29,0,Reyansh Ghosh,22.0,Female,Mumbai,2020-11-23,146.0,16.0,4.43,11037.0,1.83,56.1,Mixed,-0.1430443075805053,0.050020320987220195,0,6,1,0,0.0,0.0,0.0,1.0,0.0,0.0,0.0,0.0,0.0,0.0,0.0,0.0,0.0,1.0,High,2,Low,4.8151879700833735,2.248128907197987,8.097530487747484,0.26493150684931505,4.715753424657534,0,2084,0.1095890410958904,14.447461629279811
T01931,R0150,Zone_4,6.33,58.62,124.24,Wallet,2024-02-04,0,Ishaan Gupta,33.0,Male,Pune,2022-02-27,215.0,16.0,4.95,4038.0,2.46,48.2,Business,-0.12117311759855107,-0.43090108665340754,0,6,2,1,0.0,0.0,0.0,1.0,0.0,0.0,0.0,0.0,1.0,0.0,0.0,0.0,0.0,0.0,High,2,Medium,4.830231896458205,1.9919755158985601,7.656369897020388,0.25795348837209303,3.506232558139535,0,1623,0.07441860465116279,19.627172195892573
T01932,R0161,Zone_3,7.94,64.43,66.52,UPI,2023-10-05,0,Aarav Nair,32.0,Other,Surat,2019-03-27,332.0,50.0,4.91,12971.0,2.11,38.0,Business,-0.7962560511591948,-0.06908638277424371,0,3,10,2,0.0,0.0,1.0,0.0,0.0,0.0,0.0,1.0,0.0,0.0,0.0,0.0,0.0,0.0,High,2,Medium,4.212423850287702,2.190535589185423,8.026830009412185,0.10006024096385542,1.7095180722891565,0,2691,0.15060240963855423,8.377833753148614
T01933,R0115,Zone_4,7.0,38.11,139.47,Wallet,2023-06-17,0,Aarav Ghosh,40.0,Female,Bengaluru,2020-03-01,170.0,15.0,4.4,4038.0,2.46,48.2,Business,0.05695427460741926,-0.2803322347285382,0,5,6,0,0.0,0.0,0.0,1.0,0.0,0.0,0.0,0.0,1.0,0.0,0.0,0.0,0.0,0.0,High,2,Medium,4.944993942842818,2.0794415416798357,6.17332973362026,0.49105882352941177,8.388058823529413,0,2351,0.08823529411764706,19.924285714285713
T01934,R0038,Zone_7,9.57,71.28,137.04,Wallet,2023-01-13,0,Aarav Singh,37.0,Other,Kolkata,2023-02-11,68.0,7.0,4.07,11070.0,0.64,45.2,Industrial,0.028533423454398316,0.2972229136996923,0,4,1,2,0.0,0.0,0.0,1.0,0.0,0.0,0.0,0.0,0.0,0.0,0.0,1.0,0.0,0.0,Low,0,Low,4.927543498229802,2.3580197998821464,8.442748367682173,0.43720588235294117,6.673970588235294,0,1274,0.10294117647058823,14.31974921630094
T01935,R0047,Zone_8,8.91,71.28,113.61,Credit Card,2023-04-02,0,Reyansh Iyer,51.0,Female,Bengaluru,2021-10-07,69.0,3.0,4.86,4516.0,1.93,31.0,Business,-0.2454997216136176,0.14890135807220894,0,6,4,0,0.0,1.0,0.0,0.0,0.0,0.0,0.0,0.0,0.0,0.0,0.0,0.0,1.0,0.0,High,2,Low,4.741535060508608,2.2935443483418965,8.442748367682173,0.9018840579710146,16.592318840579708,0,1766,0.043478260869565216,12.75084175084175
T01936,R0052,Zone_3,12.33,118.66,304.64,Credit Card,2024-03-05,1,Reyansh Singh,23.0,Other,Hyderabad,2021-03-09,40.0,7.0,4.74,12971.0,2.11,38.0,Business,1.9887534453664546,0.9174766917782587,0,1,3,2,0.0,1.0,0.0,0.0,0.0,0.0,0.0,1.0,0.0,0.0,0.0,0.0,0.0,0.0,High,2,Low,5.722407938779366,2.5900171341906173,10.893117092916976,0.76475,12.866499999999998,0,1978,0.175,24.70721816707218
T01937,R0090,Zone_3,8.58,76.68,134.5,Credit Card,2023-03-09,0,Kavya Iyer,33.0,Female,Mumbai,2021-01-31,152.0,25.0,4.51,12971.0,2.11,38.0,Business,-0.0011739682857962402,0.07474058025846728,0,3,3,0,0.0,1.0,0.0,0.0,0.0,0.0,0.0,1.0,0.0,0.0,0.0,0.0,0.0,0.0,High,2,Low,4.908971640319756,2.259677591982769,8.756711711595855,0.7113815789473685,12.63078947368421,0,2015,0.16447368421052633,15.675990675990676
T01938,R0199,Zone_3,16.45,130.32,299.2,UPI,2023-08-27,0,Aarav Das,29.0,Male,Ahmedabad,2021-08-03,344.0,27.0,3.91,12971.0,2.11,38.0,Business,1.9251281654189512,1.843362766301336,0,6,8,1,0.0,0.0,1.0,0.0,0.0,0.0,0.0,1.0,0.0,0.0,0.0,0.0,0.0,0.0,High,2,High,5.704448919199361,2.859339648648436,11.415778554264268,0.24752906976744188,4.652616279069767,0,1831,0.07848837209302326,18.188449848024316
T01939,R0151,Zone_6,10.6,97.65,252.59,Credit Card,2023-02-12,1,Meera Reddy,34.0,Male,Hyderabad,2023-02-25,394.0,56.0,5.0,14627.0,0.54,37.6,Mixed,1.3799858311628599,0.5286944323304615,0,6,2,1,0.0,1.0,0.0,0.0,0.0,0.0,0.0,0.0,0.0,0.0,1.0,0.0,0.0,0.0,Low,0,High,5.535718789608946,2.451005098112319,9.881801455200362,0.15967005076142132,2.8274111675126905,0,1260,0.14213197969543148,23.82924528301887
T01940,R0010,Zone_5,15.39,120.45,216.84,Wallet,2024-07-05,0,Vivaan Gupta,25.0,Female,Surat,2023-05-14,173.0,1.0,3.38,2590.0,1.31,43.9,Business,0.96186014033138,1.6051493587784087,0,4,7,0,0.0,0.0,0.0,1.0,0.0,0.0,0.0,0.0,0.0,1.0,0.0,0.0,0.0,0.0,Medium,1,Medium,5.383760848365505,2.7966713927557385,10.974971526158964,0.49277456647398843,6.962485549132948,0,1182,0.005780346820809248,14.089668615984404
T01941,R0275,Zone_5,11.6,67.31,103.43,Credit Card,2024-02-02,0,Ishaan Das,21.0,Other,Jaipur,2022-10-04,247.0,17.0,3.07,2590.0,1.31,43.9,Business,-0.36456320504479134,0.7534240620690725,0,4,2,2,0.0,1.0,0.0,0.0,0.0,0.0,0.0,0.0,0.0,1.0,0.0,0.0,0.0,0.0,Medium,1,Medium,4.648516990491458,2.533696813957432,8.204267182387468,0.13704453441295547,1.3201214574898787,0,1404,0.06882591093117409,8.916379310344828
T01942,R0125,Zone_6,4.64,31.15,86.57,Wallet,2023-02-25,0,Saanvi Ghosh,44.0,Male,Ahmedabad,2023-04-22,99.0,19.0,3.89,14627.0,0.54,37.6,Mixed,-0.5617547895879733,-0.8106941609116604,0,5,2,1,0.0,0.0,0.0,1.0,0.0,0.0,0.0,0.0,0.0,0.0,1.0,0.0,0.0,0.0,Low,0,Low,4.472438473534133,1.7298840655099674,5.58121850495033,0.5633333333333332,11.28040404040404,0,1204,0.1919191919191919,18.657327586206897
T01943,R0092,Zone_6,14.21,79.37,268.8,Credit Card,2023-04-26,0,Aarav Nair,21.0,Male,Surat,2019-07-18,252.0,23.0,4.51,14627.0,0.54,37.6,Mixed,1.5695751304181966,1.3399683956868476,0,2,4,1,0.0,1.0,0.0,0.0,0.0,0.0,0.0,0.0,0.0,0.0,1.0,0.0,0.0,0.0,Low,0,Medium,5.597680943773655,2.7219531062712017,8.908984229416955,0.22694444444444448,3.415357142857143,0,2578,0.09126984126984126,18.916256157635466
T01944,R0097,Zone_5,13.92,79.12,184.97,Cash,2024-02-09,0,Aarav Iyer,23.0,Other,Bengaluru,2021-01-25,478.0,5.0,3.28,2590.0,1.31,43.9,Business,0.5891142447565754,1.2747968030626502,0,4,2,2,1.0,0.0,0.0,0.0,0.0,0.0,0.0,0.0,0.0,1.0,0.0,0.0,0.0,0.0,Medium,1,High,5.225585370381938,2.702702594775615,8.894942383174834,0.1452510460251046,2.3370292887029285,0,2021,0.010460251046025104,13.288074712643677
T01945,R0263,Zone_7,6.36,40.84,81.07,Credit Card,2023-05-27,0,Ishaan Das,31.0,Other,Chennai,2020-12-30,297.0,21.0,3.84,11070.0,0.64,45.2,Industrial,-0.6260818189466625,-0.42415919776124916,0,5,5,2,0.0,1.0,0.0,0.0,0.0,0.0,0.0,0.0,0.0,0.0,0.0,1.0,0.0,0.0,Low,0,Medium,4.4075725416416205,1.9960599327407849,6.390618123468183,0.3522558922558922,5.2110101010101015,0,2047,0.0707070707070707,12.746855345911948
T01946,R0143,Zone_5,5.26,46.28,121.99,UPI,2023-06-27,1,Meera Kumar,42.0,Other,Kolkata,2023-03-28,74.0,13.0,4.56,2590.0,1.31,43.9,Business,-0.14748872051801484,-0.6713617904737215,0,1,6,2,0.0,0.0,1.0,0.0,0.0,0.0,0.0,0.0,0.0,1.0,0.0,0.0,0.0,0.0,Medium,1,Low,4.8121030512543195,1.8341801851120072,6.802940540677979,0.6636486486486486,11.666486486486486,0,1229,0.17567567567567569,23.192015209125476
T01947,R0222,Zone_1,15.21,120.95,334.62,Wallet,2023-04-06,1,Aarav Singh,27.0,Male,Surat,2022-08-28,475.0,12.0,3.44,4921.0,2.43,30.9,Residential,2.33939423448891,1.5646980254254588,0,3,4,1,0.0,0.0,0.0,1.0,1.0,0.0,0.0,0.0,0.0,0.0,0.0,0.0,0.0,0.0,High,2,High,5.815979567573016,2.785628335747585,10.997727037892876,0.16642105263157894,2.7908000000000004,0,1441,0.02526315789473684,22.0
T01948,R0193,Zone_5,13.27,81.64,263.99,Credit Card,2024-03-08,0,Kavya Singh,33.0,Female,Chennai,2022-01-03,389.0,68.0,4.41,2590.0,1.31,43.9,Business,1.513318219288143,1.128722543732553,0,4,3,0,0.0,1.0,0.0,0.0,0.0,0.0,0.0,0.0,0.0,1.0,0.0,0.0,0.0,0.0,Medium,1,High,5.5796920894251505,2.658159431488745,9.035485598461214,0.14419023136246786,2.5851928020565555,0,1678,0.17480719794344474,19.89374529012811
T01949,R0283,Zone_1,0.7000000000000001,5.54,9.75,Credit Card,2023-08-21,0,Diya Nair,19.0,Male,Surat,2023-06-15,245.0,45.0,3.55,4921.0,2.43,30.9,Residential,-1.460227952376065,-1.6961289020817878,0,0,8,1,0.0,1.0,0.0,0.0,1.0,0.0,0.0,0.0,0.0,0.0,0.0,0.0,0.0,0.0,High,2,Medium,2.3749057545736716,0.5306282510621704,2.353720459187964,0.22844897959183674,4.135632653061225,0,1150,0.1836734693877551,13.928571428571427
T01950,R0006,Zone_5,12.29,87.75,162.03,UPI,2023-06-03,0,Aarav Das,45.0,Female,Jaipur,2023-06-30,248.0,13.0,4.64,2590.0,1.31,43.9,Business,0.32081205321324263,0.908487506588714,0,5,6,0,0.0,0.0,1.0,0.0,0.0,0.0,0.0,0.0,0.0,1.0,0.0,0.0,0.0,0.0,Medium,1,Medium,5.093934232951563,2.587011872725154,9.367496997597597,0.255,4.417056451612903,0,1135,0.05241935483870968,13.183889340927584
T01951,R0231,Zone_4,16.64,111.73,174.75,UPI,2024-01-29,0,Ishaan Nair,19.0,Other,Mumbai,2019-08-26,328.0,22.0,4.81,4038.0,2.46,48.2,Business,0.46958292838461113,1.8860613959516723,0,0,1,2,0.0,0.0,1.0,0.0,0.0,0.0,0.0,0.0,1.0,0.0,0.0,0.0,0.0,0.0,High,2,Medium,5.169062530690774,2.8701690505786455,10.570241246064349,0.18076219512195124,2.230274390243902,0,2539,0.06707317073170732,10.501802884615385
T01952,R0176,Zone_10,11.03,65.2,222.95,UPI,2024-02-14,1,Kavya Gupta,43.0,Male,Mumbai,2019-05-24,260.0,13.0,3.95,2440.0,1.54,35.4,Industrial,1.0333216220371237,0.6253281731180642,0,2,2,1,0.0,0.0,1.0,0.0,0.0,1.0,0.0,0.0,0.0,0.0,0.0,0.0,0.0,0.0,Medium,1,Medium,5.411422812653309,2.4874035299865875,8.07465169527454,0.3502307692307692,6.3002692307692305,0,2633,0.05,20.213055303717134
T01953,R0089,Zone_8,0.62,3.34,14.91,Wallet,2024-08-09,1,Saanvi Reddy,48.0,Other,Surat,2022-09-21,308.0,6.0,3.91,4516.0,1.93,31.0,Business,-1.3998775030140949,-1.7141072724608766,0,4,8,2,0.0,0.0,0.0,1.0,0.0,0.0,0.0,0.0,0.0,0.0,0.0,0.0,1.0,0.0,High,2,Medium,2.7669478423496954,0.4824261492442927,1.8275666882497066,0.29165584415584417,4.595941558441559,0,1417,0.01948051948051948,24.048387096774196
T01954,R0121,Zone_5,4.08,38.15,53.68,Cash,2024-02-18,0,Diya Iyer,29.0,Male,Pune,2023-07-13,378.0,10.0,4.17,2590.0,1.31,43.9,Business,-0.9464304251529346,-0.9365427535652824,0,6,2,1,1.0,0.0,0.0,0.0,0.0,0.0,0.0,0.0,0.0,1.0,0.0,0.0,0.0,0.0,Medium,1,High,4.001498011855749,1.6253112615903906,6.176568626672903,0.23269841269841268,3.8740211640211637,0,1122,0.026455026455026454,13.156862745098039
T01955,R0108,Zone_5,10.0,67.87,243.58,Credit Card,2023-08-30,1,Reyansh Gupta,18.0,Male,Pune,2019-05-31,184.0,32.0,4.88,2590.0,1.31,43.9,Business,1.2746064612498071,0.39385665448729495,0,2,8,1,0.0,1.0,0.0,0.0,0.0,0.0,0.0,0.0,0.0,1.0,0.0,0.0,0.0,0.0,Medium,1,Medium,5.499542453761224,2.3978952727983707,8.238325072488946,0.23695652173913045,4.754836956521739,0,2626,0.17391304347826086,24.358
T01956,R0278,Zone_1,6.92,61.26,142.95,Wallet,2023-04-28,1,Aarav Reddy,20.0,Female,Mumbai,2021-09-02,382.0,58.0,4.27,4921.0,2.43,30.9,Residential,0.09765574045618977,-0.2983106051076271,0,4,4,0,0.0,0.0,0.0,1.0,1.0,0.0,0.0,0.0,0.0,0.0,0.0,0.0,0.0,0.0,High,2,High,4.969466017058185,2.0693912058263346,7.826876771739798,0.25536649214659685,5.527120418848168,0,1801,0.1518324607329843,20.65751445086705
T01957,R0162,Zone_3,14.39,75.49,328.45,Credit Card,2023-09-06,1,Meera Patel,30.0,Male,Hyderabad,2023-08-14,394.0,38.0,4.28,12971.0,2.11,38.0,Business,2.2672310033719802,1.3804197290397975,0,2,9,1,0.0,1.0,0.0,0.0,0.0,0.0,0.0,1.0,0.0,0.0,0.0,0.0,0.0,0.0,High,2,High,5.797424597359829,2.733717947850788,8.688498144098322,0.13484771573604062,2.3779187817258887,0,1090,0.09644670050761421,22.82487838776928
T01958,R0299,Zone_1,11.66,90.92,161.08,Credit Card,2024-06-09,0,Ishaan Gupta,33.0,Other,Kolkata,2020-09-04,457.0,0.0,3.92,4921.0,2.43,30.9,Residential,0.30970102086946916,0.7669078398533893,0,6,6,2,0.0,1.0,0.0,0.0,1.0,0.0,0.0,0.0,0.0,0.0,0.0,0.0,0.0,0.0,High,2,High,5.088090040500373,2.5384474167160302,9.535197952848174,0.06540481400437637,1.0091903719912472,0,2164,0.0,13.8147512864494
T01959,R0046,Zone_1,17.82,152.87,177.66,Credit Card,2023-12-11,0,Vivaan Singh,31.0,Female,Kolkata,2019-08-16,31.0,4.0,3.87,4921.0,2.43,30.9,Residential,0.5036177748271176,2.1512423590432332,0,0,12,0,0.0,1.0,0.0,0.0,1.0,0.0,0.0,0.0,0.0,0.0,0.0,0.0,0.0,0.0,High,2,Low,5.185484558273693,2.9349201341572337,12.36406082159094,2.581290322580645,41.82,0,2549,0.12903225806451613,9.969696969696969
T01960,R0089,Zone_10,13.1,67.66,261.49,UPI,2023-11-29,0,Saanvi Reddy,48.0,Other,Surat,2022-09-21,308.0,6.0,3.91,2440.0,1.54,35.4,Industrial,1.4840786604887388,1.0905185066769891,0,2,11,2,0.0,0.0,1.0,0.0,0.0,1.0,0.0,0.0,0.0,0.0,0.0,0.0,0.0,0.0,Medium,1,Medium,5.570212986067941,2.6461747973841225,8.225569889071517,0.29165584415584417,4.595941558441559,0,1417,0.01948051948051948,19.961068702290078
T01961,R0247,Zone_7,10.76,57.77,199.28,UPI,2024-06-30,0,Aadhya Das,37.0,Male,Bengaluru,2021-05-11,249.0,47.0,4.92,11070.0,0.64,45.2,Industrial,0.7564814793243649,0.5646511730886393,0,6,6,1,0.0,0.0,1.0,0.0,0.0,0.0,0.0,0.0,0.0,0.0,0.0,1.0,0.0,0.0,Low,0,Medium,5.299716387461744,2.464703942470481,7.600657866263946,0.5360642570281124,9.507791164658634,0,1915,0.18875502008032127,18.520446096654275
T01962,R0003,Zone_1,6.43,43.36,99.99,Credit Card,2024-02-28,0,Kavya Reddy,34.0,Male,Pune,2023-05-04,45.0,9.0,3.76,4921.0,2.43,30.9,Residential,-0.40479683795277166,-0.40842812367954656,0,2,2,1,0.0,1.0,0.0,0.0,1.0,0.0,0.0,0.0,0.0,0.0,0.0,0.0,0.0,0.0,High,2,Low,4.6150215020384655,2.005525858729668,6.584831053261731,1.5040000000000002,21.593555555555557,0,1192,0.2,15.55054432348367
T01963,R0145,Zone_8,15.02,110.98,299.04,Wallet,2023-12-17,0,Saanvi Nair,36.0,Female,Jaipur,2022-12-09,222.0,43.0,4.3,4516.0,1.93,31.0,Business,1.9232568336557898,1.5219993957751223,0,6,12,0,0.0,0.0,0.0,1.0,0.0,0.0,0.0,0.0,0.0,0.0,0.0,0.0,1.0,0.0,High,2,Medium,5.703915799101436,2.7738379416402132,10.534704552098269,0.20873873873873874,2.948918918918919,0,1338,0.19369369369369369,19.909454061251665
T01964,R0267,Zone_7,8.03,49.21,99.36,Cash,2023-11-01,0,Arjun Iyer,37.0,Other,Jaipur,2021-01-01,131.0,11.0,4.5,11070.0,0.64,45.2,Industrial,-0.41216520677022145,-0.04886071609776895,0,2,11,2,1.0,0.0,0.0,0.0,0.0,0.0,0.0,0.0,0.0,0.0,0.0,1.0,0.0,0.0,Low,0,Low,4.608763721498222,2.200552367428894,7.014983962918233,0.3602290076335878,5.203740458015267,0,2045,0.08396946564885496,12.373599003735992
T01965,R0143,Zone_4,2.87,28.01,60.09,Wallet,2023-02-21,1,Meera Kumar,42.0,Other,Kolkata,2023-03-28,74.0,13.0,4.56,4038.0,2.46,48.2,Business,-0.8714601963912623,-1.2084656055490017,0,1,2,2,0.0,0.0,0.0,1.0,0.0,0.0,0.0,0.0,1.0,0.0,0.0,0.0,0.0,0.0,High,2,Low,4.112348186661675,1.3532545070416904,5.292447448959697,0.6636486486486486,11.666486486486486,0,1229,0.17567567567567569,20.937282229965156
T01966,R0289,Zone_10,8.24,56.3,84.56,UPI,2024-06-11,0,Aarav Gupta,21.0,Other,Chennai,2021-09-30,322.0,14.0,4.17,2440.0,1.54,35.4,Industrial,-0.5852633948626942,-0.00166749385266044,0,1,6,2,0.0,0.0,1.0,0.0,0.0,1.0,0.0,0.0,0.0,0.0,0.0,0.0,0.0,0.0,Medium,1,Medium,4.449217884214205,2.2235418856535927,7.503332592921628,0.2053726708074534,3.8337888198757764,0,1773,0.043478260869565216,10.262135922330097
T01967,R0252,Zone_5,7.54,45.25,185.92,Credit Card,2024-05-19,1,Reyansh Gupta,38.0,Other,Ahmedabad,2020-09-23,392.0,47.0,4.83,2590.0,1.31,43.9,Business,0.6002252771003489,-0.15897823466968822,0,6,5,2,0.0,1.0,0.0,0.0,0.0,0.0,0.0,0.0,0.0,1.0,0.0,0.0,0.0,0.0,Medium,1,High,5.230680717832225,2.1447610078004784,6.726812023536855,0.25614795918367345,4.290943877551021,0,2145,0.11989795918367346,24.657824933687
T01968,R0010,Zone_3,3.03,20.69,54.25,Wallet,2023-12-05,0,Vivaan Gupta,25.0,Female,Surat,2023-05-14,173.0,1.0,3.38,12971.0,2.11,38.0,Business,-0.9397638057466705,-1.1725088647908242,0,1,12,0,0.0,0.0,0.0,1.0,0.0,0.0,0.0,1.0,0.0,0.0,0.0,0.0,0.0,0.0,High,2,Medium,4.0118683403978626,1.3937663759585914,4.548626166217664,0.49277456647398843,6.962485549132948,0,1182,0.005780346820809248,17.904290429042906
T01969,R0120,Zone_5,12.14,99.43,144.13,UPI,2023-06-08,0,Ishaan Gupta,18.0,Other,Surat,2020-07-12,311.0,15.0,4.55,2590.0,1.31,43.9,Business,0.11145681220950862,0.8747780621279228,0,3,6,2,0.0,0.0,1.0,0.0,0.0,0.0,0.0,0.0,0.0,1.0,0.0,0.0,0.0,0.0,Medium,1,Medium,4.9776298924822715,2.5756610130564646,9.971459271340379,0.21929260450160773,3.260289389067524,0,2218,0.04823151125401929,11.872322899505765
T01970,R0088,Zone_9,7.3,62.48,70.07,Credit Card,2023-12-07,0,Diya Iyer,22.0,Other,Jaipur,2019-07-07,438.0,0.0,4.78,11037.0,1.83,56.1,Mixed,-0.7547358776640409,-0.2129133458069549,0,3,12,2,0.0,1.0,0.0,0.0,0.0,0.0,0.0,0.0,0.0,0.0,0.0,0.0,0.0,1.0,High,2,High,4.263665306838804,2.1162555148025524,7.904429138147801,0.1421232876712329,2.0405479452054793,0,2589,0.0,9.598630136986301
T01971,R0159,Zone_9,9.98,88.08,145.33,Wallet,2024-08-18,0,Ishaan Singh,43.0,Female,Bengaluru,2020-05-21,79.0,2.0,4.9,11037.0,1.83,56.1,Mixed,0.12549180043322283,0.3893620618925228,0,6,8,0,0.0,0.0,0.0,1.0,0.0,0.0,0.0,0.0,0.0,0.0,0.0,0.0,0.0,1.0,High,2,Low,4.985864345104336,2.3960754360813845,9.385094565320053,0.3034177215189873,5.378354430379747,0,2270,0.02531645569620253,14.562124248496994
T01972,R0196,Zone_9,4.1,22.45,84.2,Wallet,2024-01-22,1,Vivaan Das,18.0,Male,Hyderabad,2019-06-24,51.0,9.0,4.93,11037.0,1.83,56.1,Mixed,-0.5894738913298084,-0.9320481609705102,0,0,1,1,0.0,0.0,0.0,1.0,0.0,0.0,0.0,0.0,0.0,0.0,0.0,0.0,0.0,1.0,High,2,Low,4.44500143383527,1.62924053973028,4.738143096192854,1.8813725490196078,31.831960784313726,0,2602,0.17647058823529413,20.53658536585366
T01973,R0232,Zone_2,7.18,40.61,109.85,Cash,2023-12-24,0,Meera Das,38.0,Male,Jaipur,2022-12-08,172.0,15.0,3.94,6371.0,0.91,58.4,Residential,-0.28947601804792156,-0.23988090137558826,0,6,12,1,1.0,0.0,0.0,0.0,0.0,0.0,1.0,0.0,0.0,0.0,0.0,0.0,0.0,0.0,Low,0,Medium,4.70817793606232,2.1016921506146558,6.372597586541928,0.541860465116279,8.667674418604651,0,1339,0.0872093023255814,15.299442896935933
T01974,R0175,Zone_9,11.87,73.18,277.33,Credit Card,2023-08-15,1,Diya Patel,35.0,Male,Chennai,2022-08-18,98.0,8.0,3.48,11037.0,1.83,56.1,Mixed,1.6693405050417633,0.8141010620984974,0,1,8,1,0.0,1.0,0.0,0.0,0.0,0.0,0.0,0.0,0.0,0.0,0.0,0.0,0.0,1.0,High,2,Low,5.628807460063128,2.554899021608035,8.554530963179689,0.7169387755102041,12.928877551020408,0,1451,0.08163265306122448,23.363942712721148
T01975,R0194,Zone_6,6.77,45.5,78.64,UPI,2024-07-25,0,Arjun Iyer,30.0,Other,Jaipur,2023-02-10,10.0,2.0,4.06,14627.0,0.54,37.6,Mixed,-0.6545026700996833,-0.3320200495684188,0,3,7,2,0.0,0.0,1.0,0.0,0.0,0.0,0.0,0.0,0.0,0.0,1.0,0.0,0.0,0.0,Low,0,Low,4.377516479195996,2.050270164379556,6.745368781616021,4.361,68.455,0,1275,0.2,11.615952732644018
T01976,R0044,Zone_10,6.17,36.21,70.6,Wallet,2023-12-14,0,Arjun Gupta,36.0,Female,Hyderabad,2020-08-01,271.0,5.0,3.21,2440.0,1.54,35.4,Industrial,-0.7485370911985673,-0.4668578274115854,0,3,12,0,0.0,0.0,0.0,1.0,0.0,1.0,0.0,0.0,0.0,0.0,0.0,0.0,0.0,0.0,Medium,1,Medium,4.2710950739666,1.969905654611529,6.017474553332153,0.37734317343173435,6.127380073800738,0,2198,0.01845018450184502,11.442463533225283
T01977,R0140,Zone_1,18.92,158.0,379.63,UPI,2023-02-22,1,Aadhya Nair,29.0,Female,Delhi,2020-04-17,499.0,45.0,4.92,4921.0,2.43,30.9,Residential,3.5841807316971446,2.398444951755706,0,2,2,0,0.0,0.0,1.0,0.0,1.0,0.0,0.0,0.0,0.0,0.0,0.0,0.0,0.0,0.0,High,2,High,5.94182777466688,2.991724252156452,12.569805089976535,0.06975951903807616,1.2386973947895792,0,2304,0.09018036072144289,20.065010570824523
T01978,R0240,Zone_4,9.58,95.55,112.44,Wallet,2023-07-23,0,Aarav Iyer,30.0,Male,Delhi,2020-05-18,174.0,2.0,4.07,4038.0,2.46,48.2,Business,-0.25918383513173876,0.29947020999707835,0,6,7,1,0.0,0.0,0.0,1.0,0.0,0.0,0.0,0.0,1.0,0.0,0.0,0.0,0.0,0.0,High,2,Medium,4.731274062783817,2.3589654264301534,9.77496803063826,0.5294252873563219,7.0199425287356325,0,2273,0.011494252873563218,11.736951983298539
T01979,R0050,Zone_7,11.67,100.11,203.43,Cash,2023-02-16,0,Diya Das,49.0,Male,Ahmedabad,2022-10-06,330.0,41.0,3.42,11070.0,0.64,45.2,Industrial,0.805019146931376,0.7691551361507754,0,3,2,1,1.0,0.0,0.0,0.0,0.0,0.0,0.0,0.0,0.0,0.0,0.0,1.0,0.0,0.0,Low,0,Medium,5.320225618596917,2.5392369943330477,10.005498488331304,0.1821212121212121,2.775181818181818,0,1402,0.12424242424242424,17.431876606683804
T01980,R0284,Zone_3,11.73,107.22,152.86,UPI,2023-01-19,0,Vivaan Das,28.0,Female,Surat,2019-07-31,135.0,19.0,4.95,12971.0,2.11,38.0,Business,0.21356135153702824,0.7826389139350921,0,3,1,0,0.0,0.0,1.0,0.0,0.0,0.0,0.0,1.0,0.0,0.0,0.0,0.0,0.0,0.0,High,2,Low,5.036043098030789,2.543961412569315,10.354709073653398,0.45118518518518513,7.306148148148148,0,2565,0.14074074074074075,13.03154305200341
T01981,R0112,Zone_4,8.48,61.81,144.94,Cash,2024-04-16,0,Meera Nair,41.0,Female,Delhi,2020-11-13,311.0,11.0,3.24,4038.0,2.46,48.2,Business,0.1209304292605156,0.05226761728460626,0,1,4,0,1.0,0.0,0.0,0.0,0.0,0.0,0.0,0.0,1.0,0.0,0.0,0.0,0.0,0.0,High,2,Medium,4.983195578337474,2.2491843162669305,7.861933604400384,0.28787781350482317,3.6986173633440513,0,2094,0.03536977491961415,17.09198113207547
T01982,R0009,Zone_3,10.64,61.97,206.85,UPI,2023-08-26,0,Diya Patel,42.0,Female,Ahmedabad,2019-12-15,172.0,21.0,4.11,12971.0,2.11,38.0,Business,0.8450188633689608,0.5376836175200062,0,5,8,0,0.0,0.0,1.0,0.0,0.0,0.0,0.0,1.0,0.0,0.0,0.0,0.0,0.0,0.0,High,2,Medium,5.336816665698646,2.454447442303292,7.87210264160726,0.37720930232558136,5.327848837209302,0,2428,0.12209302325581395,19.44078947368421
T01983,R0243,Zone_6,3.13,18.37,32.73,UPI,2024-07-01,0,Ishaan Patel,33.0,Male,Jaipur,2023-02-06,315.0,11.0,3.7,14627.0,0.54,37.6,Mixed,-1.191457927891942,-1.150035901816963,0,0,7,1,0.0,0.0,1.0,0.0,0.0,0.0,0.0,0.0,0.0,0.0,1.0,0.0,0.0,0.0,Low,0,Medium,3.5183876490735586,1.4182774069729414,4.286023798347368,0.1755873015873016,3.011206349206349,0,1279,0.03492063492063492,10.456869009584663
T01984,R0144,Zone_5,15.24,115.44,279.82,Cash,2023-05-15,0,Ishaan Kumar,34.0,Other,Pune,2021-01-31,194.0,10.0,3.52,2590.0,1.31,43.9,Business,1.69846310560597,1.5714399143176168,0,0,5,2,1.0,0.0,0.0,0.0,0.0,0.0,0.0,0.0,0.0,1.0,0.0,0.0,0.0,0.0,Medium,1,Medium,5.637713894686496,2.787477334733532,10.744300814850634,0.4354123711340206,8.002319587628865,0,2015,0.05154639175257732,18.360892388451443
T01985,R0143,Zone_2,14.23,100.08,209.8,Credit Card,2024-04-20,0,Meera Kumar,42.0,Other,Kolkata,2023-03-28,74.0,13.0,4.56,6371.0,0.91,58.4,Residential,0.8795215427522579,1.3444629882816197,0,5,4,2,0.0,1.0,0.0,0.0,0.0,0.0,1.0,0.0,0.0,0.0,0.0,0.0,0.0,0.0,Low,0,Low,5.350909816667207,2.7232671669070703,10.00399920031984,0.6636486486486486,11.666486486486486,0,1229,0.17567567567567569,14.743499648629657
T01986,R0045,Zone_9,8.95,82.11,148.94,Cash,2023-03-09,0,Saanvi Iyer,34.0,Other,Ahmedabad,2023-07-12,100.0,16.0,4.88,11037.0,1.83,56.1,Mixed,0.1677137233395623,0.1578905432617532,0,3,3,2,1.0,0.0,0.0,0.0,0.0,0.0,0.0,0.0,0.0,0.0,0.0,0.0,0.0,1.0,High,2,Low,5.010235214074916,2.2975725511705014,9.061456836513653,0.8753,15.298499999999999,0,1123,0.16,16.641340782122906
T01987,R0077,Zone_5,8.03,55.77,179.77,UPI,2023-09-08,1,Reyansh Das,28.0,Male,Mumbai,2019-09-07,406.0,72.0,3.79,2590.0,1.31,43.9,Business,0.5282959624538148,-0.04886071609776895,0,4,9,1,0.0,0.0,1.0,0.0,0.0,0.0,0.0,0.0,0.0,1.0,0.0,0.0,0.0,0.0,Medium,1,High,5.197225504986763,2.200552367428894,7.467931440499437,0.3617241379310345,5.7729556650246305,0,2527,0.17733990147783252,22.38729763387298
T01988,R0104,Zone_9,1.8,15.68,28.61,Cash,2024-02-28,0,Diya Gupta,52.0,Male,Kolkata,2021-05-27,328.0,1.0,3.7,11037.0,1.83,56.1,Mixed,-1.2396447207933599,-1.4489263093693157,0,2,2,1,1.0,0.0,0.0,0.0,0.0,0.0,0.0,0.0,0.0,0.0,0.0,0.0,0.0,1.0,High,2,Medium,3.3881121421135,1.0296194171811581,3.9597979746446663,0.14234756097560977,2.3335060975609756,0,1899,0.003048780487804878,15.894444444444444
T01989,R0185,Zone_8,13.15,122.2,234.93,Credit Card,2023-02-17,0,Vivaan Sharma,27.0,Male,Delhi,2021-08-27,201.0,12.0,4.05,4516.0,1.93,31.0,Business,1.1734375878038688,1.1017549881639197,0,4,2,1,0.0,1.0,0.0,0.0,0.0,0.0,0.0,0.0,0.0,0.0,0.0,0.0,1.0,0.0,High,2,Medium,5.463535150858622,2.649714624089247,11.054410884348384,0.21756218905472638,3.7018905472636816,0,1807,0.05970149253731343,17.865399239543727
T01990,R0153,Zone_5,6.72,34.64,110.33,UPI,2023-04-02,0,Aadhya Ghosh,20.0,Male,Mumbai,2020-05-04,76.0,14.0,4.54,2590.0,1.31,43.9,Business,-0.2838620227584359,-0.3432565310553493,0,6,4,1,0.0,0.0,1.0,0.0,0.0,0.0,0.0,0.0,0.0,1.0,0.0,0.0,0.0,0.0,Medium,1,Low,4.712498763740616,2.0438143640366846,5.885575587824865,0.3794736842105263,6.065131578947368,0,2287,0.18421052631578946,16.418154761904763
T01991,R0051,Zone_3,11.05,99.75,93.8,Credit Card,2024-02-26,0,Aarav Nair,21.0,Male,Kolkata,2020-04-05,213.0,14.0,4.02,12971.0,2.11,38.0,Business,-0.4771939855400964,0.6298227657128367,0,0,2,1,0.0,1.0,0.0,0.0,0.0,0.0,0.0,1.0,0.0,0.0,0.0,0.0,0.0,0.0,High,2,Medium,4.551769409260976,2.489064659936664,9.987492177719089,0.2778403755868545,5.169107981220657,0,2316,0.06572769953051644,8.48868778280543
T01992,R0100,Zone_8,0.8,5.49,16.39,UPI,2023-04-05,1,Ishaan Gupta,28.0,Male,Delhi,2021-05-24,383.0,60.0,3.79,4516.0,1.93,31.0,Business,-1.3825676842048475,-1.6736559391079266,0,2,4,1,0.0,0.0,1.0,0.0,0.0,0.0,0.0,0.0,0.0,0.0,0.0,0.0,1.0,0.0,High,2,High,2.855895328366192,0.5877866649021191,2.3430749027719964,0.26488250652741513,4.327650130548303,0,1902,0.1566579634464752,20.4875
T01993,R0294,Zone_4,11.16,77.36,108.82,Credit Card,2023-09-06,0,Arjun Reddy,24.0,Male,Surat,2021-04-02,41.0,7.0,3.2,4038.0,2.46,48.2,Business,-0.3015227162732761,0.6545430249840838,0,2,9,1,0.0,1.0,0.0,0.0,0.0,0.0,0.0,0.0,1.0,0.0,0.0,0.0,0.0,0.0,High,2,Low,4.698842661850726,2.498151876538021,8.795453370918409,1.3824390243902438,20.37560975609756,0,1954,0.17073170731707318,9.750896057347669
T01994,R0260,Zone_10,7.12,41.21,74.41,Wallet,2023-12-11,0,Reyansh Das,55.0,Other,Mumbai,2019-07-17,63.0,3.0,4.24,2440.0,1.54,35.4,Industrial,-0.7039760035882753,-0.25336467915990485,0,0,12,2,0.0,0.0,0.0,1.0,0.0,1.0,0.0,0.0,0.0,0.0,0.0,0.0,0.0,0.0,Medium,1,Low,4.322939892214555,2.0943301541735866,6.419501538281613,0.5998412698412698,10.94063492063492,0,2579,0.047619047619047616,10.450842696629213
T01995,R0207,Zone_7,8.06,49.34,164.43,UPI,2023-02-13,1,Ishaan Iyer,31.0,Male,Mumbai,2023-12-06,47.0,3.0,3.93,11070.0,0.64,45.2,Industrial,0.3488820296606707,-0.04211882720561037,0,0,2,1,0.0,0.0,1.0,0.0,0.0,0.0,0.0,0.0,0.0,0.0,0.0,1.0,0.0,0.0,Low,0,Low,5.108548144618925,2.203869120054888,7.024243731534378,1.3504255319148937,26.20127659574468,0,976,0.06382978723404255,20.400744416873447
T01996,R0171,Zone_6,0.91,6.44,22.12,UPI,2023-03-20,1,Kavya Singh,23.0,Female,Jaipur,2019-05-13,276.0,19.0,4.3,14627.0,0.54,37.6,Mixed,-1.315550615436613,-1.6489356798366794,0,0,3,0,0.0,0.0,1.0,0.0,0.0,0.0,0.0,0.0,0.0,0.0,1.0,0.0,0.0,0.0,Low,0,Medium,3.1406980438041767,0.6471032420585384,2.5377155080899043,0.043913043478260874,0.518550724637681,0,2644,0.06884057971014493,24.307692307692307
T01997,R0287,Zone_5,11.4,103.03,193.75,Cash,2024-06-25,0,Saanvi Singh,18.0,Other,Delhi,2021-12-17,320.0,34.0,3.33,2590.0,1.31,43.9,Business,0.691803575260083,0.7084781361213505,0,1,6,2,1.0,0.0,0.0,0.0,0.0,0.0,0.0,0.0,0.0,1.0,0.0,0.0,0.0,0.0,Medium,1,Medium,5.271716684750857,2.517696472610991,10.15036945140422,0.12587500000000001,2.3166874999999996,0,1695,0.10625,16.99561403508772
T01998,R0254,Zone_9,4.94,39.32,58.45,Cash,2024-03-23,0,Meera Kumar,18.0,Male,Delhi,2020-03-09,363.0,70.0,3.68,11037.0,1.83,56.1,Mixed,-0.8906413469636715,-0.7432752719900768,0,5,3,1,1.0,0.0,0.0,0.0,0.0,0.0,0.0,0.0,0.0,0.0,0.0,0.0,0.0,1.0,High,2,High,4.085135623136791,1.7817091333745536,6.270566162636353,0.2269146005509642,3.346005509641873,0,2343,0.1928374655647383,11.831983805668015
T01999,R0267,Zone_2,7.76,51.43,74.92,UPI,2023-10-29,0,Arjun Iyer,37.0,Other,Jaipur,2021-01-01,131.0,11.0,4.5,6371.0,0.91,58.4,Residential,-0.6980111335931967,-0.10953771612719383,0,6,10,2,0.0,0.0,1.0,0.0,0.0,0.0,1.0,0.0,0.0,0.0,0.0,0.0,0.0,0.0,Low,0,Low,4.3296801543016725,2.1701959049483,7.1714712576988,0.3602290076335878,5.203740458015267,0,2045,0.08396946564885496,9.654639175257733
T02000,R0202,Zone_10,12.02,114.45,149.05,Cash,2024-02-03,0,Aadhya Reddy,27.0,Male,Ahmedabad,2021-10-28,317.0,0.0,4.72,2440.0,1.54,35.4,Industrial,0.16900026392673623,0.8478105065592891,0,5,2,1,1.0,0.0,0.0,0.0,0.0,1.0,0.0,0.0,0.0,0.0,0.0,0.0,0.0,0.0,Medium,1,Medium,5.010968571886377,2.5664866367804233,10.698130677833394,0.23249211356466878,2.86794952681388,0,1745,0.0,12.400166389351083
