trip_id,rider_id,zone,distance_km,duration_min,fare_amount,payment_mode,ride_date,surge_flag,name,age,gender,city,signup_date,total_rides,cancelled_rides,avg_rating,population_density,traffic_index,avg_speed_kmph,zone_type
T00001,R0037,Zone_10,11.83,74.59,104.88,Cash,2023-11-13,0,Aadhya Iyer,32,Other,Ahmedabad,2020-11-21,489,6,3.36,2440,1.54,35.4,Industrial
T00002,R0104,Zone_9,3.86,35.59,40.48,Cash,2023-07-28,1,Diya Gupta,52,Male,Kolkata,2021-05-27,328,1,3.7,11037,1.83,56.1,Mixed
T00003,R0045,Zone_8,4.7,31.03,46.39,Cash,2024-01-14,1,Saanvi Iyer,34,Other,Ahmedabad,2023-07-12,100,16,4.88,4516,1.93,31.0,Business
T00004,R0089,Zone_2,11.06,59.48,257.64,Cash,2023-12-13,0,Saanvi Reddy,48,Other,Surat,2022-09-21,308,6,3.91,6371,0.91,58.4,Residential
T00005,R0003,Zone_5,7.28,67.59,72.74,UPI,2023-03-15,1,Kavya Reddy,34,Male,Pune,2023-05-04,45,9,3.76,2590,1.31,43.9,Business
T00006,R0255,Zone_2,14.58,80.74,282.52,UPI,2024-02-10,1,Reyansh Sharma,37,Female,Bengaluru,2021-07-06,475,42,3.12,6371,0.91,58.4,Residential
T00007,R0224,Zone_4,4.48,40.07,58.38,Credit Card,2023-08-21,1,Ishaan Sharma,29,Female,Ahmedabad,2020-08-04,200,1,4.31,4038,2.46,48.2,Business
T00008,R0039,Zone_3,11.75,96.11,102.35,Wallet,2024-03-10,0,Aadhya Iyer,24,Male,Chennai,2023-11-18,190,14,4.2,12971,2.11,38.0,Business
T00009,R0223,Zone_5,9.71,66.61,175.75,Credit Card,2024-05-20,0,Meera Ghosh,30,Female,Surat,2019-11-29,158,10,4.04,2590,1.31,43.9,Business
T00010,R0236,Zone_5,7.37,51.09,98.34,UPI,2023-03-01,1,Arjun Gupta,28,Male,Ahmedabad,2020-08-10,61,1,3.36,2590,1.31,43.9,Business
T00011,R0191,Zone_10,13.88,88.3,172.04,Credit Card,2023-09-09,0,Meera Gupta,33,Other,Surat,2020-08-14,87,6,4.56,2440,1.54,35.4,Industrial
T00012,R0199,Zone_1,11.4,64.9,139.35,Wallet,2023-12-15,0,Aarav Das,29,Male,Ahmedabad,2021-08-03,344,27,3.91,4921,2.43,30.9,Residential
T00013,R0248,Zone_6,2.98,18.82,37.95,Wallet,2023-12-12,1,Vivaan Ghosh,18,Female,Chennai,2021-10-24,104,12,3.65,14627,0.54,37.6,Mixed
T00014,R0300,Zone_2,11.2,70.93,249.44,Cash,2024-08-10,0,Saanvi Iyer,38,Female,Kolkata,2023-07-08,291,7,3.67,6371,0.91,58.4,Residential
T00015,R0270,Zone_10,14.87,91.83,265.53,Credit Card,2023-08-24,0,Aadhya Reddy,35,Male,Hyderabad,2022-01-02,455,64,3.08,2440,1.54,35.4,Industrial
T00016,R0216,Zone_2,7.35,63.51,145.73,Cash,2024-08-04,1,Ishaan Ghosh,44,Female,Chennai,2019-08-01,335,24,3.4,6371,0.91,58.4,Residential
T00017,R0168,Zone_3,6.76,56.32,83.57,Cash,2023-12-03,1,Diya Das,23,Male,Pune,2019-10-08,471,74,4.03,12971,2.11,38.0,Business
T00018,R0126,Zone_6,4.65,39.61,69.81,UPI,2024-01-19,0,Diya Reddy,29,Female,Surat,2022-09-25,411,20,3.65,14627,0.54,37.6,Mixed
T00019,R0255,Zone_1,7.93,62.56,100.85,Credit Card,2023-05-26,1,Reyansh Sharma,37,Female,Bengaluru,2021-07-06,475,42,3.12,4921,2.43,30.9,Residential
T00020,R0061,Zone_2,11.43,81.48,227.77,UPI,2023-06-19,0,Meera Reddy,25,Male,Mumbai,2020-08-20,168,25,3.69,6371,0.91,58.4,Residential
T00021,R0289,Zone_4,3.91,32.07,79.0,Cash,2024-08-15,0,Aarav Gupta,21,Other,Chennai,2021-09-30,322,14,4.17,4038,2.46,48.2,Business
T00022,R0112,Zone_10,1.27,9.05,17.63,Credit Card,2024-03-28,0,Meera Nair,41,Female,Delhi,2020-11-13,311,11,3.24,2440,1.54,35.4,Industrial
T00023,R0153,Zone_3,6.12,47.77,118.69,UPI,2024-02-26,0,Aadhya Ghosh,20,Male,Mumbai,2020-05-04,76,14,4.54,12971,2.11,38.0,Business
T00024,R0214,Zone_3,1.1,10.71,13.4,Cash,2023-01-10,1,Aarav Kumar,20,Female,Kolkata,2022-09-14,210,2,4.53,12971,2.11,38.0,Business
T00025,R0272,Zone_2,10.62,56.33,170.34,UPI,2023-01-15,0,Kavya Ghosh,21,Male,Kolkata,2020-01-15,432,4,4.79,6371,0.91,58.4,Residential
T00026,R0045,Zone_3,5.87,48.76,86.71,Credit Card,2024-02-14,1,Saanvi Iyer,34,Other,Ahmedabad,2023-07-12,100,16,4.88,12971,2.11,38.0,Business
T00027,R0096,Zone_9,0.78,5.31,10.51,UPI,2023-01-12,0,Reyansh Das,40,Female,Kolkata,2019-12-28,121,3,4.46,11037,1.83,56.1,Mixed
T00028,R0191,Zone_1,6.26,58.43,134.46,UPI,2023-05-14,0,Meera Gupta,33,Other,Surat,2020-08-14,87,6,4.56,4921,2.43,30.9,Residential
T00029,R0197,Zone_6,7.04,42.69,72.84,Credit Card,2024-06-13,1,Saanvi Das,29,Female,Bengaluru,2020-10-08,475,87,3.87,14627,0.54,37.6,Mixed
T00030,R0284,Zone_1,10.25,88.43,216.17,Cash,2024-03-15,0,Vivaan Das,28,Female,Surat,2019-07-31,135,19,4.95,4921,2.43,30.9,Residential
T00031,R0251,Zone_1,7.27,44.39,170.59,Credit Card,2023-04-08,1,Vivaan Iyer,46,Female,Mumbai,2020-01-13,213,26,4.48,4921,2.43,30.9,Residential
T00032,R0228,Zone_5,17.34,154.38,192.42,UPI,2023-11-30,1,Kavya Ghosh,21,Female,Pune,2020-05-18,10,0,4.84,2590,1.31,43.9,Business
T00033,R0083,Zone_10,5.41,34.07,133.62,Cash,2024-04-19,0,Kavya Patel,45,Female,Mumbai,2021-12-31,475,39,4.4,2440,1.54,35.4,Industrial
T00034,R0105,Zone_8,7.69,72.38,65.12,UPI,2024-06-21,1,Diya Das,31,Female,Jaipur,2020-09-28,346,9,3.69,4516,1.93,31.0,Business
T00035,R0221,Zone_4,7.49,44.42,65.75,Credit Card,2023-08-15,1,Diya Patel,21,Female,Delhi,2021-01-13,106,1,4.41,4038,2.46,48.2,Business
T00036,R0081,Zone_1,6.59,49.9,125.55,Credit Card,2023-07-29,0,Diya Reddy,42,Other,Mumbai,2022-01-31,114,2,3.9,4921,2.43,30.9,Residential
T00037,R0067,Zone_10,8.71,57.85,106.26,Cash,2024-06-07,1,Saanvi Iyer,32,Male,Pune,2022-07-24,348,9,3.38,2440,1.54,35.4,Industrial
T00038,R0026,Zone_1,10.71,65.12,172.96,Cash,2023-10-27,0,Aarav Kumar,26,Female,Surat,2020-04-17,44,5,3.17,4921,2.43,30.9,Residential
T00039,R0077,Zone_5,14.7,144.74,322.96,Wallet,2024-03-07,1,Reyansh Das,28,Male,Mumbai,2019-09-07,406,72,3.79,2590,1.31,43.9,Business
T00040,R0110,Zone_9,0.15,1.26,1.28,UPI,2024-08-15,1,Vivaan Patel,19,Female,Kolkata,2023-02-04,224,28,4.43,11037,1.83,56.1,Mixed
T00041,R0056,Zone_1,5.45,34.13,108.87,Cash,2024-02-24,0,Meera Patel,40,Other,Hyderabad,2021-02-26,93,13,3.25,4921,2.43,30.9,Residential
T00042,R0120,Zone_4,5.76,45.5,57.73,Credit Card,2024-02-25,1,Ishaan Gupta,18,Other,Surat,2020-07-12,311,15,4.55,4038,2.46,48.2,Business
T00043,R0178,Zone_2,12.69,71.08,174.11,Cash,2023-08-07,1,Saanvi Ghosh,27,Male,Delhi,2021-05-15,56,7,3.13,6371,0.91,58.4,Residential
T00044,R0164,Zone_3,6.22,35.17,149.59,UPI,2024-04-02,0,Aadhya Ghosh,37,Other,Ahmedabad,2022-07-06,249,23,4.02,12971,2.11,38.0,Business
T00045,R0221,Zone_9,1.48,7.57,22.98,Credit Card,2024-07-11,1,Diya Patel,21,Female,Delhi,2021-01-13,106,1,4.41,11037,1.83,56.1,Mixed
T00046,R0247,Zone_2,8.44,82.23,70.49,Cash,2023-08-13,0,Aadhya Das,37,Male,Bengaluru,2021-05-11,249,47,4.92,6371,0.91,58.4,Residential
T00047,R0207,Zone_1,7.83,61.12,158.67,Cash,2023-09-03,0,Ishaan Iyer,31,Male,Mumbai,2023-12-06,47,3,3.93,4921,2.43,30.9,Residential
T00048,R0077,Zone_10,8.9,76.5,91.12,Wallet,2023-08-03,0,Reyansh Das,28,Male,Mumbai,2019-09-07,406,72,3.79,2440,1.54,35.4,Industrial
T00049,R0115,Zone_6,2.8,27.94,33.7,UPI,2024-08-08,0,Aarav Ghosh,40,Female,Bengaluru,2020-03-01,170,15,4.4,14627,0.54,37.6,Mixed
T00050,R0010,Zone_3,16.6,90.94,193.05,Cash,2023-03-20,0,Vivaan Gupta,25,Female,Surat,2023-05-14,173,1,3.38,12971,2.11,38.0,Business
T00051,R0230,Zone_3,6.38,47.94,95.38,Wallet,2023-07-18,1,Kavya Gupta,32,Male,Chennai,2022-11-22,183,23,3.65,12971,2.11,38.0,Business
T00052,R0032,Zone_1,7.06,36.36,101.01,UPI,2024-05-24,0,Kavya Reddy,18,Female,Mumbai,2023-09-20,213,24,4.0,4921,2.43,30.9,Residential
T00053,R0082,Zone_3,3.5,24.24,60.44,Credit Card,2024-07-22,0,Kavya Singh,26,Other,Pune,2022-12-27,274,23,3.15,12971,2.11,38.0,Business
T00054,R0228,Zone_7,3.34,32.09,80.26,UPI,2023-01-13,0,Kavya Ghosh,21,Female,Pune,2020-05-18,10,0,4.84,11070,0.64,45.2,Industrial
T00055,R0266,Zone_9,1.8900000000000001,14.21,45.33,Credit Card,2024-01-23,1,Diya Reddy,29,Other,Chennai,2020-09-25,98,13,3.9,11037,1.83,56.1,Mixed
T00056,R0158,Zone_3,6.03,42.1,137.35,Cash,2023-08-05,1,Aarav Iyer,27,Male,Ahmedabad,2020-07-26,441,60,3.57,12971,2.11,38.0,Business
T00057,R0154,Zone_5,3.21,21.26,61.28,Wallet,2023-01-05,0,Kavya Patel,18,Other,Kolkata,2019-03-25,466,79,4.68,2590,1.31,43.9,Business
T00058,R0020,Zone_10,18.28,161.83,161.65,Cash,2024-01-26,1,Diya Das,35,Female,Chennai,2019-09-17,274,21,4.03,2440,1.54,35.4,Industrial
T00059,R0043,Zone_10,1.44,8.19,13.38,UPI,2023-12-21,0,Diya Kumar,28,Male,Ahmedabad,2021-12-10,85,16,4.68,2440,1.54,35.4,Industrial
T00060,R0146,Zone_4,2.36,17.35,27.83,UPI,2024-03-25,0,Kavya Gupta,30,Male,Surat,2020-04-15,80,11,3.89,4038,2.46,48.2,Business
T00061,R0235,Zone_8,5.99,44.78,54.34,Credit Card,2024-02-15,0,Aarav Ghosh,34,Other,Delhi,2021-02-15,284,8,4.06,4516,1.93,31.0,Business
T00062,R0292,Zone_3,11.37,99.93,252.52,UPI,2023-04-04,1,Diya Patel,37,Female,Jaipur,2020-06-28,141,19,4.39,12971,2.11,38.0,Business
T00063,R0143,Zone_7,5.93,33.28,124.07,Wallet,2023-07-09,0,Meera Kumar,42,Other,Kolkata,2023-03-28,74,13,4.56,11070,0.64,45.2,Industrial
T00064,R0243,Zone_7,11.38,101.38,252.89,Cash,2023-02-10,1,Ishaan Patel,33,Male,Jaipur,2023-02-06,315,11,3.7,11070,0.64,45.2,Industrial
T00065,R0215,Zone_7,3.07,22.86,73.11,UPI,2024-04-15,1,Saanvi Gupta,26,Female,Hyderabad,2020-02-28,438,48,3.24,11070,0.64,45.2,Industrial
T00066,R0207,Zone_3,8.3,62.92,184.22,Credit Card,2023-01-26,0,Ishaan Iyer,31,Male,Mumbai,2023-12-06,47,3,3.93,12971,2.11,38.0,Business
T00067,R0032,Zone_6,16.72,100.34,394.44,Wallet,2024-05-03,1,Kavya Reddy,18,Female,Mumbai,2023-09-20,213,24,4.0,14627,0.54,37.6,Mixed
T00068,R0211,Zone_6,3.16,20.03,65.53,UPI,2023-01-05,0,Arjun Reddy,36,Female,Mumbai,2021-04-04,435,17,3.63,14627,0.54,37.6,Mixed
T00069,R0077,Zone_10,10.1,58.97,178.77,Cash,2023-02-03,0,Reyansh Das,28,Male,Mumbai,2019-09-07,406,72,3.79,2440,1.54,35.4,Industrial
T00070,R0156,Zone_9,9.03,63.18,120.06,Cash,2023-08-31,1,Ishaan Iyer,33,Female,Jaipur,2022-07-07,255,18,4.28,11037,1.83,56.1,Mixed
T00071,R0232,Zone_2,3.26,29.24,56.16,Wallet,2024-03-01,1,Meera Das,38,Male,Jaipur,2022-12-08,172,15,3.94,6371,0.91,58.4,Residential
T00072,R0263,Zone_9,5.06,48.17,44.44,UPI,2023-07-21,1,Ishaan Das,31,Other,Chennai,2020-12-30,297,21,3.84,11037,1.83,56.1,Mixed
T00073,R0025,Zone_9,13.66,115.24,116.48,Cash,2024-02-23,0,Meera Das,21,Female,Mumbai,2021-10-22,42,3,4.01,11037,1.83,56.1,Mixed
T00074,R0048,Zone_7,8.68,58.17,87.92,Wallet,2023-10-09,1,Kavya Sharma,35,Male,Hyderabad,2019-05-31,207,1,3.02,11070,0.64,45.2,Industrial
T00075,R0008,Zone_5,1.94,14.17,31.82,Cash,2023-01-04,0,Ishaan Ghosh,28,Female,Jaipur,2022-10-01,215,23,4.02,2590,1.31,43.9,Business
T00076,R0055,Zone_1,11.45,113.56,134.34,Cash,2023-11-11,1,Kavya Singh,32,Male,Delhi,2021-11-07,425,12,4.19,4921,2.43,30.9,Residential
T00077,R0115,Zone_4,5.6,54.45,54.1,Wallet,2023-11-26,0,Aarav Ghosh,40,Female,Bengaluru,2020-03-01,170,15,4.4,4038,2.46,48.2,Business
T00078,R0220,Zone_4,9.8,70.64,194.44,Credit Card,2024-06-02,0,Meera Ghosh,32,Female,Kolkata,2023-04-18,491,63,3.78,4038,2.46,48.2,Business
T00079,R0080,Zone_10,9.88,54.31,143.26,Credit Card,2023-03-23,1,Reyansh Kumar,19,Female,Mumbai,2021-05-15,34,6,4.6,2440,1.54,35.4,Industrial
T00080,R0020,Zone_2,2.41,13.57,55.01,Credit Card,2023-08-16,1,Diya Das,35,Female,Chennai,2019-09-17,274,21,4.03,6371,0.91,58.4,Residential
T00081,R0278,Zone_5,11.95,92.3,279.75,UPI,2023-01-06,0,Aarav Reddy,20,Female,Mumbai,2021-09-02,382,58,4.27,2590,1.31,43.9,Business
T00082,R0264,Zone_9,2.96,24.84,67.86,Credit Card,2023-08-03,1,Aadhya Das,27,Other,Delhi,2019-02-06,401,54,3.59,11037,1.83,56.1,Mixed
T00083,R0213,Zone_1,1.47,10.77,19.52,Cash,2023-01-22,1,Kavya Ghosh,29,Female,Chennai,2019-06-04,456,26,3.74,4921,2.43,30.9,Residential
T00084,R0129,Zone_7,3.59,30.5,29.92,Cash,2023-10-16,1,Vivaan Singh,35,Male,Hyderabad,2022-10-08,158,10,3.9,11070,0.64,45.2,Industrial
T00085,R0042,Zone_3,6.27,52.47,156.34,Cash,2023-01-22,0,Arjun Reddy,18,Female,Chennai,2021-05-20,23,4,3.03,12971,2.11,38.0,Business
T00086,R0254,Zone_2,8.55,54.29,70.74,Wallet,2023-01-20,1,Meera Kumar,18,Male,Delhi,2020-03-09,363,70,3.68,6371,0.91,58.4,Residential
T00087,R0227,Zone_7,4.14,37.02,34.19,Credit Card,2023-04-03,1,Arjun Nair,25,Other,Pune,2020-07-11,320,23,4.12,11070,0.64,45.2,Industrial
T00088,R0145,Zone_3,11.72,88.45,158.4,Credit Card,2023-11-29,1,Saanvi Nair,36,Female,Jaipur,2022-12-09,222,43,4.3,12971,2.11,38.0,Business
T00089,R0154,Zone_3,9.26,64.5,184.33,Credit Card,2023-02-15,0,Kavya Patel,18,Other,Kolkata,2019-03-25,466,79,4.68,12971,2.11,38.0,Business
T00090,R0009,Zone_7,4.53,39.15,79.95,Cash,2024-07-12,0,Diya Patel,42,Female,Ahmedabad,2019-12-15,172,21,4.11,11070,0.64,45.2,Industrial
T00091,R0205,Zone_1,12.44,87.74,134.42,Wallet,2023-02-27,1,Diya Singh,31,Other,Surat,2019-05-12,100,14,4.66,4921,2.43,30.9,Residential
T00092,R0059,Zone_4,13.81,120.47,115.41,Cash,2024-01-22,0,Aarav Sharma,43,Male,Delhi,2021-08-02,357,11,3.27,4038,2.46,48.2,Business
T00093,R0119,Zone_4,7.51,47.47,142.75,UPI,2024-04-21,0,Saanvi Iyer,47,Male,Hyderabad,2023-05-05,30,1,4.39,4038,2.46,48.2,Business
T00094,R0271,Zone_7,6.93,58.93,105.07,Wallet,2024-04-18,1,Saanvi Iyer,22,Male,Bengaluru,2022-10-07,58,6,4.37,11070,0.64,45.2,Industrial
T00095,R0004,Zone_3,0.87,6.04,16.87,UPI,2024-04-09,0,Aarav Nair,19,Other,Kolkata,2019-07-28,464,5,3.19,12971,2.11,38.0,Business
T00096,R0298,Zone_5,5.96,50.55,107.7,Cash,2023-02-16,0,Vivaan Singh,35,Female,Ahmedabad,2020-03-25,65,11,3.88,2590,1.31,43.9,Business
T00097,R0061,Zone_4,6.54,53.61,149.53,UPI,2023-12-24,0,Meera Reddy,25,Male,Mumbai,2020-08-20,168,25,3.69,4038,2.46,48.2,Business
T00098,R0127,Zone_8,9.23,58.17,197.25,Wallet,2023-09-07,1,Vivaan Kumar,38,Male,Chennai,2020-03-17,43,2,4.83,4516,1.93,31.0,Business
T00099,R0290,Zone_2,7.16,64.31,116.82,Credit Card,2023-07-01,0,Saanvi Kumar,34,Other,Chennai,2020-05-06,169,4,4.28,6371,0.91,58.4,Residential
T00100,R0127,Zone_4,9.22,64.89,200.69,Wallet,2023-04-02,0,Vivaan Kumar,38,Male,Chennai,2020-03-17,43,2,4.83,4038,2.46,48.2,Business
T00101,R0296,Zone_7,15.67,121.5,388.0,Cash,2024-01-11,1,Reyansh Patel,37,Other,Hyderabad,2021-02-20,390,58,3.97,11070,0.64,45.2,Industrial
T00102,R0088,Zone_5,5.35,53.28,125.86,Credit Card,2023-05-10,0,Diya Iyer,22,Other,Jaipur,2019-07-07,438,0,4.78,2590,1.31,43.9,Business
T00103,R0247,Zone_5,5.55,40.75,125.3,UPI,2024-04-15,1,Aadhya Das,37,Male,Bengaluru,2021-05-11,249,47,4.92,2590,1.31,43.9,Business
T00104,R0021,Zone_1,1.45,8.94,13.26,UPI,2023-06-28,1,Diya Ghosh,37,Female,Pune,2019-05-08,380,17,3.91,4921,2.43,30.9,Residential
T00105,R0210,Zone_5,7.96,45.79,63.84,UPI,2024-06-22,1,Meera Iyer,34,Other,Mumbai,2022-01-02,94,5,3.4,2590,1.31,43.9,Business
T00106,R0073,Zone_1,12.88,86.01,193.62,Wallet,2023-10-13,1,Meera Das,41,Other,Ahmedabad,2021-06-19,490,30,3.01,4921,2.43,30.9,Residential
T00107,R0051,Zone_3,0.76,6.83,9.71,Credit Card,2023-05-22,0,Aarav Nair,21,Male,Kolkata,2020-04-05,213,14,4.02,12971,2.11,38.0,Business
T00108,R0185,Zone_5,4.67,31.35,52.05,Cash,2024-02-03,1,Vivaan Sharma,27,Male,Delhi,2021-08-27,201,12,4.05,2590,1.31,43.9,Business
T00109,R0162,Zone_2,8.18,49.59,93.5,Credit Card,2024-01-14,1,Meera Patel,30,Male,Hyderabad,2023-08-14,394,38,4.28,6371,0.91,58.4,Residential
T00110,R0075,Zone_4,12.25,116.83,202.81,Credit Card,2023-06-30,1,Diya Reddy,18,Female,Mumbai,2021-04-30,108,7,4.83,4038,2.46,48.2,Business
T00111,R0046,Zone_8,9.91,84.04,230.69,Wallet,2023-03-31,1,Vivaan Singh,31,Female,Kolkata,2019-08-16,31,4,3.87,4516,1.93,31.0,Business
T00112,R0148,Zone_1,9.63,81.74,205.35,Cash,2024-07-23,1,Aarav Kumar,44,Male,Ahmedabad,2019-09-30,412,34,3.36,4921,2.43,30.9,Residential
T00113,R0100,Zone_5,6.88,66.15,85.07,Credit Card,2024-04-29,1,Ishaan Gupta,28,Male,Delhi,2021-05-24,383,60,3.79,2590,1.31,43.9,Business
T00114,R0038,Zone_3,10.41,99.21,165.03,Wallet,2023-12-29,0,Aarav Singh,37,Other,Kolkata,2023-02-11,68,7,4.07,12971,2.11,38.0,Business
T00115,R0165,Zone_7,13.07,83.36,253.42,Credit Card,2024-07-07,1,Meera Reddy,37,Female,Kolkata,2021-12-09,34,5,3.27,11070,0.64,45.2,Industrial
T00116,R0215,Zone_2,0.54,3.96,5.27,UPI,2023-12-09,0,Saanvi Gupta,26,Female,Hyderabad,2020-02-28,438,48,3.24,6371,0.91,58.4,Residential
T00117,R0093,Zone_5,11.64,60.74,173.51,Credit Card,2024-08-16,1,Diya Patel,33,Other,Surat,2019-05-30,119,18,3.77,2590,1.31,43.9,Business
T00118,R0266,Zone_2,7.51,43.35,88.93,Cash,2023-05-02,1,Diya Reddy,29,Other,Chennai,2020-09-25,98,13,3.9,6371,0.91,58.4,Residential
T00119,R0108,Zone_7,5.35,31.23,133.14,Wallet,2023-06-30,0,Reyansh Gupta,18,Male,Pune,2019-05-31,184,32,4.88,11070,0.64,45.2,Industrial
T00120,R0175,Zone_2,4.22,29.16,40.82,Cash,2024-03-04,1,Diya Patel,35,Male,Chennai,2022-08-18,98,8,3.48,6371,0.91,58.4,Residential
T00121,R0236,Zone_5,1.1,6.91,17.89,Wallet,2023-12-29,0,Arjun Gupta,28,Male,Ahmedabad,2020-08-10,61,1,3.36,2590,1.31,43.9,Business
T00122,R0278,Zone_1,16.49,126.69,387.03,Cash,2023-11-14,0,Aarav Reddy,20,Female,Mumbai,2021-09-02,382,58,4.27,4921,2.43,30.9,Residential
T00123,R0009,Zone_10,4.5600000000000005,34.92,49.82,Credit Card,2023-10-27,1,Diya Patel,42,Female,Ahmedabad,2019-12-15,172,21,4.11,2440,1.54,35.4,Industrial
T00124,R0297,Zone_8,2.58,13.39,49.39,UPI,2024-05-25,1,Saanvi Gupta,47,Male,Pune,2023-09-20,396,46,3.87,4516,1.93,31.0,Business
T00125,R0002,Zone_9,5.72,41.44,129.43,Credit Card,2024-03-30,0,Ishaan Nair,39,Female,Mumbai,2019-11-23,70,5,4.12,11037,1.83,56.1,Mixed
T00126,R0287,Zone_1,4.27,31.04,69.77,Cash,2023-07-13,0,Saanvi Singh,18,Other,Delhi,2021-12-17,320,34,3.33,4921,2.43,30.9,Residential
T00127,R0098,Zone_8,8.62,43.67,118.52,UPI,2024-04-15,1,Diya Singh,21,Other,Bengaluru,2023-04-29,286,56,3.5,4516,1.93,31.0,Business
T00128,R0113,Zone_10,15.58,134.76,327.97,Wallet,2024-08-23,1,Aadhya Singh,26,Other,Chennai,2019-03-09,423,26,4.61,2440,1.54,35.4,Industrial
T00129,R0047,Zone_4,5.07,29.05,108.85,Wallet,2023-03-14,1,Reyansh Iyer,51,Female,Bengaluru,2021-10-07,69,3,4.86,4038,2.46,48.2,Business
T00130,R0297,Zone_6,8.77,55.57,193.03,UPI,2024-01-21,0,Saanvi Gupta,47,Male,Pune,2023-09-20,396,46,3.87,14627,0.54,37.6,Mixed
T00131,R0246,Zone_1,2.26,19.77,54.11,Wallet,2024-04-15,0,Vivaan Das,29,Other,Mumbai,2021-03-31,240,34,4.79,4921,2.43,30.9,Residential
T00132,R0220,Zone_1,15.6,79.16,238.5,Credit Card,2023-01-24,1,Meera Ghosh,32,Female,Kolkata,2023-04-18,491,63,3.78,4921,2.43,30.9,Residential
T00133,R0060,Zone_4,8.95,80.7,77.22,Cash,2023-07-28,1,Aarav Nair,40,Female,Hyderabad,2023-08-01,123,7,4.57,4038,2.46,48.2,Business
T00134,R0039,Zone_9,2.59,13.62,50.28,UPI,2023-07-30,1,Aadhya Iyer,24,Male,Chennai,2023-11-18,190,14,4.2,11037,1.83,56.1,Mixed
T00135,R0233,Zone_9,12.52,86.28,309.0,Credit Card,2024-01-13,0,Ishaan Iyer,30,Other,Hyderabad,2023-11-23,469,41,4.37,11037,1.83,56.1,Mixed
T00136,R0009,Zone_3,14.0,100.64,155.38,Credit Card,2023-03-17,1,Diya Patel,42,Female,Ahmedabad,2019-12-15,172,21,4.11,12971,2.11,38.0,Business
T00137,R0003,Zone_10,8.81,55.8,71.01,UPI,2023-01-25,1,Kavya Reddy,34,Male,Pune,2023-05-04,45,9,3.76,2440,1.54,35.4,Industrial
T00138,R0132,Zone_1,0.2,1.98,3.5,Wallet,2023-12-18,0,Aadhya Iyer,23,Male,Surat,2022-12-09,484,25,3.32,4921,2.43,30.9,Residential
T00139,R0053,Zone_7,16.93,85.55,323.75,UPI,2023-03-09,0,Arjun Reddy,45,Female,Delhi,2019-09-16,63,7,4.85,11070,0.64,45.2,Industrial
T00140,R0101,Zone_2,9.55,63.77,164.23,Credit Card,2024-07-18,0,Aarav Singh,37,Female,Delhi,2020-11-01,228,29,3.03,6371,0.91,58.4,Residential
T00141,R0112,Zone_4,13.85,137.6,135.59,Cash,2023-08-24,0,Meera Nair,41,Female,Delhi,2020-11-13,311,11,3.24,4038,2.46,48.2,Business
T00142,R0277,Zone_8,5.25,37.61,93.01,Cash,2023-02-11,0,Kavya Gupta,42,Female,Jaipur,2021-01-22,433,16,3.06,4516,1.93,31.0,Business
T00143,R0278,Zone_1,6.01,35.02,140.33,Cash,2024-01-21,0,Aarav Reddy,20,Female,Mumbai,2021-09-02,382,58,4.27,4921,2.43,30.9,Residential
T00144,R0227,Zone_2,8.55,47.24,140.57,Credit Card,2023-05-11,1,Arjun Nair,25,Other,Pune,2020-07-11,320,23,4.12,6371,0.91,58.4,Residential
T00145,R0182,Zone_6,13.57,111.94,176.46,UPI,2023-09-26,0,Meera Patel,43,Male,Jaipur,2020-09-30,8,0,4.4,14627,0.54,37.6,Mixed
T00146,R0288,Zone_2,8.71,64.91,143.0,Wallet,2024-07-17,0,Diya Ghosh,42,Male,Ahmedabad,2021-08-30,43,5,4.56,6371,0.91,58.4,Residential
T00147,R0043,Zone_6,1.72,11.0,28.33,Wallet,2023-08-04,0,Diya Kumar,28,Male,Ahmedabad,2021-12-10,85,16,4.68,14627,0.54,37.6,Mixed
T00148,R0162,Zone_3,9.31,67.23,101.61,Credit Card,2023-06-10,0,Meera Patel,30,Male,Hyderabad,2023-08-14,394,38,4.28,12971,2.11,38.0,Business
T00149,R0232,Zone_4,16.15,114.77,160.8,Credit Card,2023-09-24,1,Meera Das,38,Male,Jaipur,2022-12-08,172,15,3.94,4038,2.46,48.2,Business
T00150,R0240,Zone_9,8.33,48.26,75.22,Wallet,2023-06-12,1,Aarav Iyer,30,Male,Delhi,2020-05-18,174,2,4.07,11037,1.83,56.1,Mixed
T00151,R0260,Zone_6,8.65,81.15,195.04,Wallet,2023-05-30,0,Reyansh Das,55,Other,Mumbai,2019-07-17,63,3,4.24,14627,0.54,37.6,Mixed
T00152,R0238,Zone_7,1.69,9.88,31.89,UPI,2023-01-25,1,Reyansh Patel,30,Other,Pune,2019-04-22,362,56,4.91,11070,0.64,45.2,Industrial
T00153,R0252,Zone_10,0.99,7.74,20.96,UPI,2023-02-06,1,Reyansh Gupta,38,Other,Ahmedabad,2020-09-23,392,47,4.83,2440,1.54,35.4,Industrial
T00154,R0096,Zone_8,4.8100000000000005,27.53,43.26,UPI,2023-05-01,0,Reyansh Das,40,Female,Kolkata,2019-12-28,121,3,4.46,4516,1.93,31.0,Business
T00155,R0134,Zone_3,6.37,46.88,146.78,Cash,2024-01-08,1,Aadhya Singh,34,Male,Jaipur,2022-07-30,410,29,4.59,12971,2.11,38.0,Business
T00156,R0272,Zone_10,8.52,83.6,139.92,Cash,2023-02-14,0,Kavya Ghosh,21,Male,Kolkata,2020-01-15,432,4,4.79,2440,1.54,35.4,Industrial
T00157,R0191,Zone_3,8.83,65.91,137.29,Wallet,2023-02-01,0,Meera Gupta,33,Other,Surat,2020-08-14,87,6,4.56,12971,2.11,38.0,Business
T00158,R0193,Zone_4,16.01,120.0,245.9,Cash,2024-03-14,1,Kavya Singh,33,Female,Chennai,2022-01-03,389,68,4.41,4038,2.46,48.2,Business
T00159,R0156,Zone_9,8.29,54.53,194.79,Wallet,2024-02-27,0,Ishaan Iyer,33,Female,Jaipur,2022-07-07,255,18,4.28,11037,1.83,56.1,Mixed
T00160,R0284,Zone_6,13.32,86.84,297.22,Wallet,2023-07-04,0,Vivaan Das,28,Female,Surat,2019-07-31,135,19,4.95,14627,0.54,37.6,Mixed
T00161,R0052,Zone_9,7.8,77.99,101.69,UPI,2023-11-24,1,Reyansh Singh,23,Other,Hyderabad,2021-03-09,40,7,4.74,11037,1.83,56.1,Mixed
T00162,R0040,Zone_8,15.24,117.92,127.82,Credit Card,2023-11-05,1,Aarav Gupta,34,Other,Surat,2023-05-05,485,36,4.41,4516,1.93,31.0,Business
T00163,R0200,Zone_2,1.35,10.81,33.27,Cash,2023-12-31,0,Kavya Kumar,30,Other,Bengaluru,2021-11-15,443,87,3.6,6371,0.91,58.4,Residential
T00164,R0098,Zone_9,5.01,36.18,75.78,Wallet,2023-01-26,0,Diya Singh,21,Other,Bengaluru,2023-04-29,286,56,3.5,11037,1.83,56.1,Mixed
T00165,R0055,Zone_3,12.92,113.26,307.72,Wallet,2024-04-22,1,Kavya Singh,32,Male,Delhi,2021-11-07,425,12,4.19,12971,2.11,38.0,Business
T00166,R0230,Zone_8,7.14,50.26,122.74,Cash,2023-02-24,1,Kavya Gupta,32,Male,Chennai,2022-11-22,183,23,3.65,4516,1.93,31.0,Business
T00167,R0287,Zone_9,12.66,78.42,300.95,UPI,2024-03-27,1,Saanvi Singh,18,Other,Delhi,2021-12-17,320,34,3.33,11037,1.83,56.1,Mixed
T00168,R0131,Zone_9,9.93,63.88,156.99,Cash,2024-01-19,1,Reyansh Ghosh,24,Male,Surat,2019-10-22,99,7,3.6,11037,1.83,56.1,Mixed
T00169,R0043,Zone_1,12.73,83.5,211.73,Wallet,2024-03-09,0,Diya Kumar,28,Male,Ahmedabad,2021-12-10,85,16,4.68,4921,2.43,30.9,Residential
T00170,R0120,Zone_10,11.07,101.93,252.84,Wallet,2024-08-05,1,Ishaan Gupta,18,Other,Surat,2020-07-12,311,15,4.55,2440,1.54,35.4,Industrial
T00171,R0279,Zone_7,11.37,105.02,253.41,Credit Card,2023-10-17,0,Diya Singh,25,Other,Pune,2022-04-21,454,84,3.73,11070,0.64,45.2,Industrial
T00172,R0084,Zone_9,15.46,79.01,340.61,Cash,2023-07-23,0,Kavya Sharma,38,Male,Jaipur,2019-07-21,366,6,4.67,11037,1.83,56.1,Mixed
T00173,R0015,Zone_7,12.93,82.38,257.06,UPI,2023-08-31,0,Saanvi Patel,28,Other,Chennai,2022-12-19,46,1,3.87,11070,0.64,45.2,Industrial
T00174,R0080,Zone_7,12.97,93.21,158.32,Credit Card,2023-09-23,1,Reyansh Kumar,19,Female,Mumbai,2021-05-15,34,6,4.6,11070,0.64,45.2,Industrial
T00175,R0300,Zone_2,8.1,68.75,147.3,Wallet,2023-10-02,1,Saanvi Iyer,38,Female,Kolkata,2023-07-08,291,7,3.67,6371,0.91,58.4,Residential
T00176,R0040,Zone_1,5.09,29.36,48.22,Cash,2023-09-04,1,Aarav Gupta,34,Other,Surat,2023-05-05,485,36,4.41,4921,2.43,30.9,Residential
T00177,R0147,Zone_10,4.7,29.3,99.31,Cash,2023-06-06,0,Saanvi Nair,35,Other,Mumbai,2022-08-29,239,21,3.91,2440,1.54,35.4,Industrial
T00178,R0019,Zone_3,11.75,101.41,164.45,Cash,2023-04-26,0,Kavya Patel,40,Other,Mumbai,2023-04-02,266,24,4.08,12971,2.11,38.0,Business
T00179,R0270,Zone_3,4.19,36.56,98.82,Credit Card,2024-01-02,0,Aadhya Reddy,35,Male,Hyderabad,2022-01-02,455,64,3.08,12971,2.11,38.0,Business
T00180,R0281,Zone_7,1.46,11.89,33.0,Wallet,2023-05-23,0,Arjun Iyer,21,Female,Jaipur,2020-10-15,268,17,4.74,11070,0.64,45.2,Industrial
T00181,R0057,Zone_10,3.18,19.42,75.71,Credit Card,2024-03-09,1,Aadhya Reddy,39,Male,Bengaluru,2023-06-04,407,11,3.66,2440,1.54,35.4,Industrial
T00182,R0051,Zone_8,6.76,49.58,154.69,Credit Card,2023-07-18,0,Aarav Nair,21,Male,Kolkata,2020-04-05,213,14,4.02,4516,1.93,31.0,Business
T00183,R0023,Zone_7,5.16,48.34,100.06,Credit Card,2024-03-11,1,Meera Iyer,24,Other,Jaipur,2019-10-09,176,32,3.21,11070,0.64,45.2,Industrial
T00184,R0125,Zone_7,14.29,104.09,309.14,Wallet,2023-09-12,0,Saanvi Ghosh,44,Male,Ahmedabad,2023-04-22,99,19,3.89,11070,0.64,45.2,Industrial
T00185,R0103,Zone_4,11.0,74.86,89.96,UPI,2023-03-08,0,Ishaan Gupta,37,Other,Surat,2022-11-24,175,14,3.07,4038,2.46,48.2,Business
T00186,R0222,Zone_6,17.92,173.85,213.11,Wallet,2024-07-25,0,Aarav Singh,27,Male,Surat,2022-08-28,475,12,3.44,14627,0.54,37.6,Mixed
T00187,R0282,Zone_9,13.31,103.62,240.96,Wallet,2024-05-01,1,Reyansh Kumar,22,Other,Bengaluru,2022-05-02,319,3,4.47,11037,1.83,56.1,Mixed
T00188,R0050,Zone_1,13.15,88.72,164.35,UPI,2024-08-14,0,Diya Das,49,Male,Ahmedabad,2022-10-06,330,41,3.42,4921,2.43,30.9,Residential
T00189,R0076,Zone_10,19.25,97.76,276.55,Cash,2024-06-21,0,Reyansh Reddy,40,Male,Bengaluru,2022-01-02,137,13,3.34,2440,1.54,35.4,Industrial
T00190,R0115,Zone_6,5.15,36.77,125.32,UPI,2023-12-02,0,Aarav Ghosh,40,Female,Bengaluru,2020-03-01,170,15,4.4,14627,0.54,37.6,Mixed
T00191,R0272,Zone_9,0.48,4.4,11.34,UPI,2024-07-01,0,Kavya Ghosh,21,Male,Kolkata,2020-01-15,432,4,4.79,11037,1.83,56.1,Mixed
T00192,R0110,Zone_2,6.84,51.48,83.3,Cash,2023-03-24,0,Vivaan Patel,19,Female,Kolkata,2023-02-04,224,28,4.43,6371,0.91,58.4,Residential
T00193,R0158,Zone_7,3.88,31.14,76.98,Cash,2023-10-18,1,Aarav Iyer,27,Male,Ahmedabad,2020-07-26,441,60,3.57,11070,0.64,45.2,Industrial
T00194,R0189,Zone_10,6.72,37.27,98.74,Credit Card,2023-07-09,1,Reyansh Gupta,29,Female,Delhi,2019-09-16,238,42,3.28,2440,1.54,35.4,Industrial
T00195,R0223,Zone_9,2.75,20.37,46.02,Wallet,2024-02-05,1,Meera Ghosh,30,Female,Surat,2019-11-29,158,10,4.04,11037,1.83,56.1,Mixed
T00196,R0185,Zone_7,10.84,92.85,164.56,UPI,2024-06-22,1,Vivaan Sharma,27,Male,Delhi,2021-08-27,201,12,4.05,11070,0.64,45.2,Industrial
T00197,R0187,Zone_5,10.56,80.12,167.39,Cash,2023-05-24,0,Saanvi Reddy,27,Other,Surat,2022-08-05,357,38,4.71,2590,1.31,43.9,Business
T00198,R0247,Zone_4,7.87,60.68,112.59,UPI,2023-05-13,1,Aadhya Das,37,Male,Bengaluru,2021-05-11,249,47,4.92,4038,2.46,48.2,Business
T00199,R0051,Zone_6,9.56,52.34,228.89,UPI,2024-02-02,1,Aarav Nair,21,Male,Kolkata,2020-04-05,213,14,4.02,14627,0.54,37.6,Mixed
T00200,R0223,Zone_1,7.29,64.81,133.2,Credit Card,2023-05-16,1,Meera Ghosh,30,Female,Surat,2019-11-29,158,10,4.04,4921,2.43,30.9,Residential
T00201,R0100,Zone_10,11.76,78.75,188.51,UPI,2023-12-12,0,Ishaan Gupta,28,Male,Delhi,2021-05-24,383,60,3.79,2440,1.54,35.4,Industrial
T00202,R0295,Zone_2,8.35,45.08,97.01,Cash,2024-08-08,0,Kavya Gupta,18,Female,Delhi,2019-05-29,98,18,3.59,6371,0.91,58.4,Residential
T00203,R0098,Zone_1,6.67,55.29,86.4,Cash,2023-03-21,0,Diya Singh,21,Other,Bengaluru,2023-04-29,286,56,3.5,4921,2.43,30.9,Residential
T00204,R0124,Zone_6,12.65,71.89,238.72,Credit Card,2024-02-11,0,Aadhya Das,37,Other,Hyderabad,2022-06-09,419,25,3.59,14627,0.54,37.6,Mixed
T00205,R0024,Zone_2,14.3,71.55,222.77,UPI,2024-08-06,0,Meera Kumar,41,Other,Chennai,2019-07-10,140,16,3.49,6371,0.91,58.4,Residential
T00206,R0167,Zone_5,14.69,126.65,200.33,Wallet,2023-06-23,1,Kavya Nair,44,Male,Hyderabad,2022-08-25,117,5,4.75,2590,1.31,43.9,Business
T00207,R0246,Zone_2,3.05,27.75,62.86,Cash,2024-07-06,1,Vivaan Das,29,Other,Mumbai,2021-03-31,240,34,4.79,6371,0.91,58.4,Residential
T00208,R0287,Zone_5,5.33,52.14,47.6,Cash,2023-09-15,0,Saanvi Singh,18,Other,Delhi,2021-12-17,320,34,3.33,2590,1.31,43.9,Business
T00209,R0284,Zone_7,0.51,2.85,10.2,Wallet,2023-08-11,0,Vivaan Das,28,Female,Surat,2019-07-31,135,19,4.95,11070,0.64,45.2,Industrial
T00210,R0065,Zone_10,6.8100000000000005,66.23,169.57,UPI,2024-04-24,0,Meera Nair,43,Other,Mumbai,2023-06-28,180,32,4.52,2440,1.54,35.4,Industrial
T00211,R0092,Zone_10,10.08,81.12,86.38,Wallet,2024-07-11,1,Aarav Nair,21,Male,Surat,2019-07-18,252,23,4.51,2440,1.54,35.4,Industrial
T00212,R0193,Zone_5,7.34,58.06,132.45,Wallet,2023-01-16,1,Kavya Singh,33,Female,Chennai,2022-01-03,389,68,4.41,2590,1.31,43.9,Business
T00213,R0070,Zone_1,17.65,151.29,384.89,Cash,2023-08-14,1,Meera Reddy,33,Male,Bengaluru,2023-01-03,310,6,3.54,4921,2.43,30.9,Residential
T00214,R0127,Zone_5,5.97,42.78,71.24,Credit Card,2023-09-04,1,Vivaan Kumar,38,Male,Chennai,2020-03-17,43,2,4.83,2590,1.31,43.9,Business
T00215,R0132,Zone_7,2.56,18.78,54.82,Wallet,2023-02-12,0,Aadhya Iyer,23,Male,Surat,2022-12-09,484,25,3.32,11070,0.64,45.2,Industrial
T00216,R0266,Zone_6,10.84,100.15,237.72,Wallet,2023-07-01,0,Diya Reddy,29,Other,Chennai,2020-09-25,98,13,3.9,14627,0.54,37.6,Mixed
T00217,R0149,Zone_4,8.75,46.78,158.78,Wallet,2023-12-03,0,Diya Reddy,30,Male,Jaipur,2019-09-14,89,8,4.57,4038,2.46,48.2,Business
T00218,R0091,Zone_10,10.75,99.03,209.14,Cash,2023-05-09,0,Meera Das,41,Other,Surat,2022-04-16,334,43,3.4,2440,1.54,35.4,Industrial
T00219,R0273,Zone_8,9.52,62.91,231.76,UPI,2024-02-09,0,Aadhya Nair,43,Male,Delhi,2022-09-17,289,48,3.76,4516,1.93,31.0,Business
T00220,R0166,Zone_1,9.22,87.28,208.55,Credit Card,2024-04-06,0,Reyansh Sharma,24,Other,Chennai,2021-03-16,349,63,4.29,4921,2.43,30.9,Residential
T00221,R0270,Zone_1,2.61,18.59,38.99,UPI,2023-10-26,0,Aadhya Reddy,35,Male,Hyderabad,2022-01-02,455,64,3.08,4921,2.43,30.9,Residential
T00222,R0283,Zone_1,4.37,22.07,62.46,UPI,2024-03-04,0,Diya Nair,19,Male,Surat,2023-06-15,245,45,3.55,4921,2.43,30.9,Residential
T00223,R0260,Zone_8,5.05,27.22,67.14,Wallet,2023-06-16,1,Reyansh Das,55,Other,Mumbai,2019-07-17,63,3,4.24,4516,1.93,31.0,Business
T00224,R0084,Zone_1,6.26,43.28,123.04,Cash,2023-03-13,0,Kavya Sharma,38,Male,Jaipur,2019-07-21,366,6,4.67,4921,2.43,30.9,Residential
T00225,R0230,Zone_8,5.76,28.81,115.75,UPI,2024-01-07,1,Kavya Gupta,32,Male,Chennai,2022-11-22,183,23,3.65,4516,1.93,31.0,Business
T00226,R0282,Zone_8,10.06,93.03,113.24,UPI,2023-08-30,1,Reyansh Kumar,22,Other,Bengaluru,2022-05-02,319,3,4.47,4516,1.93,31.0,Business
T00227,R0067,Zone_6,11.0,56.68,274.82,UPI,2023-07-18,0,Saanvi Iyer,32,Male,Pune,2022-07-24,348,9,3.38,14627,0.54,37.6,Mixed
T00228,R0139,Zone_9,2.34,21.45,50.18,UPI,2023-12-16,0,Diya Gupta,44,Other,Kolkata,2023-10-09,155,7,4.39,11037,1.83,56.1,Mixed
T00229,R0202,Zone_2,11.43,101.31,137.08,Cash,2024-05-27,1,Aadhya Reddy,27,Male,Ahmedabad,2021-10-28,317,0,4.72,6371,0.91,58.4,Residential
T00230,R0040,Zone_5,10.93,60.73,105.22,UPI,2023-08-23,0,Aarav Gupta,34,Other,Surat,2023-05-05,485,36,4.41,2590,1.31,43.9,Business
T00231,R0026,Zone_5,10.33,93.77,103.48,Cash,2023-08-22,1,Aarav Kumar,26,Female,Surat,2020-04-17,44,5,3.17,2590,1.31,43.9,Business
T00232,R0263,Zone_8,0.91,5.48,15.01,Wallet,2023-09-17,0,Ishaan Das,31,Other,Chennai,2020-12-30,297,21,3.84,4516,1.93,31.0,Business
T00233,R0089,Zone_2,10.2,86.91,111.34,Cash,2023-12-14,1,Saanvi Reddy,48,Other,Surat,2022-09-21,308,6,3.91,6371,0.91,58.4,Residential
T00234,R0169,Zone_6,8.41,64.65,179.19,Cash,2024-03-02,0,Reyansh Kumar,32,Male,Delhi,2023-02-21,497,81,4.19,14627,0.54,37.6,Mixed
T00235,R0133,Zone_7,12.8,120.24,107.26,Cash,2023-09-22,0,Diya Kumar,25,Female,Delhi,2019-07-13,155,11,4.4,11070,0.64,45.2,Industrial
T00236,R0067,Zone_2,16.92,98.41,247.24,UPI,2023-08-31,0,Saanvi Iyer,32,Male,Pune,2022-07-24,348,9,3.38,6371,0.91,58.4,Residential
T00237,R0176,Zone_8,15.94,123.81,128.13,Cash,2023-12-22,1,Kavya Gupta,43,Male,Mumbai,2019-05-24,260,13,3.95,4516,1.93,31.0,Business
T00238,R0073,Zone_4,8.56,81.63,170.79,Credit Card,2023-12-27,0,Meera Das,41,Other,Ahmedabad,2021-06-19,490,30,3.01,4038,2.46,48.2,Business
T00239,R0121,Zone_1,7.99,55.69,194.69,UPI,2024-07-22,1,Diya Iyer,29,Male,Pune,2023-07-13,378,10,4.17,4921,2.43,30.9,Residential
T00240,R0062,Zone_8,11.16,77.6,131.63,Credit Card,2023-03-19,1,Kavya Sharma,38,Male,Jaipur,2019-05-13,57,3,3.58,4516,1.93,31.0,Business
T00241,R0057,Zone_2,2.42,24.09,30.44,UPI,2023-09-24,0,Aadhya Reddy,39,Male,Bengaluru,2023-06-04,407,11,3.66,6371,0.91,58.4,Residential
T00242,R0252,Zone_2,0.75,4.34,7.02,UPI,2024-02-08,1,Reyansh Gupta,38,Other,Ahmedabad,2020-09-23,392,47,4.83,6371,0.91,58.4,Residential
T00243,R0162,Zone_2,5.64,46.77,85.06,UPI,2023-12-22,1,Meera Patel,30,Male,Hyderabad,2023-08-14,394,38,4.28,6371,0.91,58.4,Residential
T00244,R0076,Zone_1,14.1,117.87,299.16,UPI,2023-09-25,1,Reyansh Reddy,40,Male,Bengaluru,2022-01-02,137,13,3.34,4921,2.43,30.9,Residential
T00245,R0202,Zone_4,6.34,58.22,58.89,UPI,2023-01-25,0,Aadhya Reddy,27,Male,Ahmedabad,2021-10-28,317,0,4.72,4038,2.46,48.2,Business
T00246,R0157,Zone_8,15.51,145.17,288.59,Credit Card,2023-12-16,0,Kavya Nair,36,Female,Hyderabad,2021-11-23,319,27,4.65,4516,1.93,31.0,Business
T00247,R0056,Zone_1,5.94,56.15,62.89,Cash,2023-03-13,1,Meera Patel,40,Other,Hyderabad,2021-02-26,93,13,3.25,4921,2.43,30.9,Residential
T00248,R0011,Zone_7,0.06,0.36,0.71,Cash,2023-10-12,0,Vivaan Nair,26,Male,Chennai,2020-04-14,208,34,4.0,11070,0.64,45.2,Industrial
T00249,R0082,Zone_5,7.38,41.21,121.67,Cash,2023-09-12,0,Kavya Singh,26,Other,Pune,2022-12-27,274,23,3.15,2590,1.31,43.9,Business
T00250,R0019,Zone_2,12.44,100.53,277.71,Wallet,2023-10-23,1,Kavya Patel,40,Other,Mumbai,2023-04-02,266,24,4.08,6371,0.91,58.4,Residential
T00251,R0098,Zone_8,7.65,60.38,105.72,Credit Card,2024-01-16,1,Diya Singh,21,Other,Bengaluru,2023-04-29,286,56,3.5,4516,1.93,31.0,Business
T00252,R0095,Zone_9,7.52,46.67,157.71,Credit Card,2024-04-18,0,Kavya Iyer,29,Female,Chennai,2020-10-07,481,77,4.26,11037,1.83,56.1,Mixed
T00253,R0183,Zone_2,7.39,49.26,151.29,UPI,2024-05-18,0,Arjun Patel,43,Other,Jaipur,2022-08-27,406,66,3.79,6371,0.91,58.4,Residential
T00254,R0199,Zone_5,0.81,7.51,9.48,Wallet,2023-12-30,0,Aarav Das,29,Male,Ahmedabad,2021-08-03,344,27,3.91,2590,1.31,43.9,Business
T00255,R0189,Zone_3,13.79,108.02,332.1,Credit Card,2023-11-18,1,Reyansh Gupta,29,Female,Delhi,2019-09-16,238,42,3.28,12971,2.11,38.0,Business
T00256,R0089,Zone_9,4.59,37.26,55.71,UPI,2024-02-14,1,Saanvi Reddy,48,Other,Surat,2022-09-21,308,6,3.91,11037,1.83,56.1,Mixed
T00257,R0248,Zone_5,13.45,76.93,208.47,Wallet,2023-06-24,0,Vivaan Ghosh,18,Female,Chennai,2021-10-24,104,12,3.65,2590,1.31,43.9,Business
T00258,R0036,Zone_5,7.65,72.54,96.95,Credit Card,2024-07-05,1,Aadhya Das,30,Female,Surat,2022-03-16,177,15,4.9,2590,1.31,43.9,Business
T00259,R0277,Zone_8,13.34,120.48,265.12,Credit Card,2024-04-28,0,Kavya Gupta,42,Female,Jaipur,2021-01-22,433,16,3.06,4516,1.93,31.0,Business
T00260,R0030,Zone_8,9.72,89.48,187.93,UPI,2024-01-22,0,Saanvi Patel,25,Other,Mumbai,2021-01-08,442,58,3.72,4516,1.93,31.0,Business
T00261,R0297,Zone_7,7.47,64.32,112.52,UPI,2023-03-15,0,Saanvi Gupta,47,Male,Pune,2023-09-20,396,46,3.87,11070,0.64,45.2,Industrial
T00262,R0258,Zone_4,9.13,74.19,153.15,Wallet,2023-10-21,0,Vivaan Nair,32,Female,Jaipur,2020-01-29,313,39,3.76,4038,2.46,48.2,Business
T00263,R0171,Zone_5,0.64,4.35,8.82,UPI,2024-04-14,0,Kavya Singh,23,Female,Jaipur,2019-05-13,276,19,4.3,2590,1.31,43.9,Business
T00264,R0194,Zone_8,8.03,50.32,196.06,Wallet,2023-08-26,1,Arjun Iyer,30,Other,Jaipur,2023-02-10,10,2,4.06,4516,1.93,31.0,Business
T00265,R0247,Zone_10,16.58,92.71,367.35,Cash,2023-02-15,0,Aadhya Das,37,Male,Bengaluru,2021-05-11,249,47,4.92,2440,1.54,35.4,Industrial
T00266,R0029,Zone_7,14.54,94.52,264.43,Wallet,2023-08-18,1,Kavya Iyer,30,Male,Surat,2022-07-24,4,0,3.69,11070,0.64,45.2,Industrial
T00267,R0276,Zone_3,3.07,28.47,50.2,Cash,2023-07-26,0,Aadhya Ghosh,26,Other,Chennai,2022-11-07,196,1,3.63,12971,2.11,38.0,Business
T00268,R0181,Zone_9,10.53,91.09,114.62,Wallet,2023-09-16,0,Arjun Patel,32,Male,Hyderabad,2019-01-09,349,32,3.75,11037,1.83,56.1,Mixed
T00269,R0234,Zone_7,9.24,82.63,141.91,Credit Card,2023-08-09,1,Saanvi Nair,32,Other,Pune,2022-12-01,183,31,3.98,11070,0.64,45.2,Industrial
T00270,R0129,Zone_4,12.09,107.4,169.03,Credit Card,2023-05-25,1,Vivaan Singh,35,Male,Hyderabad,2022-10-08,158,10,3.9,4038,2.46,48.2,Business
T00271,R0186,Zone_9,8.47,61.46,150.05,Wallet,2023-11-14,1,Ishaan Sharma,18,Other,Hyderabad,2020-12-11,373,19,3.26,11037,1.83,56.1,Mixed
T00272,R0268,Zone_5,6.83,55.86,110.21,Credit Card,2024-06-12,0,Ishaan Kumar,34,Male,Chennai,2022-10-16,10,0,4.6,2590,1.31,43.9,Business
T00273,R0157,Zone_9,14.65,125.74,288.9,UPI,2023-03-18,0,Kavya Nair,36,Female,Hyderabad,2021-11-23,319,27,4.65,11037,1.83,56.1,Mixed
T00274,R0088,Zone_10,9.08,47.12,207.15,Credit Card,2023-11-08,1,Diya Iyer,22,Other,Jaipur,2019-07-07,438,0,4.78,2440,1.54,35.4,Industrial
T00275,R0018,Zone_7,14.28,111.85,278.59,Cash,2024-07-03,1,Aarav Reddy,49,Female,Delhi,2023-01-09,446,86,3.29,11070,0.64,45.2,Industrial
T00276,R0099,Zone_3,12.87,123.91,270.61,Wallet,2024-03-13,0,Diya Gupta,35,Other,Mumbai,2021-08-21,80,8,3.7,12971,2.11,38.0,Business
T00277,R0250,Zone_10,6.38,48.44,91.22,Wallet,2023-09-27,1,Aadhya Iyer,34,Female,Jaipur,2021-02-01,163,31,4.63,2440,1.54,35.4,Industrial
T00278,R0045,Zone_6,7.16,58.69,62.36,Credit Card,2023-02-02,1,Saanvi Iyer,34,Other,Ahmedabad,2023-07-12,100,16,4.88,14627,0.54,37.6,Mixed
T00279,R0254,Zone_2,17.65,102.86,180.18,UPI,2023-02-16,0,Meera Kumar,18,Male,Delhi,2020-03-09,363,70,3.68,6371,0.91,58.4,Residential
T00280,R0006,Zone_8,8.96,56.76,197.75,Cash,2023-02-04,0,Aarav Das,45,Female,Jaipur,2023-06-30,248,13,4.64,4516,1.93,31.0,Business
T00281,R0173,Zone_3,4.21,33.25,38.42,UPI,2023-07-13,1,Saanvi Ghosh,26,Other,Mumbai,2020-01-15,389,55,4.28,12971,2.11,38.0,Business
T00282,R0234,Zone_8,2.0,17.63,21.3,Wallet,2024-01-11,1,Saanvi Nair,32,Other,Pune,2022-12-01,183,31,3.98,4516,1.93,31.0,Business
T00283,R0232,Zone_2,12.87,74.19,128.37,Credit Card,2024-03-24,1,Meera Das,38,Male,Jaipur,2022-12-08,172,15,3.94,6371,0.91,58.4,Residential
T00284,R0129,Zone_1,8.8,75.07,115.67,Wallet,2024-01-03,1,Vivaan Singh,35,Male,Hyderabad,2022-10-08,158,10,3.9,4921,2.43,30.9,Residential
T00285,R0133,Zone_9,4.04,28.1,81.2,Credit Card,2024-06-12,0,Diya Kumar,25,Female,Delhi,2019-07-13,155,11,4.4,11037,1.83,56.1,Mixed
T00286,R0127,Zone_4,11.37,66.58,179.05,Credit Card,2024-08-23,1,Vivaan Kumar,38,Male,Chennai,2020-03-17,43,2,4.83,4038,2.46,48.2,Business
T00287,R0237,Zone_5,8.8,81.48,147.6,Credit Card,2023-09-02,1,Aadhya Nair,40,Male,Chennai,2022-12-13,36,3,3.71,2590,1.31,43.9,Business
T00288,R0180,Zone_2,0.30000000000000004,2.4,6.82,Credit Card,2024-01-07,0,Diya Kumar,33,Male,Hyderabad,2019-12-03,44,4,4.53,6371,0.91,58.4,Residential
T00289,R0277,Zone_1,10.94,104.91,138.1,Credit Card,2024-08-15,0,Kavya Gupta,42,Female,Jaipur,2021-01-22,433,16,3.06,4921,2.43,30.9,Residential
T00290,R0068,Zone_1,14.67,124.27,256.47,Wallet,2024-04-21,1,Meera Singh,30,Female,Ahmedabad,2022-08-31,456,70,4.97,4921,2.43,30.9,Residential
T00291,R0169,Zone_10,20.8,164.64,379.11,UPI,2023-02-18,1,Reyansh Kumar,32,Male,Delhi,2023-02-21,497,81,4.19,2440,1.54,35.4,Industrial
T00292,R0190,Zone_4,8.17,66.73,198.59,Cash,2024-08-05,1,Saanvi Iyer,35,Other,Surat,2020-09-25,274,47,4.12,4038,2.46,48.2,Business
T00293,R0109,Zone_10,9.16,66.29,213.82,UPI,2023-05-12,0,Vivaan Kumar,35,Female,Delhi,2022-11-19,62,5,3.35,2440,1.54,35.4,Industrial
T00294,R0094,Zone_6,16.03,147.85,146.27,Wallet,2023-01-12,1,Diya Iyer,41,Other,Delhi,2023-04-13,480,62,4.87,14627,0.54,37.6,Mixed
T00295,R0229,Zone_1,8.84,79.58,96.2,Wallet,2023-04-08,1,Reyansh Ghosh,22,Female,Mumbai,2020-11-23,146,16,4.43,4921,2.43,30.9,Residential
T00296,R0084,Zone_5,9.38,67.84,183.0,Cash,2023-12-18,1,Kavya Sharma,38,Male,Jaipur,2019-07-21,366,6,4.67,2590,1.31,43.9,Business
T00297,R0013,Zone_7,4.85,41.88,92.68,Wallet,2023-12-07,0,Ishaan Gupta,43,Female,Kolkata,2019-04-01,6,0,3.91,11070,0.64,45.2,Industrial
T00298,R0222,Zone_10,1.03,6.71,22.09,Wallet,2023-08-10,1,Aarav Singh,27,Male,Surat,2022-08-28,475,12,3.44,2440,1.54,35.4,Industrial
T00299,R0110,Zone_3,12.56,73.2,187.1,Wallet,2023-12-07,0,Vivaan Patel,19,Female,Kolkata,2023-02-04,224,28,4.43,12971,2.11,38.0,Business
T00300,R0030,Zone_10,1.63,9.91,36.07,UPI,2023-09-08,1,Saanvi Patel,25,Other,Mumbai,2021-01-08,442,58,3.72,2440,1.54,35.4,Industrial
T00301,R0037,Zone_10,13.7,92.43,300.6,Wallet,2024-01-21,0,Aadhya Iyer,32,Other,Ahmedabad,2020-11-21,489,6,3.36,2440,1.54,35.4,Industrial
T00302,R0191,Zone_8,4.06,26.03,73.11,Credit Card,2023-05-07,0,Meera Gupta,33,Other,Surat,2020-08-14,87,6,4.56,4516,1.93,31.0,Business
T00303,R0047,Zone_2,9.33,90.48,95.23,Cash,2024-01-23,0,Reyansh Iyer,51,Female,Bengaluru,2021-10-07,69,3,4.86,6371,0.91,58.4,Residential
T00304,R0153,Zone_4,6.14,51.22,62.16,Cash,2023-06-15,0,Aadhya Ghosh,20,Male,Mumbai,2020-05-04,76,14,4.54,4038,2.46,48.2,Business
T00305,R0037,Zone_6,13.87,104.8,212.4,UPI,2023-05-15,1,Aadhya Iyer,32,Other,Ahmedabad,2020-11-21,489,6,3.36,14627,0.54,37.6,Mixed
T00306,R0164,Zone_10,9.5,52.89,128.05,UPI,2024-01-14,0,Aadhya Ghosh,37,Other,Ahmedabad,2022-07-06,249,23,4.02,2440,1.54,35.4,Industrial
T00307,R0090,Zone_4,17.8,146.74,435.5,Wallet,2024-03-08,0,Kavya Iyer,33,Female,Mumbai,2021-01-31,152,25,4.51,4038,2.46,48.2,Business
T00308,R0074,Zone_3,2.58,22.59,36.36,Credit Card,2023-04-16,0,Vivaan Ghosh,23,Male,Kolkata,2023-09-11,199,22,4.89,12971,2.11,38.0,Business
T00309,R0080,Zone_4,10.07,64.41,162.79,Wallet,2023-01-19,1,Reyansh Kumar,19,Female,Mumbai,2021-05-15,34,6,4.6,4038,2.46,48.2,Business
T00310,R0004,Zone_5,8.24,60.17,80.25,UPI,2024-07-23,1,Aarav Nair,19,Other,Kolkata,2019-07-28,464,5,3.19,2590,1.31,43.9,Business
T00311,R0007,Zone_1,9.4,56.5,111.17,Credit Card,2023-06-17,1,Ishaan Ghosh,18,Female,Mumbai,2021-03-26,458,82,4.03,4921,2.43,30.9,Residential
T00312,R0027,Zone_5,15.98,118.94,161.91,Cash,2023-02-26,1,Ishaan Iyer,39,Male,Jaipur,2019-10-05,403,61,3.98,2590,1.31,43.9,Business
T00313,R0017,Zone_8,10.93,83.99,142.44,UPI,2023-12-01,0,Meera Das,49,Female,Mumbai,2023-03-18,288,21,3.83,4516,1.93,31.0,Business
T00314,R0173,Zone_3,2.26,18.32,40.95,UPI,2023-06-22,1,Saanvi Ghosh,26,Other,Mumbai,2020-01-15,389,55,4.28,12971,2.11,38.0,Business
T00315,R0080,Zone_5,10.67,101.39,221.3,Cash,2023-08-25,0,Reyansh Kumar,19,Female,Mumbai,2021-05-15,34,6,4.6,2590,1.31,43.9,Business
T00316,R0212,Zone_1,5.92,31.63,94.3,UPI,2024-05-05,0,Aadhya Iyer,36,Female,Ahmedabad,2023-09-11,73,12,3.22,4921,2.43,30.9,Residential
T00317,R0113,Zone_4,5.63,55.52,108.99,Wallet,2024-08-23,0,Aadhya Singh,26,Other,Chennai,2019-03-09,423,26,4.61,4038,2.46,48.2,Business
T00318,R0102,Zone_8,13.23,79.32,207.3,Wallet,2023-08-18,0,Aarav Nair,18,Female,Chennai,2023-05-13,123,22,4.1,4516,1.93,31.0,Business
T00319,R0178,Zone_2,4.99,39.38,106.51,Cash,2023-12-24,0,Saanvi Ghosh,27,Male,Delhi,2021-05-15,56,7,3.13,6371,0.91,58.4,Residential
T00320,R0294,Zone_6,6.1,41.42,74.02,UPI,2023-01-15,1,Arjun Reddy,24,Male,Surat,2021-04-02,41,7,3.2,14627,0.54,37.6,Mixed
T00321,R0040,Zone_7,8.16,74.12,71.85,Credit Card,2024-02-03,0,Aarav Gupta,34,Other,Surat,2023-05-05,485,36,4.41,11070,0.64,45.2,Industrial
T00322,R0094,Zone_7,12.73,115.69,253.21,UPI,2023-07-11,0,Diya Iyer,41,Other,Delhi,2023-04-13,480,62,4.87,11070,0.64,45.2,Industrial
T00323,R0150,Zone_7,10.91,87.34,95.48,Cash,2024-04-17,1,Ishaan Gupta,33,Male,Pune,2022-02-27,215,16,4.95,11070,0.64,45.2,Industrial
T00324,R0074,Zone_2,6.83,40.8,78.43,Cash,2023-11-03,1,Vivaan Ghosh,23,Male,Kolkata,2023-09-11,199,22,4.89,6371,0.91,58.4,Residential
T00325,R0075,Zone_6,6.64,33.91,133.09,UPI,2024-02-28,1,Diya Reddy,18,Female,Mumbai,2021-04-30,108,7,4.83,14627,0.54,37.6,Mixed
T00326,R0038,Zone_3,2.2,17.29,35.33,UPI,2024-06-10,1,Aarav Singh,37,Other,Kolkata,2023-02-11,68,7,4.07,12971,2.11,38.0,Business
T00327,R0059,Zone_8,4.2,31.26,68.6,Wallet,2023-11-23,1,Aarav Sharma,43,Male,Delhi,2021-08-02,357,11,3.27,4516,1.93,31.0,Business
T00328,R0096,Zone_9,4.73,37.52,89.79,UPI,2023-08-10,0,Reyansh Das,40,Female,Kolkata,2019-12-28,121,3,4.46,11037,1.83,56.1,Mixed
T00329,R0195,Zone_7,7.25,40.59,150.9,Credit Card,2024-07-06,1,Aadhya Reddy,33,Male,Kolkata,2021-05-27,72,10,4.97,11070,0.64,45.2,Industrial
T00330,R0233,Zone_8,17.93,155.66,164.79,Cash,2023-08-01,0,Ishaan Iyer,30,Other,Hyderabad,2023-11-23,469,41,4.37,4516,1.93,31.0,Business
T00331,R0014,Zone_5,4.62,33.69,68.83,Credit Card,2023-07-22,0,Aarav Das,26,Female,Ahmedabad,2021-06-08,325,53,3.0,2590,1.31,43.9,Business
T00332,R0067,Zone_3,6.52,63.41,59.94,UPI,2023-06-29,1,Saanvi Iyer,32,Male,Pune,2022-07-24,348,9,3.38,12971,2.11,38.0,Business
T00333,R0256,Zone_3,2.26,18.78,22.4,Credit Card,2024-07-21,0,Aadhya Sharma,31,Female,Delhi,2021-03-25,265,8,3.65,12971,2.11,38.0,Business
T00334,R0178,Zone_10,11.0,61.05,200.36,Cash,2024-01-27,1,Saanvi Ghosh,27,Male,Delhi,2021-05-15,56,7,3.13,2440,1.54,35.4,Industrial
T00335,R0170,Zone_2,0.11,1.02,1.76,UPI,2024-05-14,1,Saanvi Kumar,29,Other,Bengaluru,2020-05-20,28,3,3.68,6371,0.91,58.4,Residential
T00336,R0224,Zone_2,3.47,17.54,72.48,Cash,2023-01-08,1,Ishaan Sharma,29,Female,Ahmedabad,2020-08-04,200,1,4.31,6371,0.91,58.4,Residential
T00337,R0115,Zone_8,13.21,99.53,292.15,Wallet,2024-05-15,0,Aarav Ghosh,40,Female,Bengaluru,2020-03-01,170,15,4.4,4516,1.93,31.0,Business
T00338,R0136,Zone_1,2.52,16.42,53.39,Cash,2023-02-11,1,Diya Ghosh,34,Male,Hyderabad,2019-01-19,339,11,3.82,4921,2.43,30.9,Residential
T00339,R0152,Zone_5,8.48,84.12,165.16,UPI,2024-05-08,1,Arjun Patel,34,Female,Bengaluru,2021-05-04,143,24,3.91,2590,1.31,43.9,Business
T00340,R0223,Zone_1,12.0,90.38,197.57,Wallet,2023-09-14,1,Meera Ghosh,30,Female,Surat,2019-11-29,158,10,4.04,4921,2.43,30.9,Residential
T00341,R0054,Zone_5,15.63,117.8,255.15,Cash,2023-08-12,0,Meera Iyer,25,Other,Mumbai,2021-06-30,267,22,3.58,2590,1.31,43.9,Business
T00342,R0105,Zone_5,3.4,31.54,36.83,Credit Card,2023-02-12,1,Diya Das,31,Female,Jaipur,2020-09-28,346,9,3.69,2590,1.31,43.9,Business
T00343,R0232,Zone_7,4.88,42.08,121.38,UPI,2024-06-08,1,Meera Das,38,Male,Jaipur,2022-12-08,172,15,3.94,11070,0.64,45.2,Industrial
T00344,R0036,Zone_8,17.02,161.82,174.34,Cash,2023-08-24,1,Aadhya Das,30,Female,Surat,2022-03-16,177,15,4.9,4516,1.93,31.0,Business
T00345,R0174,Zone_9,7.87,67.67,133.1,Cash,2023-01-22,1,Aadhya Patel,32,Male,Kolkata,2019-02-07,320,7,3.8,11037,1.83,56.1,Mixed
T00346,R0051,Zone_1,4.32,22.26,93.22,Credit Card,2023-05-04,1,Aarav Nair,21,Male,Kolkata,2020-04-05,213,14,4.02,4921,2.43,30.9,Residential
T00347,R0140,Zone_4,4.41,35.96,40.09,UPI,2023-02-08,1,Aadhya Nair,29,Female,Delhi,2020-04-17,499,45,4.92,4038,2.46,48.2,Business
T00348,R0155,Zone_3,3.14,26.64,33.21,Wallet,2023-06-30,1,Meera Reddy,23,Male,Hyderabad,2019-02-10,353,8,3.14,12971,2.11,38.0,Business
T00349,R0018,Zone_9,5.8,30.14,46.49,Wallet,2023-04-28,1,Aarav Reddy,49,Female,Delhi,2023-01-09,446,86,3.29,11037,1.83,56.1,Mixed
T00350,R0184,Zone_1,13.44,90.43,219.56,Cash,2023-10-19,0,Meera Nair,29,Female,Surat,2020-03-04,285,27,3.97,4921,2.43,30.9,Residential
T00351,R0278,Zone_7,12.44,86.85,295.14,UPI,2024-05-17,0,Aarav Reddy,20,Female,Mumbai,2021-09-02,382,58,4.27,11070,0.64,45.2,Industrial
T00352,R0190,Zone_1,2.13,11.74,23.56,Wallet,2024-07-31,0,Saanvi Iyer,35,Other,Surat,2020-09-25,274,47,4.12,4921,2.43,30.9,Residential
T00353,R0066,Zone_1,9.07,47.59,170.17,Credit Card,2023-06-11,1,Arjun Patel,38,Female,Bengaluru,2022-06-03,167,28,4.72,4921,2.43,30.9,Residential
T00354,R0094,Zone_5,5.99,57.23,112.32,Cash,2023-10-03,1,Diya Iyer,41,Other,Delhi,2023-04-13,480,62,4.87,2590,1.31,43.9,Business
T00355,R0042,Zone_3,11.91,74.32,100.52,Cash,2024-07-01,0,Arjun Reddy,18,Female,Chennai,2021-05-20,23,4,3.03,12971,2.11,38.0,Business
T00356,R0252,Zone_6,7.22,71.74,179.88,UPI,2023-01-30,0,Reyansh Gupta,38,Other,Ahmedabad,2020-09-23,392,47,4.83,14627,0.54,37.6,Mixed
T00357,R0070,Zone_2,9.86,84.18,174.1,UPI,2023-02-03,1,Meera Reddy,33,Male,Bengaluru,2023-01-03,310,6,3.54,6371,0.91,58.4,Residential
T00358,R0262,Zone_4,7.21,64.54,104.14,UPI,2023-10-29,0,Meera Singh,30,Male,Ahmedabad,2019-04-21,6,0,3.35,4038,2.46,48.2,Business
T00359,R0266,Zone_6,2.94,23.28,30.06,UPI,2024-01-22,1,Diya Reddy,29,Other,Chennai,2020-09-25,98,13,3.9,14627,0.54,37.6,Mixed
T00360,R0135,Zone_8,8.24,46.06,136.7,Credit Card,2024-08-06,1,Reyansh Patel,38,Female,Ahmedabad,2022-02-24,153,8,3.47,4516,1.93,31.0,Business
T00361,R0205,Zone_8,1.6400000000000001,12.3,18.88,Credit Card,2024-04-13,1,Diya Singh,31,Other,Surat,2019-05-12,100,14,4.66,4516,1.93,31.0,Business
T00362,R0011,Zone_8,11.74,95.8,271.65,UPI,2024-04-20,1,Vivaan Nair,26,Male,Chennai,2020-04-14,208,34,4.0,4516,1.93,31.0,Business
T00363,R0163,Zone_9,4.6,41.6,101.86,Wallet,2023-01-09,0,Kavya Gupta,33,Other,Ahmedabad,2020-02-20,302,21,3.56,11037,1.83,56.1,Mixed
T00364,R0289,Zone_2,4.97,39.77,98.47,Credit Card,2023-10-20,0,Aarav Gupta,21,Other,Chennai,2021-09-30,322,14,4.17,6371,0.91,58.4,Residential
T00365,R0025,Zone_6,7.96,43.83,195.74,Credit Card,2024-03-19,1,Meera Das,21,Female,Mumbai,2021-10-22,42,3,4.01,14627,0.54,37.6,Mixed
T00366,R0096,Zone_6,10.89,105.07,117.8,Credit Card,2024-01-16,1,Reyansh Das,40,Female,Kolkata,2019-12-28,121,3,4.46,14627,0.54,37.6,Mixed
T00367,R0289,Zone_2,7.15,66.44,145.31,Credit Card,2024-05-24,1,Aarav Gupta,21,Other,Chennai,2021-09-30,322,14,4.17,6371,0.91,58.4,Residential
T00368,R0046,Zone_5,16.21,93.77,326.52,Cash,2024-04-29,0,Vivaan Singh,31,Female,Kolkata,2019-08-16,31,4,3.87,2590,1.31,43.9,Business
T00369,R0176,Zone_3,16.24,81.44,229.65,Credit Card,2024-07-10,1,Kavya Gupta,43,Male,Mumbai,2019-05-24,260,13,3.95,12971,2.11,38.0,Business
T00370,R0263,Zone_8,16.58,129.55,182.4,UPI,2023-07-30,1,Ishaan Das,31,Other,Chennai,2020-12-30,297,21,3.84,4516,1.93,31.0,Business
T00371,R0122,Zone_2,6.83,37.86,114.4,Wallet,2023-04-09,1,Ishaan Patel,27,Female,Kolkata,2022-11-22,324,17,4.98,6371,0.91,58.4,Residential
T00372,R0039,Zone_5,0.59,3.19,9.63,UPI,2023-08-02,0,Aadhya Iyer,24,Male,Chennai,2023-11-18,190,14,4.2,2590,1.31,43.9,Business
T00373,R0056,Zone_7,14.1,122.83,199.13,Credit Card,2024-04-20,1,Meera Patel,40,Other,Hyderabad,2021-02-26,93,13,3.25,11070,0.64,45.2,Industrial
T00374,R0168,Zone_8,5.92,56.52,144.08,Cash,2023-02-27,0,Diya Das,23,Male,Pune,2019-10-08,471,74,4.03,4516,1.93,31.0,Business
T00375,R0129,Zone_2,8.19,65.45,127.35,Wallet,2023-11-11,0,Vivaan Singh,35,Male,Hyderabad,2022-10-08,158,10,3.9,6371,0.91,58.4,Residential
T00376,R0110,Zone_1,11.14,68.08,170.22,Cash,2024-05-07,0,Vivaan Patel,19,Female,Kolkata,2023-02-04,224,28,4.43,4921,2.43,30.9,Residential
T00377,R0197,Zone_4,0.02,0.19,0.25,UPI,2024-03-11,0,Saanvi Das,29,Female,Bengaluru,2020-10-08,475,87,3.87,4038,2.46,48.2,Business
T00378,R0053,Zone_6,16.15,86.4,233.26,Credit Card,2023-06-30,0,Arjun Reddy,45,Female,Delhi,2019-09-16,63,7,4.85,14627,0.54,37.6,Mixed
T00379,R0288,Zone_5,12.37,74.24,206.15,UPI,2023-04-21,0,Diya Ghosh,42,Male,Ahmedabad,2021-08-30,43,5,4.56,2590,1.31,43.9,Business
T00380,R0095,Zone_3,9.76,91.81,107.79,Wallet,2024-06-20,1,Kavya Iyer,29,Female,Chennai,2020-10-07,481,77,4.26,12971,2.11,38.0,Business
T00381,R0184,Zone_10,12.45,65.64,223.92,Credit Card,2023-01-16,1,Meera Nair,29,Female,Surat,2020-03-04,285,27,3.97,2440,1.54,35.4,Industrial
T00382,R0012,Zone_7,10.78,83.18,92.76,UPI,2023-05-25,1,Aarav Das,31,Female,Hyderabad,2022-01-19,248,11,3.31,11070,0.64,45.2,Industrial
T00383,R0195,Zone_6,8.58,81.92,159.71,Credit Card,2023-11-28,1,Aadhya Reddy,33,Male,Kolkata,2021-05-27,72,10,4.97,14627,0.54,37.6,Mixed
T00384,R0067,Zone_4,6.46,58.17,128.32,Credit Card,2023-01-28,0,Saanvi Iyer,32,Male,Pune,2022-07-24,348,9,3.38,4038,2.46,48.2,Business
T00385,R0110,Zone_3,4.3,21.99,82.52,Cash,2024-04-30,1,Vivaan Patel,19,Female,Kolkata,2023-02-04,224,28,4.43,12971,2.11,38.0,Business
T00386,R0009,Zone_2,9.44,90.19,229.79,UPI,2023-08-08,0,Diya Patel,42,Female,Ahmedabad,2019-12-15,172,21,4.11,6371,0.91,58.4,Residential
T00387,R0275,Zone_3,9.81,51.13,99.7,Credit Card,2024-03-04,1,Ishaan Das,21,Other,Jaipur,2022-10-04,247,17,3.07,12971,2.11,38.0,Business
T00388,R0112,Zone_7,13.42,97.7,132.57,Credit Card,2024-08-07,0,Meera Nair,41,Female,Delhi,2020-11-13,311,11,3.24,11070,0.64,45.2,Industrial
T00389,R0198,Zone_3,9.0,71.82,152.12,Wallet,2023-05-25,1,Vivaan Kumar,31,Other,Mumbai,2021-12-10,202,23,3.85,12971,2.11,38.0,Business
T00390,R0296,Zone_10,3.73,22.49,81.24,UPI,2024-01-10,1,Reyansh Patel,37,Other,Hyderabad,2021-02-20,390,58,3.97,2440,1.54,35.4,Industrial
T00391,R0094,Zone_2,0.12,0.86,1.07,Credit Card,2024-05-15,0,Diya Iyer,41,Other,Delhi,2023-04-13,480,62,4.87,6371,0.91,58.4,Residential
T00392,R0014,Zone_1,7.36,66.1,171.59,Wallet,2023-05-07,0,Aarav Das,26,Female,Ahmedabad,2021-06-08,325,53,3.0,4921,2.43,30.9,Residential
T00393,R0173,Zone_7,7.86,54.7,159.7,Credit Card,2023-06-03,1,Saanvi Ghosh,26,Other,Mumbai,2020-01-15,389,55,4.28,11070,0.64,45.2,Industrial
T00394,R0068,Zone_4,7.51,70.61,110.17,Cash,2023-05-28,1,Meera Singh,30,Female,Ahmedabad,2022-08-31,456,70,4.97,4038,2.46,48.2,Business
T00395,R0051,Zone_9,0.35000000000000003,2.22,3.27,Cash,2024-08-15,1,Aarav Nair,21,Male,Kolkata,2020-04-05,213,14,4.02,11037,1.83,56.1,Mixed
T00396,R0208,Zone_3,13.37,91.14,196.06,Credit Card,2023-01-22,1,Aadhya Iyer,24,Other,Chennai,2020-01-08,356,53,4.75,12971,2.11,38.0,Business
T00397,R0256,Zone_1,13.36,71.18,261.94,UPI,2024-07-08,0,Aadhya Sharma,31,Female,Delhi,2021-03-25,265,8,3.65,4921,2.43,30.9,Residential
T00398,R0124,Zone_10,3.88,37.71,93.97,Cash,2023-10-02,0,Aadhya Das,37,Other,Hyderabad,2022-06-09,419,25,3.59,2440,1.54,35.4,Industrial
T00399,R0129,Zone_6,12.03,83.87,251.96,Wallet,2024-06-25,1,Vivaan Singh,35,Male,Hyderabad,2022-10-08,158,10,3.9,14627,0.54,37.6,Mixed
T00400,R0254,Zone_3,12.76,94.88,248.24,UPI,2024-01-01,0,Meera Kumar,18,Male,Delhi,2020-03-09,363,70,3.68,12971,2.11,38.0,Business
T00401,R0273,Zone_2,8.19,69.1,106.28,UPI,2024-01-29,1,Aadhya Nair,43,Male,Delhi,2022-09-17,289,48,3.76,6371,0.91,58.4,Residential
T00402,R0258,Zone_6,3.26,29.49,44.3,Wallet,2024-06-20,1,Vivaan Nair,32,Female,Jaipur,2020-01-29,313,39,3.76,14627,0.54,37.6,Mixed
T00403,R0009,Zone_3,16.07,154.61,132.04,Credit Card,2024-03-08,0,Diya Patel,42,Female,Ahmedabad,2019-12-15,172,21,4.11,12971,2.11,38.0,Business
T00404,R0266,Zone_4,9.9,93.13,150.23,UPI,2023-05-02,0,Diya Reddy,29,Other,Chennai,2020-09-25,98,13,3.9,4038,2.46,48.2,Business
T00405,R0079,Zone_4,6.74,35.29,90.18,Wallet,2024-03-01,1,Ishaan Nair,25,Male,Bengaluru,2020-09-23,146,28,4.92,4038,2.46,48.2,Business
T00406,R0283,Zone_1,11.86,115.04,274.75,Wallet,2024-02-27,1,Diya Nair,19,Male,Surat,2023-06-15,245,45,3.55,4921,2.43,30.9,Residential
T00407,R0106,Zone_1,16.11,85.39,157.69,Cash,2024-05-08,0,Aarav Patel,32,Other,Bengaluru,2021-11-25,6,1,4.03,4921,2.43,30.9,Residential
T00408,R0132,Zone_5,5.51,42.54,85.51,UPI,2024-02-15,0,Aadhya Iyer,23,Male,Surat,2022-12-09,484,25,3.32,2590,1.31,43.9,Business
T00409,R0186,Zone_8,11.46,111.49,132.95,UPI,2023-10-10,1,Ishaan Sharma,18,Other,Hyderabad,2020-12-11,373,19,3.26,4516,1.93,31.0,Business
T00410,R0098,Zone_10,17.72,114.01,300.05,UPI,2023-09-08,1,Diya Singh,21,Other,Bengaluru,2023-04-29,286,56,3.5,2440,1.54,35.4,Industrial
T00411,R0103,Zone_4,2.42,21.19,39.08,Credit Card,2023-06-18,0,Ishaan Gupta,37,Other,Surat,2022-11-24,175,14,3.07,4038,2.46,48.2,Business
T00412,R0153,Zone_7,5.25,49.11,64.3,Cash,2023-01-07,0,Aadhya Ghosh,20,Male,Mumbai,2020-05-04,76,14,4.54,11070,0.64,45.2,Industrial
T00413,R0172,Zone_8,5.01,40.1,53.07,UPI,2024-01-02,0,Reyansh Reddy,31,Other,Pune,2019-12-24,168,14,3.72,4516,1.93,31.0,Business
T00414,R0049,Zone_8,7.21,67.64,164.58,Wallet,2024-02-08,0,Meera Iyer,39,Male,Mumbai,2020-05-19,375,55,4.4,4516,1.93,31.0,Business
T00415,R0245,Zone_10,6.95,36.19,144.82,UPI,2023-07-01,0,Diya Sharma,35,Female,Hyderabad,2020-03-04,265,48,4.73,2440,1.54,35.4,Industrial
T00416,R0123,Zone_8,9.5,49.27,219.89,Cash,2024-05-26,1,Meera Ghosh,32,Male,Bengaluru,2023-06-24,156,26,3.31,4516,1.93,31.0,Business
T00417,R0030,Zone_8,3.9,26.49,53.68,Cash,2024-04-23,0,Saanvi Patel,25,Other,Mumbai,2021-01-08,442,58,3.72,4516,1.93,31.0,Business
T00418,R0261,Zone_3,4.89,34.6,109.0,Credit Card,2023-06-04,1,Aarav Kumar,31,Male,Pune,2022-08-26,477,83,4.24,12971,2.11,38.0,Business
T00419,R0171,Zone_1,9.51,59.25,86.21,Cash,2024-07-02,0,Kavya Singh,23,Female,Jaipur,2019-05-13,276,19,4.3,4921,2.43,30.9,Residential
T00420,R0232,Zone_10,8.77,78.52,188.49,Cash,2023-05-16,1,Meera Das,38,Male,Jaipur,2022-12-08,172,15,3.94,2440,1.54,35.4,Industrial
T00421,R0132,Zone_8,12.37,80.33,158.37,Wallet,2024-04-25,1,Aadhya Iyer,23,Male,Surat,2022-12-09,484,25,3.32,4516,1.93,31.0,Business
T00422,R0298,Zone_1,10.05,61.85,106.57,Cash,2024-07-13,0,Vivaan Singh,35,Female,Ahmedabad,2020-03-25,65,11,3.88,4921,2.43,30.9,Residential
T00423,R0126,Zone_4,11.86,84.04,104.63,Credit Card,2024-05-13,1,Diya Reddy,29,Female,Surat,2022-09-25,411,20,3.65,4038,2.46,48.2,Business
T00424,R0224,Zone_9,2.29,16.33,23.04,Cash,2024-07-23,0,Ishaan Sharma,29,Female,Ahmedabad,2020-08-04,200,1,4.31,11037,1.83,56.1,Mixed
T00425,R0280,Zone_7,6.08,41.88,74.74,UPI,2023-05-10,0,Saanvi Gupta,26,Other,Chennai,2023-05-31,172,23,4.43,11070,0.64,45.2,Industrial
T00426,R0177,Zone_9,17.24,167.72,310.76,UPI,2023-10-16,1,Ishaan Reddy,34,Other,Bengaluru,2023-02-15,489,63,4.48,11037,1.83,56.1,Mixed
T00427,R0116,Zone_7,9.96,63.62,227.53,Credit Card,2023-11-16,0,Ishaan Kumar,34,Female,Bengaluru,2020-02-08,238,30,4.58,11070,0.64,45.2,Industrial
T00428,R0252,Zone_6,11.74,101.14,211.83,Cash,2024-05-16,0,Reyansh Gupta,38,Other,Ahmedabad,2020-09-23,392,47,4.83,14627,0.54,37.6,Mixed
T00429,R0022,Zone_7,9.36,52.4,222.66,UPI,2023-02-19,0,Aarav Nair,43,Female,Kolkata,2020-09-14,220,1,3.32,11070,0.64,45.2,Industrial
T00430,R0108,Zone_6,10.13,52.56,173.97,Cash,2024-02-23,0,Reyansh Gupta,18,Male,Pune,2019-05-31,184,32,4.88,14627,0.54,37.6,Mixed
T00431,R0036,Zone_2,6.85,61.24,133.58,Credit Card,2024-02-26,0,Aadhya Das,30,Female,Surat,2022-03-16,177,15,4.9,6371,0.91,58.4,Residential
T00432,R0075,Zone_6,25.86,178.53,344.97,Credit Card,2024-06-26,1,Diya Reddy,18,Female,Mumbai,2021-04-30,108,7,4.83,14627,0.54,37.6,Mixed
T00433,R0132,Zone_6,6.02,37.05,97.71,Wallet,2023-03-20,0,Aadhya Iyer,23,Male,Surat,2022-12-09,484,25,3.32,14627,0.54,37.6,Mixed
T00434,R0113,Zone_6,7.8100000000000005,68.77,146.59,Credit Card,2023-05-07,0,Aadhya Singh,26,Other,Chennai,2019-03-09,423,26,4.61,14627,0.54,37.6,Mixed
T00435,R0118,Zone_3,4.12,33.38,98.53,Cash,2024-08-03,0,Reyansh Gupta,29,Male,Surat,2023-09-26,165,24,4.13,12971,2.11,38.0,Business
T00436,R0155,Zone_1,13.53,122.37,318.68,Credit Card,2023-07-05,0,Meera Reddy,23,Male,Hyderabad,2019-02-10,353,8,3.14,4921,2.43,30.9,Residential
T00437,R0167,Zone_1,5.24,44.91,76.91,Cash,2024-02-03,1,Kavya Nair,44,Male,Hyderabad,2022-08-25,117,5,4.75,4921,2.43,30.9,Residential
T00438,R0147,Zone_4,7.7,47.39,74.01,Wallet,2023-11-17,0,Saanvi Nair,35,Other,Mumbai,2022-08-29,239,21,3.91,4038,2.46,48.2,Business
T00439,R0177,Zone_4,5.36,48.65,47.27,Wallet,2023-01-29,1,Ishaan Reddy,34,Other,Bengaluru,2023-02-15,489,63,4.48,4038,2.46,48.2,Business
T00440,R0125,Zone_2,7.31,37.33,145.67,Credit Card,2023-09-22,0,Saanvi Ghosh,44,Male,Ahmedabad,2023-04-22,99,19,3.89,6371,0.91,58.4,Residential
T00441,R0259,Zone_6,6.58,37.19,116.31,Credit Card,2023-05-17,1,Aadhya Das,32,Male,Jaipur,2019-06-25,150,27,3.52,14627,0.54,37.6,Mixed
T00442,R0229,Zone_2,7.78,70.99,182.86,Cash,2023-01-12,1,Reyansh Ghosh,22,Female,Mumbai,2020-11-23,146,16,4.43,6371,0.91,58.4,Residential
T00443,R0015,Zone_10,7.74,59.73,140.85,Credit Card,2024-08-02,0,Saanvi Patel,28,Other,Chennai,2022-12-19,46,1,3.87,2440,1.54,35.4,Industrial
T00444,R0188,Zone_6,7.23,46.75,174.1,Wallet,2024-06-10,0,Vivaan Gupta,24,Male,Delhi,2020-07-16,436,64,3.15,14627,0.54,37.6,Mixed
T00445,R0133,Zone_3,7.16,40.94,90.92,Credit Card,2024-04-07,1,Diya Kumar,25,Female,Delhi,2019-07-13,155,11,4.4,12971,2.11,38.0,Business
T00446,R0107,Zone_4,14.54,124.1,302.41,UPI,2024-08-13,0,Reyansh Gupta,33,Male,Hyderabad,2020-01-11,179,14,3.66,4038,2.46,48.2,Business
T00447,R0081,Zone_4,12.41,72.07,107.14,Credit Card,2023-08-19,1,Diya Reddy,42,Other,Mumbai,2022-01-31,114,2,3.9,4038,2.46,48.2,Business
T00448,R0073,Zone_8,12.44,80.29,212.53,Wallet,2023-01-08,0,Meera Das,41,Other,Ahmedabad,2021-06-19,490,30,3.01,4516,1.93,31.0,Business
T00449,R0151,Zone_7,4.34,40.27,49.93,UPI,2024-01-06,1,Meera Reddy,34,Male,Hyderabad,2023-02-25,394,56,5.0,11070,0.64,45.2,Industrial
T00450,R0296,Zone_3,14.28,140.86,313.9,Cash,2024-03-26,0,Reyansh Patel,37,Other,Hyderabad,2021-02-20,390,58,3.97,12971,2.11,38.0,Business
T00451,R0064,Zone_2,13.66,132.11,299.48,Cash,2024-06-13,0,Ishaan Nair,21,Female,Bengaluru,2023-09-30,214,2,4.21,6371,0.91,58.4,Residential
T00452,R0087,Zone_3,5.23,26.79,48.52,Credit Card,2023-08-28,1,Saanvi Das,26,Female,Jaipur,2021-05-11,362,33,3.57,12971,2.11,38.0,Business
T00453,R0230,Zone_4,15.62,115.51,156.82,Credit Card,2023-01-08,1,Kavya Gupta,32,Male,Chennai,2022-11-22,183,23,3.65,4038,2.46,48.2,Business
T00454,R0168,Zone_9,4.58,44.62,41.31,Credit Card,2023-06-18,1,Diya Das,23,Male,Pune,2019-10-08,471,74,4.03,11037,1.83,56.1,Mixed
T00455,R0262,Zone_8,1.21,8.06,26.79,Credit Card,2023-11-04,0,Meera Singh,30,Male,Ahmedabad,2019-04-21,6,0,3.35,4516,1.93,31.0,Business
T00456,R0134,Zone_5,13.51,129.59,215.2,Wallet,2024-04-11,0,Aadhya Singh,34,Male,Jaipur,2022-07-30,410,29,4.59,2590,1.31,43.9,Business
T00457,R0035,Zone_4,7.4,67.21,125.26,UPI,2024-06-06,0,Reyansh Das,39,Male,Kolkata,2022-03-20,392,41,3.49,4038,2.46,48.2,Business
T00458,R0049,Zone_8,12.88,109.54,291.71,UPI,2024-08-12,1,Meera Iyer,39,Male,Mumbai,2020-05-19,375,55,4.4,4516,1.93,31.0,Business
T00459,R0044,Zone_4,4.23,33.09,33.99,Credit Card,2024-06-11,0,Arjun Gupta,36,Female,Hyderabad,2020-08-01,271,5,3.21,4038,2.46,48.2,Business
T00460,R0033,Zone_1,1.69,14.68,38.42,UPI,2023-12-28,0,Diya Iyer,18,Female,Chennai,2019-05-22,472,37,3.24,4921,2.43,30.9,Residential
T00461,R0045,Zone_1,14.16,107.93,251.3,Wallet,2023-10-14,1,Saanvi Iyer,34,Other,Ahmedabad,2023-07-12,100,16,4.88,4921,2.43,30.9,Residential
T00462,R0170,Zone_9,0.96,8.71,12.92,Credit Card,2023-10-24,1,Saanvi Kumar,29,Other,Bengaluru,2020-05-20,28,3,3.68,11037,1.83,56.1,Mixed
T00463,R0039,Zone_8,0.19,0.98,3.37,Credit Card,2024-02-12,0,Aadhya Iyer,24,Male,Chennai,2023-11-18,190,14,4.2,4516,1.93,31.0,Business
T00464,R0242,Zone_6,1.63,12.85,13.09,Wallet,2024-03-12,1,Kavya Iyer,34,Male,Ahmedabad,2022-06-05,445,8,4.54,14627,0.54,37.6,Mixed
T00465,R0294,Zone_5,5.97,39.2,130.88,Cash,2023-10-12,0,Arjun Reddy,24,Male,Surat,2021-04-02,41,7,3.2,2590,1.31,43.9,Business
T00466,R0245,Zone_8,2.8,24.45,37.18,UPI,2024-05-11,0,Diya Sharma,35,Female,Hyderabad,2020-03-04,265,48,4.73,4516,1.93,31.0,Business
T00467,R0251,Zone_8,2.85,18.25,47.1,UPI,2023-09-06,1,Vivaan Iyer,46,Female,Mumbai,2020-01-13,213,26,4.48,4516,1.93,31.0,Business
T00468,R0112,Zone_5,7.82,40.71,120.44,Credit Card,2023-11-30,0,Meera Nair,41,Female,Delhi,2020-11-13,311,11,3.24,2590,1.31,43.9,Business
T00469,R0261,Zone_1,3.18,23.36,70.05,Cash,2023-10-18,1,Aarav Kumar,31,Male,Pune,2022-08-26,477,83,4.24,4921,2.43,30.9,Residential
T00470,R0181,Zone_5,2.5300000000000002,19.07,56.62,Wallet,2024-06-26,0,Arjun Patel,32,Male,Hyderabad,2019-01-09,349,32,3.75,2590,1.31,43.9,Business
T00471,R0273,Zone_5,19.66,158.79,212.08,Credit Card,2024-08-15,0,Aadhya Nair,43,Male,Delhi,2022-09-17,289,48,3.76,2590,1.31,43.9,Business
T00472,R0120,Zone_5,9.73,83.96,146.57,Credit Card,2023-03-30,0,Ishaan Gupta,18,Other,Surat,2020-07-12,311,15,4.55,2590,1.31,43.9,Business
T00473,R0172,Zone_6,8.26,50.02,199.22,UPI,2024-02-18,0,Reyansh Reddy,31,Other,Pune,2019-12-24,168,14,3.72,14627,0.54,37.6,Mixed
T00474,R0217,Zone_4,0.1,0.67,2.29,Wallet,2023-08-17,1,Kavya Iyer,39,Other,Jaipur,2023-03-03,104,5,3.52,4038,2.46,48.2,Business
T00475,R0010,Zone_4,6.77,51.15,72.84,UPI,2023-01-12,1,Vivaan Gupta,25,Female,Surat,2023-05-14,173,1,3.38,4038,2.46,48.2,Business
T00476,R0070,Zone_10,8.24,56.92,150.77,Credit Card,2023-06-09,0,Meera Reddy,33,Male,Bengaluru,2023-01-03,310,6,3.54,2440,1.54,35.4,Industrial
T00477,R0143,Zone_4,0.03,0.22,0.6000000000000001,Credit Card,2024-07-26,1,Meera Kumar,42,Other,Kolkata,2023-03-28,74,13,4.56,4038,2.46,48.2,Business
T00478,R0237,Zone_8,8.63,63.21,201.88,UPI,2023-08-21,1,Aadhya Nair,40,Male,Chennai,2022-12-13,36,3,3.71,4516,1.93,31.0,Business
T00479,R0062,Zone_10,13.96,88.15,160.7,UPI,2024-03-02,1,Kavya Sharma,38,Male,Jaipur,2019-05-13,57,3,3.58,2440,1.54,35.4,Industrial
T00480,R0022,Zone_9,6.26,40.23,59.35,UPI,2023-05-26,0,Aarav Nair,43,Female,Kolkata,2020-09-14,220,1,3.32,11037,1.83,56.1,Mixed
T00481,R0259,Zone_6,7.01,54.23,151.29,Credit Card,2023-11-19,0,Aadhya Das,32,Male,Jaipur,2019-06-25,150,27,3.52,14627,0.54,37.6,Mixed
T00482,R0004,Zone_10,2.21,18.13,49.89,Credit Card,2023-01-12,0,Aarav Nair,19,Other,Kolkata,2019-07-28,464,5,3.19,2440,1.54,35.4,Industrial
T00483,R0257,Zone_6,1.0,9.25,20.02,Wallet,2023-04-14,1,Arjun Reddy,36,Other,Delhi,2023-03-11,459,19,4.82,14627,0.54,37.6,Mixed
T00484,R0002,Zone_5,13.29,118.88,145.19,Cash,2023-11-02,0,Ishaan Nair,39,Female,Mumbai,2019-11-23,70,5,4.12,2590,1.31,43.9,Business
T00485,R0196,Zone_4,4.69,45.53,99.57,UPI,2023-06-15,0,Vivaan Das,18,Male,Hyderabad,2019-06-24,51,9,4.93,4038,2.46,48.2,Business
T00486,R0076,Zone_4,3.35,29.26,53.06,UPI,2024-05-06,1,Reyansh Reddy,40,Male,Bengaluru,2022-01-02,137,13,3.34,4038,2.46,48.2,Business
T00487,R0242,Zone_7,4.54,23.31,73.76,Cash,2023-09-19,1,Kavya Iyer,34,Male,Ahmedabad,2022-06-05,445,8,4.54,11070,0.64,45.2,Industrial
T00488,R0086,Zone_5,7.71,51.69,103.17,Wallet,2024-05-18,1,Vivaan Patel,23,Male,Hyderabad,2019-11-08,337,17,4.56,2590,1.31,43.9,Business
T00489,R0037,Zone_8,2.21,13.05,40.52,UPI,2024-03-25,1,Aadhya Iyer,32,Other,Ahmedabad,2020-11-21,489,6,3.36,4516,1.93,31.0,Business
T00490,R0067,Zone_2,8.63,78.42,161.07,Cash,2024-04-29,1,Saanvi Iyer,32,Male,Pune,2022-07-24,348,9,3.38,6371,0.91,58.4,Residential
T00491,R0163,Zone_3,1.2,6.8100000000000005,16.77,UPI,2024-07-06,0,Kavya Gupta,33,Other,Ahmedabad,2020-02-20,302,21,3.56,12971,2.11,38.0,Business
T00492,R0045,Zone_1,11.87,66.9,296.53,UPI,2024-07-17,1,Saanvi Iyer,34,Other,Ahmedabad,2023-07-12,100,16,4.88,4921,2.43,30.9,Residential
T00493,R0038,Zone_4,2.71,22.93,49.0,Credit Card,2023-03-30,0,Aarav Singh,37,Other,Kolkata,2023-02-11,68,7,4.07,4038,2.46,48.2,Business
T00494,R0296,Zone_3,14.6,144.15,132.06,Cash,2023-07-11,0,Reyansh Patel,37,Other,Hyderabad,2021-02-20,390,58,3.97,12971,2.11,38.0,Business
T00495,R0167,Zone_7,7.95,68.38,178.37,Credit Card,2024-02-10,1,Kavya Nair,44,Male,Hyderabad,2022-08-25,117,5,4.75,11070,0.64,45.2,Industrial
T00496,R0295,Zone_10,3.77,21.04,33.34,Wallet,2024-05-09,1,Kavya Gupta,18,Female,Delhi,2019-05-29,98,18,3.59,2440,1.54,35.4,Industrial
T00497,R0043,Zone_2,12.56,91.02,170.33,Credit Card,2023-12-11,0,Diya Kumar,28,Male,Ahmedabad,2021-12-10,85,16,4.68,6371,0.91,58.4,Residential
T00498,R0113,Zone_8,1.13,5.93,27.77,Credit Card,2024-01-17,1,Aadhya Singh,26,Other,Chennai,2019-03-09,423,26,4.61,4516,1.93,31.0,Business
T00499,R0100,Zone_5,5.26,43.63,102.93,Cash,2023-04-02,1,Ishaan Gupta,28,Male,Delhi,2021-05-24,383,60,3.79,2590,1.31,43.9,Business
T00500,R0033,Zone_9,8.0,50.09,151.72,Cash,2024-01-22,0,Diya Iyer,18,Female,Chennai,2019-05-22,472,37,3.24,11037,1.83,56.1,Mixed
T00501,R0048,Zone_10,7.39,40.87,166.35,Wallet,2024-05-28,1,Kavya Sharma,35,Male,Hyderabad,2019-05-31,207,1,3.02,2440,1.54,35.4,Industrial
T00502,R0256,Zone_9,2.04,11.32,41.24,Credit Card,2024-06-26,0,Aadhya Sharma,31,Female,Delhi,2021-03-25,265,8,3.65,11037,1.83,56.1,Mixed
T00503,R0195,Zone_5,3.4,17.39,52.47,UPI,2024-07-22,0,Aadhya Reddy,33,Male,Kolkata,2021-05-27,72,10,4.97,2590,1.31,43.9,Business
T00504,R0092,Zone_10,8.84,67.65,83.37,Wallet,2023-02-27,0,Aarav Nair,21,Male,Surat,2019-07-18,252,23,4.51,2440,1.54,35.4,Industrial
T00505,R0126,Zone_5,1.4,13.21,12.73,UPI,2024-04-19,1,Diya Reddy,29,Female,Surat,2022-09-25,411,20,3.65,2590,1.31,43.9,Business
T00506,R0058,Zone_9,14.33,74.67,196.98,Wallet,2023-07-07,1,Vivaan Reddy,46,Male,Kolkata,2021-05-31,480,25,4.32,11037,1.83,56.1,Mixed
T00507,R0146,Zone_3,10.48,81.92,95.74,Credit Card,2024-02-21,1,Kavya Gupta,30,Male,Surat,2020-04-15,80,11,3.89,12971,2.11,38.0,Business
T00508,R0027,Zone_4,5.43,36.8,93.29,UPI,2024-02-22,1,Ishaan Iyer,39,Male,Jaipur,2019-10-05,403,61,3.98,4038,2.46,48.2,Business
T00509,R0040,Zone_3,6.9,44.89,136.69,Credit Card,2024-01-21,0,Aarav Gupta,34,Other,Surat,2023-05-05,485,36,4.41,12971,2.11,38.0,Business
T00510,R0044,Zone_6,17.31,121.35,305.08,UPI,2024-04-04,1,Arjun Gupta,36,Female,Hyderabad,2020-08-01,271,5,3.21,14627,0.54,37.6,Mixed
T00511,R0255,Zone_1,12.68,79.77,161.39,Wallet,2023-01-04,0,Reyansh Sharma,37,Female,Bengaluru,2021-07-06,475,42,3.12,4921,2.43,30.9,Residential
T00512,R0119,Zone_2,9.9,57.09,121.66,Credit Card,2024-05-21,0,Saanvi Iyer,47,Male,Hyderabad,2023-05-05,30,1,4.39,6371,0.91,58.4,Residential
T00513,R0203,Zone_7,0.92,6.6,18.93,Credit Card,2024-02-08,0,Kavya Gupta,49,Female,Bengaluru,2023-07-25,152,9,3.6,11070,0.64,45.2,Industrial
T00514,R0257,Zone_3,16.15,85.54,168.43,Cash,2023-05-20,0,Arjun Reddy,36,Other,Delhi,2023-03-11,459,19,4.82,12971,2.11,38.0,Business
T00515,R0200,Zone_3,13.26,86.99,131.03,Cash,2023-11-11,1,Kavya Kumar,30,Other,Bengaluru,2021-11-15,443,87,3.6,12971,2.11,38.0,Business
T00516,R0103,Zone_1,7.26,67.64,94.7,Credit Card,2023-09-18,1,Ishaan Gupta,37,Other,Surat,2022-11-24,175,14,3.07,4921,2.43,30.9,Residential
T00517,R0055,Zone_3,5.25,28.74,49.29,Wallet,2023-07-08,1,Kavya Singh,32,Male,Delhi,2021-11-07,425,12,4.19,12971,2.11,38.0,Business
T00518,R0291,Zone_5,7.06,49.66,112.18,Wallet,2023-02-23,1,Arjun Ghosh,23,Other,Pune,2021-04-19,499,94,3.46,2590,1.31,43.9,Business
T00519,R0180,Zone_7,1.99,19.56,17.39,Credit Card,2023-08-08,0,Diya Kumar,33,Male,Hyderabad,2019-12-03,44,4,4.53,11070,0.64,45.2,Industrial
T00520,R0221,Zone_10,5.65,30.29,109.51,UPI,2024-04-23,0,Diya Patel,21,Female,Delhi,2021-01-13,106,1,4.41,2440,1.54,35.4,Industrial
T00521,R0240,Zone_10,11.82,111.26,263.6,UPI,2024-02-13,1,Aarav Iyer,30,Male,Delhi,2020-05-18,174,2,4.07,2440,1.54,35.4,Industrial
T00522,R0131,Zone_2,1.04,5.23,12.62,Cash,2024-07-25,0,Reyansh Ghosh,24,Male,Surat,2019-10-22,99,7,3.6,6371,0.91,58.4,Residential
T00523,R0044,Zone_4,6.43,50.8,80.02,UPI,2024-01-20,0,Arjun Gupta,36,Female,Hyderabad,2020-08-01,271,5,3.21,4038,2.46,48.2,Business
T00524,R0100,Zone_4,8.57,83.49,71.4,Wallet,2024-01-08,1,Ishaan Gupta,28,Male,Delhi,2021-05-24,383,60,3.79,4038,2.46,48.2,Business
T00525,R0207,Zone_3,8.52,62.34,174.3,Wallet,2023-11-13,0,Ishaan Iyer,31,Male,Mumbai,2023-12-06,47,3,3.93,12971,2.11,38.0,Business
T00526,R0207,Zone_3,2.11,18.12,29.03,Wallet,2023-11-20,1,Ishaan Iyer,31,Male,Mumbai,2023-12-06,47,3,3.93,12971,2.11,38.0,Business
T00527,R0292,Zone_1,2.09,13.43,47.71,Credit Card,2024-02-19,1,Diya Patel,37,Female,Jaipur,2020-06-28,141,19,4.39,4921,2.43,30.9,Residential
T00528,R0257,Zone_3,13.45,121.78,305.45,Cash,2023-05-08,1,Arjun Reddy,36,Other,Delhi,2023-03-11,459,19,4.82,12971,2.11,38.0,Business
T00529,R0015,Zone_7,1.88,10.26,33.99,Wallet,2024-01-28,0,Saanvi Patel,28,Other,Chennai,2022-12-19,46,1,3.87,11070,0.64,45.2,Industrial
T00530,R0112,Zone_1,13.04,99.41,118.18,Cash,2023-03-08,0,Meera Nair,41,Female,Delhi,2020-11-13,311,11,3.24,4921,2.43,30.9,Residential
T00531,R0267,Zone_2,5.59,46.5,122.05,UPI,2024-04-24,1,Arjun Iyer,37,Other,Jaipur,2021-01-01,131,11,4.5,6371,0.91,58.4,Residential
T00532,R0263,Zone_1,13.4,77.64,221.62,Wallet,2023-06-03,1,Ishaan Das,31,Other,Chennai,2020-12-30,297,21,3.84,4921,2.43,30.9,Residential
T00533,R0172,Zone_7,5.89,32.82,57.12,UPI,2023-02-01,1,Reyansh Reddy,31,Other,Pune,2019-12-24,168,14,3.72,11070,0.64,45.2,Industrial
T00534,R0284,Zone_8,2.17,13.05,51.16,UPI,2024-06-07,1,Vivaan Das,28,Female,Surat,2019-07-31,135,19,4.95,4516,1.93,31.0,Business
T00535,R0268,Zone_5,12.28,103.14,253.82,Wallet,2023-11-20,1,Ishaan Kumar,34,Male,Chennai,2022-10-16,10,0,4.6,2590,1.31,43.9,Business
T00536,R0008,Zone_6,7.91,52.23,180.63,Cash,2023-10-12,0,Ishaan Ghosh,28,Female,Jaipur,2022-10-01,215,23,4.02,14627,0.54,37.6,Mixed
T00537,R0183,Zone_6,15.24,150.36,141.28,Credit Card,2023-03-22,0,Arjun Patel,43,Other,Jaipur,2022-08-27,406,66,3.79,14627,0.54,37.6,Mixed
T00538,R0234,Zone_1,12.46,108.52,224.08,Credit Card,2023-09-02,0,Saanvi Nair,32,Other,Pune,2022-12-01,183,31,3.98,4921,2.43,30.9,Residential
T00539,R0172,Zone_6,6.85,45.73,120.22,UPI,2024-03-03,0,Reyansh Reddy,31,Other,Pune,2019-12-24,168,14,3.72,14627,0.54,37.6,Mixed
T00540,R0023,Zone_5,5.75,56.32,70.29,Credit Card,2023-03-02,1,Meera Iyer,24,Other,Jaipur,2019-10-09,176,32,3.21,2590,1.31,43.9,Business
T00541,R0288,Zone_8,8.12,67.78,81.83,Cash,2023-10-21,1,Diya Ghosh,42,Male,Ahmedabad,2021-08-30,43,5,4.56,4516,1.93,31.0,Business
T00542,R0238,Zone_2,8.95,74.18,155.25,Wallet,2023-03-20,1,Reyansh Patel,30,Other,Pune,2019-04-22,362,56,4.91,6371,0.91,58.4,Residential
T00543,R0005,Zone_10,3.59,22.45,59.14,Credit Card,2023-02-19,0,Diya Reddy,27,Male,Ahmedabad,2021-05-31,294,30,3.53,2440,1.54,35.4,Industrial
T00544,R0133,Zone_3,12.21,79.45,159.69,Cash,2023-01-03,1,Diya Kumar,25,Female,Delhi,2019-07-13,155,11,4.4,12971,2.11,38.0,Business
T00545,R0051,Zone_5,6.01,59.55,60.9,Credit Card,2024-08-07,1,Aarav Nair,21,Male,Kolkata,2020-04-05,213,14,4.02,2590,1.31,43.9,Business
T00546,R0178,Zone_4,5.88,40.04,144.17,Wallet,2024-06-27,1,Saanvi Ghosh,27,Male,Delhi,2021-05-15,56,7,3.13,4038,2.46,48.2,Business
T00547,R0016,Zone_9,5.3,29.91,48.14,UPI,2023-11-08,1,Aarav Iyer,28,Female,Delhi,2022-01-24,356,51,3.06,11037,1.83,56.1,Mixed
T00548,R0211,Zone_4,9.16,68.5,91.28,UPI,2023-08-10,0,Arjun Reddy,36,Female,Mumbai,2021-04-04,435,17,3.63,4038,2.46,48.2,Business
T00549,R0046,Zone_2,4.54,30.89,73.67,Wallet,2024-05-28,1,Vivaan Singh,31,Female,Kolkata,2019-08-16,31,4,3.87,6371,0.91,58.4,Residential
T00550,R0129,Zone_6,8.67,86.27,133.85,UPI,2023-01-05,0,Vivaan Singh,35,Male,Hyderabad,2022-10-08,158,10,3.9,14627,0.54,37.6,Mixed
T00551,R0121,Zone_9,21.83,190.53,354.27,Wallet,2023-11-27,0,Diya Iyer,29,Male,Pune,2023-07-13,378,10,4.17,11037,1.83,56.1,Mixed
T00552,R0005,Zone_2,7.73,64.25,102.14,Credit Card,2024-07-27,1,Diya Reddy,27,Male,Ahmedabad,2021-05-31,294,30,3.53,6371,0.91,58.4,Residential
T00553,R0292,Zone_7,5.83,32.17,85.19,Wallet,2024-06-23,1,Diya Patel,37,Female,Jaipur,2020-06-28,141,19,4.39,11070,0.64,45.2,Industrial
T00554,R0143,Zone_6,0.34,2.43,6.66,Wallet,2023-10-27,1,Meera Kumar,42,Other,Kolkata,2023-03-28,74,13,4.56,14627,0.54,37.6,Mixed
T00555,R0293,Zone_3,8.25,70.59,124.79,Cash,2023-01-06,1,Arjun Kumar,39,Female,Delhi,2019-10-01,248,44,3.2,12971,2.11,38.0,Business
T00556,R0175,Zone_10,2.45,19.43,53.43,Cash,2024-06-09,1,Diya Patel,35,Male,Chennai,2022-08-18,98,8,3.48,2440,1.54,35.4,Industrial
T00557,R0196,Zone_10,6.12,31.21,115.58,Cash,2023-01-05,1,Vivaan Das,18,Male,Hyderabad,2019-06-24,51,9,4.93,2440,1.54,35.4,Industrial
T00558,R0145,Zone_5,8.76,84.65,94.17,Wallet,2023-06-29,0,Saanvi Nair,36,Female,Jaipur,2022-12-09,222,43,4.3,2590,1.31,43.9,Business
T00559,R0010,Zone_1,0.65,4.04,5.95,Credit Card,2023-07-19,1,Vivaan Gupta,25,Female,Surat,2023-05-14,173,1,3.38,4921,2.43,30.9,Residential
T00560,R0106,Zone_1,8.79,44.59,85.75,UPI,2023-03-08,0,Aarav Patel,32,Other,Bengaluru,2021-11-25,6,1,4.03,4921,2.43,30.9,Residential
T00561,R0278,Zone_9,9.52,81.51,158.21,UPI,2023-09-18,1,Aarav Reddy,20,Female,Mumbai,2021-09-02,382,58,4.27,11037,1.83,56.1,Mixed
T00562,R0242,Zone_10,1.51,13.28,20.21,UPI,2024-06-13,0,Kavya Iyer,34,Male,Ahmedabad,2022-06-05,445,8,4.54,2440,1.54,35.4,Industrial
T00563,R0211,Zone_5,6.04,52.85,79.74,Credit Card,2023-05-08,0,Arjun Reddy,36,Female,Mumbai,2021-04-04,435,17,3.63,2590,1.31,43.9,Business
T00564,R0003,Zone_5,1.15,8.5,17.88,Wallet,2023-01-26,1,Kavya Reddy,34,Male,Pune,2023-05-04,45,9,3.76,2590,1.31,43.9,Business
T00565,R0139,Zone_9,15.88,90.14,211.49,UPI,2023-09-04,1,Diya Gupta,44,Other,Kolkata,2023-10-09,155,7,4.39,11037,1.83,56.1,Mixed
T00566,R0028,Zone_3,9.65,86.84,188.55,Wallet,2023-09-29,1,Reyansh Sharma,20,Female,Surat,2023-11-11,249,21,3.79,12971,2.11,38.0,Business
T00567,R0177,Zone_10,7.1,55.19,140.55,Wallet,2024-02-06,1,Ishaan Reddy,34,Other,Bengaluru,2023-02-15,489,63,4.48,2440,1.54,35.4,Industrial
T00568,R0067,Zone_7,7.18,67.45,151.87,UPI,2023-04-01,1,Saanvi Iyer,32,Male,Pune,2022-07-24,348,9,3.38,11070,0.64,45.2,Industrial
T00569,R0077,Zone_3,13.66,71.95,231.84,Cash,2023-09-16,0,Reyansh Das,28,Male,Mumbai,2019-09-07,406,72,3.79,12971,2.11,38.0,Business
T00570,R0167,Zone_9,7.53,47.67,122.72,Cash,2023-08-08,0,Kavya Nair,44,Male,Hyderabad,2022-08-25,117,5,4.75,11037,1.83,56.1,Mixed
T00571,R0167,Zone_10,9.65,81.83,191.62,Credit Card,2024-07-24,1,Kavya Nair,44,Male,Hyderabad,2022-08-25,117,5,4.75,2440,1.54,35.4,Industrial
T00572,R0086,Zone_3,15.59,152.65,354.96,Wallet,2024-04-19,0,Vivaan Patel,23,Male,Hyderabad,2019-11-08,337,17,4.56,12971,2.11,38.0,Business
T00573,R0170,Zone_1,6.27,60.88,114.19,UPI,2024-02-15,0,Saanvi Kumar,29,Other,Bengaluru,2020-05-20,28,3,3.68,4921,2.43,30.9,Residential
T00574,R0236,Zone_6,2.54,22.73,20.65,Wallet,2023-11-05,0,Arjun Gupta,28,Male,Ahmedabad,2020-08-10,61,1,3.36,14627,0.54,37.6,Mixed
T00575,R0141,Zone_8,3.88,25.14,92.56,UPI,2024-05-26,0,Arjun Das,25,Other,Jaipur,2019-07-08,53,0,4.29,4516,1.93,31.0,Business
T00576,R0049,Zone_10,15.14,80.45,148.79,Wallet,2023-08-31,0,Meera Iyer,39,Male,Mumbai,2020-05-19,375,55,4.4,2440,1.54,35.4,Industrial
T00577,R0055,Zone_6,8.46,68.07,69.76,Credit Card,2023-01-09,0,Kavya Singh,32,Male,Delhi,2021-11-07,425,12,4.19,14627,0.54,37.6,Mixed
T00578,R0007,Zone_10,5.49,44.83,83.51,Credit Card,2024-02-09,0,Ishaan Ghosh,18,Female,Mumbai,2021-03-26,458,82,4.03,2440,1.54,35.4,Industrial
T00579,R0249,Zone_1,12.87,127.32,191.9,Wallet,2024-05-23,1,Diya Nair,20,Male,Mumbai,2023-03-24,396,48,4.49,4921,2.43,30.9,Residential
T00580,R0284,Zone_3,12.99,102.01,116.95,UPI,2024-06-21,1,Vivaan Das,28,Female,Surat,2019-07-31,135,19,4.95,12971,2.11,38.0,Business
T00581,R0193,Zone_5,5.62,32.23,112.89,Wallet,2023-12-21,0,Kavya Singh,33,Female,Chennai,2022-01-03,389,68,4.41,2590,1.31,43.9,Business
T00582,R0177,Zone_5,3.14,17.29,38.14,Credit Card,2024-08-10,0,Ishaan Reddy,34,Other,Bengaluru,2023-02-15,489,63,4.48,2590,1.31,43.9,Business
T00583,R0147,Zone_5,0.15,1.49,2.71,Wallet,2023-02-10,0,Saanvi Nair,35,Other,Mumbai,2022-08-29,239,21,3.91,2590,1.31,43.9,Business
T00584,R0104,Zone_5,0.97,6.57,11.09,Cash,2024-03-04,0,Diya Gupta,52,Male,Kolkata,2021-05-27,328,1,3.7,2590,1.31,43.9,Business
T00585,R0088,Zone_9,6.68,60.36,76.64,Wallet,2023-08-03,1,Diya Iyer,22,Other,Jaipur,2019-07-07,438,0,4.78,11037,1.83,56.1,Mixed
T00586,R0040,Zone_3,3.5300000000000002,33.61,32.14,UPI,2024-06-26,1,Aarav Gupta,34,Other,Surat,2023-05-05,485,36,4.41,12971,2.11,38.0,Business
T00587,R0176,Zone_9,17.29,129.09,379.63,Wallet,2024-02-04,0,Kavya Gupta,43,Male,Mumbai,2019-05-24,260,13,3.95,11037,1.83,56.1,Mixed
T00588,R0103,Zone_7,8.29,74.64,139.36,Cash,2023-06-22,0,Ishaan Gupta,37,Other,Surat,2022-11-24,175,14,3.07,11070,0.64,45.2,Industrial
T00589,R0149,Zone_6,1.71,13.77,28.65,Credit Card,2023-10-05,0,Diya Reddy,30,Male,Jaipur,2019-09-14,89,8,4.57,14627,0.54,37.6,Mixed
T00590,R0067,Zone_6,15.09,133.2,145.23,Credit Card,2024-06-17,1,Saanvi Iyer,32,Male,Pune,2022-07-24,348,9,3.38,14627,0.54,37.6,Mixed
T00591,R0028,Zone_4,8.81,61.37,116.5,Cash,2023-08-24,0,Reyansh Sharma,20,Female,Surat,2023-11-11,249,21,3.79,4038,2.46,48.2,Business
T00592,R0098,Zone_5,11.52,78.71,114.56,Credit Card,2023-02-05,0,Diya Singh,21,Other,Bengaluru,2023-04-29,286,56,3.5,2590,1.31,43.9,Business
T00593,R0154,Zone_4,11.41,58.38,228.63,Wallet,2023-08-24,0,Kavya Patel,18,Other,Kolkata,2019-03-25,466,79,4.68,4038,2.46,48.2,Business
T00594,R0187,Zone_9,9.48,82.32,229.76,Cash,2024-07-23,1,Saanvi Reddy,27,Other,Surat,2022-08-05,357,38,4.71,11037,1.83,56.1,Mixed
T00595,R0175,Zone_2,10.62,80.66,135.0,Cash,2024-01-16,1,Diya Patel,35,Male,Chennai,2022-08-18,98,8,3.48,6371,0.91,58.4,Residential
T00596,R0290,Zone_10,9.19,58.17,176.65,UPI,2023-09-09,0,Saanvi Kumar,34,Other,Chennai,2020-05-06,169,4,4.28,2440,1.54,35.4,Industrial
T00597,R0019,Zone_5,2.47,20.08,56.95,Cash,2023-07-11,0,Kavya Patel,40,Other,Mumbai,2023-04-02,266,24,4.08,2590,1.31,43.9,Business
T00598,R0077,Zone_8,9.83,57.3,109.08,Credit Card,2023-10-08,0,Reyansh Das,28,Male,Mumbai,2019-09-07,406,72,3.79,4516,1.93,31.0,Business
T00599,R0077,Zone_8,13.12,118.75,124.69,UPI,2023-08-18,1,Reyansh Das,28,Male,Mumbai,2019-09-07,406,72,3.79,4516,1.93,31.0,Business
T00600,R0058,Zone_9,6.95,59.97,83.74,Wallet,2023-09-10,1,Vivaan Reddy,46,Male,Kolkata,2021-05-31,480,25,4.32,11037,1.83,56.1,Mixed
T00601,R0070,Zone_3,10.76,96.0,254.15,Wallet,2024-05-04,1,Meera Reddy,33,Male,Bengaluru,2023-01-03,310,6,3.54,12971,2.11,38.0,Business
T00602,R0268,Zone_10,10.1,100.47,211.34,UPI,2023-07-25,1,Ishaan Kumar,34,Male,Chennai,2022-10-16,10,0,4.6,2440,1.54,35.4,Industrial
T00603,R0021,Zone_10,17.08,144.62,390.78,Wallet,2023-04-09,0,Diya Ghosh,37,Female,Pune,2019-05-08,380,17,3.91,2440,1.54,35.4,Industrial
T00604,R0290,Zone_6,6.74,55.38,55.87,Credit Card,2023-06-02,1,Saanvi Kumar,34,Other,Chennai,2020-05-06,169,4,4.28,14627,0.54,37.6,Mixed
T00605,R0134,Zone_2,6.54,58.19,156.44,Wallet,2023-07-10,1,Aadhya Singh,34,Male,Jaipur,2022-07-30,410,29,4.59,6371,0.91,58.4,Residential
T00606,R0190,Zone_1,7.42,41.81,83.65,Wallet,2024-06-01,0,Saanvi Iyer,35,Other,Surat,2020-09-25,274,47,4.12,4921,2.43,30.9,Residential
T00607,R0232,Zone_7,7.49,65.67,161.66,UPI,2024-06-28,1,Meera Das,38,Male,Jaipur,2022-12-08,172,15,3.94,11070,0.64,45.2,Industrial
T00608,R0180,Zone_10,3.36,18.11,60.68,Cash,2023-09-26,1,Diya Kumar,33,Male,Hyderabad,2019-12-03,44,4,4.53,2440,1.54,35.4,Industrial
T00609,R0088,Zone_9,4.79,26.77,39.37,UPI,2024-02-17,0,Diya Iyer,22,Other,Jaipur,2019-07-07,438,0,4.78,11037,1.83,56.1,Mixed
T00610,R0157,Zone_6,9.5,80.41,84.66,Wallet,2023-09-18,1,Kavya Nair,36,Female,Hyderabad,2021-11-23,319,27,4.65,14627,0.54,37.6,Mixed
T00611,R0099,Zone_4,7.96,61.42,151.42,UPI,2024-01-28,1,Diya Gupta,35,Other,Mumbai,2021-08-21,80,8,3.7,4038,2.46,48.2,Business
T00612,R0247,Zone_8,4.0,39.7,87.48,Credit Card,2024-03-07,0,Aadhya Das,37,Male,Bengaluru,2021-05-11,249,47,4.92,4516,1.93,31.0,Business
T00613,R0148,Zone_3,4.68,38.57,101.07,Cash,2024-08-01,1,Aarav Kumar,44,Male,Ahmedabad,2019-09-30,412,34,3.36,12971,2.11,38.0,Business
T00614,R0252,Zone_5,6.22,32.14,82.7,UPI,2024-02-10,0,Reyansh Gupta,38,Other,Ahmedabad,2020-09-23,392,47,4.83,2590,1.31,43.9,Business
T00615,R0249,Zone_1,3.99,20.79,81.77,Wallet,2023-11-30,0,Diya Nair,20,Male,Mumbai,2023-03-24,396,48,4.49,4921,2.43,30.9,Residential
T00616,R0182,Zone_4,5.43,34.75,111.09,Credit Card,2024-01-15,1,Meera Patel,43,Male,Jaipur,2020-09-30,8,0,4.4,4038,2.46,48.2,Business
T00617,R0215,Zone_7,5.3,47.72,89.41,Cash,2024-05-26,1,Saanvi Gupta,26,Female,Hyderabad,2020-02-28,438,48,3.24,11070,0.64,45.2,Industrial
T00618,R0282,Zone_2,12.48,112.31,131.55,Wallet,2024-03-17,1,Reyansh Kumar,22,Other,Bengaluru,2022-05-02,319,3,4.47,6371,0.91,58.4,Residential
T00619,R0026,Zone_8,13.08,87.75,177.87,Credit Card,2024-07-08,1,Aarav Kumar,26,Female,Surat,2020-04-17,44,5,3.17,4516,1.93,31.0,Business
T00620,R0120,Zone_9,12.67,91.94,164.83,Credit Card,2024-07-20,1,Ishaan Gupta,18,Other,Surat,2020-07-12,311,15,4.55,11037,1.83,56.1,Mixed
T00621,R0261,Zone_4,10.13,63.13,190.94,Credit Card,2023-12-11,0,Aarav Kumar,31,Male,Pune,2022-08-26,477,83,4.24,4038,2.46,48.2,Business
T00622,R0117,Zone_3,4.46,30.63,101.5,Cash,2023-07-24,1,Aadhya Gupta,21,Female,Ahmedabad,2021-06-12,369,37,3.16,12971,2.11,38.0,Business
T00623,R0236,Zone_3,12.8,93.31,160.15,Wallet,2023-06-23,0,Arjun Gupta,28,Male,Ahmedabad,2020-08-10,61,1,3.36,12971,2.11,38.0,Business
T00624,R0199,Zone_7,6.43,46.45,157.91,UPI,2023-01-31,0,Aarav Das,29,Male,Ahmedabad,2021-08-03,344,27,3.91,11070,0.64,45.2,Industrial
T00625,R0099,Zone_2,8.12,45.04,125.93,Cash,2023-06-06,1,Diya Gupta,35,Other,Mumbai,2021-08-21,80,8,3.7,6371,0.91,58.4,Residential
T00626,R0254,Zone_6,14.69,127.86,246.29,Wallet,2024-04-17,1,Meera Kumar,18,Male,Delhi,2020-03-09,363,70,3.68,14627,0.54,37.6,Mixed
T00627,R0215,Zone_1,8.42,65.2,194.46,Wallet,2023-06-11,0,Saanvi Gupta,26,Female,Hyderabad,2020-02-28,438,48,3.24,4921,2.43,30.9,Residential
T00628,R0011,Zone_9,9.24,53.33,173.78,Wallet,2023-01-17,0,Vivaan Nair,26,Male,Chennai,2020-04-14,208,34,4.0,11037,1.83,56.1,Mixed
T00629,R0202,Zone_2,0.9400000000000001,9.32,8.98,Credit Card,2023-07-30,1,Aadhya Reddy,27,Male,Ahmedabad,2021-10-28,317,0,4.72,6371,0.91,58.4,Residential
T00630,R0014,Zone_9,10.44,104.32,248.28,Wallet,2024-04-02,0,Aarav Das,26,Female,Ahmedabad,2021-06-08,325,53,3.0,11037,1.83,56.1,Mixed
T00631,R0223,Zone_1,3.1,23.61,60.84,UPI,2023-01-12,1,Meera Ghosh,30,Female,Surat,2019-11-29,158,10,4.04,4921,2.43,30.9,Residential
T00632,R0296,Zone_1,13.06,98.26,211.91,Cash,2024-08-04,0,Reyansh Patel,37,Other,Hyderabad,2021-02-20,390,58,3.97,4921,2.43,30.9,Residential
T00633,R0073,Zone_5,7.08,40.86,147.7,Wallet,2023-10-16,1,Meera Das,41,Other,Ahmedabad,2021-06-19,490,30,3.01,2590,1.31,43.9,Business
T00634,R0154,Zone_2,3.18,26.38,41.28,Credit Card,2024-03-16,1,Kavya Patel,18,Other,Kolkata,2019-03-25,466,79,4.68,6371,0.91,58.4,Residential
T00635,R0275,Zone_10,6.21,54.65,58.18,Credit Card,2024-07-02,1,Ishaan Das,21,Other,Jaipur,2022-10-04,247,17,3.07,2440,1.54,35.4,Industrial
T00636,R0156,Zone_10,6.86,62.33,169.38,Wallet,2023-02-15,0,Ishaan Iyer,33,Female,Jaipur,2022-07-07,255,18,4.28,2440,1.54,35.4,Industrial
T00637,R0097,Zone_9,10.43,91.42,172.22,Cash,2023-06-23,0,Aarav Iyer,23,Other,Bengaluru,2021-01-25,478,5,3.28,11037,1.83,56.1,Mixed
T00638,R0074,Zone_10,11.35,102.24,272.71,Cash,2024-07-10,1,Vivaan Ghosh,23,Male,Kolkata,2023-09-11,199,22,4.89,2440,1.54,35.4,Industrial
T00639,R0291,Zone_2,6.36,52.12,77.79,Wallet,2023-09-19,0,Arjun Ghosh,23,Other,Pune,2021-04-19,499,94,3.46,6371,0.91,58.4,Residential
T00640,R0105,Zone_2,13.06,111.2,238.26,Cash,2023-12-14,1,Diya Das,31,Female,Jaipur,2020-09-28,346,9,3.69,6371,0.91,58.4,Residential
T00641,R0298,Zone_2,7.84,51.89,109.17,Cash,2024-08-07,0,Vivaan Singh,35,Female,Ahmedabad,2020-03-25,65,11,3.88,6371,0.91,58.4,Residential
T00642,R0064,Zone_6,4.43,26.39,92.16,Cash,2024-06-01,1,Ishaan Nair,21,Female,Bengaluru,2023-09-30,214,2,4.21,14627,0.54,37.6,Mixed
T00643,R0216,Zone_2,2.44,13.98,20.76,Cash,2023-01-13,1,Ishaan Ghosh,44,Female,Chennai,2019-08-01,335,24,3.4,6371,0.91,58.4,Residential
T00644,R0113,Zone_3,1.73,14.83,27.56,Cash,2023-01-07,0,Aadhya Singh,26,Other,Chennai,2019-03-09,423,26,4.61,12971,2.11,38.0,Business
T00645,R0115,Zone_1,12.8,66.54,204.15,Credit Card,2024-02-23,1,Aarav Ghosh,40,Female,Bengaluru,2020-03-01,170,15,4.4,4921,2.43,30.9,Residential
T00646,R0174,Zone_7,12.15,64.55,263.3,UPI,2024-02-10,0,Aadhya Patel,32,Male,Kolkata,2019-02-07,320,7,3.8,11070,0.64,45.2,Industrial
T00647,R0056,Zone_6,4.12,38.92,80.46,UPI,2024-02-10,1,Meera Patel,40,Other,Hyderabad,2021-02-26,93,13,3.25,14627,0.54,37.6,Mixed
T00648,R0110,Zone_8,13.89,96.27,200.61,Cash,2023-03-20,0,Vivaan Patel,19,Female,Kolkata,2023-02-04,224,28,4.43,4516,1.93,31.0,Business
T00649,R0278,Zone_10,8.51,72.63,199.06,Wallet,2024-07-30,1,Aarav Reddy,20,Female,Mumbai,2021-09-02,382,58,4.27,2440,1.54,35.4,Industrial
T00650,R0183,Zone_3,5.89,52.13,120.01,Cash,2023-02-09,0,Arjun Patel,43,Other,Jaipur,2022-08-27,406,66,3.79,12971,2.11,38.0,Business
T00651,R0253,Zone_9,4.54,40.37,36.81,Cash,2023-09-16,0,Ishaan Gupta,26,Male,Surat,2021-08-19,173,24,3.16,11037,1.83,56.1,Mixed
T00652,R0051,Zone_2,4.11,36.54,92.07,Cash,2024-03-14,0,Aarav Nair,21,Male,Kolkata,2020-04-05,213,14,4.02,6371,0.91,58.4,Residential
T00653,R0076,Zone_7,10.36,60.83,106.01,Wallet,2023-10-31,1,Reyansh Reddy,40,Male,Bengaluru,2022-01-02,137,13,3.34,11070,0.64,45.2,Industrial
T00654,R0091,Zone_6,11.25,78.11,193.37,Credit Card,2024-07-13,1,Meera Das,41,Other,Surat,2022-04-16,334,43,3.4,14627,0.54,37.6,Mixed
T00655,R0299,Zone_4,9.19,69.59,159.7,Wallet,2023-12-19,0,Ishaan Gupta,33,Other,Kolkata,2020-09-04,457,0,3.92,4038,2.46,48.2,Business
T00656,R0073,Zone_10,2.25,11.5,41.0,Credit Card,2023-02-08,0,Meera Das,41,Other,Ahmedabad,2021-06-19,490,30,3.01,2440,1.54,35.4,Industrial
T00657,R0101,Zone_6,9.48,67.16,153.7,Credit Card,2023-07-18,0,Aarav Singh,37,Female,Delhi,2020-11-01,228,29,3.03,14627,0.54,37.6,Mixed
T00658,R0034,Zone_4,10.83,85.4,175.44,UPI,2024-06-29,1,Arjun Iyer,26,Other,Chennai,2019-04-23,484,48,3.1,4038,2.46,48.2,Business
T00659,R0235,Zone_8,4.65,41.2,54.67,Cash,2023-03-24,1,Aarav Ghosh,34,Other,Delhi,2021-02-15,284,8,4.06,4516,1.93,31.0,Business
T00660,R0298,Zone_4,8.22,44.79,124.91,Credit Card,2023-05-08,1,Vivaan Singh,35,Female,Ahmedabad,2020-03-25,65,11,3.88,4038,2.46,48.2,Business
T00661,R0232,Zone_1,1.32,10.7,16.12,Cash,2024-05-24,0,Meera Das,38,Male,Jaipur,2022-12-08,172,15,3.94,4921,2.43,30.9,Residential
T00662,R0263,Zone_1,1.85,9.39,39.72,UPI,2023-11-22,1,Ishaan Das,31,Other,Chennai,2020-12-30,297,21,3.84,4921,2.43,30.9,Residential
T00663,R0219,Zone_1,6.38,39.23,98.44,Wallet,2023-05-12,0,Vivaan Sharma,25,Female,Pune,2021-04-13,498,83,4.15,4921,2.43,30.9,Residential
T00664,R0164,Zone_1,6.45,40.09,156.9,Wallet,2024-05-09,0,Aadhya Ghosh,37,Other,Ahmedabad,2022-07-06,249,23,4.02,4921,2.43,30.9,Residential
T00665,R0068,Zone_6,9.76,72.89,188.8,Cash,2023-03-14,0,Meera Singh,30,Female,Ahmedabad,2022-08-31,456,70,4.97,14627,0.54,37.6,Mixed
T00666,R0078,Zone_6,2.07,20.62,19.63,UPI,2023-10-30,1,Saanvi Sharma,30,Other,Jaipur,2023-01-02,97,9,3.62,14627,0.54,37.6,Mixed
T00667,R0169,Zone_8,6.29,59.47,147.72,Cash,2024-03-28,0,Reyansh Kumar,32,Male,Delhi,2023-02-21,497,81,4.19,4516,1.93,31.0,Business
T00668,R0131,Zone_10,5.55,47.04,109.67,UPI,2023-04-12,1,Reyansh Ghosh,24,Male,Surat,2019-10-22,99,7,3.6,2440,1.54,35.4,Industrial
T00669,R0079,Zone_5,10.64,67.67,180.0,Credit Card,2024-06-22,1,Ishaan Nair,25,Male,Bengaluru,2020-09-23,146,28,4.92,2590,1.31,43.9,Business
T00670,R0225,Zone_2,15.11,116.09,132.56,Wallet,2024-03-19,0,Ishaan Sharma,39,Female,Delhi,2020-06-15,465,9,4.08,6371,0.91,58.4,Residential
T00671,R0083,Zone_5,16.6,148.36,220.66,Credit Card,2023-11-30,1,Kavya Patel,45,Female,Mumbai,2021-12-31,475,39,4.4,2590,1.31,43.9,Business
T00672,R0033,Zone_4,0.16,1.45,3.59,Wallet,2023-02-08,1,Diya Iyer,18,Female,Chennai,2019-05-22,472,37,3.24,4038,2.46,48.2,Business
T00673,R0226,Zone_7,7.76,47.47,102.43,Wallet,2023-11-25,1,Aarav Iyer,20,Other,Surat,2021-07-30,266,2,3.25,11070,0.64,45.2,Industrial
T00674,R0155,Zone_9,2.44,16.42,55.16,Credit Card,2023-03-24,0,Meera Reddy,23,Male,Hyderabad,2019-02-10,353,8,3.14,11037,1.83,56.1,Mixed
T00675,R0299,Zone_5,7.68,47.46,127.94,Credit Card,2023-09-01,0,Ishaan Gupta,33,Other,Kolkata,2020-09-04,457,0,3.92,2590,1.31,43.9,Business
T00676,R0222,Zone_5,10.11,73.39,124.06,Wallet,2024-04-22,1,Aarav Singh,27,Male,Surat,2022-08-28,475,12,3.44,2590,1.31,43.9,Business
T00677,R0237,Zone_5,8.41,50.53,176.08,Credit Card,2023-12-01,0,Aadhya Nair,40,Male,Chennai,2022-12-13,36,3,3.71,2590,1.31,43.9,Business
T00678,R0285,Zone_5,7.75,65.69,99.93,Credit Card,2023-02-19,0,Diya Iyer,29,Female,Chennai,2019-01-10,244,16,4.97,2590,1.31,43.9,Business
T00679,R0247,Zone_4,15.42,104.22,310.8,Wallet,2023-10-22,0,Aadhya Das,37,Male,Bengaluru,2021-05-11,249,47,4.92,4038,2.46,48.2,Business
T00680,R0093,Zone_5,11.6,84.1,156.54,Wallet,2024-05-14,0,Diya Patel,33,Other,Surat,2019-05-30,119,18,3.77,2590,1.31,43.9,Business
T00681,R0288,Zone_2,6.64,65.31,66.38,Wallet,2023-08-13,0,Diya Ghosh,42,Male,Ahmedabad,2021-08-30,43,5,4.56,6371,0.91,58.4,Residential
T00682,R0263,Zone_4,8.12,48.79,66.14,Credit Card,2024-07-02,1,Ishaan Das,31,Other,Chennai,2020-12-30,297,21,3.84,4038,2.46,48.2,Business
T00683,R0143,Zone_3,12.35,76.72,167.95,Wallet,2024-02-16,1,Meera Kumar,42,Other,Kolkata,2023-03-28,74,13,4.56,12971,2.11,38.0,Business
T00684,R0129,Zone_8,11.05,109.43,172.84,Credit Card,2024-06-24,1,Vivaan Singh,35,Male,Hyderabad,2022-10-08,158,10,3.9,4516,1.93,31.0,Business
T00685,R0293,Zone_1,5.87,55.88,88.65,Cash,2024-08-11,1,Arjun Kumar,39,Female,Delhi,2019-10-01,248,44,3.2,4921,2.43,30.9,Residential
T00686,R0183,Zone_6,0.88,5.24,15.53,Cash,2023-01-26,0,Arjun Patel,43,Other,Jaipur,2022-08-27,406,66,3.79,14627,0.54,37.6,Mixed
T00687,R0011,Zone_10,2.08,18.39,45.79,Credit Card,2023-06-28,1,Vivaan Nair,26,Male,Chennai,2020-04-14,208,34,4.0,2440,1.54,35.4,Industrial
T00688,R0240,Zone_1,8.73,81.6,82.5,Cash,2023-12-16,0,Aarav Iyer,30,Male,Delhi,2020-05-18,174,2,4.07,4921,2.43,30.9,Residential
T00689,R0023,Zone_9,0.93,5.95,23.2,Wallet,2023-03-31,0,Meera Iyer,24,Other,Jaipur,2019-10-09,176,32,3.21,11037,1.83,56.1,Mixed
T00690,R0139,Zone_7,7.24,42.34,63.2,UPI,2024-04-12,0,Diya Gupta,44,Other,Kolkata,2023-10-09,155,7,4.39,11070,0.64,45.2,Industrial
T00691,R0233,Zone_9,5.73,45.95,133.37,Credit Card,2024-08-03,1,Ishaan Iyer,30,Other,Hyderabad,2023-11-23,469,41,4.37,11037,1.83,56.1,Mixed
T00692,R0100,Zone_8,13.0,103.45,297.72,Cash,2023-09-29,0,Ishaan Gupta,28,Male,Delhi,2021-05-24,383,60,3.79,4516,1.93,31.0,Business
T00693,R0007,Zone_8,1.4100000000000001,10.2,30.52,Cash,2024-05-08,0,Ishaan Ghosh,18,Female,Mumbai,2021-03-26,458,82,4.03,4516,1.93,31.0,Business
T00694,R0139,Zone_10,1.6600000000000001,12.39,22.71,Credit Card,2024-01-02,0,Diya Gupta,44,Other,Kolkata,2023-10-09,155,7,4.39,2440,1.54,35.4,Industrial
T00695,R0210,Zone_3,5.9,41.55,120.7,Cash,2023-07-07,1,Meera Iyer,34,Other,Mumbai,2022-01-02,94,5,3.4,12971,2.11,38.0,Business
T00696,R0212,Zone_5,11.17,61.83,259.1,UPI,2023-05-30,1,Aadhya Iyer,36,Female,Ahmedabad,2023-09-11,73,12,3.22,2590,1.31,43.9,Business
T00697,R0020,Zone_10,13.35,124.39,176.41,Cash,2023-06-27,1,Diya Das,35,Female,Chennai,2019-09-17,274,21,4.03,2440,1.54,35.4,Industrial
T00698,R0225,Zone_8,3.45,32.28,76.58,UPI,2023-08-29,1,Ishaan Sharma,39,Female,Delhi,2020-06-15,465,9,4.08,4516,1.93,31.0,Business
T00699,R0008,Zone_1,10.35,92.59,230.94,UPI,2023-10-31,1,Ishaan Ghosh,28,Female,Jaipur,2022-10-01,215,23,4.02,4921,2.43,30.9,Residential
T00700,R0057,Zone_5,2.44,14.61,25.52,UPI,2024-01-19,1,Aadhya Reddy,39,Male,Bengaluru,2023-06-04,407,11,3.66,2590,1.31,43.9,Business
T00701,R0185,Zone_3,4.26,26.43,98.86,Credit Card,2023-09-16,0,Vivaan Sharma,27,Male,Delhi,2021-08-27,201,12,4.05,12971,2.11,38.0,Business
T00702,R0166,Zone_9,10.84,82.23,127.69,Cash,2024-07-11,1,Reyansh Sharma,24,Other,Chennai,2021-03-16,349,63,4.29,11037,1.83,56.1,Mixed
T00703,R0169,Zone_6,11.59,84.56,254.99,Wallet,2023-04-12,1,Reyansh Kumar,32,Male,Delhi,2023-02-21,497,81,4.19,14627,0.54,37.6,Mixed
T00704,R0269,Zone_8,3.0,15.1,55.4,Wallet,2023-11-03,1,Aadhya Sharma,41,Male,Mumbai,2019-05-19,423,16,3.41,4516,1.93,31.0,Business
T00705,R0268,Zone_10,10.37,72.86,110.81,Cash,2023-07-31,0,Ishaan Kumar,34,Male,Chennai,2022-10-16,10,0,4.6,2440,1.54,35.4,Industrial
T00706,R0290,Zone_5,1.34,7.33,25.26,Cash,2023-09-16,1,Saanvi Kumar,34,Other,Chennai,2020-05-06,169,4,4.28,2590,1.31,43.9,Business
T00707,R0147,Zone_8,6.99,65.49,96.35,Credit Card,2023-11-13,1,Saanvi Nair,35,Other,Mumbai,2022-08-29,239,21,3.91,4516,1.93,31.0,Business
T00708,R0127,Zone_3,2.33,15.08,27.27,UPI,2023-02-27,0,Vivaan Kumar,38,Male,Chennai,2020-03-17,43,2,4.83,12971,2.11,38.0,Business
T00709,R0120,Zone_5,3.96,21.4,34.72,Wallet,2024-05-01,1,Ishaan Gupta,18,Other,Surat,2020-07-12,311,15,4.55,2590,1.31,43.9,Business
T00710,R0104,Zone_6,1.62,8.4,39.64,UPI,2024-02-14,1,Diya Gupta,52,Male,Kolkata,2021-05-27,328,1,3.7,14627,0.54,37.6,Mixed
T00711,R0138,Zone_10,10.77,59.63,129.77,UPI,2023-07-06,1,Ishaan Das,46,Male,Kolkata,2022-07-28,13,0,3.53,2440,1.54,35.4,Industrial
T00712,R0186,Zone_2,10.77,97.47,91.35,Wallet,2024-06-27,0,Ishaan Sharma,18,Other,Hyderabad,2020-12-11,373,19,3.26,6371,0.91,58.4,Residential
T00713,R0155,Zone_5,4.54,30.68,56.41,UPI,2023-04-13,0,Meera Reddy,23,Male,Hyderabad,2019-02-10,353,8,3.14,2590,1.31,43.9,Business
T00714,R0099,Zone_10,9.88,70.11,193.24,Cash,2023-01-25,1,Diya Gupta,35,Other,Mumbai,2021-08-21,80,8,3.7,2440,1.54,35.4,Industrial
T00715,R0085,Zone_4,9.31,81.46,121.48,Credit Card,2024-05-31,1,Aadhya Ghosh,29,Female,Chennai,2022-09-17,94,12,4.95,4038,2.46,48.2,Business
T00716,R0202,Zone_4,7.36,39.52,103.51,Wallet,2024-04-23,0,Aadhya Reddy,27,Male,Ahmedabad,2021-10-28,317,0,4.72,4038,2.46,48.2,Business
T00717,R0281,Zone_9,18.79,108.29,303.19,Wallet,2024-07-06,1,Arjun Iyer,21,Female,Jaipur,2020-10-15,268,17,4.74,11037,1.83,56.1,Mixed
T00718,R0019,Zone_5,3.8,22.43,34.99,Cash,2023-07-19,0,Kavya Patel,40,Other,Mumbai,2023-04-02,266,24,4.08,2590,1.31,43.9,Business
T00719,R0088,Zone_9,8.07,64.32,70.11,UPI,2023-03-30,1,Diya Iyer,22,Other,Jaipur,2019-07-07,438,0,4.78,11037,1.83,56.1,Mixed
T00720,R0142,Zone_8,6.09,35.44,97.92,UPI,2024-05-10,1,Meera Nair,33,Female,Kolkata,2021-03-04,78,5,3.48,4516,1.93,31.0,Business
T00721,R0236,Zone_8,6.14,39.16,117.18,Wallet,2024-02-14,0,Arjun Gupta,28,Male,Ahmedabad,2020-08-10,61,1,3.36,4516,1.93,31.0,Business
T00722,R0068,Zone_10,8.8,66.49,101.39,Wallet,2024-08-05,1,Meera Singh,30,Female,Ahmedabad,2022-08-31,456,70,4.97,2440,1.54,35.4,Industrial
T00723,R0030,Zone_1,6.53,57.16,158.88,Cash,2023-01-23,0,Saanvi Patel,25,Other,Mumbai,2021-01-08,442,58,3.72,4921,2.43,30.9,Residential
T00724,R0286,Zone_7,3.7,28.26,54.64,Wallet,2023-09-08,0,Ishaan Nair,26,Male,Pune,2023-02-15,29,0,4.48,11070,0.64,45.2,Industrial
T00725,R0042,Zone_8,8.62,52.02,140.1,Credit Card,2023-05-08,0,Arjun Reddy,18,Female,Chennai,2021-05-20,23,4,3.03,4516,1.93,31.0,Business
T00726,R0095,Zone_4,13.91,106.66,153.83,Wallet,2024-03-11,0,Kavya Iyer,29,Female,Chennai,2020-10-07,481,77,4.26,4038,2.46,48.2,Business
T00727,R0244,Zone_1,12.71,91.86,182.94,Cash,2024-04-12,1,Aadhya Iyer,24,Female,Kolkata,2019-04-22,27,1,3.13,4921,2.43,30.9,Residential
T00728,R0165,Zone_1,9.02,74.07,124.34,UPI,2023-04-25,1,Meera Reddy,37,Female,Kolkata,2021-12-09,34,5,3.27,4921,2.43,30.9,Residential
T00729,R0150,Zone_2,4.32,25.6,72.15,Credit Card,2024-06-18,1,Ishaan Gupta,33,Male,Pune,2022-02-27,215,16,4.95,6371,0.91,58.4,Residential
T00730,R0083,Zone_9,8.93,76.17,169.27,Cash,2023-05-02,1,Kavya Patel,45,Female,Mumbai,2021-12-31,475,39,4.4,11037,1.83,56.1,Mixed
T00731,R0235,Zone_1,13.42,107.43,312.14,Wallet,2023-12-01,0,Aarav Ghosh,34,Other,Delhi,2021-02-15,284,8,4.06,4921,2.43,30.9,Residential
T00732,R0144,Zone_4,13.96,82.36,302.82,Credit Card,2023-08-03,0,Ishaan Kumar,34,Other,Pune,2021-01-31,194,10,3.52,4038,2.46,48.2,Business
T00733,R0083,Zone_9,9.8,87.85,105.78,Wallet,2024-06-30,1,Kavya Patel,45,Female,Mumbai,2021-12-31,475,39,4.4,11037,1.83,56.1,Mixed
T00734,R0132,Zone_10,6.18,44.74,54.04,Cash,2023-05-15,1,Aadhya Iyer,23,Male,Surat,2022-12-09,484,25,3.32,2440,1.54,35.4,Industrial
T00735,R0046,Zone_5,6.99,49.05,168.24,Cash,2023-09-22,0,Vivaan Singh,31,Female,Kolkata,2019-08-16,31,4,3.87,2590,1.31,43.9,Business
T00736,R0267,Zone_1,11.86,63.25,193.92,Credit Card,2023-02-02,1,Arjun Iyer,37,Other,Jaipur,2021-01-01,131,11,4.5,4921,2.43,30.9,Residential
T00737,R0049,Zone_10,11.43,103.54,204.21,Wallet,2024-07-13,1,Meera Iyer,39,Male,Mumbai,2020-05-19,375,55,4.4,2440,1.54,35.4,Industrial
T00738,R0129,Zone_5,0.79,4.2,15.17,UPI,2024-03-20,1,Vivaan Singh,35,Male,Hyderabad,2022-10-08,158,10,3.9,2590,1.31,43.9,Business
T00739,R0202,Zone_2,11.29,57.39,225.53,Cash,2024-07-15,1,Aadhya Reddy,27,Male,Ahmedabad,2021-10-28,317,0,4.72,6371,0.91,58.4,Residential
T00740,R0137,Zone_4,11.56,113.08,192.67,Wallet,2024-01-24,1,Arjun Gupta,27,Male,Bengaluru,2021-08-10,166,32,3.14,4038,2.46,48.2,Business
T00741,R0074,Zone_1,3.56,26.1,56.39,Credit Card,2023-04-18,0,Vivaan Ghosh,23,Male,Kolkata,2023-09-11,199,22,4.89,4921,2.43,30.9,Residential
T00742,R0242,Zone_6,4.18,26.81,42.02,UPI,2024-02-03,1,Kavya Iyer,34,Male,Ahmedabad,2022-06-05,445,8,4.54,14627,0.54,37.6,Mixed
T00743,R0157,Zone_2,4.21,41.73,90.77,Cash,2024-04-09,1,Kavya Nair,36,Female,Hyderabad,2021-11-23,319,27,4.65,6371,0.91,58.4,Residential
T00744,R0229,Zone_8,4.6,43.9,90.14,Credit Card,2024-06-26,0,Reyansh Ghosh,22,Female,Mumbai,2020-11-23,146,16,4.43,4516,1.93,31.0,Business
T00745,R0060,Zone_1,0.92,7.67,21.17,Credit Card,2024-04-01,0,Aarav Nair,40,Female,Hyderabad,2023-08-01,123,7,4.57,4921,2.43,30.9,Residential
T00746,R0218,Zone_4,9.57,82.88,146.52,Credit Card,2023-10-24,1,Arjun Reddy,34,Other,Delhi,2019-01-11,160,16,3.87,4038,2.46,48.2,Business
T00747,R0286,Zone_6,4.07,31.13,74.18,Cash,2023-03-16,1,Ishaan Nair,26,Male,Pune,2023-02-15,29,0,4.48,14627,0.54,37.6,Mixed
T00748,R0020,Zone_9,7.65,74.95,122.69,Wallet,2023-01-03,1,Diya Das,35,Female,Chennai,2019-09-17,274,21,4.03,11037,1.83,56.1,Mixed
T00749,R0105,Zone_8,5.51,42.85,113.07,Cash,2024-03-17,0,Diya Das,31,Female,Jaipur,2020-09-28,346,9,3.69,4516,1.93,31.0,Business
T00750,R0063,Zone_1,9.28,47.06,182.89,UPI,2023-05-17,0,Diya Iyer,34,Male,Surat,2023-04-21,329,33,4.83,4921,2.43,30.9,Residential
T00751,R0095,Zone_9,2.95,15.71,41.79,Cash,2023-12-23,1,Kavya Iyer,29,Female,Chennai,2020-10-07,481,77,4.26,11037,1.83,56.1,Mixed
T00752,R0081,Zone_4,9.23,88.32,218.67,Credit Card,2024-07-07,0,Diya Reddy,42,Other,Mumbai,2022-01-31,114,2,3.9,4038,2.46,48.2,Business
T00753,R0013,Zone_6,9.95,66.91,136.07,UPI,2024-06-28,0,Ishaan Gupta,43,Female,Kolkata,2019-04-01,6,0,3.91,14627,0.54,37.6,Mixed
T00754,R0088,Zone_6,12.14,121.09,232.59,UPI,2024-07-02,1,Diya Iyer,22,Other,Jaipur,2019-07-07,438,0,4.78,14627,0.54,37.6,Mixed
T00755,R0029,Zone_8,17.84,165.01,404.34,Cash,2023-11-06,1,Kavya Iyer,30,Male,Surat,2022-07-24,4,0,3.69,4516,1.93,31.0,Business
T00756,R0264,Zone_10,2.46,24.21,25.57,Wallet,2024-02-10,1,Aadhya Das,27,Other,Delhi,2019-02-06,401,54,3.59,2440,1.54,35.4,Industrial
T00757,R0158,Zone_2,9.6,69.01,119.92,Cash,2023-10-03,0,Aarav Iyer,27,Male,Ahmedabad,2020-07-26,441,60,3.57,6371,0.91,58.4,Residential
T00758,R0029,Zone_9,4.45,40.55,97.15,UPI,2024-08-13,1,Kavya Iyer,30,Male,Surat,2022-07-24,4,0,3.69,11037,1.83,56.1,Mixed
T00759,R0258,Zone_5,1.63,10.31,38.61,Wallet,2023-12-08,1,Vivaan Nair,32,Female,Jaipur,2020-01-29,313,39,3.76,2590,1.31,43.9,Business
T00760,R0109,Zone_2,12.21,66.9,141.11,Cash,2023-10-25,1,Vivaan Kumar,35,Female,Delhi,2022-11-19,62,5,3.35,6371,0.91,58.4,Residential
T00761,R0147,Zone_2,14.66,138.46,271.36,Cash,2023-08-28,1,Saanvi Nair,35,Other,Mumbai,2022-08-29,239,21,3.91,6371,0.91,58.4,Residential
T00762,R0168,Zone_2,6.04,35.12,120.34,Wallet,2024-02-19,0,Diya Das,23,Male,Pune,2019-10-08,471,74,4.03,6371,0.91,58.4,Residential
T00763,R0085,Zone_10,9.05,82.0,95.17,Cash,2023-10-12,0,Aadhya Ghosh,29,Female,Chennai,2022-09-17,94,12,4.95,2440,1.54,35.4,Industrial
T00764,R0186,Zone_10,7.68,68.84,68.0,Wallet,2024-06-14,0,Ishaan Sharma,18,Other,Hyderabad,2020-12-11,373,19,3.26,2440,1.54,35.4,Industrial
T00765,R0201,Zone_9,10.17,51.68,102.51,Credit Card,2023-06-17,0,Meera Reddy,37,Female,Delhi,2021-04-06,183,15,3.84,11037,1.83,56.1,Mixed
T00766,R0279,Zone_8,12.4,102.66,217.64,UPI,2024-06-30,1,Diya Singh,25,Other,Pune,2022-04-21,454,84,3.73,4516,1.93,31.0,Business
T00767,R0279,Zone_5,9.72,77.55,114.71,Wallet,2024-06-02,1,Diya Singh,25,Other,Pune,2022-04-21,454,84,3.73,2590,1.31,43.9,Business
T00768,R0047,Zone_1,9.73,57.22,227.41,Wallet,2024-08-05,1,Reyansh Iyer,51,Female,Bengaluru,2021-10-07,69,3,4.86,4921,2.43,30.9,Residential
T00769,R0042,Zone_9,14.3,136.69,290.49,Cash,2023-06-12,0,Arjun Reddy,18,Female,Chennai,2021-05-20,23,4,3.03,11037,1.83,56.1,Mixed
T00770,R0154,Zone_1,7.18,62.64,127.03,UPI,2023-07-12,0,Kavya Patel,18,Other,Kolkata,2019-03-25,466,79,4.68,4921,2.43,30.9,Residential
T00771,R0058,Zone_1,12.62,113.65,150.09,Cash,2023-12-27,1,Vivaan Reddy,46,Male,Kolkata,2021-05-31,480,25,4.32,4921,2.43,30.9,Residential
T00772,R0006,Zone_5,3.89,37.48,68.34,Cash,2023-11-14,1,Aarav Das,45,Female,Jaipur,2023-06-30,248,13,4.64,2590,1.31,43.9,Business
T00773,R0045,Zone_1,16.04,113.26,297.73,UPI,2023-08-20,0,Saanvi Iyer,34,Other,Ahmedabad,2023-07-12,100,16,4.88,4921,2.43,30.9,Residential
T00774,R0199,Zone_4,11.69,79.48,280.26,Wallet,2023-10-09,0,Aarav Das,29,Male,Ahmedabad,2021-08-03,344,27,3.91,4038,2.46,48.2,Business
T00775,R0213,Zone_5,5.98,53.94,106.57,Credit Card,2023-02-13,0,Kavya Ghosh,29,Female,Chennai,2019-06-04,456,26,3.74,2590,1.31,43.9,Business
T00776,R0093,Zone_2,2.5700000000000003,17.8,38.6,Wallet,2023-09-05,1,Diya Patel,33,Other,Surat,2019-05-30,119,18,3.77,6371,0.91,58.4,Residential
T00777,R0023,Zone_5,8.0,40.24,164.23,Credit Card,2024-03-17,1,Meera Iyer,24,Other,Jaipur,2019-10-09,176,32,3.21,2590,1.31,43.9,Business
T00778,R0129,Zone_4,2.09,13.29,35.96,Wallet,2023-03-04,0,Vivaan Singh,35,Male,Hyderabad,2022-10-08,158,10,3.9,4038,2.46,48.2,Business
T00779,R0193,Zone_1,9.5,68.8,211.56,Cash,2023-07-12,1,Kavya Singh,33,Female,Chennai,2022-01-03,389,68,4.41,4921,2.43,30.9,Residential
T00780,R0047,Zone_4,15.26,79.91,310.84,UPI,2024-06-30,0,Reyansh Iyer,51,Female,Bengaluru,2021-10-07,69,3,4.86,4038,2.46,48.2,Business
T00781,R0105,Zone_8,8.8,66.42,85.32,Cash,2024-03-09,1,Diya Das,31,Female,Jaipur,2020-09-28,346,9,3.69,4516,1.93,31.0,Business
T00782,R0032,Zone_2,7.11,61.63,176.63,Cash,2024-05-01,0,Kavya Reddy,18,Female,Mumbai,2023-09-20,213,24,4.0,6371,0.91,58.4,Residential
T00783,R0076,Zone_8,9.71,57.36,130.03,Wallet,2023-09-03,0,Reyansh Reddy,40,Male,Bengaluru,2022-01-02,137,13,3.34,4516,1.93,31.0,Business
T00784,R0173,Zone_1,9.43,91.48,122.19,Credit Card,2023-07-28,0,Saanvi Ghosh,26,Other,Mumbai,2020-01-15,389,55,4.28,4921,2.43,30.9,Residential
T00785,R0290,Zone_9,3.81,28.82,70.83,Wallet,2023-12-02,0,Saanvi Kumar,34,Other,Chennai,2020-05-06,169,4,4.28,11037,1.83,56.1,Mixed
T00786,R0035,Zone_1,9.2,65.36,150.05,Credit Card,2023-12-14,1,Reyansh Das,39,Male,Kolkata,2022-03-20,392,41,3.49,4921,2.43,30.9,Residential
T00787,R0183,Zone_7,11.1,92.83,152.12,Wallet,2024-01-25,1,Arjun Patel,43,Other,Jaipur,2022-08-27,406,66,3.79,11070,0.64,45.2,Industrial
T00788,R0139,Zone_1,6.7,59.38,166.87,Cash,2023-05-24,0,Diya Gupta,44,Other,Kolkata,2023-10-09,155,7,4.39,4921,2.43,30.9,Residential
T00789,R0045,Zone_8,12.89,105.09,220.17,Cash,2024-02-26,1,Saanvi Iyer,34,Other,Ahmedabad,2023-07-12,100,16,4.88,4516,1.93,31.0,Business
T00790,R0062,Zone_10,7.36,54.82,155.33,Credit Card,2024-01-24,1,Kavya Sharma,38,Male,Jaipur,2019-05-13,57,3,3.58,2440,1.54,35.4,Industrial
T00791,R0164,Zone_2,11.83,78.97,286.93,UPI,2024-01-06,0,Aadhya Ghosh,37,Other,Ahmedabad,2022-07-06,249,23,4.02,6371,0.91,58.4,Residential
T00792,R0105,Zone_2,19.37,143.84,283.31,Cash,2023-07-05,1,Diya Das,31,Female,Jaipur,2020-09-28,346,9,3.69,6371,0.91,58.4,Residential
T00793,R0161,Zone_7,7.52,58.21,98.63,Wallet,2023-12-13,1,Aarav Nair,32,Other,Surat,2019-03-27,332,50,4.91,11070,0.64,45.2,Industrial
T00794,R0209,Zone_7,1.71,16.51,37.86,UPI,2023-01-20,1,Vivaan Sharma,31,Other,Surat,2020-06-11,109,20,3.77,11070,0.64,45.2,Industrial
T00795,R0296,Zone_4,6.32,48.62,81.7,Cash,2023-01-14,0,Reyansh Patel,37,Other,Hyderabad,2021-02-20,390,58,3.97,4038,2.46,48.2,Business
T00796,R0172,Zone_1,0.63,5.74,14.05,Wallet,2024-01-12,0,Reyansh Reddy,31,Other,Pune,2019-12-24,168,14,3.72,4921,2.43,30.9,Residential
T00797,R0258,Zone_7,11.06,69.44,227.04,Cash,2023-10-18,0,Vivaan Nair,32,Female,Jaipur,2020-01-29,313,39,3.76,11070,0.64,45.2,Industrial
T00798,R0259,Zone_1,14.55,107.68,360.46,Credit Card,2024-04-08,0,Aadhya Das,32,Male,Jaipur,2019-06-25,150,27,3.52,4921,2.43,30.9,Residential
T00799,R0154,Zone_3,11.48,59.73,237.17,Wallet,2023-12-15,0,Kavya Patel,18,Other,Kolkata,2019-03-25,466,79,4.68,12971,2.11,38.0,Business
T00800,R0175,Zone_7,9.6,93.14,195.74,Wallet,2024-01-11,0,Diya Patel,35,Male,Chennai,2022-08-18,98,8,3.48,11070,0.64,45.2,Industrial
T00801,R0059,Zone_10,4.78,26.45,113.28,Cash,2024-04-09,1,Aarav Sharma,43,Male,Delhi,2021-08-02,357,11,3.27,2440,1.54,35.4,Industrial
T00802,R0292,Zone_9,15.88,155.72,175.8,Wallet,2024-01-11,0,Diya Patel,37,Female,Jaipur,2020-06-28,141,19,4.39,11037,1.83,56.1,Mixed
T00803,R0282,Zone_2,11.77,69.66,114.25,Wallet,2024-01-15,1,Reyansh Kumar,22,Other,Bengaluru,2022-05-02,319,3,4.47,6371,0.91,58.4,Residential
T00804,R0260,Zone_4,9.42,66.66,191.57,UPI,2024-07-16,0,Reyansh Das,55,Other,Mumbai,2019-07-17,63,3,4.24,4038,2.46,48.2,Business
T00805,R0207,Zone_9,9.02,86.02,210.79,Wallet,2023-08-14,0,Ishaan Iyer,31,Male,Mumbai,2023-12-06,47,3,3.93,11037,1.83,56.1,Mixed
T00806,R0194,Zone_7,8.56,67.99,187.22,UPI,2023-03-03,0,Arjun Iyer,30,Other,Jaipur,2023-02-10,10,2,4.06,11070,0.64,45.2,Industrial
T00807,R0155,Zone_7,10.26,57.9,128.4,UPI,2023-08-25,1,Meera Reddy,23,Male,Hyderabad,2019-02-10,353,8,3.14,11070,0.64,45.2,Industrial
T00808,R0154,Zone_7,4.93,37.07,85.54,Wallet,2024-01-19,1,Kavya Patel,18,Other,Kolkata,2019-03-25,466,79,4.68,11070,0.64,45.2,Industrial
T00809,R0011,Zone_4,15.63,95.95,148.68,Credit Card,2023-06-22,1,Vivaan Nair,26,Male,Chennai,2020-04-14,208,34,4.0,4038,2.46,48.2,Business
T00810,R0026,Zone_8,8.76,71.48,84.68,Cash,2023-06-25,0,Aarav Kumar,26,Female,Surat,2020-04-17,44,5,3.17,4516,1.93,31.0,Business
T00811,R0191,Zone_8,11.0,88.33,181.41,Wallet,2024-06-15,0,Meera Gupta,33,Other,Surat,2020-08-14,87,6,4.56,4516,1.93,31.0,Business
T00812,R0262,Zone_7,5.83,32.69,70.96,UPI,2023-04-17,0,Meera Singh,30,Male,Ahmedabad,2019-04-21,6,0,3.35,11070,0.64,45.2,Industrial
T00813,R0002,Zone_10,9.87,78.29,150.1,Credit Card,2024-02-19,1,Ishaan Nair,39,Female,Mumbai,2019-11-23,70,5,4.12,2440,1.54,35.4,Industrial
T00814,R0040,Zone_2,3.41,27.78,72.45,Wallet,2023-06-28,1,Aarav Gupta,34,Other,Surat,2023-05-05,485,36,4.41,6371,0.91,58.4,Residential
T00815,R0246,Zone_7,2.41,17.89,23.05,Cash,2024-04-06,1,Vivaan Das,29,Other,Mumbai,2021-03-31,240,34,4.79,11070,0.64,45.2,Industrial
T00816,R0199,Zone_1,7.84,62.24,192.43,Cash,2023-01-18,1,Aarav Das,29,Male,Ahmedabad,2021-08-03,344,27,3.91,4921,2.43,30.9,Residential
T00817,R0246,Zone_5,1.3900000000000001,11.53,27.24,Wallet,2024-06-13,1,Vivaan Das,29,Other,Mumbai,2021-03-31,240,34,4.79,2590,1.31,43.9,Business
T00818,R0095,Zone_8,20.2,152.79,465.18,Wallet,2023-07-14,0,Kavya Iyer,29,Female,Chennai,2020-10-07,481,77,4.26,4516,1.93,31.0,Business
T00819,R0276,Zone_1,0.34,2.99,5.01,Credit Card,2024-08-18,0,Aadhya Ghosh,26,Other,Chennai,2022-11-07,196,1,3.63,4921,2.43,30.9,Residential
T00820,R0170,Zone_9,9.73,96.07,229.45,Cash,2023-03-01,1,Saanvi Kumar,29,Other,Bengaluru,2020-05-20,28,3,3.68,11037,1.83,56.1,Mixed
T00821,R0011,Zone_9,16.28,158.5,324.06,UPI,2023-01-08,0,Vivaan Nair,26,Male,Chennai,2020-04-14,208,34,4.0,11037,1.83,56.1,Mixed
T00822,R0137,Zone_3,10.41,102.5,201.61,UPI,2023-10-09,1,Arjun Gupta,27,Male,Bengaluru,2021-08-10,166,32,3.14,12971,2.11,38.0,Business
T00823,R0051,Zone_2,6.45,58.28,160.96,Wallet,2023-03-21,1,Aarav Nair,21,Male,Kolkata,2020-04-05,213,14,4.02,6371,0.91,58.4,Residential
T00824,R0103,Zone_3,5.24,41.02,100.04,UPI,2023-10-13,1,Ishaan Gupta,37,Other,Surat,2022-11-24,175,14,3.07,12971,2.11,38.0,Business
T00825,R0173,Zone_9,11.37,81.72,227.27,Cash,2024-04-20,1,Saanvi Ghosh,26,Other,Mumbai,2020-01-15,389,55,4.28,11037,1.83,56.1,Mixed
T00826,R0274,Zone_6,4.0,36.46,49.98,Cash,2024-01-02,1,Reyansh Nair,27,Female,Surat,2019-03-18,31,5,3.04,14627,0.54,37.6,Mixed
T00827,R0123,Zone_8,7.4,53.16,177.79,Cash,2023-03-29,1,Meera Ghosh,32,Male,Bengaluru,2023-06-24,156,26,3.31,4516,1.93,31.0,Business
T00828,R0217,Zone_1,11.46,102.49,223.52,Wallet,2024-01-04,0,Kavya Iyer,39,Other,Jaipur,2023-03-03,104,5,3.52,4921,2.43,30.9,Residential
T00829,R0219,Zone_8,6.46,44.85,64.33,Credit Card,2024-03-19,1,Vivaan Sharma,25,Female,Pune,2021-04-13,498,83,4.15,4516,1.93,31.0,Business
T00830,R0211,Zone_4,8.44,42.96,70.59,UPI,2024-03-29,0,Arjun Reddy,36,Female,Mumbai,2021-04-04,435,17,3.63,4038,2.46,48.2,Business
T00831,R0095,Zone_2,6.48,41.54,101.23,UPI,2023-12-06,0,Kavya Iyer,29,Female,Chennai,2020-10-07,481,77,4.26,6371,0.91,58.4,Residential
T00832,R0263,Zone_5,3.15,25.7,27.71,Cash,2024-06-23,0,Ishaan Das,31,Other,Chennai,2020-12-30,297,21,3.84,2590,1.31,43.9,Business
T00833,R0100,Zone_8,13.95,128.35,249.64,UPI,2023-11-23,0,Ishaan Gupta,28,Male,Delhi,2021-05-24,383,60,3.79,4516,1.93,31.0,Business
T00834,R0196,Zone_6,14.97,148.09,360.26,Cash,2023-11-17,1,Vivaan Das,18,Male,Hyderabad,2019-06-24,51,9,4.93,14627,0.54,37.6,Mixed
T00835,R0175,Zone_10,6.42,50.58,90.17,UPI,2023-10-25,1,Diya Patel,35,Male,Chennai,2022-08-18,98,8,3.48,2440,1.54,35.4,Industrial
T00836,R0074,Zone_3,6.67,63.51,134.88,Wallet,2023-11-20,1,Vivaan Ghosh,23,Male,Kolkata,2023-09-11,199,22,4.89,12971,2.11,38.0,Business
T00837,R0249,Zone_5,7.11,38.44,172.27,Cash,2024-01-27,1,Diya Nair,20,Male,Mumbai,2023-03-24,396,48,4.49,2590,1.31,43.9,Business
T00838,R0064,Zone_5,10.69,67.78,97.49,Wallet,2023-05-21,1,Ishaan Nair,21,Female,Bengaluru,2023-09-30,214,2,4.21,2590,1.31,43.9,Business
T00839,R0017,Zone_1,3.47,34.41,43.68,UPI,2024-03-16,1,Meera Das,49,Female,Mumbai,2023-03-18,288,21,3.83,4921,2.43,30.9,Residential
T00840,R0165,Zone_7,7.5600000000000005,59.67,80.83,Cash,2023-11-18,1,Meera Reddy,37,Female,Kolkata,2021-12-09,34,5,3.27,11070,0.64,45.2,Industrial
T00841,R0057,Zone_8,9.31,84.72,172.07,UPI,2024-05-28,0,Aadhya Reddy,39,Male,Bengaluru,2023-06-04,407,11,3.66,4516,1.93,31.0,Business
T00842,R0286,Zone_10,11.21,90.18,256.47,Cash,2023-08-18,1,Ishaan Nair,26,Male,Pune,2023-02-15,29,0,4.48,2440,1.54,35.4,Industrial
T00843,R0024,Zone_10,5.9,35.3,53.0,UPI,2023-08-07,1,Meera Kumar,41,Other,Chennai,2019-07-10,140,16,3.49,2440,1.54,35.4,Industrial
T00844,R0195,Zone_9,10.02,77.79,144.86,UPI,2023-09-04,1,Aadhya Reddy,33,Male,Kolkata,2021-05-27,72,10,4.97,11037,1.83,56.1,Mixed
T00845,R0121,Zone_2,9.73,85.5,159.08,Credit Card,2023-09-18,0,Diya Iyer,29,Male,Pune,2023-07-13,378,10,4.17,6371,0.91,58.4,Residential
T00846,R0069,Zone_8,13.04,76.02,201.73,Cash,2024-01-31,0,Diya Singh,22,Male,Ahmedabad,2023-02-01,16,1,4.56,4516,1.93,31.0,Business
T00847,R0287,Zone_8,5.37,46.74,100.4,Wallet,2024-06-29,1,Saanvi Singh,18,Other,Delhi,2021-12-17,320,34,3.33,4516,1.93,31.0,Business
T00848,R0234,Zone_10,5.41,31.94,69.82,Wallet,2023-12-05,0,Saanvi Nair,32,Other,Pune,2022-12-01,183,31,3.98,2440,1.54,35.4,Industrial
T00849,R0218,Zone_3,14.01,112.36,252.18,Credit Card,2023-06-25,0,Arjun Reddy,34,Other,Delhi,2019-01-11,160,16,3.87,12971,2.11,38.0,Business
T00850,R0078,Zone_3,0.18,1.0,2.6,UPI,2023-07-17,0,Saanvi Sharma,30,Other,Jaipur,2023-01-02,97,9,3.62,12971,2.11,38.0,Business
T00851,R0151,Zone_9,16.15,104.49,360.99,UPI,2023-05-03,1,Meera Reddy,34,Male,Hyderabad,2023-02-25,394,56,5.0,11037,1.83,56.1,Mixed
T00852,R0237,Zone_10,20.78,119.75,325.43,Credit Card,2023-02-28,1,Aadhya Nair,40,Male,Chennai,2022-12-13,36,3,3.71,2440,1.54,35.4,Industrial
T00853,R0014,Zone_9,10.39,73.68,186.29,UPI,2024-05-09,1,Aarav Das,26,Female,Ahmedabad,2021-06-08,325,53,3.0,11037,1.83,56.1,Mixed
T00854,R0198,Zone_1,12.07,74.81,147.41,Cash,2023-05-08,1,Vivaan Kumar,31,Other,Mumbai,2021-12-10,202,23,3.85,4921,2.43,30.9,Residential
T00855,R0121,Zone_2,0.55,5.44,4.88,UPI,2023-03-18,1,Diya Iyer,29,Male,Pune,2023-07-13,378,10,4.17,6371,0.91,58.4,Residential
T00856,R0047,Zone_10,4.53,28.41,68.32,Cash,2023-09-16,0,Reyansh Iyer,51,Female,Bengaluru,2021-10-07,69,3,4.86,2440,1.54,35.4,Industrial
T00857,R0070,Zone_8,13.29,112.97,182.82,Wallet,2023-01-31,1,Meera Reddy,33,Male,Bengaluru,2023-01-03,310,6,3.54,4516,1.93,31.0,Business
T00858,R0051,Zone_1,9.81,84.78,203.51,UPI,2023-11-03,0,Aarav Nair,21,Male,Kolkata,2020-04-05,213,14,4.02,4921,2.43,30.9,Residential
T00859,R0077,Zone_10,7.09,47.03,153.29,Credit Card,2024-04-29,0,Reyansh Das,28,Male,Mumbai,2019-09-07,406,72,3.79,2440,1.54,35.4,Industrial
T00860,R0173,Zone_2,9.16,68.84,226.07,Wallet,2023-12-10,1,Saanvi Ghosh,26,Other,Mumbai,2020-01-15,389,55,4.28,6371,0.91,58.4,Residential
T00861,R0174,Zone_4,10.53,65.78,127.52,UPI,2024-01-14,0,Aadhya Patel,32,Male,Kolkata,2019-02-07,320,7,3.8,4038,2.46,48.2,Business
T00862,R0007,Zone_3,6.53,49.22,114.54,Cash,2023-06-30,1,Ishaan Ghosh,18,Female,Mumbai,2021-03-26,458,82,4.03,12971,2.11,38.0,Business
T00863,R0026,Zone_7,7.86,60.9,110.73,Cash,2023-12-21,0,Aarav Kumar,26,Female,Surat,2020-04-17,44,5,3.17,11070,0.64,45.2,Industrial
T00864,R0074,Zone_9,7.82,71.16,98.63,UPI,2023-07-01,1,Vivaan Ghosh,23,Male,Kolkata,2023-09-11,199,22,4.89,11037,1.83,56.1,Mixed
T00865,R0255,Zone_5,2.74,18.84,59.39,Credit Card,2023-12-21,1,Reyansh Sharma,37,Female,Bengaluru,2021-07-06,475,42,3.12,2590,1.31,43.9,Business
T00866,R0147,Zone_2,9.62,51.86,99.1,UPI,2023-04-29,1,Saanvi Nair,35,Other,Mumbai,2022-08-29,239,21,3.91,6371,0.91,58.4,Residential
T00867,R0166,Zone_4,17.02,118.13,218.52,Wallet,2023-05-22,0,Reyansh Sharma,24,Other,Chennai,2021-03-16,349,63,4.29,4038,2.46,48.2,Business
T00868,R0250,Zone_4,16.66,114.82,137.33,Cash,2023-10-09,0,Aadhya Iyer,34,Female,Jaipur,2021-02-01,163,31,4.63,4038,2.46,48.2,Business
T00869,R0286,Zone_5,0.62,4.67,7.34,UPI,2024-05-06,1,Ishaan Nair,26,Male,Pune,2023-02-15,29,0,4.48,2590,1.31,43.9,Business
T00870,R0057,Zone_7,10.85,77.61,128.96,Cash,2023-06-30,0,Aadhya Reddy,39,Male,Bengaluru,2023-06-04,407,11,3.66,11070,0.64,45.2,Industrial
T00871,R0189,Zone_7,11.38,72.47,243.21,Wallet,2023-06-27,1,Reyansh Gupta,29,Female,Delhi,2019-09-16,238,42,3.28,11070,0.64,45.2,Industrial
T00872,R0034,Zone_7,5.95,32.62,102.85,Credit Card,2024-05-18,0,Arjun Iyer,26,Other,Chennai,2019-04-23,484,48,3.1,11070,0.64,45.2,Industrial
T00873,R0115,Zone_3,3.18,26.02,27.84,Wallet,2023-04-25,0,Aarav Ghosh,40,Female,Bengaluru,2020-03-01,170,15,4.4,12971,2.11,38.0,Business
T00874,R0295,Zone_1,1.4,9.79,20.57,UPI,2024-01-30,0,Kavya Gupta,18,Female,Delhi,2019-05-29,98,18,3.59,4921,2.43,30.9,Residential
T00875,R0023,Zone_10,5.78,42.73,81.27,Credit Card,2023-08-16,0,Meera Iyer,24,Other,Jaipur,2019-10-09,176,32,3.21,2440,1.54,35.4,Industrial
T00876,R0238,Zone_10,9.75,76.65,222.47,Cash,2024-08-18,1,Reyansh Patel,30,Other,Pune,2019-04-22,362,56,4.91,2440,1.54,35.4,Industrial
T00877,R0077,Zone_5,7.21,48.52,59.5,Wallet,2023-08-28,1,Reyansh Das,28,Male,Mumbai,2019-09-07,406,72,3.79,2590,1.31,43.9,Business
T00878,R0148,Zone_7,4.95,26.83,42.56,Credit Card,2024-06-10,1,Aarav Kumar,44,Male,Ahmedabad,2019-09-30,412,34,3.36,11070,0.64,45.2,Industrial
T00879,R0039,Zone_9,1.75,16.89,20.55,UPI,2023-05-23,0,Aadhya Iyer,24,Male,Chennai,2023-11-18,190,14,4.2,11037,1.83,56.1,Mixed
T00880,R0041,Zone_2,9.75,66.7,135.01,UPI,2023-10-23,0,Aarav Nair,25,Other,Pune,2020-04-11,353,8,4.74,6371,0.91,58.4,Residential
T00881,R0247,Zone_9,13.33,91.19,299.26,UPI,2023-02-01,0,Aadhya Das,37,Male,Bengaluru,2021-05-11,249,47,4.92,11037,1.83,56.1,Mixed
T00882,R0194,Zone_2,3.37,20.05,41.32,UPI,2024-05-23,0,Arjun Iyer,30,Other,Jaipur,2023-02-10,10,2,4.06,6371,0.91,58.4,Residential
T00883,R0187,Zone_3,10.24,87.48,225.6,Credit Card,2024-06-05,0,Saanvi Reddy,27,Other,Surat,2022-08-05,357,38,4.71,12971,2.11,38.0,Business
T00884,R0162,Zone_8,1.4,13.58,22.43,Wallet,2024-02-20,0,Meera Patel,30,Male,Hyderabad,2023-08-14,394,38,4.28,4516,1.93,31.0,Business
T00885,R0249,Zone_4,4.71,45.28,52.61,UPI,2023-07-13,1,Diya Nair,20,Male,Mumbai,2023-03-24,396,48,4.49,4038,2.46,48.2,Business
T00886,R0002,Zone_1,11.65,102.84,246.12,Wallet,2024-04-04,1,Ishaan Nair,39,Female,Mumbai,2019-11-23,70,5,4.12,4921,2.43,30.9,Residential
T00887,R0101,Zone_1,2.41,16.66,35.05,Cash,2024-08-03,0,Aarav Singh,37,Female,Delhi,2020-11-01,228,29,3.03,4921,2.43,30.9,Residential
T00888,R0057,Zone_7,4.98,26.52,103.75,Cash,2024-06-15,0,Aadhya Reddy,39,Male,Bengaluru,2023-06-04,407,11,3.66,11070,0.64,45.2,Industrial
T00889,R0259,Zone_3,15.09,102.66,150.23,UPI,2023-04-05,1,Aadhya Das,32,Male,Jaipur,2019-06-25,150,27,3.52,12971,2.11,38.0,Business
T00890,R0130,Zone_7,4.34,40.13,47.99,Cash,2023-03-04,0,Diya Ghosh,27,Female,Pune,2019-02-16,316,62,3.62,11070,0.64,45.2,Industrial
T00891,R0235,Zone_9,3.73,18.95,85.21,Cash,2023-10-22,0,Aarav Ghosh,34,Other,Delhi,2021-02-15,284,8,4.06,11037,1.83,56.1,Mixed
T00892,R0058,Zone_1,10.88,98.7,166.96,Credit Card,2023-12-12,1,Vivaan Reddy,46,Male,Kolkata,2021-05-31,480,25,4.32,4921,2.43,30.9,Residential
T00893,R0252,Zone_8,17.77,102.14,182.03,Credit Card,2024-01-19,1,Reyansh Gupta,38,Other,Ahmedabad,2020-09-23,392,47,4.83,4516,1.93,31.0,Business
T00894,R0067,Zone_7,6.8,59.24,151.6,Credit Card,2024-06-24,0,Saanvi Iyer,32,Male,Pune,2022-07-24,348,9,3.38,11070,0.64,45.2,Industrial
T00895,R0278,Zone_9,11.84,88.76,271.84,Cash,2024-04-19,1,Aarav Reddy,20,Female,Mumbai,2021-09-02,382,58,4.27,11037,1.83,56.1,Mixed
T00896,R0157,Zone_8,14.73,146.17,317.91,Cash,2023-08-26,1,Kavya Nair,36,Female,Hyderabad,2021-11-23,319,27,4.65,4516,1.93,31.0,Business
T00897,R0201,Zone_3,9.63,65.64,170.7,Wallet,2023-08-30,1,Meera Reddy,37,Female,Delhi,2021-04-06,183,15,3.84,12971,2.11,38.0,Business
T00898,R0044,Zone_10,6.65,56.17,124.87,Credit Card,2023-02-12,0,Arjun Gupta,36,Female,Hyderabad,2020-08-01,271,5,3.21,2440,1.54,35.4,Industrial
T00899,R0127,Zone_2,3.62,28.17,64.51,UPI,2023-03-15,0,Vivaan Kumar,38,Male,Chennai,2020-03-17,43,2,4.83,6371,0.91,58.4,Residential
T00900,R0276,Zone_7,0.87,6.01,10.08,Credit Card,2023-11-07,0,Aadhya Ghosh,26,Other,Chennai,2022-11-07,196,1,3.63,11070,0.64,45.2,Industrial
T00901,R0127,Zone_3,13.56,93.94,276.55,Wallet,2024-03-02,0,Vivaan Kumar,38,Male,Chennai,2020-03-17,43,2,4.83,12971,2.11,38.0,Business
T00902,R0065,Zone_1,8.9,67.69,181.01,Wallet,2023-10-14,0,Meera Nair,43,Other,Mumbai,2023-06-28,180,32,4.52,4921,2.43,30.9,Residential
T00903,R0186,Zone_7,14.66,92.85,179.72,UPI,2024-02-09,0,Ishaan Sharma,18,Other,Hyderabad,2020-12-11,373,19,3.26,11070,0.64,45.2,Industrial
T00904,R0013,Zone_10,12.94,86.59,291.02,Credit Card,2023-09-01,0,Ishaan Gupta,43,Female,Kolkata,2019-04-01,6,0,3.91,2440,1.54,35.4,Industrial
T00905,R0227,Zone_1,4.92,25.19,109.4,Credit Card,2024-01-24,0,Arjun Nair,25,Other,Pune,2020-07-11,320,23,4.12,4921,2.43,30.9,Residential
T00906,R0165,Zone_3,2.07,17.59,43.41,Cash,2023-08-01,1,Meera Reddy,37,Female,Kolkata,2021-12-09,34,5,3.27,12971,2.11,38.0,Business
T00907,R0037,Zone_7,10.06,91.36,240.09,Cash,2023-05-25,0,Aadhya Iyer,32,Other,Ahmedabad,2020-11-21,489,6,3.36,11070,0.64,45.2,Industrial
T00908,R0108,Zone_8,4.84,30.09,115.68,Credit Card,2024-03-26,0,Reyansh Gupta,18,Male,Pune,2019-05-31,184,32,4.88,4516,1.93,31.0,Business
T00909,R0172,Zone_7,9.88,53.08,100.96,Credit Card,2024-08-14,1,Reyansh Reddy,31,Other,Pune,2019-12-24,168,14,3.72,11070,0.64,45.2,Industrial
T00910,R0279,Zone_2,4.34,43.01,60.59,Cash,2024-05-24,1,Diya Singh,25,Other,Pune,2022-04-21,454,84,3.73,6371,0.91,58.4,Residential
T00911,R0035,Zone_4,3.69,22.16,37.73,Credit Card,2024-03-25,1,Reyansh Das,39,Male,Kolkata,2022-03-20,392,41,3.49,4038,2.46,48.2,Business
T00912,R0274,Zone_1,7.3,69.3,121.11,UPI,2023-05-09,0,Reyansh Nair,27,Female,Surat,2019-03-18,31,5,3.04,4921,2.43,30.9,Residential
T00913,R0263,Zone_3,12.67,124.91,201.48,UPI,2023-12-04,1,Ishaan Das,31,Other,Chennai,2020-12-30,297,21,3.84,12971,2.11,38.0,Business
T00914,R0077,Zone_9,9.53,77.61,180.39,UPI,2023-08-25,0,Reyansh Das,28,Male,Mumbai,2019-09-07,406,72,3.79,11037,1.83,56.1,Mixed
T00915,R0090,Zone_9,13.89,74.43,250.88,UPI,2023-07-23,0,Kavya Iyer,33,Female,Mumbai,2021-01-31,152,25,4.51,11037,1.83,56.1,Mixed
T00916,R0239,Zone_5,1.83,15.84,19.9,Cash,2023-07-11,1,Diya Iyer,36,Male,Mumbai,2020-03-13,268,10,3.36,2590,1.31,43.9,Business
T00917,R0073,Zone_2,2.71,13.69,46.35,UPI,2023-02-07,1,Meera Das,41,Other,Ahmedabad,2021-06-19,490,30,3.01,6371,0.91,58.4,Residential
T00918,R0252,Zone_7,7.55,50.09,76.83,Credit Card,2023-09-06,0,Reyansh Gupta,38,Other,Ahmedabad,2020-09-23,392,47,4.83,11070,0.64,45.2,Industrial
T00919,R0116,Zone_7,18.83,125.22,170.0,UPI,2023-12-22,0,Ishaan Kumar,34,Female,Bengaluru,2020-02-08,238,30,4.58,11070,0.64,45.2,Industrial
T00920,R0060,Zone_4,11.37,58.78,247.77,Credit Card,2024-05-04,0,Aarav Nair,40,Female,Hyderabad,2023-08-01,123,7,4.57,4038,2.46,48.2,Business
T00921,R0252,Zone_4,2.67,24.93,55.78,UPI,2024-01-31,0,Reyansh Gupta,38,Other,Ahmedabad,2020-09-23,392,47,4.83,4038,2.46,48.2,Business
T00922,R0147,Zone_2,7.62,72.73,127.17,Cash,2023-11-22,1,Saanvi Nair,35,Other,Mumbai,2022-08-29,239,21,3.91,6371,0.91,58.4,Residential
T00923,R0217,Zone_4,9.1,56.24,210.44,Cash,2023-01-03,0,Kavya Iyer,39,Other,Jaipur,2023-03-03,104,5,3.52,4038,2.46,48.2,Business
T00924,R0174,Zone_3,5.16,48.08,63.21,UPI,2024-06-01,0,Aadhya Patel,32,Male,Kolkata,2019-02-07,320,7,3.8,12971,2.11,38.0,Business
T00925,R0281,Zone_2,11.07,94.88,147.37,UPI,2024-01-04,1,Arjun Iyer,21,Female,Jaipur,2020-10-15,268,17,4.74,6371,0.91,58.4,Residential
T00926,R0187,Zone_1,7.22,39.11,119.19,Wallet,2024-03-19,0,Saanvi Reddy,27,Other,Surat,2022-08-05,357,38,4.71,4921,2.43,30.9,Residential
T00927,R0269,Zone_9,6.5,42.38,147.96,Credit Card,2023-05-01,0,Aadhya Sharma,41,Male,Mumbai,2019-05-19,423,16,3.41,11037,1.83,56.1,Mixed
T00928,R0276,Zone_2,14.3,137.43,278.06,UPI,2023-04-27,1,Aadhya Ghosh,26,Other,Chennai,2022-11-07,196,1,3.63,6371,0.91,58.4,Residential
T00929,R0013,Zone_5,0.55,3.71,10.4,Cash,2023-09-02,0,Ishaan Gupta,43,Female,Kolkata,2019-04-01,6,0,3.91,2590,1.31,43.9,Business
T00930,R0113,Zone_5,3.19,27.81,58.83,UPI,2023-09-08,0,Aadhya Singh,26,Other,Chennai,2019-03-09,423,26,4.61,2590,1.31,43.9,Business
T00931,R0061,Zone_3,3.91,28.84,90.56,UPI,2023-05-19,1,Meera Reddy,25,Male,Mumbai,2020-08-20,168,25,3.69,12971,2.11,38.0,Business
T00932,R0247,Zone_1,3.76,19.55,57.91,UPI,2023-06-08,0,Aadhya Das,37,Male,Bengaluru,2021-05-11,249,47,4.92,4921,2.43,30.9,Residential
T00933,R0255,Zone_9,4.36,25.49,79.42,Credit Card,2024-05-04,1,Reyansh Sharma,37,Female,Bengaluru,2021-07-06,475,42,3.12,11037,1.83,56.1,Mixed
T00934,R0216,Zone_3,10.44,55.17,193.77,UPI,2023-03-20,0,Ishaan Ghosh,44,Female,Chennai,2019-08-01,335,24,3.4,12971,2.11,38.0,Business
T00935,R0113,Zone_5,13.48,132.65,269.7,Wallet,2024-06-14,1,Aadhya Singh,26,Other,Chennai,2019-03-09,423,26,4.61,2590,1.31,43.9,Business
T00936,R0213,Zone_10,12.58,84.71,163.24,Cash,2023-12-23,0,Kavya Ghosh,29,Female,Chennai,2019-06-04,456,26,3.74,2440,1.54,35.4,Industrial
T00937,R0033,Zone_9,2.9,18.4,33.13,Cash,2024-06-15,1,Diya Iyer,18,Female,Chennai,2019-05-22,472,37,3.24,11037,1.83,56.1,Mixed
T00938,R0011,Zone_9,7.46,58.35,186.41,Cash,2023-03-05,1,Vivaan Nair,26,Male,Chennai,2020-04-14,208,34,4.0,11037,1.83,56.1,Mixed
T00939,R0017,Zone_8,10.26,73.94,165.32,Credit Card,2024-03-19,1,Meera Das,49,Female,Mumbai,2023-03-18,288,21,3.83,4516,1.93,31.0,Business
T00940,R0222,Zone_4,9.2,76.52,164.3,Credit Card,2023-05-05,0,Aarav Singh,27,Male,Surat,2022-08-28,475,12,3.44,4038,2.46,48.2,Business
T00941,R0280,Zone_8,14.53,145.24,162.1,Wallet,2024-05-11,0,Saanvi Gupta,26,Other,Chennai,2023-05-31,172,23,4.43,4516,1.93,31.0,Business
T00942,R0201,Zone_1,4.62,40.67,99.35,Cash,2024-03-31,1,Meera Reddy,37,Female,Delhi,2021-04-06,183,15,3.84,4921,2.43,30.9,Residential
T00943,R0046,Zone_4,8.78,60.28,92.28,Wallet,2024-01-14,0,Vivaan Singh,31,Female,Kolkata,2019-08-16,31,4,3.87,4038,2.46,48.2,Business
T00944,R0218,Zone_2,6.03,55.04,71.04,Cash,2024-06-18,1,Arjun Reddy,34,Other,Delhi,2019-01-11,160,16,3.87,6371,0.91,58.4,Residential
T00945,R0295,Zone_2,9.26,68.11,120.01,Cash,2023-04-05,0,Kavya Gupta,18,Female,Delhi,2019-05-29,98,18,3.59,6371,0.91,58.4,Residential
T00946,R0005,Zone_3,2.61,18.63,43.31,Cash,2023-05-17,0,Diya Reddy,27,Male,Ahmedabad,2021-05-31,294,30,3.53,12971,2.11,38.0,Business
T00947,R0246,Zone_9,3.36,31.91,74.45,Credit Card,2023-12-09,0,Vivaan Das,29,Other,Mumbai,2021-03-31,240,34,4.79,11037,1.83,56.1,Mixed
T00948,R0272,Zone_2,4.35,34.4,107.4,Credit Card,2024-02-13,1,Kavya Ghosh,21,Male,Kolkata,2020-01-15,432,4,4.79,6371,0.91,58.4,Residential
T00949,R0194,Zone_1,5.18,49.09,72.43,Cash,2023-11-30,0,Arjun Iyer,30,Other,Jaipur,2023-02-10,10,2,4.06,4921,2.43,30.9,Residential
T00950,R0209,Zone_3,15.74,117.86,169.17,Credit Card,2024-01-20,1,Vivaan Sharma,31,Other,Surat,2020-06-11,109,20,3.77,12971,2.11,38.0,Business
T00951,R0004,Zone_6,13.88,86.75,306.34,Credit Card,2024-06-01,1,Aarav Nair,19,Other,Kolkata,2019-07-28,464,5,3.19,14627,0.54,37.6,Mixed
T00952,R0231,Zone_3,6.94,35.39,72.75,UPI,2023-12-21,1,Ishaan Nair,19,Other,Mumbai,2019-08-26,328,22,4.81,12971,2.11,38.0,Business
T00953,R0149,Zone_4,8.86,59.47,160.65,Cash,2024-03-18,1,Diya Reddy,30,Male,Jaipur,2019-09-14,89,8,4.57,4038,2.46,48.2,Business
T00954,R0179,Zone_7,0.03,0.25,0.52,Cash,2023-06-19,1,Meera Patel,28,Male,Kolkata,2022-04-11,274,14,4.64,11070,0.64,45.2,Industrial
T00955,R0184,Zone_2,7.1,65.16,134.22,Wallet,2023-07-10,1,Meera Nair,29,Female,Surat,2020-03-04,285,27,3.97,6371,0.91,58.4,Residential
T00956,R0083,Zone_6,8.8,70.86,73.86,Cash,2023-04-21,0,Kavya Patel,45,Female,Mumbai,2021-12-31,475,39,4.4,14627,0.54,37.6,Mixed
T00957,R0077,Zone_2,13.73,92.67,287.95,Wallet,2024-08-20,1,Reyansh Das,28,Male,Mumbai,2019-09-07,406,72,3.79,6371,0.91,58.4,Residential
T00958,R0217,Zone_9,9.63,84.29,188.14,Wallet,2023-12-21,1,Kavya Iyer,39,Other,Jaipur,2023-03-03,104,5,3.52,11037,1.83,56.1,Mixed
T00959,R0246,Zone_9,10.16,92.18,182.43,Credit Card,2023-08-09,1,Vivaan Das,29,Other,Mumbai,2021-03-31,240,34,4.79,11037,1.83,56.1,Mixed
T00960,R0097,Zone_5,9.49,82.0,235.17,UPI,2024-03-20,0,Aarav Iyer,23,Other,Bengaluru,2021-01-25,478,5,3.28,2590,1.31,43.9,Business
T00961,R0248,Zone_8,9.35,59.55,103.62,Cash,2023-11-12,0,Vivaan Ghosh,18,Female,Chennai,2021-10-24,104,12,3.65,4516,1.93,31.0,Business
T00962,R0238,Zone_3,1.02,8.88,8.86,Cash,2023-03-04,1,Reyansh Patel,30,Other,Pune,2019-04-22,362,56,4.91,12971,2.11,38.0,Business
T00963,R0243,Zone_3,5.92,34.82,101.62,Wallet,2024-05-09,1,Ishaan Patel,33,Male,Jaipur,2023-02-06,315,11,3.7,12971,2.11,38.0,Business
T00964,R0137,Zone_1,15.17,87.29,335.54,Wallet,2024-02-05,0,Arjun Gupta,27,Male,Bengaluru,2021-08-10,166,32,3.14,4921,2.43,30.9,Residential
T00965,R0050,Zone_3,12.12,115.9,118.59,Wallet,2023-07-17,1,Diya Das,49,Male,Ahmedabad,2022-10-06,330,41,3.42,12971,2.11,38.0,Business
T00966,R0157,Zone_10,10.47,93.11,110.17,Credit Card,2023-02-21,1,Kavya Nair,36,Female,Hyderabad,2021-11-23,319,27,4.65,2440,1.54,35.4,Industrial
T00967,R0102,Zone_1,8.33,80.15,102.36,Credit Card,2024-04-03,1,Aarav Nair,18,Female,Chennai,2023-05-13,123,22,4.1,4921,2.43,30.9,Residential
T00968,R0155,Zone_9,11.3,93.89,153.11,Cash,2023-08-24,1,Meera Reddy,23,Male,Hyderabad,2019-02-10,353,8,3.14,11037,1.83,56.1,Mixed
T00969,R0050,Zone_10,3.2800000000000002,27.7,79.39,Wallet,2024-07-23,1,Diya Das,49,Male,Ahmedabad,2022-10-06,330,41,3.42,2440,1.54,35.4,Industrial
T00970,R0138,Zone_5,0.1,0.9,1.23,Credit Card,2023-07-22,0,Ishaan Das,46,Male,Kolkata,2022-07-28,13,0,3.53,2590,1.31,43.9,Business
T00971,R0089,Zone_1,6.09,53.05,135.64,Wallet,2023-02-13,1,Saanvi Reddy,48,Other,Surat,2022-09-21,308,6,3.91,4921,2.43,30.9,Residential
T00972,R0184,Zone_9,10.69,74.54,173.15,UPI,2023-08-08,1,Meera Nair,29,Female,Surat,2020-03-04,285,27,3.97,11037,1.83,56.1,Mixed
T00973,R0172,Zone_1,8.54,51.74,95.55,UPI,2023-11-18,1,Reyansh Reddy,31,Other,Pune,2019-12-24,168,14,3.72,4921,2.43,30.9,Residential
T00974,R0277,Zone_6,13.07,116.12,130.39,Wallet,2024-02-03,0,Kavya Gupta,42,Female,Jaipur,2021-01-22,433,16,3.06,14627,0.54,37.6,Mixed
T00975,R0246,Zone_6,9.76,53.7,109.37,Wallet,2023-01-14,1,Vivaan Das,29,Other,Mumbai,2021-03-31,240,34,4.79,14627,0.54,37.6,Mixed
T00976,R0130,Zone_5,8.22,49.88,135.05,Wallet,2024-06-16,1,Diya Ghosh,27,Female,Pune,2019-02-16,316,62,3.62,2590,1.31,43.9,Business
T00977,R0201,Zone_1,14.64,93.63,312.43,UPI,2023-05-15,1,Meera Reddy,37,Female,Delhi,2021-04-06,183,15,3.84,4921,2.43,30.9,Residential
T00978,R0085,Zone_5,13.66,124.34,142.31,Cash,2024-04-15,0,Aadhya Ghosh,29,Female,Chennai,2022-09-17,94,12,4.95,2590,1.31,43.9,Business
T00979,R0169,Zone_8,7.51,48.91,168.46,Wallet,2023-03-24,1,Reyansh Kumar,32,Male,Delhi,2023-02-21,497,81,4.19,4516,1.93,31.0,Business
T00980,R0196,Zone_6,2.48,17.97,26.54,Credit Card,2023-07-29,0,Vivaan Das,18,Male,Hyderabad,2019-06-24,51,9,4.93,14627,0.54,37.6,Mixed
T00981,R0190,Zone_6,3.46,20.02,80.21,Cash,2023-01-10,0,Saanvi Iyer,35,Other,Surat,2020-09-25,274,47,4.12,14627,0.54,37.6,Mixed
T00982,R0073,Zone_7,7.19,38.88,157.25,Credit Card,2023-04-20,1,Meera Das,41,Other,Ahmedabad,2021-06-19,490,30,3.01,11070,0.64,45.2,Industrial
T00983,R0077,Zone_4,6.17,52.93,83.76,Wallet,2023-09-16,0,Reyansh Das,28,Male,Mumbai,2019-09-07,406,72,3.79,4038,2.46,48.2,Business
T00984,R0283,Zone_5,16.29,113.75,178.58,UPI,2024-06-26,1,Diya Nair,19,Male,Surat,2023-06-15,245,45,3.55,2590,1.31,43.9,Business
T00985,R0209,Zone_2,0.4,2.19,8.96,Wallet,2024-01-12,0,Vivaan Sharma,31,Other,Surat,2020-06-11,109,20,3.77,6371,0.91,58.4,Residential
T00986,R0120,Zone_10,7.68,41.52,120.11,Wallet,2023-02-25,1,Ishaan Gupta,18,Other,Surat,2020-07-12,311,15,4.55,2440,1.54,35.4,Industrial
T00987,R0133,Zone_4,2.67,15.91,57.6,UPI,2024-02-27,0,Diya Kumar,25,Female,Delhi,2019-07-13,155,11,4.4,4038,2.46,48.2,Business
T00988,R0289,Zone_2,8.58,80.43,163.1,Credit Card,2023-06-03,1,Aarav Gupta,21,Other,Chennai,2021-09-30,322,14,4.17,6371,0.91,58.4,Residential
T00989,R0256,Zone_2,9.91,66.8,153.36,Cash,2023-09-15,0,Aadhya Sharma,31,Female,Delhi,2021-03-25,265,8,3.65,6371,0.91,58.4,Residential
T00990,R0237,Zone_4,5.98,47.26,59.33,Credit Card,2023-02-04,0,Aadhya Nair,40,Male,Chennai,2022-12-13,36,3,3.71,4038,2.46,48.2,Business
T00991,R0070,Zone_5,10.65,97.69,133.59,Credit Card,2024-02-25,0,Meera Reddy,33,Male,Bengaluru,2023-01-03,310,6,3.54,2590,1.31,43.9,Business
T00992,R0050,Zone_2,7.01,65.59,137.36,UPI,2024-06-14,1,Diya Das,49,Male,Ahmedabad,2022-10-06,330,41,3.42,6371,0.91,58.4,Residential
T00993,R0280,Zone_3,7.1,40.01,158.37,UPI,2023-09-10,1,Saanvi Gupta,26,Other,Chennai,2023-05-31,172,23,4.43,12971,2.11,38.0,Business
T00994,R0161,Zone_5,5.91,44.63,125.74,Cash,2024-03-17,0,Aarav Nair,32,Other,Surat,2019-03-27,332,50,4.91,2590,1.31,43.9,Business
T00995,R0233,Zone_5,11.25,101.38,171.94,Credit Card,2023-01-19,0,Ishaan Iyer,30,Other,Hyderabad,2023-11-23,469,41,4.37,2590,1.31,43.9,Business
T00996,R0035,Zone_3,8.69,84.88,106.87,Cash,2023-04-16,0,Reyansh Das,39,Male,Kolkata,2022-03-20,392,41,3.49,12971,2.11,38.0,Business
T00997,R0041,Zone_7,15.87,109.81,289.04,UPI,2023-08-09,1,Aarav Nair,25,Other,Pune,2020-04-11,353,8,4.74,11070,0.64,45.2,Industrial
T00998,R0084,Zone_5,14.35,101.77,192.38,Wallet,2023-03-23,1,Kavya Sharma,38,Male,Jaipur,2019-07-21,366,6,4.67,2590,1.31,43.9,Business
T00999,R0277,Zone_10,10.77,99.49,249.99,Wallet,2024-02-07,1,Kavya Gupta,42,Female,Jaipur,2021-01-22,433,16,3.06,2440,1.54,35.4,Industrial
T01000,R0253,Zone_7,2.8,24.44,37.65,Credit Card,2024-08-02,0,Ishaan Gupta,26,Male,Surat,2021-08-19,173,24,3.16,11070,0.64,45.2,Industrial
T01001,R0135,Zone_1,0.58,5.31,13.96,Credit Card,2024-06-30,1,Reyansh Patel,38,Female,Ahmedabad,2022-02-24,153,8,3.47,4921,2.43,30.9,Residential
T01002,R0248,Zone_6,12.93,94.92,284.82,Cash,2024-06-13,0,Vivaan Ghosh,18,Female,Chennai,2021-10-24,104,12,3.65,14627,0.54,37.6,Mixed
T01003,R0190,Zone_5,5.62,50.57,106.41,Cash,2023-09-03,1,Saanvi Iyer,35,Other,Surat,2020-09-25,274,47,4.12,2590,1.31,43.9,Business
T01004,R0225,Zone_7,9.17,57.22,143.16,Wallet,2023-07-07,0,Ishaan Sharma,39,Female,Delhi,2020-06-15,465,9,4.08,11070,0.64,45.2,Industrial
T01005,R0025,Zone_8,4.85,31.44,62.93,Credit Card,2023-10-16,0,Meera Das,21,Female,Mumbai,2021-10-22,42,3,4.01,4516,1.93,31.0,Business
T01006,R0272,Zone_5,10.59,99.0,205.44,Cash,2023-05-26,0,Kavya Ghosh,21,Male,Kolkata,2020-01-15,432,4,4.79,2590,1.31,43.9,Business
T01007,R0016,Zone_10,12.79,67.67,192.63,Cash,2023-03-14,0,Aarav Iyer,28,Female,Delhi,2022-01-24,356,51,3.06,2440,1.54,35.4,Industrial
T01008,R0237,Zone_6,1.9500000000000002,18.2,24.05,Cash,2024-03-13,1,Aadhya Nair,40,Male,Chennai,2022-12-13,36,3,3.71,14627,0.54,37.6,Mixed
T01009,R0148,Zone_9,3.93,34.86,59.65,Wallet,2024-06-10,0,Aarav Kumar,44,Male,Ahmedabad,2019-09-30,412,34,3.36,11037,1.83,56.1,Mixed
T01010,R0130,Zone_2,0.32,2.7,6.4,Wallet,2023-10-28,1,Diya Ghosh,27,Female,Pune,2019-02-16,316,62,3.62,6371,0.91,58.4,Residential
T01011,R0099,Zone_6,9.17,65.75,164.57,UPI,2024-02-28,0,Diya Gupta,35,Other,Mumbai,2021-08-21,80,8,3.7,14627,0.54,37.6,Mixed
T01012,R0159,Zone_4,0.33,3.1,5.82,Cash,2024-06-16,0,Ishaan Singh,43,Female,Bengaluru,2020-05-21,79,2,4.9,4038,2.46,48.2,Business
T01013,R0117,Zone_1,6.17,36.26,146.37,UPI,2023-06-05,1,Aadhya Gupta,21,Female,Ahmedabad,2021-06-12,369,37,3.16,4921,2.43,30.9,Residential
T01014,R0028,Zone_9,10.6,101.63,157.5,UPI,2024-07-19,1,Reyansh Sharma,20,Female,Surat,2023-11-11,249,21,3.79,11037,1.83,56.1,Mixed
T01015,R0177,Zone_9,18.29,123.71,371.47,Wallet,2023-05-17,0,Ishaan Reddy,34,Other,Bengaluru,2023-02-15,489,63,4.48,11037,1.83,56.1,Mixed
T01016,R0036,Zone_6,9.84,78.98,216.27,Cash,2023-08-13,1,Aadhya Das,30,Female,Surat,2022-03-16,177,15,4.9,14627,0.54,37.6,Mixed
T01017,R0250,Zone_10,14.26,132.02,247.26,UPI,2023-02-12,0,Aadhya Iyer,34,Female,Jaipur,2021-02-01,163,31,4.63,2440,1.54,35.4,Industrial
T01018,R0226,Zone_4,9.3,50.64,147.85,Credit Card,2023-09-06,0,Aarav Iyer,20,Other,Surat,2021-07-30,266,2,3.25,4038,2.46,48.2,Business
T01019,R0102,Zone_4,9.55,48.82,120.65,Wallet,2024-01-07,0,Aarav Nair,18,Female,Chennai,2023-05-13,123,22,4.1,4038,2.46,48.2,Business
T01020,R0107,Zone_8,6.95,60.81,146.22,Cash,2023-01-29,0,Reyansh Gupta,33,Male,Hyderabad,2020-01-11,179,14,3.66,4516,1.93,31.0,Business
T01021,R0011,Zone_6,6.08,47.67,122.18,UPI,2023-11-10,1,Vivaan Nair,26,Male,Chennai,2020-04-14,208,34,4.0,14627,0.54,37.6,Mixed
T01022,R0278,Zone_7,13.87,87.85,244.45,Wallet,2023-12-09,0,Aarav Reddy,20,Female,Mumbai,2021-09-02,382,58,4.27,11070,0.64,45.2,Industrial
T01023,R0241,Zone_10,9.87,70.99,244.47,Cash,2024-01-17,1,Kavya Gupta,34,Female,Chennai,2020-01-13,165,3,3.28,2440,1.54,35.4,Industrial
T01024,R0095,Zone_8,9.68,66.56,148.52,Credit Card,2023-06-27,0,Kavya Iyer,29,Female,Chennai,2020-10-07,481,77,4.26,4516,1.93,31.0,Business
T01025,R0126,Zone_4,4.96,28.48,55.26,Credit Card,2024-06-14,0,Diya Reddy,29,Female,Surat,2022-09-25,411,20,3.65,4038,2.46,48.2,Business
T01026,R0252,Zone_2,6.27,38.05,65.09,UPI,2023-01-01,1,Reyansh Gupta,38,Other,Ahmedabad,2020-09-23,392,47,4.83,6371,0.91,58.4,Residential
T01027,R0240,Zone_8,18.34,150.69,262.04,Cash,2023-05-26,0,Aarav Iyer,30,Male,Delhi,2020-05-18,174,2,4.07,4516,1.93,31.0,Business
T01028,R0190,Zone_5,7.66,46.22,85.51,Credit Card,2023-12-30,1,Saanvi Iyer,35,Other,Surat,2020-09-25,274,47,4.12,2590,1.31,43.9,Business
T01029,R0234,Zone_2,14.63,86.74,293.26,Wallet,2024-05-19,0,Saanvi Nair,32,Other,Pune,2022-12-01,183,31,3.98,6371,0.91,58.4,Residential
T01030,R0099,Zone_2,5.4,40.85,103.87,Cash,2023-09-08,1,Diya Gupta,35,Other,Mumbai,2021-08-21,80,8,3.7,6371,0.91,58.4,Residential
T01031,R0068,Zone_1,12.01,105.43,140.67,Credit Card,2023-12-15,1,Meera Singh,30,Female,Ahmedabad,2022-08-31,456,70,4.97,4921,2.43,30.9,Residential
T01032,R0221,Zone_7,9.45,94.3,88.52,Cash,2023-12-04,0,Diya Patel,21,Female,Delhi,2021-01-13,106,1,4.41,11070,0.64,45.2,Industrial
T01033,R0236,Zone_2,5.98,46.66,49.41,Credit Card,2023-07-04,0,Arjun Gupta,28,Male,Ahmedabad,2020-08-10,61,1,3.36,6371,0.91,58.4,Residential
T01034,R0123,Zone_10,11.24,61.04,117.46,Wallet,2023-04-19,0,Meera Ghosh,32,Male,Bengaluru,2023-06-24,156,26,3.31,2440,1.54,35.4,Industrial
T01035,R0205,Zone_5,0.28,1.92,4.33,Credit Card,2024-05-08,0,Diya Singh,31,Other,Surat,2019-05-12,100,14,4.66,2590,1.31,43.9,Business
T01036,R0037,Zone_3,10.87,87.78,215.53,Credit Card,2024-07-28,0,Aadhya Iyer,32,Other,Ahmedabad,2020-11-21,489,6,3.36,12971,2.11,38.0,Business
T01037,R0106,Zone_6,11.93,98.95,168.44,Cash,2023-06-18,1,Aarav Patel,32,Other,Bengaluru,2021-11-25,6,1,4.03,14627,0.54,37.6,Mixed
T01038,R0017,Zone_8,9.37,71.95,204.58,Credit Card,2024-06-20,0,Meera Das,49,Female,Mumbai,2023-03-18,288,21,3.83,4516,1.93,31.0,Business
T01039,R0177,Zone_3,14.55,118.05,125.89,Cash,2024-08-14,0,Ishaan Reddy,34,Other,Bengaluru,2023-02-15,489,63,4.48,12971,2.11,38.0,Business
T01040,R0028,Zone_6,7.66,55.38,77.21,Cash,2023-03-04,1,Reyansh Sharma,20,Female,Surat,2023-11-11,249,21,3.79,14627,0.54,37.6,Mixed
T01041,R0269,Zone_1,7.25,68.25,172.44,UPI,2024-02-02,1,Aadhya Sharma,41,Male,Mumbai,2019-05-19,423,16,3.41,4921,2.43,30.9,Residential
T01042,R0090,Zone_7,9.78,49.56,160.2,Wallet,2024-08-19,0,Kavya Iyer,33,Female,Mumbai,2021-01-31,152,25,4.51,11070,0.64,45.2,Industrial
T01043,R0026,Zone_10,12.34,119.46,164.63,Credit Card,2024-07-02,0,Aarav Kumar,26,Female,Surat,2020-04-17,44,5,3.17,2440,1.54,35.4,Industrial
T01044,R0077,Zone_9,10.85,89.48,102.05,Wallet,2023-08-16,1,Reyansh Das,28,Male,Mumbai,2019-09-07,406,72,3.79,11037,1.83,56.1,Mixed
T01045,R0124,Zone_10,6.87,43.58,89.69,Credit Card,2023-01-12,1,Aadhya Das,37,Other,Hyderabad,2022-06-09,419,25,3.59,2440,1.54,35.4,Industrial
T01046,R0121,Zone_9,3.02,18.46,29.53,Wallet,2023-12-02,0,Diya Iyer,29,Male,Pune,2023-07-13,378,10,4.17,11037,1.83,56.1,Mixed
T01047,R0117,Zone_6,11.32,97.67,102.93,Wallet,2023-09-22,1,Aadhya Gupta,21,Female,Ahmedabad,2021-06-12,369,37,3.16,14627,0.54,37.6,Mixed
T01048,R0231,Zone_7,4.05,39.82,44.61,Credit Card,2023-02-07,1,Ishaan Nair,19,Other,Mumbai,2019-08-26,328,22,4.81,11070,0.64,45.2,Industrial
T01049,R0270,Zone_9,3.91,35.35,85.13,Credit Card,2023-11-25,0,Aadhya Reddy,35,Male,Hyderabad,2022-01-02,455,64,3.08,11037,1.83,56.1,Mixed
T01050,R0032,Zone_4,4.73,30.01,69.7,UPI,2023-07-22,1,Kavya Reddy,18,Female,Mumbai,2023-09-20,213,24,4.0,4038,2.46,48.2,Business
T01051,R0135,Zone_8,8.29,58.13,153.56,UPI,2023-01-18,1,Reyansh Patel,38,Female,Ahmedabad,2022-02-24,153,8,3.47,4516,1.93,31.0,Business
T01052,R0246,Zone_10,4.02,33.06,87.4,UPI,2023-12-24,0,Vivaan Das,29,Other,Mumbai,2021-03-31,240,34,4.79,2440,1.54,35.4,Industrial
T01053,R0105,Zone_5,2.32,17.07,20.14,Wallet,2024-07-07,1,Diya Das,31,Female,Jaipur,2020-09-28,346,9,3.69,2590,1.31,43.9,Business
T01054,R0231,Zone_7,4.71,42.7,98.65,Wallet,2023-07-04,1,Ishaan Nair,19,Other,Mumbai,2019-08-26,328,22,4.81,11070,0.64,45.2,Industrial
T01055,R0119,Zone_6,7.08,35.42,88.14,Cash,2023-08-10,1,Saanvi Iyer,47,Male,Hyderabad,2023-05-05,30,1,4.39,14627,0.54,37.6,Mixed
T01056,R0266,Zone_7,10.27,74.55,168.21,Wallet,2024-02-26,1,Diya Reddy,29,Other,Chennai,2020-09-25,98,13,3.9,11070,0.64,45.2,Industrial
T01057,R0282,Zone_3,8.34,61.91,144.33,UPI,2024-02-09,0,Reyansh Kumar,22,Other,Bengaluru,2022-05-02,319,3,4.47,12971,2.11,38.0,Business
T01058,R0192,Zone_2,2.6,15.42,31.62,UPI,2023-06-09,0,Aadhya Nair,31,Male,Delhi,2021-08-23,449,31,3.89,6371,0.91,58.4,Residential
T01059,R0164,Zone_8,9.14,84.79,160.24,Cash,2024-06-12,1,Aadhya Ghosh,37,Other,Ahmedabad,2022-07-06,249,23,4.02,4516,1.93,31.0,Business
T01060,R0285,Zone_5,9.61,90.21,92.12,Cash,2023-12-07,0,Diya Iyer,29,Female,Chennai,2019-01-10,244,16,4.97,2590,1.31,43.9,Business
T01061,R0172,Zone_9,5.73,48.94,113.7,Credit Card,2023-07-10,1,Reyansh Reddy,31,Other,Pune,2019-12-24,168,14,3.72,11037,1.83,56.1,Mixed
T01062,R0127,Zone_4,4.02,20.5,99.65,Wallet,2023-02-03,0,Vivaan Kumar,38,Male,Chennai,2020-03-17,43,2,4.83,4038,2.46,48.2,Business
T01063,R0226,Zone_5,4.02,31.06,46.8,Cash,2024-08-09,1,Aarav Iyer,20,Other,Surat,2021-07-30,266,2,3.25,2590,1.31,43.9,Business
T01064,R0183,Zone_2,5.34,26.75,85.55,UPI,2023-01-17,1,Arjun Patel,43,Other,Jaipur,2022-08-27,406,66,3.79,6371,0.91,58.4,Residential
T01065,R0092,Zone_4,19.07,184.53,374.64,Wallet,2024-01-18,1,Aarav Nair,21,Male,Surat,2019-07-18,252,23,4.51,4038,2.46,48.2,Business
T01066,R0250,Zone_1,3.55,18.67,62.38,Credit Card,2024-03-02,0,Aadhya Iyer,34,Female,Jaipur,2021-02-01,163,31,4.63,4921,2.43,30.9,Residential
T01067,R0029,Zone_9,9.33,82.67,138.15,Wallet,2023-09-09,0,Kavya Iyer,30,Male,Surat,2022-07-24,4,0,3.69,11037,1.83,56.1,Mixed
T01068,R0116,Zone_10,4.43,30.69,67.17,Cash,2023-05-27,0,Ishaan Kumar,34,Female,Bengaluru,2020-02-08,238,30,4.58,2440,1.54,35.4,Industrial
T01069,R0218,Zone_6,5.47,32.45,112.98,Credit Card,2023-10-15,0,Arjun Reddy,34,Other,Delhi,2019-01-11,160,16,3.87,14627,0.54,37.6,Mixed
T01070,R0029,Zone_9,4.47,32.59,36.56,UPI,2024-01-01,0,Kavya Iyer,30,Male,Surat,2022-07-24,4,0,3.69,11037,1.83,56.1,Mixed
T01071,R0286,Zone_5,12.01,119.25,131.8,Cash,2024-06-04,0,Ishaan Nair,26,Male,Pune,2023-02-15,29,0,4.48,2590,1.31,43.9,Business
T01072,R0112,Zone_6,9.9,68.06,139.84,Cash,2024-05-10,1,Meera Nair,41,Female,Delhi,2020-11-13,311,11,3.24,14627,0.54,37.6,Mixed
T01073,R0121,Zone_10,7.35,72.94,89.7,Wallet,2023-12-01,0,Diya Iyer,29,Male,Pune,2023-07-13,378,10,4.17,2440,1.54,35.4,Industrial
T01074,R0109,Zone_10,10.51,68.93,203.11,Credit Card,2023-08-11,0,Vivaan Kumar,35,Female,Delhi,2022-11-19,62,5,3.35,2440,1.54,35.4,Industrial
T01075,R0240,Zone_7,11.72,88.22,143.06,UPI,2024-05-16,0,Aarav Iyer,30,Male,Delhi,2020-05-18,174,2,4.07,11070,0.64,45.2,Industrial
T01076,R0257,Zone_1,3.75,22.05,70.87,Credit Card,2023-11-10,0,Arjun Reddy,36,Other,Delhi,2023-03-11,459,19,4.82,4921,2.43,30.9,Residential
T01077,R0241,Zone_4,10.74,66.68,206.08,Wallet,2024-06-27,1,Kavya Gupta,34,Female,Chennai,2020-01-13,165,3,3.28,4038,2.46,48.2,Business
T01078,R0091,Zone_6,4.41,23.03,86.33,UPI,2023-06-01,1,Meera Das,41,Other,Surat,2022-04-16,334,43,3.4,14627,0.54,37.6,Mixed
T01079,R0030,Zone_5,12.19,101.66,231.15,Cash,2023-05-18,0,Saanvi Patel,25,Other,Mumbai,2021-01-08,442,58,3.72,2590,1.31,43.9,Business
T01080,R0194,Zone_2,11.7,95.21,108.88,Credit Card,2023-11-19,0,Arjun Iyer,30,Other,Jaipur,2023-02-10,10,2,4.06,6371,0.91,58.4,Residential
T01081,R0212,Zone_3,10.02,79.07,216.29,Cash,2024-06-18,1,Aadhya Iyer,36,Female,Ahmedabad,2023-09-11,73,12,3.22,12971,2.11,38.0,Business
T01082,R0134,Zone_1,6.95,57.46,149.19,Credit Card,2024-03-05,0,Aadhya Singh,34,Male,Jaipur,2022-07-30,410,29,4.59,4921,2.43,30.9,Residential
T01083,R0136,Zone_7,5.37,49.34,69.98,Cash,2024-01-11,0,Diya Ghosh,34,Male,Hyderabad,2019-01-19,339,11,3.82,11070,0.64,45.2,Industrial
T01084,R0177,Zone_10,6.68,45.42,145.41,Cash,2023-06-15,1,Ishaan Reddy,34,Other,Bengaluru,2023-02-15,489,63,4.48,2440,1.54,35.4,Industrial
T01085,R0013,Zone_2,11.85,72.66,216.01,Cash,2023-12-03,1,Ishaan Gupta,43,Female,Kolkata,2019-04-01,6,0,3.91,6371,0.91,58.4,Residential
T01086,R0151,Zone_1,4.59,27.07,48.72,UPI,2023-07-22,0,Meera Reddy,34,Male,Hyderabad,2023-02-25,394,56,5.0,4921,2.43,30.9,Residential
T01087,R0081,Zone_10,8.25,59.48,185.89,Cash,2023-08-25,1,Diya Reddy,42,Other,Mumbai,2022-01-31,114,2,3.9,2440,1.54,35.4,Industrial
T01088,R0193,Zone_7,0.74,5.51,7.1,UPI,2024-03-18,0,Kavya Singh,33,Female,Chennai,2022-01-03,389,68,4.41,11070,0.64,45.2,Industrial
T01089,R0118,Zone_7,9.3,51.55,81.43,Wallet,2024-05-07,1,Reyansh Gupta,29,Male,Surat,2023-09-26,165,24,4.13,11070,0.64,45.2,Industrial
T01090,R0130,Zone_1,2.8200000000000003,21.83,38.66,Cash,2023-03-20,1,Diya Ghosh,27,Female,Pune,2019-02-16,316,62,3.62,4921,2.43,30.9,Residential
T01091,R0189,Zone_10,1.4100000000000001,8.43,12.9,Cash,2024-01-12,1,Reyansh Gupta,29,Female,Delhi,2019-09-16,238,42,3.28,2440,1.54,35.4,Industrial
T01092,R0037,Zone_7,10.59,54.2,131.17,Credit Card,2024-04-13,1,Aadhya Iyer,32,Other,Ahmedabad,2020-11-21,489,6,3.36,11070,0.64,45.2,Industrial
T01093,R0234,Zone_6,9.05,83.05,142.74,Wallet,2024-03-24,1,Saanvi Nair,32,Other,Pune,2022-12-01,183,31,3.98,14627,0.54,37.6,Mixed
T01094,R0126,Zone_4,5.78,52.57,86.21,Wallet,2023-04-22,0,Diya Reddy,29,Female,Surat,2022-09-25,411,20,3.65,4038,2.46,48.2,Business
T01095,R0188,Zone_3,6.49,49.78,71.11,Wallet,2023-11-03,0,Vivaan Gupta,24,Male,Delhi,2020-07-16,436,64,3.15,12971,2.11,38.0,Business
T01096,R0070,Zone_8,19.36,144.13,443.64,UPI,2024-04-13,0,Meera Reddy,33,Male,Bengaluru,2023-01-03,310,6,3.54,4516,1.93,31.0,Business
T01097,R0021,Zone_7,7.03,55.96,171.02,UPI,2024-07-02,1,Diya Ghosh,37,Female,Pune,2019-05-08,380,17,3.91,11070,0.64,45.2,Industrial
T01098,R0259,Zone_6,6.99,40.01,58.66,Credit Card,2023-11-06,0,Aadhya Das,32,Male,Jaipur,2019-06-25,150,27,3.52,14627,0.54,37.6,Mixed
T01099,R0198,Zone_8,11.26,76.08,145.06,Cash,2024-01-26,1,Vivaan Kumar,31,Other,Mumbai,2021-12-10,202,23,3.85,4516,1.93,31.0,Business
T01100,R0151,Zone_1,8.44,82.0,90.85,Credit Card,2023-06-13,0,Meera Reddy,34,Male,Hyderabad,2023-02-25,394,56,5.0,4921,2.43,30.9,Residential
T01101,R0228,Zone_2,12.94,127.54,316.93,Credit Card,2024-06-15,1,Kavya Ghosh,21,Female,Pune,2020-05-18,10,0,4.84,6371,0.91,58.4,Residential
T01102,R0291,Zone_5,9.39,64.4,183.71,Wallet,2024-02-02,1,Arjun Ghosh,23,Other,Pune,2021-04-19,499,94,3.46,2590,1.31,43.9,Business
T01103,R0005,Zone_9,11.81,68.62,211.36,Credit Card,2023-06-01,1,Diya Reddy,27,Male,Ahmedabad,2021-05-31,294,30,3.53,11037,1.83,56.1,Mixed
T01104,R0013,Zone_9,10.22,98.6,233.8,UPI,2023-08-18,0,Ishaan Gupta,43,Female,Kolkata,2019-04-01,6,0,3.91,11037,1.83,56.1,Mixed
T01105,R0170,Zone_8,11.23,105.21,165.37,Credit Card,2023-01-14,0,Saanvi Kumar,29,Other,Bengaluru,2020-05-20,28,3,3.68,4516,1.93,31.0,Business
T01106,R0196,Zone_10,7.79,49.26,194.33,Credit Card,2023-12-04,1,Vivaan Das,18,Male,Hyderabad,2019-06-24,51,9,4.93,2440,1.54,35.4,Industrial
T01107,R0095,Zone_10,9.11,70.09,151.09,Wallet,2023-03-25,1,Kavya Iyer,29,Female,Chennai,2020-10-07,481,77,4.26,2440,1.54,35.4,Industrial
T01108,R0182,Zone_10,6.64,57.07,62.99,UPI,2023-11-06,0,Meera Patel,43,Male,Jaipur,2020-09-30,8,0,4.4,2440,1.54,35.4,Industrial
T01109,R0064,Zone_9,11.02,95.62,248.7,Credit Card,2023-09-26,0,Ishaan Nair,21,Female,Bengaluru,2023-09-30,214,2,4.21,11037,1.83,56.1,Mixed
T01110,R0192,Zone_8,1.27,10.48,17.78,UPI,2023-01-03,0,Aadhya Nair,31,Male,Delhi,2021-08-23,449,31,3.89,4516,1.93,31.0,Business
T01111,R0006,Zone_2,11.63,116.2,183.38,UPI,2024-03-03,1,Aarav Das,45,Female,Jaipur,2023-06-30,248,13,4.64,6371,0.91,58.4,Residential
T01112,R0218,Zone_5,12.99,76.01,108.6,Wallet,2024-01-26,0,Arjun Reddy,34,Other,Delhi,2019-01-11,160,16,3.87,2590,1.31,43.9,Business
T01113,R0294,Zone_7,11.71,68.92,242.46,Credit Card,2024-07-21,0,Arjun Reddy,24,Male,Surat,2021-04-02,41,7,3.2,11070,0.64,45.2,Industrial
T01114,R0002,Zone_7,7.48,65.33,152.09,Wallet,2024-08-03,1,Ishaan Nair,39,Female,Mumbai,2019-11-23,70,5,4.12,11070,0.64,45.2,Industrial
T01115,R0060,Zone_3,10.53,99.34,215.24,UPI,2023-05-04,1,Aarav Nair,40,Female,Hyderabad,2023-08-01,123,7,4.57,12971,2.11,38.0,Business
T01116,R0242,Zone_6,4.12,32.03,55.21,Credit Card,2024-05-28,1,Kavya Iyer,34,Male,Ahmedabad,2022-06-05,445,8,4.54,14627,0.54,37.6,Mixed
T01117,R0086,Zone_5,12.19,98.93,263.64,Cash,2024-03-14,0,Vivaan Patel,23,Male,Hyderabad,2019-11-08,337,17,4.56,2590,1.31,43.9,Business
T01118,R0108,Zone_1,2.5,16.36,30.74,Credit Card,2023-09-02,0,Reyansh Gupta,18,Male,Pune,2019-05-31,184,32,4.88,4921,2.43,30.9,Residential
T01119,R0280,Zone_2,10.97,56.48,178.73,Wallet,2023-02-14,1,Saanvi Gupta,26,Other,Chennai,2023-05-31,172,23,4.43,6371,0.91,58.4,Residential
T01120,R0172,Zone_9,10.66,56.81,244.47,UPI,2023-05-13,0,Reyansh Reddy,31,Other,Pune,2019-12-24,168,14,3.72,11037,1.83,56.1,Mixed
T01121,R0292,Zone_5,10.03,88.93,156.58,Credit Card,2024-03-23,0,Diya Patel,37,Female,Jaipur,2020-06-28,141,19,4.39,2590,1.31,43.9,Business
T01122,R0055,Zone_4,5.76,52.2,101.78,Credit Card,2023-11-05,1,Kavya Singh,32,Male,Delhi,2021-11-07,425,12,4.19,4038,2.46,48.2,Business
T01123,R0296,Zone_8,11.8,103.58,106.02,Cash,2024-01-05,1,Reyansh Patel,37,Other,Hyderabad,2021-02-20,390,58,3.97,4516,1.93,31.0,Business
T01124,R0104,Zone_5,1.19,9.21,29.08,Cash,2023-08-24,0,Diya Gupta,52,Male,Kolkata,2021-05-27,328,1,3.7,2590,1.31,43.9,Business
T01125,R0072,Zone_8,11.89,107.51,104.44,UPI,2023-05-23,0,Saanvi Das,25,Other,Jaipur,2023-11-05,62,10,4.07,4516,1.93,31.0,Business
T01126,R0079,Zone_2,8.96,61.07,138.99,Wallet,2024-01-06,1,Ishaan Nair,25,Male,Bengaluru,2020-09-23,146,28,4.92,6371,0.91,58.4,Residential
T01127,R0133,Zone_3,13.25,93.39,167.01,UPI,2024-05-19,1,Diya Kumar,25,Female,Delhi,2019-07-13,155,11,4.4,12971,2.11,38.0,Business
T01128,R0071,Zone_2,9.0,58.88,98.07,UPI,2023-06-28,1,Vivaan Nair,35,Male,Ahmedabad,2021-01-09,67,4,3.82,6371,0.91,58.4,Residential
T01129,R0146,Zone_2,17.19,127.78,178.73,Credit Card,2024-01-05,0,Kavya Gupta,30,Male,Surat,2020-04-15,80,11,3.89,6371,0.91,58.4,Residential
T01130,R0262,Zone_8,3.29,17.71,79.68,Cash,2024-04-23,1,Meera Singh,30,Male,Ahmedabad,2019-04-21,6,0,3.35,4516,1.93,31.0,Business
T01131,R0044,Zone_7,11.05,86.86,214.61,Credit Card,2024-03-09,0,Arjun Gupta,36,Female,Hyderabad,2020-08-01,271,5,3.21,11070,0.64,45.2,Industrial
T01132,R0225,Zone_1,3.5700000000000003,34.45,71.15,Cash,2024-06-24,1,Ishaan Sharma,39,Female,Delhi,2020-06-15,465,9,4.08,4921,2.43,30.9,Residential
T01133,R0020,Zone_5,7.37,52.98,176.44,Credit Card,2023-06-15,1,Diya Das,35,Female,Chennai,2019-09-17,274,21,4.03,2590,1.31,43.9,Business
T01134,R0104,Zone_2,11.71,87.2,262.76,UPI,2024-04-12,1,Diya Gupta,52,Male,Kolkata,2021-05-27,328,1,3.7,6371,0.91,58.4,Residential
T01135,R0246,Zone_5,11.13,92.96,251.81,Credit Card,2023-08-15,0,Vivaan Das,29,Other,Mumbai,2021-03-31,240,34,4.79,2590,1.31,43.9,Business
T01136,R0160,Zone_10,18.4,146.43,213.49,UPI,2023-09-15,0,Kavya Nair,30,Male,Surat,2021-06-16,438,7,4.42,2440,1.54,35.4,Industrial
T01137,R0209,Zone_3,6.24,35.59,52.27,Wallet,2024-07-17,1,Vivaan Sharma,31,Other,Surat,2020-06-11,109,20,3.77,12971,2.11,38.0,Business
T01138,R0137,Zone_7,14.43,122.32,159.75,UPI,2023-05-08,1,Arjun Gupta,27,Male,Bengaluru,2021-08-10,166,32,3.14,11070,0.64,45.2,Industrial
T01139,R0022,Zone_7,6.73,40.71,154.02,Credit Card,2023-03-22,1,Aarav Nair,43,Female,Kolkata,2020-09-14,220,1,3.32,11070,0.64,45.2,Industrial
T01140,R0164,Zone_4,4.5,44.65,99.91,Wallet,2024-06-15,0,Aadhya Ghosh,37,Other,Ahmedabad,2022-07-06,249,23,4.02,4038,2.46,48.2,Business
T01141,R0030,Zone_6,0.11,0.64,1.18,UPI,2024-08-05,1,Saanvi Patel,25,Other,Mumbai,2021-01-08,442,58,3.72,14627,0.54,37.6,Mixed
T01142,R0178,Zone_1,8.81,51.87,89.49,UPI,2023-08-30,1,Saanvi Ghosh,27,Male,Delhi,2021-05-15,56,7,3.13,4921,2.43,30.9,Residential
T01143,R0103,Zone_5,5.39,47.46,121.44,Cash,2023-05-07,1,Ishaan Gupta,37,Other,Surat,2022-11-24,175,14,3.07,2590,1.31,43.9,Business
T01144,R0105,Zone_6,12.24,61.4,157.65,Cash,2023-07-01,1,Diya Das,31,Female,Jaipur,2020-09-28,346,9,3.69,14627,0.54,37.6,Mixed
T01145,R0250,Zone_2,5.36,44.08,84.12,Credit Card,2024-02-12,0,Aadhya Iyer,34,Female,Jaipur,2021-02-01,163,31,4.63,6371,0.91,58.4,Residential
T01146,R0271,Zone_3,5.62,40.07,81.25,Wallet,2024-04-03,1,Saanvi Iyer,22,Male,Bengaluru,2022-10-07,58,6,4.37,12971,2.11,38.0,Business
T01147,R0252,Zone_8,9.77,89.81,121.46,Credit Card,2024-05-06,1,Reyansh Gupta,38,Other,Ahmedabad,2020-09-23,392,47,4.83,4516,1.93,31.0,Business
T01148,R0181,Zone_5,16.61,84.85,292.75,Cash,2023-05-24,1,Arjun Patel,32,Male,Hyderabad,2019-01-09,349,32,3.75,2590,1.31,43.9,Business
T01149,R0016,Zone_10,2.56,13.49,39.28,Cash,2024-07-16,0,Aarav Iyer,28,Female,Delhi,2022-01-24,356,51,3.06,2440,1.54,35.4,Industrial
T01150,R0164,Zone_7,13.09,116.53,281.31,Wallet,2023-04-07,0,Aadhya Ghosh,37,Other,Ahmedabad,2022-07-06,249,23,4.02,11070,0.64,45.2,Industrial
T01151,R0018,Zone_7,12.37,100.7,283.95,UPI,2024-07-21,1,Aarav Reddy,49,Female,Delhi,2023-01-09,446,86,3.29,11070,0.64,45.2,Industrial
T01152,R0083,Zone_3,6.9,45.91,114.37,Cash,2024-01-12,0,Kavya Patel,45,Female,Mumbai,2021-12-31,475,39,4.4,12971,2.11,38.0,Business
T01153,R0226,Zone_3,11.38,88.26,165.7,Credit Card,2024-08-15,0,Aarav Iyer,20,Other,Surat,2021-07-30,266,2,3.25,12971,2.11,38.0,Business
T01154,R0183,Zone_3,6.58,47.62,54.52,Cash,2024-05-12,0,Arjun Patel,43,Other,Jaipur,2022-08-27,406,66,3.79,12971,2.11,38.0,Business
T01155,R0154,Zone_10,19.86,142.38,189.24,Credit Card,2023-12-11,0,Kavya Patel,18,Other,Kolkata,2019-03-25,466,79,4.68,2440,1.54,35.4,Industrial
T01156,R0234,Zone_1,7.44,68.85,171.29,Cash,2024-06-25,1,Saanvi Nair,32,Other,Pune,2022-12-01,183,31,3.98,4921,2.43,30.9,Residential
T01157,R0231,Zone_7,8.4,75.64,141.77,Cash,2024-07-17,1,Ishaan Nair,19,Other,Mumbai,2019-08-26,328,22,4.81,11070,0.64,45.2,Industrial
T01158,R0197,Zone_8,6.37,41.96,155.87,UPI,2023-10-07,0,Saanvi Das,29,Female,Bengaluru,2020-10-08,475,87,3.87,4516,1.93,31.0,Business
T01159,R0212,Zone_7,0.47000000000000003,4.04,4.82,Wallet,2023-06-10,0,Aadhya Iyer,36,Female,Ahmedabad,2023-09-11,73,12,3.22,11070,0.64,45.2,Industrial
T01160,R0094,Zone_3,6.68,65.51,134.89,Wallet,2023-03-17,0,Diya Iyer,41,Other,Delhi,2023-04-13,480,62,4.87,12971,2.11,38.0,Business
T01161,R0021,Zone_3,9.16,49.15,114.53,UPI,2024-08-06,0,Diya Ghosh,37,Female,Pune,2019-05-08,380,17,3.91,12971,2.11,38.0,Business
T01162,R0013,Zone_4,15.5,122.4,248.96,Cash,2024-02-05,0,Ishaan Gupta,43,Female,Kolkata,2019-04-01,6,0,3.91,4038,2.46,48.2,Business
T01163,R0052,Zone_5,10.46,55.26,108.33,Cash,2024-04-13,1,Reyansh Singh,23,Other,Hyderabad,2021-03-09,40,7,4.74,2590,1.31,43.9,Business
T01164,R0126,Zone_9,7.05,66.14,86.28,Credit Card,2023-12-15,1,Diya Reddy,29,Female,Surat,2022-09-25,411,20,3.65,11037,1.83,56.1,Mixed
T01165,R0032,Zone_3,8.3,67.39,175.63,UPI,2023-12-15,0,Kavya Reddy,18,Female,Mumbai,2023-09-20,213,24,4.0,12971,2.11,38.0,Business
T01166,R0142,Zone_1,9.64,71.93,131.44,Credit Card,2023-07-01,0,Meera Nair,33,Female,Kolkata,2021-03-04,78,5,3.48,4921,2.43,30.9,Residential
T01167,R0130,Zone_9,6.11,44.64,64.43,Cash,2024-01-06,0,Diya Ghosh,27,Female,Pune,2019-02-16,316,62,3.62,11037,1.83,56.1,Mixed
T01168,R0063,Zone_4,11.41,106.3,220.99,Wallet,2024-05-20,0,Diya Iyer,34,Male,Surat,2023-04-21,329,33,4.83,4038,2.46,48.2,Business
T01169,R0241,Zone_5,16.13,160.35,197.92,Credit Card,2023-11-09,1,Kavya Gupta,34,Female,Chennai,2020-01-13,165,3,3.28,2590,1.31,43.9,Business
T01170,R0285,Zone_2,6.18,37.37,85.02,Cash,2023-03-17,1,Diya Iyer,29,Female,Chennai,2019-01-10,244,16,4.97,6371,0.91,58.4,Residential
T01171,R0239,Zone_6,14.04,139.0,244.43,Credit Card,2023-02-23,0,Diya Iyer,36,Male,Mumbai,2020-03-13,268,10,3.36,14627,0.54,37.6,Mixed
T01172,R0066,Zone_7,12.38,74.37,101.96,UPI,2024-04-14,1,Arjun Patel,38,Female,Bengaluru,2022-06-03,167,28,4.72,11070,0.64,45.2,Industrial
T01173,R0202,Zone_2,10.69,59.82,106.28,Cash,2023-01-04,0,Aadhya Reddy,27,Male,Ahmedabad,2021-10-28,317,0,4.72,6371,0.91,58.4,Residential
T01174,R0182,Zone_1,8.56,69.75,149.43,UPI,2024-07-27,1,Meera Patel,43,Male,Jaipur,2020-09-30,8,0,4.4,4921,2.43,30.9,Residential
T01175,R0122,Zone_10,9.69,65.12,237.59,Cash,2024-03-16,1,Ishaan Patel,27,Female,Kolkata,2022-11-22,324,17,4.98,2440,1.54,35.4,Industrial
T01176,R0250,Zone_3,6.91,41.03,166.82,Cash,2023-05-02,1,Aadhya Iyer,34,Female,Jaipur,2021-02-01,163,31,4.63,12971,2.11,38.0,Business
T01177,R0253,Zone_6,17.18,169.04,410.94,Wallet,2023-06-17,0,Ishaan Gupta,26,Male,Surat,2021-08-19,173,24,3.16,14627,0.54,37.6,Mixed
T01178,R0131,Zone_5,4.41,41.48,64.51,Credit Card,2023-05-07,0,Reyansh Ghosh,24,Male,Surat,2019-10-22,99,7,3.6,2590,1.31,43.9,Business
T01179,R0191,Zone_4,13.67,108.06,329.01,Credit Card,2023-05-07,1,Meera Gupta,33,Other,Surat,2020-08-14,87,6,4.56,4038,2.46,48.2,Business
T01180,R0044,Zone_3,15.75,82.66,363.04,UPI,2023-01-04,1,Arjun Gupta,36,Female,Hyderabad,2020-08-01,271,5,3.21,12971,2.11,38.0,Business
T01181,R0252,Zone_6,6.38,61.03,138.42,Cash,2023-03-03,1,Reyansh Gupta,38,Other,Ahmedabad,2020-09-23,392,47,4.83,14627,0.54,37.6,Mixed
T01182,R0072,Zone_8,13.83,122.5,281.82,Credit Card,2023-03-03,1,Saanvi Das,25,Other,Jaipur,2023-11-05,62,10,4.07,4516,1.93,31.0,Business
T01183,R0115,Zone_7,8.72,69.04,110.42,Cash,2023-08-07,0,Aarav Ghosh,40,Female,Bengaluru,2020-03-01,170,15,4.4,11070,0.64,45.2,Industrial
T01184,R0230,Zone_10,8.31,54.59,85.45,UPI,2023-01-02,0,Kavya Gupta,32,Male,Chennai,2022-11-22,183,23,3.65,2440,1.54,35.4,Industrial
T01185,R0177,Zone_9,7.63,69.09,99.76,Cash,2023-10-17,1,Ishaan Reddy,34,Other,Bengaluru,2023-02-15,489,63,4.48,11037,1.83,56.1,Mixed
T01186,R0191,Zone_5,0.07,0.37,1.56,Cash,2023-10-27,1,Meera Gupta,33,Other,Surat,2020-08-14,87,6,4.56,2590,1.31,43.9,Business
T01187,R0200,Zone_1,10.74,71.5,180.04,UPI,2024-02-22,1,Kavya Kumar,30,Other,Bengaluru,2021-11-15,443,87,3.6,4921,2.43,30.9,Residential
T01188,R0073,Zone_9,15.22,114.91,136.56,UPI,2023-12-30,0,Meera Das,41,Other,Ahmedabad,2021-06-19,490,30,3.01,11037,1.83,56.1,Mixed
T01189,R0224,Zone_10,4.48,38.75,48.76,Cash,2023-04-02,0,Ishaan Sharma,29,Female,Ahmedabad,2020-08-04,200,1,4.31,2440,1.54,35.4,Industrial
T01190,R0244,Zone_8,12.24,85.58,237.42,Wallet,2023-07-16,0,Aadhya Iyer,24,Female,Kolkata,2019-04-22,27,1,3.13,4516,1.93,31.0,Business
T01191,R0084,Zone_6,7.57,43.46,141.47,Cash,2024-08-04,1,Kavya Sharma,38,Male,Jaipur,2019-07-21,366,6,4.67,14627,0.54,37.6,Mixed
T01192,R0108,Zone_1,2.54,20.77,23.83,Cash,2023-03-02,0,Reyansh Gupta,18,Male,Pune,2019-05-31,184,32,4.88,4921,2.43,30.9,Residential
T01193,R0163,Zone_4,12.99,115.6,206.05,Cash,2023-11-02,0,Kavya Gupta,33,Other,Ahmedabad,2020-02-20,302,21,3.56,4038,2.46,48.2,Business
T01194,R0189,Zone_10,16.43,110.61,370.62,Wallet,2023-01-22,1,Reyansh Gupta,29,Female,Delhi,2019-09-16,238,42,3.28,2440,1.54,35.4,Industrial
T01195,R0221,Zone_9,4.03,31.97,76.46,Credit Card,2024-02-28,1,Diya Patel,21,Female,Delhi,2021-01-13,106,1,4.41,11037,1.83,56.1,Mixed
T01196,R0290,Zone_10,9.08,79.35,184.31,Cash,2023-06-10,0,Saanvi Kumar,34,Other,Chennai,2020-05-06,169,4,4.28,2440,1.54,35.4,Industrial
T01197,R0252,Zone_6,0.8,5.53,18.9,Wallet,2024-04-16,1,Reyansh Gupta,38,Other,Ahmedabad,2020-09-23,392,47,4.83,14627,0.54,37.6,Mixed
T01198,R0208,Zone_3,7.79,60.7,119.71,UPI,2023-04-08,0,Aadhya Iyer,24,Other,Chennai,2020-01-08,356,53,4.75,12971,2.11,38.0,Business
T01199,R0083,Zone_3,10.43,100.41,159.66,UPI,2024-05-24,1,Kavya Patel,45,Female,Mumbai,2021-12-31,475,39,4.4,12971,2.11,38.0,Business
T01200,R0064,Zone_1,16.76,125.35,354.36,Credit Card,2024-03-29,1,Ishaan Nair,21,Female,Bengaluru,2023-09-30,214,2,4.21,4921,2.43,30.9,Residential
T01201,R0187,Zone_4,15.79,83.24,239.29,Cash,2024-06-26,1,Saanvi Reddy,27,Other,Surat,2022-08-05,357,38,4.71,4038,2.46,48.2,Business
T01202,R0203,Zone_7,16.21,127.57,294.23,Cash,2023-07-27,1,Kavya Gupta,49,Female,Bengaluru,2023-07-25,152,9,3.6,11070,0.64,45.2,Industrial
T01203,R0008,Zone_5,5.36,39.28,112.46,Credit Card,2023-11-18,1,Ishaan Ghosh,28,Female,Jaipur,2022-10-01,215,23,4.02,2590,1.31,43.9,Business
T01204,R0300,Zone_4,6.77,37.69,106.62,Cash,2023-06-26,1,Saanvi Iyer,38,Female,Kolkata,2023-07-08,291,7,3.67,4038,2.46,48.2,Business
T01205,R0068,Zone_4,0.32,2.47,7.58,Credit Card,2024-03-22,0,Meera Singh,30,Female,Ahmedabad,2022-08-31,456,70,4.97,4038,2.46,48.2,Business
T01206,R0121,Zone_2,4.42,24.44,107.66,Cash,2023-06-21,0,Diya Iyer,29,Male,Pune,2023-07-13,378,10,4.17,6371,0.91,58.4,Residential
T01207,R0003,Zone_9,0.74,6.07,12.1,Wallet,2024-02-08,0,Kavya Reddy,34,Male,Pune,2023-05-04,45,9,3.76,11037,1.83,56.1,Mixed
T01208,R0141,Zone_5,9.83,88.25,225.18,Wallet,2024-06-22,0,Arjun Das,25,Other,Jaipur,2019-07-08,53,0,4.29,2590,1.31,43.9,Business
T01209,R0068,Zone_3,4.52,42.25,53.93,Cash,2023-08-23,1,Meera Singh,30,Female,Ahmedabad,2022-08-31,456,70,4.97,12971,2.11,38.0,Business
T01210,R0062,Zone_1,2.49,21.64,21.47,Cash,2023-04-03,0,Kavya Sharma,38,Male,Jaipur,2019-05-13,57,3,3.58,4921,2.43,30.9,Residential
T01211,R0005,Zone_6,6.22,54.48,66.31,Credit Card,2023-06-09,0,Diya Reddy,27,Male,Ahmedabad,2021-05-31,294,30,3.53,14627,0.54,37.6,Mixed
T01212,R0017,Zone_6,2.08,14.88,22.66,UPI,2024-05-04,1,Meera Das,49,Female,Mumbai,2023-03-18,288,21,3.83,14627,0.54,37.6,Mixed
T01213,R0220,Zone_8,9.55,61.65,221.14,Wallet,2023-02-16,1,Meera Ghosh,32,Female,Kolkata,2023-04-18,491,63,3.78,4516,1.93,31.0,Business
T01214,R0248,Zone_4,9.42,88.49,118.68,UPI,2023-01-31,0,Vivaan Ghosh,18,Female,Chennai,2021-10-24,104,12,3.65,4038,2.46,48.2,Business
T01215,R0036,Zone_2,6.42,40.94,79.36,Wallet,2024-06-19,1,Aadhya Das,30,Female,Surat,2022-03-16,177,15,4.9,6371,0.91,58.4,Residential
T01216,R0008,Zone_3,4.35,35.92,48.26,Cash,2024-03-27,0,Ishaan Ghosh,28,Female,Jaipur,2022-10-01,215,23,4.02,12971,2.11,38.0,Business
T01217,R0209,Zone_6,1.3,10.52,18.44,Wallet,2023-09-03,1,Vivaan Sharma,31,Other,Surat,2020-06-11,109,20,3.77,14627,0.54,37.6,Mixed
T01218,R0041,Zone_9,10.78,64.53,176.5,Cash,2023-10-11,0,Aarav Nair,25,Other,Pune,2020-04-11,353,8,4.74,11037,1.83,56.1,Mixed
T01219,R0029,Zone_8,9.14,57.74,221.85,Cash,2023-07-21,0,Kavya Iyer,30,Male,Surat,2022-07-24,4,0,3.69,4516,1.93,31.0,Business
T01220,R0266,Zone_7,10.32,62.7,216.5,Credit Card,2023-10-15,1,Diya Reddy,29,Other,Chennai,2020-09-25,98,13,3.9,11070,0.64,45.2,Industrial
T01221,R0113,Zone_4,6.47,39.72,128.88,Wallet,2024-03-15,1,Aadhya Singh,26,Other,Chennai,2019-03-09,423,26,4.61,4038,2.46,48.2,Business
T01222,R0207,Zone_7,6.91,61.92,85.4,Cash,2023-10-08,1,Ishaan Iyer,31,Male,Mumbai,2023-12-06,47,3,3.93,11070,0.64,45.2,Industrial
T01223,R0115,Zone_4,15.21,76.34,342.42,UPI,2023-06-23,0,Aarav Ghosh,40,Female,Bengaluru,2020-03-01,170,15,4.4,4038,2.46,48.2,Business
T01224,R0243,Zone_8,5.0,28.47,123.26,Credit Card,2023-03-01,1,Ishaan Patel,33,Male,Jaipur,2023-02-06,315,11,3.7,4516,1.93,31.0,Business
T01225,R0298,Zone_3,6.44,39.6,64.9,Cash,2024-06-14,0,Vivaan Singh,35,Female,Ahmedabad,2020-03-25,65,11,3.88,12971,2.11,38.0,Business
T01226,R0285,Zone_10,11.72,116.81,284.02,UPI,2024-01-16,0,Diya Iyer,29,Female,Chennai,2019-01-10,244,16,4.97,2440,1.54,35.4,Industrial
T01227,R0289,Zone_8,9.51,64.51,161.89,Cash,2023-11-30,1,Aarav Gupta,21,Other,Chennai,2021-09-30,322,14,4.17,4516,1.93,31.0,Business
T01228,R0191,Zone_3,2.23,14.47,22.14,Credit Card,2024-03-26,1,Meera Gupta,33,Other,Surat,2020-08-14,87,6,4.56,12971,2.11,38.0,Business
T01229,R0230,Zone_9,0.44,4.37,4.48,Cash,2023-12-20,1,Kavya Gupta,32,Male,Chennai,2022-11-22,183,23,3.65,11037,1.83,56.1,Mixed
T01230,R0057,Zone_1,4.7,30.64,65.19,Credit Card,2024-03-01,0,Aadhya Reddy,39,Male,Bengaluru,2023-06-04,407,11,3.66,4921,2.43,30.9,Residential
T01231,R0134,Zone_5,12.55,67.74,201.98,Cash,2023-11-16,0,Aadhya Singh,34,Male,Jaipur,2022-07-30,410,29,4.59,2590,1.31,43.9,Business
T01232,R0109,Zone_6,11.36,74.85,132.35,UPI,2023-07-13,1,Vivaan Kumar,35,Female,Delhi,2022-11-19,62,5,3.35,14627,0.54,37.6,Mixed
T01233,R0247,Zone_9,10.6,85.24,115.67,Cash,2023-08-21,1,Aadhya Das,37,Male,Bengaluru,2021-05-11,249,47,4.92,11037,1.83,56.1,Mixed
T01234,R0139,Zone_4,11.14,88.53,163.52,Credit Card,2024-06-08,0,Diya Gupta,44,Other,Kolkata,2023-10-09,155,7,4.39,4038,2.46,48.2,Business
T01235,R0149,Zone_6,3.16,27.44,65.98,UPI,2023-03-14,1,Diya Reddy,30,Male,Jaipur,2019-09-14,89,8,4.57,14627,0.54,37.6,Mixed
T01236,R0220,Zone_9,11.01,108.64,222.72,Cash,2024-07-25,1,Meera Ghosh,32,Female,Kolkata,2023-04-18,491,63,3.78,11037,1.83,56.1,Mixed
T01237,R0188,Zone_4,3.39,29.89,47.67,Credit Card,2023-05-28,1,Vivaan Gupta,24,Male,Delhi,2020-07-16,436,64,3.15,4038,2.46,48.2,Business
T01238,R0195,Zone_5,12.74,102.88,228.57,Wallet,2023-07-29,0,Aadhya Reddy,33,Male,Kolkata,2021-05-27,72,10,4.97,2590,1.31,43.9,Business
T01239,R0071,Zone_4,5.45,46.2,131.72,Cash,2023-07-29,1,Vivaan Nair,35,Male,Ahmedabad,2021-01-09,67,4,3.82,4038,2.46,48.2,Business
T01240,R0036,Zone_1,9.41,90.04,164.92,Credit Card,2024-06-19,0,Aadhya Das,30,Female,Surat,2022-03-16,177,15,4.9,4921,2.43,30.9,Residential
T01241,R0133,Zone_8,1.37,11.64,31.03,Wallet,2023-04-16,1,Diya Kumar,25,Female,Delhi,2019-07-13,155,11,4.4,4516,1.93,31.0,Business
T01242,R0185,Zone_4,1.26,6.77,28.67,Cash,2023-02-08,1,Vivaan Sharma,27,Male,Delhi,2021-08-27,201,12,4.05,4038,2.46,48.2,Business
T01243,R0116,Zone_4,13.45,95.25,239.51,Cash,2023-10-06,0,Ishaan Kumar,34,Female,Bengaluru,2020-02-08,238,30,4.58,4038,2.46,48.2,Business
T01244,R0032,Zone_2,11.46,106.58,252.05,Wallet,2023-03-27,1,Kavya Reddy,18,Female,Mumbai,2023-09-20,213,24,4.0,6371,0.91,58.4,Residential
T01245,R0195,Zone_1,1.9100000000000001,18.42,18.72,Wallet,2024-05-21,1,Aadhya Reddy,33,Male,Kolkata,2021-05-27,72,10,4.97,4921,2.43,30.9,Residential
T01246,R0271,Zone_1,14.43,78.77,128.48,UPI,2024-01-01,0,Saanvi Iyer,22,Male,Bengaluru,2022-10-07,58,6,4.37,4921,2.43,30.9,Residential
T01247,R0118,Zone_9,2.55,22.18,35.41,UPI,2024-06-14,1,Reyansh Gupta,29,Male,Surat,2023-09-26,165,24,4.13,11037,1.83,56.1,Mixed
T01248,R0143,Zone_7,8.1,54.88,169.49,Wallet,2024-03-26,0,Meera Kumar,42,Other,Kolkata,2023-03-28,74,13,4.56,11070,0.64,45.2,Industrial
T01249,R0107,Zone_1,5.6,32.09,73.15,UPI,2024-01-24,1,Reyansh Gupta,33,Male,Hyderabad,2020-01-11,179,14,3.66,4921,2.43,30.9,Residential
T01250,R0276,Zone_8,3.38,18.8,39.01,Credit Card,2023-12-26,0,Aadhya Ghosh,26,Other,Chennai,2022-11-07,196,1,3.63,4516,1.93,31.0,Business
T01251,R0269,Zone_6,13.84,122.55,319.86,Cash,2023-02-05,0,Aadhya Sharma,41,Male,Mumbai,2019-05-19,423,16,3.41,14627,0.54,37.6,Mixed
T01252,R0224,Zone_4,16.42,145.74,170.2,UPI,2023-11-03,1,Ishaan Sharma,29,Female,Ahmedabad,2020-08-04,200,1,4.31,4038,2.46,48.2,Business
T01253,R0292,Zone_1,8.89,60.68,124.67,Cash,2023-06-13,0,Diya Patel,37,Female,Jaipur,2020-06-28,141,19,4.39,4921,2.43,30.9,Residential
T01254,R0135,Zone_7,15.63,98.2,211.54,Credit Card,2024-07-17,1,Reyansh Patel,38,Female,Ahmedabad,2022-02-24,153,8,3.47,11070,0.64,45.2,Industrial
T01255,R0058,Zone_7,6.59,56.96,132.53,UPI,2023-02-21,0,Vivaan Reddy,46,Male,Kolkata,2021-05-31,480,25,4.32,11070,0.64,45.2,Industrial
T01256,R0276,Zone_8,8.54,76.11,117.86,Credit Card,2023-07-26,0,Aadhya Ghosh,26,Other,Chennai,2022-11-07,196,1,3.63,4516,1.93,31.0,Business
T01257,R0203,Zone_4,8.66,73.82,142.36,Cash,2024-03-01,0,Kavya Gupta,49,Female,Bengaluru,2023-07-25,152,9,3.6,4038,2.46,48.2,Business
T01258,R0115,Zone_8,2.22,11.44,23.38,Cash,2024-03-05,1,Aarav Ghosh,40,Female,Bengaluru,2020-03-01,170,15,4.4,4516,1.93,31.0,Business
T01259,R0060,Zone_2,10.5,52.59,96.59,UPI,2023-03-22,1,Aarav Nair,40,Female,Hyderabad,2023-08-01,123,7,4.57,6371,0.91,58.4,Residential
T01260,R0136,Zone_5,11.55,64.01,143.2,Wallet,2023-06-21,1,Diya Ghosh,34,Male,Hyderabad,2019-01-19,339,11,3.82,2590,1.31,43.9,Business
T01261,R0057,Zone_7,7.13,52.63,76.32,UPI,2023-04-07,1,Aadhya Reddy,39,Male,Bengaluru,2023-06-04,407,11,3.66,11070,0.64,45.2,Industrial
T01262,R0282,Zone_4,0.46,3.55,5.5600000000000005,Credit Card,2024-08-02,0,Reyansh Kumar,22,Other,Bengaluru,2022-05-02,319,3,4.47,4038,2.46,48.2,Business
T01263,R0220,Zone_3,9.84,82.62,238.53,Cash,2024-05-02,1,Meera Ghosh,32,Female,Kolkata,2023-04-18,491,63,3.78,12971,2.11,38.0,Business
T01264,R0056,Zone_3,0.42,2.79,7.54,UPI,2023-04-18,0,Meera Patel,40,Other,Hyderabad,2021-02-26,93,13,3.25,12971,2.11,38.0,Business
T01265,R0116,Zone_1,3.94,35.11,89.95,Cash,2023-06-03,1,Ishaan Kumar,34,Female,Bengaluru,2020-02-08,238,30,4.58,4921,2.43,30.9,Residential
T01266,R0125,Zone_7,8.66,49.87,144.0,Cash,2023-12-23,1,Saanvi Ghosh,44,Male,Ahmedabad,2023-04-22,99,19,3.89,11070,0.64,45.2,Industrial
T01267,R0258,Zone_3,4.15,41.08,36.25,UPI,2023-07-14,1,Vivaan Nair,32,Female,Jaipur,2020-01-29,313,39,3.76,12971,2.11,38.0,Business
T01268,R0142,Zone_6,9.27,82.65,156.51,Wallet,2023-08-09,1,Meera Nair,33,Female,Kolkata,2021-03-04,78,5,3.48,14627,0.54,37.6,Mixed
T01269,R0058,Zone_2,6.87,45.49,64.95,Credit Card,2023-08-07,1,Vivaan Reddy,46,Male,Kolkata,2021-05-31,480,25,4.32,6371,0.91,58.4,Residential
T01270,R0067,Zone_1,0.15,0.8,1.63,Wallet,2023-12-25,0,Saanvi Iyer,32,Male,Pune,2022-07-24,348,9,3.38,4921,2.43,30.9,Residential
T01271,R0088,Zone_10,8.84,54.01,71.97,Wallet,2023-05-22,1,Diya Iyer,22,Other,Jaipur,2019-07-07,438,0,4.78,2440,1.54,35.4,Industrial
T01272,R0112,Zone_1,10.93,95.31,241.48,Cash,2024-06-21,0,Meera Nair,41,Female,Delhi,2020-11-13,311,11,3.24,4921,2.43,30.9,Residential
T01273,R0062,Zone_5,13.06,124.07,229.92,Credit Card,2023-12-17,1,Kavya Sharma,38,Male,Jaipur,2019-05-13,57,3,3.58,2590,1.31,43.9,Business
T01274,R0094,Zone_5,6.17,45.1,99.64,Wallet,2023-08-12,1,Diya Iyer,41,Other,Delhi,2023-04-13,480,62,4.87,2590,1.31,43.9,Business
T01275,R0040,Zone_6,7.69,56.11,128.05,Cash,2023-09-29,0,Aarav Gupta,34,Other,Surat,2023-05-05,485,36,4.41,14627,0.54,37.6,Mixed
T01276,R0008,Zone_4,0.52,3.4,7.03,Credit Card,2023-09-25,1,Ishaan Ghosh,28,Female,Jaipur,2022-10-01,215,23,4.02,4038,2.46,48.2,Business
T01277,R0277,Zone_7,17.82,145.63,186.18,Credit Card,2024-03-04,1,Kavya Gupta,42,Female,Jaipur,2021-01-22,433,16,3.06,11070,0.64,45.2,Industrial
T01278,R0030,Zone_9,15.53,90.04,321.07,Credit Card,2024-06-08,1,Saanvi Patel,25,Other,Mumbai,2021-01-08,442,58,3.72,11037,1.83,56.1,Mixed
T01279,R0104,Zone_6,7.84,49.14,184.23,Cash,2024-04-24,1,Diya Gupta,52,Male,Kolkata,2021-05-27,328,1,3.7,14627,0.54,37.6,Mixed
T01280,R0074,Zone_1,7.38,45.5,139.87,UPI,2024-05-19,1,Vivaan Ghosh,23,Male,Kolkata,2023-09-11,199,22,4.89,4921,2.43,30.9,Residential
T01281,R0161,Zone_9,6.65,46.28,163.53,Cash,2024-01-20,1,Aarav Nair,32,Other,Surat,2019-03-27,332,50,4.91,11037,1.83,56.1,Mixed
T01282,R0190,Zone_2,13.18,104.11,227.82,Wallet,2023-09-16,1,Saanvi Iyer,35,Other,Surat,2020-09-25,274,47,4.12,6371,0.91,58.4,Residential
T01283,R0032,Zone_1,10.81,91.81,224.14,UPI,2024-08-05,1,Kavya Reddy,18,Female,Mumbai,2023-09-20,213,24,4.0,4921,2.43,30.9,Residential
T01284,R0257,Zone_6,12.06,94.25,138.72,Credit Card,2023-06-13,0,Arjun Reddy,36,Other,Delhi,2023-03-11,459,19,4.82,14627,0.54,37.6,Mixed
T01285,R0011,Zone_9,5.97,46.59,52.69,UPI,2024-05-17,0,Vivaan Nair,26,Male,Chennai,2020-04-14,208,34,4.0,11037,1.83,56.1,Mixed
T01286,R0253,Zone_1,5.65,49.11,86.86,Cash,2023-07-06,0,Ishaan Gupta,26,Male,Surat,2021-08-19,173,24,3.16,4921,2.43,30.9,Residential
T01287,R0084,Zone_4,1.82,14.54,29.22,Wallet,2024-01-11,0,Kavya Sharma,38,Male,Jaipur,2019-07-21,366,6,4.67,4038,2.46,48.2,Business
T01288,R0124,Zone_1,11.89,109.54,135.26,Credit Card,2023-04-23,1,Aadhya Das,37,Other,Hyderabad,2022-06-09,419,25,3.59,4921,2.43,30.9,Residential
T01289,R0111,Zone_9,14.26,104.59,151.15,Cash,2024-07-22,0,Reyansh Sharma,28,Male,Ahmedabad,2021-11-05,202,24,4.67,11037,1.83,56.1,Mixed
T01290,R0190,Zone_5,13.62,78.93,158.46,Wallet,2024-06-22,1,Saanvi Iyer,35,Other,Surat,2020-09-25,274,47,4.12,2590,1.31,43.9,Business
T01291,R0058,Zone_1,8.94,61.84,128.02,Cash,2024-03-09,1,Vivaan Reddy,46,Male,Kolkata,2021-05-31,480,25,4.32,4921,2.43,30.9,Residential
T01292,R0003,Zone_10,6.37,36.42,83.12,Cash,2024-03-22,0,Kavya Reddy,34,Male,Pune,2023-05-04,45,9,3.76,2440,1.54,35.4,Industrial
T01293,R0167,Zone_5,2.74,26.26,58.18,Cash,2024-02-21,0,Kavya Nair,44,Male,Hyderabad,2022-08-25,117,5,4.75,2590,1.31,43.9,Business
T01294,R0103,Zone_2,4.49,43.26,73.0,Credit Card,2023-10-15,1,Ishaan Gupta,37,Other,Surat,2022-11-24,175,14,3.07,6371,0.91,58.4,Residential
T01295,R0084,Zone_6,10.34,97.26,226.9,Cash,2023-04-07,1,Kavya Sharma,38,Male,Jaipur,2019-07-21,366,6,4.67,14627,0.54,37.6,Mixed
T01296,R0055,Zone_4,6.58,53.2,115.07,Wallet,2023-08-09,0,Kavya Singh,32,Male,Delhi,2021-11-07,425,12,4.19,4038,2.46,48.2,Business
T01297,R0235,Zone_7,16.21,156.4,162.95,Wallet,2024-08-01,0,Aarav Ghosh,34,Other,Delhi,2021-02-15,284,8,4.06,11070,0.64,45.2,Industrial
T01298,R0254,Zone_1,13.76,69.71,178.7,Cash,2023-12-30,0,Meera Kumar,18,Male,Delhi,2020-03-09,363,70,3.68,4921,2.43,30.9,Residential
T01299,R0060,Zone_1,4.99,45.06,74.39,Wallet,2023-10-20,1,Aarav Nair,40,Female,Hyderabad,2023-08-01,123,7,4.57,4921,2.43,30.9,Residential
T01300,R0196,Zone_3,1.92,14.98,37.71,Wallet,2024-01-25,1,Vivaan Das,18,Male,Hyderabad,2019-06-24,51,9,4.93,12971,2.11,38.0,Business
T01301,R0097,Zone_3,5.26,37.32,56.45,Credit Card,2023-05-06,1,Aarav Iyer,23,Other,Bengaluru,2021-01-25,478,5,3.28,12971,2.11,38.0,Business
T01302,R0028,Zone_4,13.33,129.68,246.79,Credit Card,2023-05-04,1,Reyansh Sharma,20,Female,Surat,2023-11-11,249,21,3.79,4038,2.46,48.2,Business
T01303,R0235,Zone_9,5.38,44.38,68.89,Credit Card,2024-03-09,1,Aarav Ghosh,34,Other,Delhi,2021-02-15,284,8,4.06,11037,1.83,56.1,Mixed
T01304,R0072,Zone_10,10.73,81.37,223.02,Cash,2023-05-28,1,Saanvi Das,25,Other,Jaipur,2023-11-05,62,10,4.07,2440,1.54,35.4,Industrial
T01305,R0134,Zone_9,5.17,35.4,100.09,UPI,2023-08-20,1,Aadhya Singh,34,Male,Jaipur,2022-07-30,410,29,4.59,11037,1.83,56.1,Mixed
T01306,R0084,Zone_10,9.72,73.17,199.22,Cash,2023-09-01,0,Kavya Sharma,38,Male,Jaipur,2019-07-21,366,6,4.67,2440,1.54,35.4,Industrial
T01307,R0164,Zone_10,10.64,62.59,150.39,UPI,2024-08-04,1,Aadhya Ghosh,37,Other,Ahmedabad,2022-07-06,249,23,4.02,2440,1.54,35.4,Industrial
T01308,R0176,Zone_6,12.93,107.92,304.11,Wallet,2023-08-09,0,Kavya Gupta,43,Male,Mumbai,2019-05-24,260,13,3.95,14627,0.54,37.6,Mixed
T01309,R0170,Zone_9,15.17,112.08,278.29,Wallet,2024-07-17,0,Saanvi Kumar,29,Other,Bengaluru,2020-05-20,28,3,3.68,11037,1.83,56.1,Mixed
T01310,R0245,Zone_10,14.55,84.59,269.23,Credit Card,2024-04-22,1,Diya Sharma,35,Female,Hyderabad,2020-03-04,265,48,4.73,2440,1.54,35.4,Industrial
T01311,R0004,Zone_7,5.35,43.9,64.48,Wallet,2023-09-24,0,Aarav Nair,19,Other,Kolkata,2019-07-28,464,5,3.19,11070,0.64,45.2,Industrial
T01312,R0238,Zone_8,7.26,53.73,75.46,Credit Card,2024-08-23,0,Reyansh Patel,30,Other,Pune,2019-04-22,362,56,4.91,4516,1.93,31.0,Business
T01313,R0053,Zone_3,2.13,12.79,42.2,Credit Card,2024-08-04,0,Arjun Reddy,45,Female,Delhi,2019-09-16,63,7,4.85,12971,2.11,38.0,Business
T01314,R0027,Zone_6,6.82,49.94,153.49,Cash,2023-02-05,1,Ishaan Iyer,39,Male,Jaipur,2019-10-05,403,61,3.98,14627,0.54,37.6,Mixed
T01315,R0222,Zone_10,8.12,63.74,108.79,UPI,2023-11-05,0,Aarav Singh,27,Male,Surat,2022-08-28,475,12,3.44,2440,1.54,35.4,Industrial
T01316,R0160,Zone_4,5.98,30.73,74.09,Cash,2023-04-11,0,Kavya Nair,30,Male,Surat,2021-06-16,438,7,4.42,4038,2.46,48.2,Business
T01317,R0249,Zone_7,5.48,52.77,121.71,Cash,2023-02-16,1,Diya Nair,20,Male,Mumbai,2023-03-24,396,48,4.49,11070,0.64,45.2,Industrial
T01318,R0016,Zone_1,13.16,96.42,308.81,Wallet,2024-05-26,0,Aarav Iyer,28,Female,Delhi,2022-01-24,356,51,3.06,4921,2.43,30.9,Residential
T01319,R0223,Zone_5,12.54,89.9,223.88,Wallet,2023-06-10,1,Meera Ghosh,30,Female,Surat,2019-11-29,158,10,4.04,2590,1.31,43.9,Business
T01320,R0003,Zone_2,10.0,98.25,154.94,UPI,2023-06-03,0,Kavya Reddy,34,Male,Pune,2023-05-04,45,9,3.76,6371,0.91,58.4,Residential
T01321,R0236,Zone_7,1.6099999999999999,10.54,37.2,Credit Card,2023-02-02,0,Arjun Gupta,28,Male,Ahmedabad,2020-08-10,61,1,3.36,11070,0.64,45.2,Industrial
T01322,R0185,Zone_9,9.0,87.7,155.52,Wallet,2024-02-16,0,Vivaan Sharma,27,Male,Delhi,2021-08-27,201,12,4.05,11037,1.83,56.1,Mixed
T01323,R0166,Zone_9,6.08,32.36,73.25,Wallet,2024-01-22,1,Reyansh Sharma,24,Other,Chennai,2021-03-16,349,63,4.29,11037,1.83,56.1,Mixed
T01324,R0270,Zone_1,14.58,117.9,313.49,Credit Card,2024-08-14,0,Aadhya Reddy,35,Male,Hyderabad,2022-01-02,455,64,3.08,4921,2.43,30.9,Residential
T01325,R0250,Zone_9,1.01,5.7,8.99,Credit Card,2023-07-29,1,Aadhya Iyer,34,Female,Jaipur,2021-02-01,163,31,4.63,11037,1.83,56.1,Mixed
T01326,R0072,Zone_5,5.21,38.32,45.13,Wallet,2024-07-30,1,Saanvi Das,25,Other,Jaipur,2023-11-05,62,10,4.07,2590,1.31,43.9,Business
T01327,R0280,Zone_8,5.07,44.97,72.82,Cash,2024-03-09,1,Saanvi Gupta,26,Other,Chennai,2023-05-31,172,23,4.43,4516,1.93,31.0,Business
T01328,R0203,Zone_4,5.67,32.13,68.89,UPI,2024-01-05,0,Kavya Gupta,49,Female,Bengaluru,2023-07-25,152,9,3.6,4038,2.46,48.2,Business
T01329,R0165,Zone_10,12.79,110.98,232.73,Cash,2023-11-28,1,Meera Reddy,37,Female,Kolkata,2021-12-09,34,5,3.27,2440,1.54,35.4,Industrial
T01330,R0028,Zone_4,3.76,33.29,33.59,UPI,2023-10-19,1,Reyansh Sharma,20,Female,Surat,2023-11-11,249,21,3.79,4038,2.46,48.2,Business
T01331,R0294,Zone_5,6.96,64.73,98.96,UPI,2023-12-12,1,Arjun Reddy,24,Male,Surat,2021-04-02,41,7,3.2,2590,1.31,43.9,Business
T01332,R0146,Zone_6,12.25,87.0,233.83,UPI,2024-02-29,0,Kavya Gupta,30,Male,Surat,2020-04-15,80,11,3.89,14627,0.54,37.6,Mixed
T01333,R0135,Zone_3,12.9,77.2,259.46,UPI,2023-07-23,1,Reyansh Patel,38,Female,Ahmedabad,2022-02-24,153,8,3.47,12971,2.11,38.0,Business
T01334,R0022,Zone_2,5.25,39.93,80.17,UPI,2023-05-16,1,Aarav Nair,43,Female,Kolkata,2020-09-14,220,1,3.32,6371,0.91,58.4,Residential
T01335,R0237,Zone_3,4.6,41.73,44.08,Wallet,2023-06-01,0,Aadhya Nair,40,Male,Chennai,2022-12-13,36,3,3.71,12971,2.11,38.0,Business
T01336,R0157,Zone_1,9.73,77.54,93.63,UPI,2023-10-17,0,Kavya Nair,36,Female,Hyderabad,2021-11-23,319,27,4.65,4921,2.43,30.9,Residential
T01337,R0152,Zone_1,8.76,51.32,154.75,UPI,2024-02-14,0,Arjun Patel,34,Female,Bengaluru,2021-05-04,143,24,3.91,4921,2.43,30.9,Residential
T01338,R0160,Zone_1,8.35,66.52,109.36,Credit Card,2024-05-03,1,Kavya Nair,30,Male,Surat,2021-06-16,438,7,4.42,4921,2.43,30.9,Residential
T01339,R0249,Zone_10,11.01,106.56,154.05,Cash,2023-03-27,1,Diya Nair,20,Male,Mumbai,2023-03-24,396,48,4.49,2440,1.54,35.4,Industrial
T01340,R0223,Zone_7,2.36,18.92,47.61,UPI,2023-11-16,0,Meera Ghosh,30,Female,Surat,2019-11-29,158,10,4.04,11070,0.64,45.2,Industrial
T01341,R0285,Zone_9,3.68,26.59,64.46,UPI,2024-07-22,0,Diya Iyer,29,Female,Chennai,2019-01-10,244,16,4.97,11037,1.83,56.1,Mixed
T01342,R0055,Zone_3,11.22,84.17,99.64,Wallet,2024-01-29,0,Kavya Singh,32,Male,Delhi,2021-11-07,425,12,4.19,12971,2.11,38.0,Business
T01343,R0211,Zone_2,0.8,4.79,12.38,UPI,2024-01-16,1,Arjun Reddy,36,Female,Mumbai,2021-04-04,435,17,3.63,6371,0.91,58.4,Residential
T01344,R0189,Zone_10,2.77,24.1,67.88,Credit Card,2023-02-01,0,Reyansh Gupta,29,Female,Delhi,2019-09-16,238,42,3.28,2440,1.54,35.4,Industrial
T01345,R0114,Zone_7,7.23,59.13,66.53,Wallet,2023-12-30,1,Meera Das,36,Male,Chennai,2022-05-23,242,23,3.45,11070,0.64,45.2,Industrial
T01346,R0080,Zone_4,1.56,9.11,17.39,Cash,2023-08-23,1,Reyansh Kumar,19,Female,Mumbai,2021-05-15,34,6,4.6,4038,2.46,48.2,Business
T01347,R0130,Zone_2,11.21,90.54,272.14,Credit Card,2023-09-30,0,Diya Ghosh,27,Female,Pune,2019-02-16,316,62,3.62,6371,0.91,58.4,Residential
T01348,R0131,Zone_2,6.04,32.61,91.44,UPI,2024-05-18,1,Reyansh Ghosh,24,Male,Surat,2019-10-22,99,7,3.6,6371,0.91,58.4,Residential
T01349,R0023,Zone_7,17.16,162.72,261.85,Wallet,2024-03-08,0,Meera Iyer,24,Other,Jaipur,2019-10-09,176,32,3.21,11070,0.64,45.2,Industrial
T01350,R0068,Zone_6,4.85,29.0,115.16,Credit Card,2024-04-02,0,Meera Singh,30,Female,Ahmedabad,2022-08-31,456,70,4.97,14627,0.54,37.6,Mixed
T01351,R0133,Zone_6,5.12,49.57,60.88,Wallet,2024-04-17,1,Diya Kumar,25,Female,Delhi,2019-07-13,155,11,4.4,14627,0.54,37.6,Mixed
T01352,R0091,Zone_5,12.02,100.94,275.23,UPI,2024-01-19,1,Meera Das,41,Other,Surat,2022-04-16,334,43,3.4,2590,1.31,43.9,Business
T01353,R0102,Zone_3,4.72,36.52,52.99,Cash,2023-04-16,0,Aarav Nair,18,Female,Chennai,2023-05-13,123,22,4.1,12971,2.11,38.0,Business
T01354,R0063,Zone_6,15.56,149.46,218.79,UPI,2023-06-07,0,Diya Iyer,34,Male,Surat,2023-04-21,329,33,4.83,14627,0.54,37.6,Mixed
T01355,R0245,Zone_6,10.41,76.48,243.67,Wallet,2023-08-14,1,Diya Sharma,35,Female,Hyderabad,2020-03-04,265,48,4.73,14627,0.54,37.6,Mixed
T01356,R0098,Zone_3,6.48,51.15,142.24,Wallet,2023-06-15,0,Diya Singh,21,Other,Bengaluru,2023-04-29,286,56,3.5,12971,2.11,38.0,Business
T01357,R0098,Zone_5,7.2,50.64,128.48,UPI,2023-09-15,0,Diya Singh,21,Other,Bengaluru,2023-04-29,286,56,3.5,2590,1.31,43.9,Business
T01358,R0118,Zone_4,22.25,183.6,317.32,Wallet,2023-02-14,1,Reyansh Gupta,29,Male,Surat,2023-09-26,165,24,4.13,4038,2.46,48.2,Business
T01359,R0152,Zone_6,10.44,100.29,230.32,UPI,2024-02-17,1,Arjun Patel,34,Female,Bengaluru,2021-05-04,143,24,3.91,14627,0.54,37.6,Mixed
T01360,R0067,Zone_1,8.75,44.84,112.76,Cash,2023-07-09,1,Saanvi Iyer,32,Male,Pune,2022-07-24,348,9,3.38,4921,2.43,30.9,Residential
T01361,R0188,Zone_6,7.34,37.06,173.56,Credit Card,2023-02-11,1,Vivaan Gupta,24,Male,Delhi,2020-07-16,436,64,3.15,14627,0.54,37.6,Mixed
T01362,R0204,Zone_9,13.19,125.25,176.72,Credit Card,2024-02-07,0,Aarav Kumar,37,Female,Hyderabad,2019-01-01,438,5,3.73,11037,1.83,56.1,Mixed
T01363,R0272,Zone_2,0.41000000000000003,2.44,4.05,Credit Card,2023-11-24,0,Kavya Ghosh,21,Male,Kolkata,2020-01-15,432,4,4.79,6371,0.91,58.4,Residential
T01364,R0044,Zone_8,7.09,40.91,95.09,UPI,2024-02-23,1,Arjun Gupta,36,Female,Hyderabad,2020-08-01,271,5,3.21,4516,1.93,31.0,Business
T01365,R0214,Zone_7,6.17,47.6,88.34,Wallet,2023-04-12,0,Aarav Kumar,20,Female,Kolkata,2022-09-14,210,2,4.53,11070,0.64,45.2,Industrial
T01366,R0043,Zone_3,5.33,35.49,60.35,Cash,2024-06-16,1,Diya Kumar,28,Male,Ahmedabad,2021-12-10,85,16,4.68,12971,2.11,38.0,Business
T01367,R0044,Zone_2,12.24,79.23,239.01,Cash,2023-08-23,0,Arjun Gupta,36,Female,Hyderabad,2020-08-01,271,5,3.21,6371,0.91,58.4,Residential
T01368,R0265,Zone_8,14.91,122.7,124.55,UPI,2024-03-12,1,Kavya Das,39,Female,Bengaluru,2020-11-26,176,24,3.26,4516,1.93,31.0,Business
T01369,R0128,Zone_10,11.03,62.96,88.9,Cash,2023-06-05,0,Reyansh Reddy,35,Male,Jaipur,2021-12-09,26,4,4.31,2440,1.54,35.4,Industrial
T01370,R0204,Zone_1,11.2,65.39,91.6,UPI,2024-03-26,0,Aarav Kumar,37,Female,Hyderabad,2019-01-01,438,5,3.73,4921,2.43,30.9,Residential
T01371,R0216,Zone_9,0.58,3.43,7.88,Cash,2023-07-12,0,Ishaan Ghosh,44,Female,Chennai,2019-08-01,335,24,3.4,11037,1.83,56.1,Mixed
T01372,R0153,Zone_2,4.61,32.97,105.47,Credit Card,2024-07-25,1,Aadhya Ghosh,20,Male,Mumbai,2020-05-04,76,14,4.54,6371,0.91,58.4,Residential
T01373,R0210,Zone_5,15.37,150.01,128.24,UPI,2023-07-18,1,Meera Iyer,34,Other,Mumbai,2022-01-02,94,5,3.4,2590,1.31,43.9,Business
T01374,R0294,Zone_8,5.38,40.34,51.92,UPI,2023-06-23,0,Arjun Reddy,24,Male,Surat,2021-04-02,41,7,3.2,4516,1.93,31.0,Business
T01375,R0104,Zone_5,7.32,40.19,66.74,Wallet,2023-07-13,1,Diya Gupta,52,Male,Kolkata,2021-05-27,328,1,3.7,2590,1.31,43.9,Business
T01376,R0017,Zone_7,3.9699999999999998,27.58,71.92,Credit Card,2024-07-30,0,Meera Das,49,Female,Mumbai,2023-03-18,288,21,3.83,11070,0.64,45.2,Industrial
T01377,R0007,Zone_8,3.33,22.94,82.97,Cash,2023-11-22,0,Ishaan Ghosh,18,Female,Mumbai,2021-03-26,458,82,4.03,4516,1.93,31.0,Business
T01378,R0285,Zone_2,5.65,33.33,140.2,Credit Card,2023-02-02,0,Diya Iyer,29,Female,Chennai,2019-01-10,244,16,4.97,6371,0.91,58.4,Residential
T01379,R0119,Zone_8,4.69,28.13,49.68,Cash,2024-07-21,0,Saanvi Iyer,47,Male,Hyderabad,2023-05-05,30,1,4.39,4516,1.93,31.0,Business
T01380,R0243,Zone_7,12.79,100.65,278.98,Credit Card,2023-01-04,1,Ishaan Patel,33,Male,Jaipur,2023-02-06,315,11,3.7,11070,0.64,45.2,Industrial
T01381,R0164,Zone_7,9.08,56.55,82.43,UPI,2023-05-12,0,Aadhya Ghosh,37,Other,Ahmedabad,2022-07-06,249,23,4.02,11070,0.64,45.2,Industrial
T01382,R0039,Zone_9,13.09,76.06,231.95,Credit Card,2024-03-08,1,Aadhya Iyer,24,Male,Chennai,2023-11-18,190,14,4.2,11037,1.83,56.1,Mixed
T01383,R0171,Zone_3,1.06,10.23,25.97,UPI,2023-05-17,1,Kavya Singh,23,Female,Jaipur,2019-05-13,276,19,4.3,12971,2.11,38.0,Business
T01384,R0201,Zone_9,14.13,71.29,140.88,UPI,2023-02-28,0,Meera Reddy,37,Female,Delhi,2021-04-06,183,15,3.84,11037,1.83,56.1,Mixed
T01385,R0121,Zone_2,8.11,70.94,165.6,Cash,2023-06-29,0,Diya Iyer,29,Male,Pune,2023-07-13,378,10,4.17,6371,0.91,58.4,Residential
T01386,R0001,Zone_5,17.2,132.29,251.19,Credit Card,2024-08-09,0,Aarav Das,23,Male,Pune,2020-06-29,56,0,3.76,2590,1.31,43.9,Business
T01387,R0085,Zone_8,7.74,70.43,66.39,Cash,2023-08-17,1,Aadhya Ghosh,29,Female,Chennai,2022-09-17,94,12,4.95,4516,1.93,31.0,Business
T01388,R0288,Zone_6,0.53,4.2,5.69,UPI,2023-09-06,0,Diya Ghosh,42,Male,Ahmedabad,2021-08-30,43,5,4.56,14627,0.54,37.6,Mixed
T01389,R0011,Zone_3,14.42,131.06,305.27,Cash,2023-07-02,0,Vivaan Nair,26,Male,Chennai,2020-04-14,208,34,4.0,12971,2.11,38.0,Business
T01390,R0203,Zone_6,7.32,57.56,174.24,UPI,2023-11-26,0,Kavya Gupta,49,Female,Bengaluru,2023-07-25,152,9,3.6,14627,0.54,37.6,Mixed
T01391,R0295,Zone_7,2.76,17.59,28.06,UPI,2024-04-19,0,Kavya Gupta,18,Female,Delhi,2019-05-29,98,18,3.59,11070,0.64,45.2,Industrial
T01392,R0125,Zone_5,8.73,59.38,134.85,UPI,2023-05-11,0,Saanvi Ghosh,44,Male,Ahmedabad,2023-04-22,99,19,3.89,2590,1.31,43.9,Business
T01393,R0214,Zone_8,9.16,86.66,183.4,UPI,2023-05-15,1,Aarav Kumar,20,Female,Kolkata,2022-09-14,210,2,4.53,4516,1.93,31.0,Business
T01394,R0100,Zone_8,13.38,119.64,265.91,Credit Card,2023-10-24,1,Ishaan Gupta,28,Male,Delhi,2021-05-24,383,60,3.79,4516,1.93,31.0,Business
T01395,R0284,Zone_9,9.94,55.38,141.77,Wallet,2023-12-16,0,Vivaan Das,28,Female,Surat,2019-07-31,135,19,4.95,11037,1.83,56.1,Mixed
T01396,R0129,Zone_6,13.74,86.72,322.3,Cash,2023-06-12,0,Vivaan Singh,35,Male,Hyderabad,2022-10-08,158,10,3.9,14627,0.54,37.6,Mixed
T01397,R0024,Zone_8,5.63,36.68,96.95,Credit Card,2023-05-07,0,Meera Kumar,41,Other,Chennai,2019-07-10,140,16,3.49,4516,1.93,31.0,Business
T01398,R0176,Zone_7,17.63,136.49,373.6,Wallet,2024-01-10,1,Kavya Gupta,43,Male,Mumbai,2019-05-24,260,13,3.95,11070,0.64,45.2,Industrial
T01399,R0015,Zone_9,0.59,4.04,7.02,Credit Card,2023-04-18,0,Saanvi Patel,28,Other,Chennai,2022-12-19,46,1,3.87,11037,1.83,56.1,Mixed
T01400,R0186,Zone_6,10.73,82.44,247.47,Wallet,2023-06-05,1,Ishaan Sharma,18,Other,Hyderabad,2020-12-11,373,19,3.26,14627,0.54,37.6,Mixed
T01401,R0040,Zone_9,10.06,55.66,185.32,Wallet,2023-11-28,0,Aarav Gupta,34,Other,Surat,2023-05-05,485,36,4.41,11037,1.83,56.1,Mixed
T01402,R0045,Zone_10,5.89,32.55,119.72,Cash,2024-06-01,0,Saanvi Iyer,34,Other,Ahmedabad,2023-07-12,100,16,4.88,2440,1.54,35.4,Industrial
T01403,R0117,Zone_7,4.13,27.22,97.9,UPI,2024-06-13,1,Aadhya Gupta,21,Female,Ahmedabad,2021-06-12,369,37,3.16,11070,0.64,45.2,Industrial
T01404,R0300,Zone_9,6.13,37.67,146.58,UPI,2023-12-05,1,Saanvi Iyer,38,Female,Kolkata,2023-07-08,291,7,3.67,11037,1.83,56.1,Mixed
T01405,R0133,Zone_8,6.27,38.18,61.68,Cash,2023-05-09,1,Diya Kumar,25,Female,Delhi,2019-07-13,155,11,4.4,4516,1.93,31.0,Business
T01406,R0031,Zone_6,1.73,13.13,34.58,UPI,2023-10-18,1,Reyansh Nair,29,Female,Hyderabad,2023-04-27,230,21,4.62,14627,0.54,37.6,Mixed
T01407,R0002,Zone_6,12.96,74.47,204.25,Cash,2023-01-13,0,Ishaan Nair,39,Female,Mumbai,2019-11-23,70,5,4.12,14627,0.54,37.6,Mixed
T01408,R0285,Zone_4,2.54,19.25,48.66,Credit Card,2023-04-17,0,Diya Iyer,29,Female,Chennai,2019-01-10,244,16,4.97,4038,2.46,48.2,Business
T01409,R0164,Zone_5,13.12,84.41,167.66,UPI,2024-08-08,1,Aadhya Ghosh,37,Other,Ahmedabad,2022-07-06,249,23,4.02,2590,1.31,43.9,Business
T01410,R0144,Zone_5,0.9400000000000001,7.98,19.79,Credit Card,2023-12-14,0,Ishaan Kumar,34,Other,Pune,2021-01-31,194,10,3.52,2590,1.31,43.9,Business
T01411,R0027,Zone_2,7.11,69.09,64.67,Cash,2023-09-13,0,Ishaan Iyer,39,Male,Jaipur,2019-10-05,403,61,3.98,6371,0.91,58.4,Residential
T01412,R0049,Zone_9,7.19,66.72,108.1,Wallet,2024-05-03,1,Meera Iyer,39,Male,Mumbai,2020-05-19,375,55,4.4,11037,1.83,56.1,Mixed
T01413,R0298,Zone_1,7.92,77.03,135.54,Wallet,2024-06-29,1,Vivaan Singh,35,Female,Ahmedabad,2020-03-25,65,11,3.88,4921,2.43,30.9,Residential
T01414,R0208,Zone_10,12.78,126.74,130.84,Credit Card,2023-04-01,0,Aadhya Iyer,24,Other,Chennai,2020-01-08,356,53,4.75,2440,1.54,35.4,Industrial
T01415,R0213,Zone_7,6.99,58.93,104.49,UPI,2023-09-20,1,Kavya Ghosh,29,Female,Chennai,2019-06-04,456,26,3.74,11070,0.64,45.2,Industrial
T01416,R0230,Zone_7,5.71,44.65,129.96,Credit Card,2023-09-06,0,Kavya Gupta,32,Male,Chennai,2022-11-22,183,23,3.65,11070,0.64,45.2,Industrial
T01417,R0252,Zone_2,7.0,46.27,159.39,Credit Card,2024-06-09,1,Reyansh Gupta,38,Other,Ahmedabad,2020-09-23,392,47,4.83,6371,0.91,58.4,Residential
T01418,R0010,Zone_3,12.91,90.86,182.77,Credit Card,2024-01-21,1,Vivaan Gupta,25,Female,Surat,2023-05-14,173,1,3.38,12971,2.11,38.0,Business
T01419,R0218,Zone_2,1.97,18.82,34.15,Wallet,2023-12-18,1,Arjun Reddy,34,Other,Delhi,2019-01-11,160,16,3.87,6371,0.91,58.4,Residential
T01420,R0057,Zone_10,2.9,25.97,24.86,Wallet,2023-03-21,0,Aadhya Reddy,39,Male,Bengaluru,2023-06-04,407,11,3.66,2440,1.54,35.4,Industrial
T01421,R0107,Zone_10,1.78,14.81,22.31,Credit Card,2023-12-17,1,Reyansh Gupta,33,Male,Hyderabad,2020-01-11,179,14,3.66,2440,1.54,35.4,Industrial
T01422,R0237,Zone_5,18.14,94.02,391.32,UPI,2024-03-24,1,Aadhya Nair,40,Male,Chennai,2022-12-13,36,3,3.71,2590,1.31,43.9,Business
T01423,R0165,Zone_1,2.2,16.41,44.97,Wallet,2024-08-18,1,Meera Reddy,37,Female,Kolkata,2021-12-09,34,5,3.27,4921,2.43,30.9,Residential
T01424,R0244,Zone_10,1.43,12.15,17.42,Cash,2023-05-30,1,Aadhya Iyer,24,Female,Kolkata,2019-04-22,27,1,3.13,2440,1.54,35.4,Industrial
T01425,R0226,Zone_6,3.96,38.4,88.17,Credit Card,2023-06-28,0,Aarav Iyer,20,Other,Surat,2021-07-30,266,2,3.25,14627,0.54,37.6,Mixed
T01426,R0022,Zone_6,4.94,31.28,82.58,UPI,2023-05-09,0,Aarav Nair,43,Female,Kolkata,2020-09-14,220,1,3.32,14627,0.54,37.6,Mixed
T01427,R0182,Zone_4,15.33,112.66,335.84,Wallet,2023-07-22,0,Meera Patel,43,Male,Jaipur,2020-09-30,8,0,4.4,4038,2.46,48.2,Business
T01428,R0144,Zone_2,5.68,49.78,101.56,Cash,2024-01-19,0,Ishaan Kumar,34,Other,Pune,2021-01-31,194,10,3.52,6371,0.91,58.4,Residential
T01429,R0269,Zone_8,9.46,75.28,201.31,Credit Card,2023-11-18,0,Aadhya Sharma,41,Male,Mumbai,2019-05-19,423,16,3.41,4516,1.93,31.0,Business
T01430,R0164,Zone_1,0.9500000000000001,6.29,8.12,Cash,2024-05-06,1,Aadhya Ghosh,37,Other,Ahmedabad,2022-07-06,249,23,4.02,4921,2.43,30.9,Residential
T01431,R0243,Zone_9,9.04,70.93,73.6,UPI,2024-06-16,1,Ishaan Patel,33,Male,Jaipur,2023-02-06,315,11,3.7,11037,1.83,56.1,Mixed
T01432,R0105,Zone_7,0.24,2.31,4.63,Credit Card,2023-01-10,0,Diya Das,31,Female,Jaipur,2020-09-28,346,9,3.69,11070,0.64,45.2,Industrial
T01433,R0027,Zone_5,6.43,45.88,95.97,UPI,2023-12-25,0,Ishaan Iyer,39,Male,Jaipur,2019-10-05,403,61,3.98,2590,1.31,43.9,Business
T01434,R0262,Zone_4,4.2,36.03,76.18,Credit Card,2024-08-03,0,Meera Singh,30,Male,Ahmedabad,2019-04-21,6,0,3.35,4038,2.46,48.2,Business
T01435,R0019,Zone_8,8.29,41.99,98.89,UPI,2023-03-19,0,Kavya Patel,40,Other,Mumbai,2023-04-02,266,24,4.08,4516,1.93,31.0,Business
T01436,R0010,Zone_10,11.17,104.95,226.98,Cash,2023-01-25,1,Vivaan Gupta,25,Female,Surat,2023-05-14,173,1,3.38,2440,1.54,35.4,Industrial
T01437,R0030,Zone_6,1.32,7.44,29.58,Cash,2024-04-17,0,Saanvi Patel,25,Other,Mumbai,2021-01-08,442,58,3.72,14627,0.54,37.6,Mixed
T01438,R0095,Zone_10,2.32,15.32,24.12,Wallet,2023-06-18,0,Kavya Iyer,29,Female,Chennai,2020-10-07,481,77,4.26,2440,1.54,35.4,Industrial
T01439,R0090,Zone_3,8.97,66.47,86.98,Wallet,2024-03-03,0,Kavya Iyer,33,Female,Mumbai,2021-01-31,152,25,4.51,12971,2.11,38.0,Business
T01440,R0184,Zone_8,11.44,107.46,187.99,Cash,2024-07-09,0,Meera Nair,29,Female,Surat,2020-03-04,285,27,3.97,4516,1.93,31.0,Business
T01441,R0262,Zone_5,15.09,94.9,262.4,UPI,2024-01-03,0,Meera Singh,30,Male,Ahmedabad,2019-04-21,6,0,3.35,2590,1.31,43.9,Business
T01442,R0132,Zone_3,5.64,55.5,111.73,Cash,2023-08-05,1,Aadhya Iyer,23,Male,Surat,2022-12-09,484,25,3.32,12971,2.11,38.0,Business
T01443,R0139,Zone_2,0.54,2.74,12.47,UPI,2023-05-28,1,Diya Gupta,44,Other,Kolkata,2023-10-09,155,7,4.39,6371,0.91,58.4,Residential
T01444,R0232,Zone_5,8.93,48.23,144.17,Wallet,2024-02-21,0,Meera Das,38,Male,Jaipur,2022-12-08,172,15,3.94,2590,1.31,43.9,Business
T01445,R0146,Zone_9,4.03,29.85,74.2,UPI,2024-08-10,0,Kavya Gupta,30,Male,Surat,2020-04-15,80,11,3.89,11037,1.83,56.1,Mixed
T01446,R0236,Zone_9,3.38,17.1,61.12,Cash,2024-04-15,1,Arjun Gupta,28,Male,Ahmedabad,2020-08-10,61,1,3.36,11037,1.83,56.1,Mixed
T01447,R0204,Zone_2,15.04,124.93,217.68,Credit Card,2023-08-22,1,Aarav Kumar,37,Female,Hyderabad,2019-01-01,438,5,3.73,6371,0.91,58.4,Residential
T01448,R0095,Zone_10,11.09,79.83,177.19,Credit Card,2023-04-29,1,Kavya Iyer,29,Female,Chennai,2020-10-07,481,77,4.26,2440,1.54,35.4,Industrial
T01449,R0041,Zone_1,4.36,36.21,73.04,Wallet,2024-08-10,0,Aarav Nair,25,Other,Pune,2020-04-11,353,8,4.74,4921,2.43,30.9,Residential
T01450,R0095,Zone_1,7.91,57.89,184.42,Cash,2023-01-11,1,Kavya Iyer,29,Female,Chennai,2020-10-07,481,77,4.26,4921,2.43,30.9,Residential
T01451,R0090,Zone_4,7.57,66.04,94.64,Credit Card,2023-01-17,0,Kavya Iyer,33,Female,Mumbai,2021-01-31,152,25,4.51,4038,2.46,48.2,Business
T01452,R0216,Zone_1,8.83,58.43,130.74,UPI,2023-05-21,0,Ishaan Ghosh,44,Female,Chennai,2019-08-01,335,24,3.4,4921,2.43,30.9,Residential
T01453,R0112,Zone_1,5.97,39.87,48.61,Credit Card,2023-11-23,1,Meera Nair,41,Female,Delhi,2020-11-13,311,11,3.24,4921,2.43,30.9,Residential
T01454,R0026,Zone_3,1.5,13.48,22.54,Credit Card,2023-01-16,1,Aarav Kumar,26,Female,Surat,2020-04-17,44,5,3.17,12971,2.11,38.0,Business
T01455,R0248,Zone_8,3.12,16.59,37.83,Wallet,2023-11-11,0,Vivaan Ghosh,18,Female,Chennai,2021-10-24,104,12,3.65,4516,1.93,31.0,Business
T01456,R0014,Zone_6,5.34,32.55,116.6,Wallet,2023-09-13,0,Aarav Das,26,Female,Ahmedabad,2021-06-08,325,53,3.0,14627,0.54,37.6,Mixed
T01457,R0197,Zone_10,8.14,59.34,155.04,Cash,2023-10-27,0,Saanvi Das,29,Female,Bengaluru,2020-10-08,475,87,3.87,2440,1.54,35.4,Industrial
T01458,R0197,Zone_8,2.59,24.08,23.54,Credit Card,2023-04-17,0,Saanvi Das,29,Female,Bengaluru,2020-10-08,475,87,3.87,4516,1.93,31.0,Business
T01459,R0050,Zone_8,8.93,49.33,120.64,UPI,2024-04-09,1,Diya Das,49,Male,Ahmedabad,2022-10-06,330,41,3.42,4516,1.93,31.0,Business
T01460,R0144,Zone_4,6.09,45.45,95.39,UPI,2024-03-22,0,Ishaan Kumar,34,Other,Pune,2021-01-31,194,10,3.52,4038,2.46,48.2,Business
T01461,R0086,Zone_6,4.2,35.0,45.3,Wallet,2023-06-28,0,Vivaan Patel,23,Male,Hyderabad,2019-11-08,337,17,4.56,14627,0.54,37.6,Mixed
T01462,R0020,Zone_9,1.65,12.51,16.27,Cash,2024-02-07,1,Diya Das,35,Female,Chennai,2019-09-17,274,21,4.03,11037,1.83,56.1,Mixed
T01463,R0006,Zone_9,10.23,71.51,162.16,Credit Card,2023-03-13,0,Aarav Das,45,Female,Jaipur,2023-06-30,248,13,4.64,11037,1.83,56.1,Mixed
T01464,R0079,Zone_1,10.12,57.51,203.24,Cash,2023-07-30,1,Ishaan Nair,25,Male,Bengaluru,2020-09-23,146,28,4.92,4921,2.43,30.9,Residential
T01465,R0137,Zone_10,12.0,79.86,296.06,Cash,2024-05-01,1,Arjun Gupta,27,Male,Bengaluru,2021-08-10,166,32,3.14,2440,1.54,35.4,Industrial
T01466,R0013,Zone_10,10.75,59.64,144.88,Cash,2024-04-15,1,Ishaan Gupta,43,Female,Kolkata,2019-04-01,6,0,3.91,2440,1.54,35.4,Industrial
T01467,R0263,Zone_3,11.12,97.41,93.08,UPI,2023-09-08,0,Ishaan Das,31,Other,Chennai,2020-12-30,297,21,3.84,12971,2.11,38.0,Business
T01468,R0099,Zone_6,9.91,79.9,187.68,Credit Card,2023-08-25,0,Diya Gupta,35,Other,Mumbai,2021-08-21,80,8,3.7,14627,0.54,37.6,Mixed
T01469,R0012,Zone_7,0.79,4.99,15.11,UPI,2023-12-19,1,Aarav Das,31,Female,Hyderabad,2022-01-19,248,11,3.31,11070,0.64,45.2,Industrial
T01470,R0213,Zone_10,6.6,58.55,155.4,Wallet,2024-05-30,1,Kavya Ghosh,29,Female,Chennai,2019-06-04,456,26,3.74,2440,1.54,35.4,Industrial
T01471,R0252,Zone_3,0.84,6.37,18.24,UPI,2023-03-13,0,Reyansh Gupta,38,Other,Ahmedabad,2020-09-23,392,47,4.83,12971,2.11,38.0,Business
T01472,R0197,Zone_8,14.85,108.9,143.01,Cash,2024-05-12,0,Saanvi Das,29,Female,Bengaluru,2020-10-08,475,87,3.87,4516,1.93,31.0,Business
T01473,R0062,Zone_8,7.93,62.97,76.83,Cash,2024-04-04,1,Kavya Sharma,38,Male,Jaipur,2019-05-13,57,3,3.58,4516,1.93,31.0,Business
T01474,R0259,Zone_7,14.35,89.85,254.51,Credit Card,2023-04-29,0,Aadhya Das,32,Male,Jaipur,2019-06-25,150,27,3.52,11070,0.64,45.2,Industrial
T01475,R0208,Zone_7,2.85,20.24,28.56,Credit Card,2024-08-10,1,Aadhya Iyer,24,Other,Chennai,2020-01-08,356,53,4.75,11070,0.64,45.2,Industrial
T01476,R0003,Zone_2,7.54,65.54,175.74,Credit Card,2024-06-29,1,Kavya Reddy,34,Male,Pune,2023-05-04,45,9,3.76,6371,0.91,58.4,Residential
T01477,R0043,Zone_1,9.32,91.17,102.0,UPI,2023-02-09,0,Diya Kumar,28,Male,Ahmedabad,2021-12-10,85,16,4.68,4921,2.43,30.9,Residential
T01478,R0199,Zone_1,6.35,32.89,147.29,Credit Card,2024-06-21,0,Aarav Das,29,Male,Ahmedabad,2021-08-03,344,27,3.91,4921,2.43,30.9,Residential
T01479,R0058,Zone_6,8.94,71.26,120.2,Wallet,2023-10-22,1,Vivaan Reddy,46,Male,Kolkata,2021-05-31,480,25,4.32,14627,0.54,37.6,Mixed
T01480,R0273,Zone_7,15.41,120.88,163.17,Cash,2024-03-17,1,Aadhya Nair,43,Male,Delhi,2022-09-17,289,48,3.76,11070,0.64,45.2,Industrial
T01481,R0106,Zone_3,2.84,20.79,26.74,Credit Card,2024-06-30,1,Aarav Patel,32,Other,Bengaluru,2021-11-25,6,1,4.03,12971,2.11,38.0,Business
T01482,R0120,Zone_7,5.19,40.17,93.02,UPI,2023-12-25,1,Ishaan Gupta,18,Other,Surat,2020-07-12,311,15,4.55,11070,0.64,45.2,Industrial
T01483,R0154,Zone_1,16.0,137.14,336.27,Wallet,2024-07-02,1,Kavya Patel,18,Other,Kolkata,2019-03-25,466,79,4.68,4921,2.43,30.9,Residential
T01484,R0014,Zone_1,4.04,28.89,89.41,Wallet,2023-04-18,0,Aarav Das,26,Female,Ahmedabad,2021-06-08,325,53,3.0,4921,2.43,30.9,Residential
T01485,R0192,Zone_9,13.61,109.02,180.8,UPI,2024-03-17,0,Aadhya Nair,31,Male,Delhi,2021-08-23,449,31,3.89,11037,1.83,56.1,Mixed
T01486,R0132,Zone_6,11.26,76.88,225.47,Wallet,2023-08-21,0,Aadhya Iyer,23,Male,Surat,2022-12-09,484,25,3.32,14627,0.54,37.6,Mixed
T01487,R0174,Zone_5,6.92,68.8,62.66,Credit Card,2024-04-23,0,Aadhya Patel,32,Male,Kolkata,2019-02-07,320,7,3.8,2590,1.31,43.9,Business
T01488,R0273,Zone_8,9.9,73.94,116.71,UPI,2023-09-15,1,Aadhya Nair,43,Male,Delhi,2022-09-17,289,48,3.76,4516,1.93,31.0,Business
T01489,R0150,Zone_8,2.3,18.79,22.73,Credit Card,2024-06-14,0,Ishaan Gupta,33,Male,Pune,2022-02-27,215,16,4.95,4516,1.93,31.0,Business
T01490,R0291,Zone_1,8.43,42.19,180.72,Credit Card,2023-06-26,1,Arjun Ghosh,23,Other,Pune,2021-04-19,499,94,3.46,4921,2.43,30.9,Residential
T01491,R0169,Zone_2,10.97,55.36,198.18,Wallet,2023-11-18,1,Reyansh Kumar,32,Male,Delhi,2023-02-21,497,81,4.19,6371,0.91,58.4,Residential
T01492,R0161,Zone_3,4.13,37.14,94.42,Credit Card,2024-07-29,0,Aarav Nair,32,Other,Surat,2019-03-27,332,50,4.91,12971,2.11,38.0,Business
T01493,R0043,Zone_10,6.1,46.38,93.68,UPI,2023-11-07,0,Diya Kumar,28,Male,Ahmedabad,2021-12-10,85,16,4.68,2440,1.54,35.4,Industrial
T01494,R0123,Zone_6,9.56,92.52,200.04,UPI,2023-09-09,0,Meera Ghosh,32,Male,Bengaluru,2023-06-24,156,26,3.31,14627,0.54,37.6,Mixed
T01495,R0200,Zone_9,14.62,133.66,145.11,Cash,2023-12-20,1,Kavya Kumar,30,Other,Bengaluru,2021-11-15,443,87,3.6,11037,1.83,56.1,Mixed
T01496,R0144,Zone_4,7.98,57.43,149.03,Cash,2024-06-10,1,Ishaan Kumar,34,Other,Pune,2021-01-31,194,10,3.52,4038,2.46,48.2,Business
T01497,R0135,Zone_4,5.85,37.08,54.06,UPI,2024-06-27,0,Reyansh Patel,38,Female,Ahmedabad,2022-02-24,153,8,3.47,4038,2.46,48.2,Business
T01498,R0137,Zone_5,7.27,52.2,85.21,Wallet,2023-05-18,1,Arjun Gupta,27,Male,Bengaluru,2021-08-10,166,32,3.14,2590,1.31,43.9,Business
T01499,R0144,Zone_3,13.8,132.21,304.68,UPI,2023-02-20,0,Ishaan Kumar,34,Other,Pune,2021-01-31,194,10,3.52,12971,2.11,38.0,Business
T01500,R0099,Zone_4,4.79,38.71,59.63,Cash,2024-05-20,0,Diya Gupta,35,Other,Mumbai,2021-08-21,80,8,3.7,4038,2.46,48.2,Business
T01501,R0063,Zone_5,6.5,37.48,159.88,Credit Card,2024-06-17,1,Diya Iyer,34,Male,Surat,2023-04-21,329,33,4.83,2590,1.31,43.9,Business
T01502,R0038,Zone_9,4.84,47.19,67.43,Cash,2023-02-08,0,Aarav Singh,37,Other,Kolkata,2023-02-11,68,7,4.07,11037,1.83,56.1,Mixed
T01503,R0072,Zone_8,6.98,58.84,77.73,Cash,2023-09-12,0,Saanvi Das,25,Other,Jaipur,2023-11-05,62,10,4.07,4516,1.93,31.0,Business
T01504,R0100,Zone_4,9.07,83.78,88.37,Cash,2023-04-10,1,Ishaan Gupta,28,Male,Delhi,2021-05-24,383,60,3.79,4038,2.46,48.2,Business
T01505,R0083,Zone_6,13.17,107.57,211.46,Cash,2023-07-03,1,Kavya Patel,45,Female,Mumbai,2021-12-31,475,39,4.4,14627,0.54,37.6,Mixed
T01506,R0141,Zone_3,2.62,15.88,59.31,Cash,2023-10-07,1,Arjun Das,25,Other,Jaipur,2019-07-08,53,0,4.29,12971,2.11,38.0,Business
T01507,R0056,Zone_9,10.78,72.47,104.66,Cash,2023-10-27,0,Meera Patel,40,Other,Hyderabad,2021-02-26,93,13,3.25,11037,1.83,56.1,Mixed
T01508,R0184,Zone_3,3.54,26.1,65.71,Wallet,2024-03-18,1,Meera Nair,29,Female,Surat,2020-03-04,285,27,3.97,12971,2.11,38.0,Business
T01509,R0105,Zone_4,10.97,105.64,136.12,Credit Card,2023-05-25,0,Diya Das,31,Female,Jaipur,2020-09-28,346,9,3.69,4038,2.46,48.2,Business
T01510,R0265,Zone_2,14.2,82.55,193.31,Credit Card,2024-04-26,0,Kavya Das,39,Female,Bengaluru,2020-11-26,176,24,3.26,6371,0.91,58.4,Residential
T01511,R0057,Zone_9,12.98,84.12,253.63,UPI,2023-06-26,0,Aadhya Reddy,39,Male,Bengaluru,2023-06-04,407,11,3.66,11037,1.83,56.1,Mixed
T01512,R0056,Zone_3,8.79,59.17,88.55,Wallet,2024-02-08,1,Meera Patel,40,Other,Hyderabad,2021-02-26,93,13,3.25,12971,2.11,38.0,Business
T01513,R0273,Zone_6,12.17,66.97,127.47,Credit Card,2023-04-23,1,Aadhya Nair,43,Male,Delhi,2022-09-17,289,48,3.76,14627,0.54,37.6,Mixed
T01514,R0259,Zone_9,3.2800000000000002,22.09,57.41,Credit Card,2023-09-23,1,Aadhya Das,32,Male,Jaipur,2019-06-25,150,27,3.52,11037,1.83,56.1,Mixed
T01515,R0172,Zone_4,7.66,40.65,129.04,Wallet,2023-09-15,0,Reyansh Reddy,31,Other,Pune,2019-12-24,168,14,3.72,4038,2.46,48.2,Business
T01516,R0132,Zone_10,15.6,100.6,233.07,UPI,2023-04-17,0,Aadhya Iyer,23,Male,Surat,2022-12-09,484,25,3.32,2440,1.54,35.4,Industrial
T01517,R0255,Zone_6,4.05,20.31,62.76,Cash,2023-06-01,0,Reyansh Sharma,37,Female,Bengaluru,2021-07-06,475,42,3.12,14627,0.54,37.6,Mixed
T01518,R0229,Zone_6,8.99,70.24,196.93,UPI,2023-01-17,0,Reyansh Ghosh,22,Female,Mumbai,2020-11-23,146,16,4.43,14627,0.54,37.6,Mixed
T01519,R0235,Zone_1,6.15,42.15,104.59,Credit Card,2023-06-25,0,Aarav Ghosh,34,Other,Delhi,2021-02-15,284,8,4.06,4921,2.43,30.9,Residential
T01520,R0280,Zone_1,7.02,51.41,88.54,Cash,2024-08-21,1,Saanvi Gupta,26,Other,Chennai,2023-05-31,172,23,4.43,4921,2.43,30.9,Residential
T01521,R0249,Zone_5,10.03,59.01,94.66,UPI,2024-07-04,0,Diya Nair,20,Male,Mumbai,2023-03-24,396,48,4.49,2590,1.31,43.9,Business
T01522,R0223,Zone_2,6.65,62.7,102.34,Credit Card,2024-07-18,1,Meera Ghosh,30,Female,Surat,2019-11-29,158,10,4.04,6371,0.91,58.4,Residential
T01523,R0036,Zone_5,7.98,74.21,176.1,UPI,2023-09-09,1,Aadhya Das,30,Female,Surat,2022-03-16,177,15,4.9,2590,1.31,43.9,Business
T01524,R0159,Zone_5,5.48,51.6,115.03,Cash,2023-06-05,1,Ishaan Singh,43,Female,Bengaluru,2020-05-21,79,2,4.9,2590,1.31,43.9,Business
T01525,R0232,Zone_9,1.13,7.14,20.27,Wallet,2023-11-03,1,Meera Das,38,Male,Jaipur,2022-12-08,172,15,3.94,11037,1.83,56.1,Mixed
T01526,R0175,Zone_7,8.97,88.29,94.91,Cash,2023-07-04,1,Diya Patel,35,Male,Chennai,2022-08-18,98,8,3.48,11070,0.64,45.2,Industrial
T01527,R0023,Zone_4,10.2,85.72,225.65,Credit Card,2023-11-21,0,Meera Iyer,24,Other,Jaipur,2019-10-09,176,32,3.21,4038,2.46,48.2,Business
T01528,R0154,Zone_8,14.91,77.99,138.83,Wallet,2024-07-12,1,Kavya Patel,18,Other,Kolkata,2019-03-25,466,79,4.68,4516,1.93,31.0,Business
T01529,R0189,Zone_7,7.34,44.32,151.32,Credit Card,2023-07-27,1,Reyansh Gupta,29,Female,Delhi,2019-09-16,238,42,3.28,11070,0.64,45.2,Industrial
T01530,R0012,Zone_7,1.03,7.86,15.99,UPI,2023-12-10,1,Aarav Das,31,Female,Hyderabad,2022-01-19,248,11,3.31,11070,0.64,45.2,Industrial
T01531,R0085,Zone_7,4.23,29.06,84.56,Cash,2023-07-14,1,Aadhya Ghosh,29,Female,Chennai,2022-09-17,94,12,4.95,11070,0.64,45.2,Industrial
T01532,R0289,Zone_7,10.7,70.59,209.12,Cash,2023-12-07,0,Aarav Gupta,21,Other,Chennai,2021-09-30,322,14,4.17,11070,0.64,45.2,Industrial
T01533,R0257,Zone_1,7.58,60.11,100.17,Cash,2023-04-19,0,Arjun Reddy,36,Other,Delhi,2023-03-11,459,19,4.82,4921,2.43,30.9,Residential
T01534,R0047,Zone_2,9.4,64.38,220.61,Wallet,2024-08-06,0,Reyansh Iyer,51,Female,Bengaluru,2021-10-07,69,3,4.86,6371,0.91,58.4,Residential
T01535,R0275,Zone_10,6.23,36.31,64.76,Wallet,2024-01-04,0,Ishaan Das,21,Other,Jaipur,2022-10-04,247,17,3.07,2440,1.54,35.4,Industrial
T01536,R0086,Zone_6,17.35,136.11,255.38,Wallet,2023-09-23,1,Vivaan Patel,23,Male,Hyderabad,2019-11-08,337,17,4.56,14627,0.54,37.6,Mixed
T01537,R0255,Zone_1,16.64,113.01,328.23,Cash,2023-01-14,1,Reyansh Sharma,37,Female,Bengaluru,2021-07-06,475,42,3.12,4921,2.43,30.9,Residential
T01538,R0271,Zone_4,3.34,25.65,41.92,Wallet,2024-01-08,0,Saanvi Iyer,22,Male,Bengaluru,2022-10-07,58,6,4.37,4038,2.46,48.2,Business
T01539,R0197,Zone_8,12.55,63.06,103.09,UPI,2023-07-12,1,Saanvi Das,29,Female,Bengaluru,2020-10-08,475,87,3.87,4516,1.93,31.0,Business
T01540,R0270,Zone_9,9.52,67.56,111.55,Credit Card,2023-09-05,0,Aadhya Reddy,35,Male,Hyderabad,2022-01-02,455,64,3.08,11037,1.83,56.1,Mixed
T01541,R0227,Zone_1,8.07,74.65,178.6,Credit Card,2023-06-06,1,Arjun Nair,25,Other,Pune,2020-07-11,320,23,4.12,4921,2.43,30.9,Residential
T01542,R0107,Zone_9,3.7,31.32,83.84,UPI,2024-03-13,0,Reyansh Gupta,33,Male,Hyderabad,2020-01-11,179,14,3.66,11037,1.83,56.1,Mixed
T01543,R0175,Zone_6,16.11,146.94,394.11,Wallet,2024-04-26,1,Diya Patel,35,Male,Chennai,2022-08-18,98,8,3.48,14627,0.54,37.6,Mixed
T01544,R0028,Zone_6,13.83,77.81,299.74,Cash,2023-02-21,1,Reyansh Sharma,20,Female,Surat,2023-11-11,249,21,3.79,14627,0.54,37.6,Mixed
T01545,R0234,Zone_1,0.71,5.6,17.31,Wallet,2023-04-29,0,Saanvi Nair,32,Other,Pune,2022-12-01,183,31,3.98,4921,2.43,30.9,Residential
T01546,R0291,Zone_3,14.92,128.69,236.53,UPI,2023-08-17,1,Arjun Ghosh,23,Other,Pune,2021-04-19,499,94,3.46,12971,2.11,38.0,Business
T01547,R0005,Zone_1,7.8100000000000005,67.95,163.28,UPI,2023-07-13,1,Diya Reddy,27,Male,Ahmedabad,2021-05-31,294,30,3.53,4921,2.43,30.9,Residential
T01548,R0152,Zone_7,5.01,32.28,108.17,Credit Card,2024-01-26,1,Arjun Patel,34,Female,Bengaluru,2021-05-04,143,24,3.91,11070,0.64,45.2,Industrial
T01549,R0081,Zone_6,3.12,21.16,54.75,UPI,2023-01-07,0,Diya Reddy,42,Other,Mumbai,2022-01-31,114,2,3.9,14627,0.54,37.6,Mixed
T01550,R0207,Zone_6,12.72,118.88,224.62,Credit Card,2024-04-12,0,Ishaan Iyer,31,Male,Mumbai,2023-12-06,47,3,3.93,14627,0.54,37.6,Mixed
T01551,R0087,Zone_2,10.0,87.94,105.72,Credit Card,2023-04-04,1,Saanvi Das,26,Female,Jaipur,2021-05-11,362,33,3.57,6371,0.91,58.4,Residential
T01552,R0283,Zone_10,3.63,21.99,45.85,UPI,2024-01-10,0,Diya Nair,19,Male,Surat,2023-06-15,245,45,3.55,2440,1.54,35.4,Industrial
T01553,R0050,Zone_7,3.94,39.26,92.05,UPI,2023-04-26,1,Diya Das,49,Male,Ahmedabad,2022-10-06,330,41,3.42,11070,0.64,45.2,Industrial
T01554,R0204,Zone_9,6.06,36.68,106.89,Cash,2024-01-04,0,Aarav Kumar,37,Female,Hyderabad,2019-01-01,438,5,3.73,11037,1.83,56.1,Mixed
T01555,R0232,Zone_7,5.44,32.77,109.34,Wallet,2024-02-02,0,Meera Das,38,Male,Jaipur,2022-12-08,172,15,3.94,11070,0.64,45.2,Industrial
T01556,R0211,Zone_5,10.64,80.28,261.71,Wallet,2023-09-08,1,Arjun Reddy,36,Female,Mumbai,2021-04-04,435,17,3.63,2590,1.31,43.9,Business
T01557,R0066,Zone_9,9.89,74.88,163.41,Credit Card,2023-04-10,1,Arjun Patel,38,Female,Bengaluru,2022-06-03,167,28,4.72,11037,1.83,56.1,Mixed
T01558,R0228,Zone_2,4.82,32.43,85.61,Credit Card,2023-09-06,0,Kavya Ghosh,21,Female,Pune,2020-05-18,10,0,4.84,6371,0.91,58.4,Residential
T01559,R0027,Zone_1,0.29,1.82,5.8100000000000005,Credit Card,2023-05-24,0,Ishaan Iyer,39,Male,Jaipur,2019-10-05,403,61,3.98,4921,2.43,30.9,Residential
T01560,R0091,Zone_6,1.33,10.62,28.23,UPI,2024-03-28,1,Meera Das,41,Other,Surat,2022-04-16,334,43,3.4,14627,0.54,37.6,Mixed
T01561,R0282,Zone_2,12.35,77.23,146.48,Credit Card,2023-05-12,0,Reyansh Kumar,22,Other,Bengaluru,2022-05-02,319,3,4.47,6371,0.91,58.4,Residential
T01562,R0012,Zone_9,3.03,17.39,48.23,Wallet,2024-07-14,0,Aarav Das,31,Female,Hyderabad,2022-01-19,248,11,3.31,11037,1.83,56.1,Mixed
T01563,R0178,Zone_3,8.56,58.56,117.82,Credit Card,2023-07-22,1,Saanvi Ghosh,27,Male,Delhi,2021-05-15,56,7,3.13,12971,2.11,38.0,Business
T01564,R0215,Zone_8,0.8200000000000001,6.74,9.85,Wallet,2024-04-25,0,Saanvi Gupta,26,Female,Hyderabad,2020-02-28,438,48,3.24,4516,1.93,31.0,Business
T01565,R0222,Zone_9,9.99,64.69,244.98,UPI,2023-04-22,1,Aarav Singh,27,Male,Surat,2022-08-28,475,12,3.44,11037,1.83,56.1,Mixed
T01566,R0090,Zone_7,17.6,102.42,255.79,UPI,2023-06-01,0,Kavya Iyer,33,Female,Mumbai,2021-01-31,152,25,4.51,11070,0.64,45.2,Industrial
T01567,R0299,Zone_9,1.3599999999999999,7.68,12.48,Credit Card,2023-12-07,0,Ishaan Gupta,33,Other,Kolkata,2020-09-04,457,0,3.92,11037,1.83,56.1,Mixed
T01568,R0130,Zone_7,10.75,89.22,200.09,UPI,2023-12-16,1,Diya Ghosh,27,Female,Pune,2019-02-16,316,62,3.62,11070,0.64,45.2,Industrial
T01569,R0068,Zone_1,9.36,91.8,126.46,Cash,2024-05-03,0,Meera Singh,30,Female,Ahmedabad,2022-08-31,456,70,4.97,4921,2.43,30.9,Residential
T01570,R0061,Zone_2,12.59,96.34,128.88,UPI,2023-06-14,0,Meera Reddy,25,Male,Mumbai,2020-08-20,168,25,3.69,6371,0.91,58.4,Residential
T01571,R0212,Zone_6,7.34,55.6,96.83,Cash,2023-04-11,1,Aadhya Iyer,36,Female,Ahmedabad,2023-09-11,73,12,3.22,14627,0.54,37.6,Mixed
T01572,R0043,Zone_8,9.36,48.82,81.25,Credit Card,2023-05-07,1,Diya Kumar,28,Male,Ahmedabad,2021-12-10,85,16,4.68,4516,1.93,31.0,Business
T01573,R0025,Zone_3,8.91,70.45,184.89,UPI,2023-03-10,0,Meera Das,21,Female,Mumbai,2021-10-22,42,3,4.01,12971,2.11,38.0,Business
T01574,R0101,Zone_8,10.86,82.01,152.51,Cash,2023-11-23,1,Aarav Singh,37,Female,Delhi,2020-11-01,228,29,3.03,4516,1.93,31.0,Business
T01575,R0132,Zone_1,3.8,32.8,64.5,Cash,2023-11-27,1,Aadhya Iyer,23,Male,Surat,2022-12-09,484,25,3.32,4921,2.43,30.9,Residential
T01576,R0270,Zone_3,8.96,74.87,181.1,Credit Card,2024-07-29,0,Aadhya Reddy,35,Male,Hyderabad,2022-01-02,455,64,3.08,12971,2.11,38.0,Business
T01577,R0006,Zone_10,12.05,93.58,277.76,UPI,2023-03-19,0,Aarav Das,45,Female,Jaipur,2023-06-30,248,13,4.64,2440,1.54,35.4,Industrial
T01578,R0089,Zone_3,13.84,106.35,168.79,Wallet,2023-05-09,1,Saanvi Reddy,48,Other,Surat,2022-09-21,308,6,3.91,12971,2.11,38.0,Business
T01579,R0179,Zone_9,10.48,79.57,163.52,Wallet,2023-08-10,0,Meera Patel,28,Male,Kolkata,2022-04-11,274,14,4.64,11037,1.83,56.1,Mixed
T01580,R0048,Zone_8,2.34,12.14,46.18,UPI,2023-05-04,1,Kavya Sharma,35,Male,Hyderabad,2019-05-31,207,1,3.02,4516,1.93,31.0,Business
T01581,R0027,Zone_10,0.23,1.98,2.39,Cash,2023-12-31,1,Ishaan Iyer,39,Male,Jaipur,2019-10-05,403,61,3.98,2440,1.54,35.4,Industrial
T01582,R0170,Zone_3,10.04,91.04,140.22,Cash,2023-07-17,0,Saanvi Kumar,29,Other,Bengaluru,2020-05-20,28,3,3.68,12971,2.11,38.0,Business
T01583,R0268,Zone_10,2.94,21.9,39.9,Credit Card,2023-08-06,1,Ishaan Kumar,34,Male,Chennai,2022-10-16,10,0,4.6,2440,1.54,35.4,Industrial
T01584,R0056,Zone_4,12.22,110.73,221.25,Credit Card,2024-05-30,1,Meera Patel,40,Other,Hyderabad,2021-02-26,93,13,3.25,4038,2.46,48.2,Business
T01585,R0048,Zone_6,6.5600000000000005,35.87,154.83,UPI,2023-07-26,0,Kavya Sharma,35,Male,Hyderabad,2019-05-31,207,1,3.02,14627,0.54,37.6,Mixed
T01586,R0174,Zone_2,13.06,77.42,136.89,Credit Card,2023-10-12,0,Aadhya Patel,32,Male,Kolkata,2019-02-07,320,7,3.8,6371,0.91,58.4,Residential
T01587,R0003,Zone_5,18.63,94.05,275.09,UPI,2023-09-24,1,Kavya Reddy,34,Male,Pune,2023-05-04,45,9,3.76,2590,1.31,43.9,Business
T01588,R0191,Zone_10,7.69,41.24,78.94,UPI,2023-01-05,1,Meera Gupta,33,Other,Surat,2020-08-14,87,6,4.56,2440,1.54,35.4,Industrial
T01589,R0136,Zone_6,7.42,40.44,76.22,Wallet,2023-11-09,1,Diya Ghosh,34,Male,Hyderabad,2019-01-19,339,11,3.82,14627,0.54,37.6,Mixed
T01590,R0289,Zone_6,13.07,82.78,293.03,Credit Card,2023-05-30,1,Aarav Gupta,21,Other,Chennai,2021-09-30,322,14,4.17,14627,0.54,37.6,Mixed
T01591,R0081,Zone_9,13.32,85.06,120.07,Credit Card,2023-06-08,0,Diya Reddy,42,Other,Mumbai,2022-01-31,114,2,3.9,11037,1.83,56.1,Mixed
T01592,R0167,Zone_3,16.51,157.13,247.42,Cash,2024-03-16,0,Kavya Nair,44,Male,Hyderabad,2022-08-25,117,5,4.75,12971,2.11,38.0,Business
T01593,R0241,Zone_10,8.98,88.78,113.68,Cash,2024-01-04,0,Kavya Gupta,34,Female,Chennai,2020-01-13,165,3,3.28,2440,1.54,35.4,Industrial
T01594,R0169,Zone_7,4.84,45.31,84.76,Wallet,2023-07-19,0,Reyansh Kumar,32,Male,Delhi,2023-02-21,497,81,4.19,11070,0.64,45.2,Industrial
T01595,R0154,Zone_8,8.04,58.45,149.87,Credit Card,2023-02-05,0,Kavya Patel,18,Other,Kolkata,2019-03-25,466,79,4.68,4516,1.93,31.0,Business
T01596,R0236,Zone_5,4.88,46.24,119.52,Credit Card,2024-02-01,0,Arjun Gupta,28,Male,Ahmedabad,2020-08-10,61,1,3.36,2590,1.31,43.9,Business
T01597,R0214,Zone_5,9.2,49.69,74.11,Credit Card,2023-12-30,0,Aarav Kumar,20,Female,Kolkata,2022-09-14,210,2,4.53,2590,1.31,43.9,Business
T01598,R0277,Zone_3,3.66,20.35,51.93,Cash,2023-04-27,1,Kavya Gupta,42,Female,Jaipur,2021-01-22,433,16,3.06,12971,2.11,38.0,Business
T01599,R0196,Zone_1,12.51,69.51,154.55,Credit Card,2023-01-05,1,Vivaan Das,18,Male,Hyderabad,2019-06-24,51,9,4.93,4921,2.43,30.9,Residential
T01600,R0005,Zone_10,11.49,98.56,280.91,Cash,2023-10-25,0,Diya Reddy,27,Male,Ahmedabad,2021-05-31,294,30,3.53,2440,1.54,35.4,Industrial
T01601,R0083,Zone_2,8.7,83.36,191.83,Wallet,2024-03-06,1,Kavya Patel,45,Female,Mumbai,2021-12-31,475,39,4.4,6371,0.91,58.4,Residential
T01602,R0251,Zone_7,8.13,40.91,139.73,Wallet,2024-03-22,0,Vivaan Iyer,46,Female,Mumbai,2020-01-13,213,26,4.48,11070,0.64,45.2,Industrial
T01603,R0264,Zone_5,7.02,57.96,96.68,Wallet,2024-07-23,0,Aadhya Das,27,Other,Delhi,2019-02-06,401,54,3.59,2590,1.31,43.9,Business
T01604,R0253,Zone_10,14.56,124.59,132.54,Wallet,2024-01-10,1,Ishaan Gupta,26,Male,Surat,2021-08-19,173,24,3.16,2440,1.54,35.4,Industrial
T01605,R0077,Zone_1,13.94,83.86,238.65,Cash,2024-05-17,1,Reyansh Das,28,Male,Mumbai,2019-09-07,406,72,3.79,4921,2.43,30.9,Residential
T01606,R0179,Zone_9,8.73,82.07,177.84,Wallet,2024-05-20,1,Meera Patel,28,Male,Kolkata,2022-04-11,274,14,4.64,11037,1.83,56.1,Mixed
T01607,R0279,Zone_9,3.7199999999999998,18.65,52.72,UPI,2023-04-28,1,Diya Singh,25,Other,Pune,2022-04-21,454,84,3.73,11037,1.83,56.1,Mixed
T01608,R0257,Zone_4,2.12,16.02,18.57,Cash,2024-05-05,0,Arjun Reddy,36,Other,Delhi,2023-03-11,459,19,4.82,4038,2.46,48.2,Business
T01609,R0040,Zone_3,9.44,53.61,232.99,UPI,2024-06-09,1,Aarav Gupta,34,Other,Surat,2023-05-05,485,36,4.41,12971,2.11,38.0,Business
T01610,R0186,Zone_10,4.8100000000000005,32.34,69.28,UPI,2023-03-13,1,Ishaan Sharma,18,Other,Hyderabad,2020-12-11,373,19,3.26,2440,1.54,35.4,Industrial
T01611,R0104,Zone_2,10.38,81.05,102.76,UPI,2024-03-23,0,Diya Gupta,52,Male,Kolkata,2021-05-27,328,1,3.7,6371,0.91,58.4,Residential
T01612,R0271,Zone_4,6.07,60.67,117.3,Wallet,2023-09-24,0,Saanvi Iyer,22,Male,Bengaluru,2022-10-07,58,6,4.37,4038,2.46,48.2,Business
T01613,R0025,Zone_4,11.87,88.44,159.39,Cash,2023-09-08,0,Meera Das,21,Female,Mumbai,2021-10-22,42,3,4.01,4038,2.46,48.2,Business
T01614,R0100,Zone_2,9.04,72.33,200.2,Cash,2023-06-11,1,Ishaan Gupta,28,Male,Delhi,2021-05-24,383,60,3.79,6371,0.91,58.4,Residential
T01615,R0101,Zone_9,12.99,106.71,165.87,Credit Card,2023-07-26,1,Aarav Singh,37,Female,Delhi,2020-11-01,228,29,3.03,11037,1.83,56.1,Mixed
T01616,R0295,Zone_6,3.17,26.19,63.07,Credit Card,2023-05-12,1,Kavya Gupta,18,Female,Delhi,2019-05-29,98,18,3.59,14627,0.54,37.6,Mixed
T01617,R0015,Zone_9,6.86,36.69,158.93,Credit Card,2024-07-15,1,Saanvi Patel,28,Other,Chennai,2022-12-19,46,1,3.87,11037,1.83,56.1,Mixed
T01618,R0212,Zone_8,19.08,127.16,432.46,Cash,2024-05-12,0,Aadhya Iyer,36,Female,Ahmedabad,2023-09-11,73,12,3.22,4516,1.93,31.0,Business
T01619,R0049,Zone_10,4.52,32.2,63.01,Cash,2023-09-04,0,Meera Iyer,39,Male,Mumbai,2020-05-19,375,55,4.4,2440,1.54,35.4,Industrial
T01620,R0059,Zone_2,12.21,89.57,237.49,UPI,2023-04-23,0,Aarav Sharma,43,Male,Delhi,2021-08-02,357,11,3.27,6371,0.91,58.4,Residential
T01621,R0062,Zone_6,10.09,66.64,113.63,Credit Card,2023-03-10,1,Kavya Sharma,38,Male,Jaipur,2019-05-13,57,3,3.58,14627,0.54,37.6,Mixed
T01622,R0031,Zone_10,14.43,83.28,128.31,Credit Card,2023-11-02,0,Reyansh Nair,29,Female,Hyderabad,2023-04-27,230,21,4.62,2440,1.54,35.4,Industrial
T01623,R0130,Zone_6,7.13,63.26,131.57,UPI,2024-04-03,1,Diya Ghosh,27,Female,Pune,2019-02-16,316,62,3.62,14627,0.54,37.6,Mixed
T01624,R0267,Zone_3,13.95,100.44,191.44,Credit Card,2023-01-24,0,Arjun Iyer,37,Other,Jaipur,2021-01-01,131,11,4.5,12971,2.11,38.0,Business
T01625,R0204,Zone_4,14.08,86.32,142.21,Wallet,2024-05-19,1,Aarav Kumar,37,Female,Hyderabad,2019-01-01,438,5,3.73,4038,2.46,48.2,Business
T01626,R0266,Zone_10,8.98,63.43,121.26,Wallet,2023-10-15,1,Diya Reddy,29,Other,Chennai,2020-09-25,98,13,3.9,2440,1.54,35.4,Industrial
T01627,R0138,Zone_7,2.18,11.6,40.84,Wallet,2024-07-29,0,Ishaan Das,46,Male,Kolkata,2022-07-28,13,0,3.53,11070,0.64,45.2,Industrial
T01628,R0063,Zone_6,12.57,66.91,195.23,UPI,2024-06-19,0,Diya Iyer,34,Male,Surat,2023-04-21,329,33,4.83,14627,0.54,37.6,Mixed
T01629,R0260,Zone_2,3.13,28.76,62.82,UPI,2024-05-10,1,Reyansh Das,55,Other,Mumbai,2019-07-17,63,3,4.24,6371,0.91,58.4,Residential
T01630,R0067,Zone_5,7.31,39.41,165.12,UPI,2023-04-01,0,Saanvi Iyer,32,Male,Pune,2022-07-24,348,9,3.38,2590,1.31,43.9,Business
T01631,R0177,Zone_1,12.73,110.74,235.51,Credit Card,2024-07-15,1,Ishaan Reddy,34,Other,Bengaluru,2023-02-15,489,63,4.48,4921,2.43,30.9,Residential
T01632,R0007,Zone_8,13.46,95.47,174.21,Credit Card,2023-04-26,0,Ishaan Ghosh,18,Female,Mumbai,2021-03-26,458,82,4.03,4516,1.93,31.0,Business
T01633,R0232,Zone_6,6.26,62.59,81.29,Credit Card,2023-04-09,0,Meera Das,38,Male,Jaipur,2022-12-08,172,15,3.94,14627,0.54,37.6,Mixed
T01634,R0066,Zone_4,11.13,81.26,140.6,Cash,2023-12-09,0,Arjun Patel,38,Female,Bengaluru,2022-06-03,167,28,4.72,4038,2.46,48.2,Business
T01635,R0291,Zone_9,0.29,2.87,4.66,Wallet,2023-08-03,1,Arjun Ghosh,23,Other,Pune,2021-04-19,499,94,3.46,11037,1.83,56.1,Mixed
T01636,R0009,Zone_2,5.64,36.01,62.56,Wallet,2024-05-28,1,Diya Patel,42,Female,Ahmedabad,2019-12-15,172,21,4.11,6371,0.91,58.4,Residential
T01637,R0044,Zone_7,15.34,123.22,134.21,Credit Card,2023-04-05,0,Arjun Gupta,36,Female,Hyderabad,2020-08-01,271,5,3.21,11070,0.64,45.2,Industrial
T01638,R0002,Zone_8,14.72,101.63,148.43,Cash,2023-02-08,1,Ishaan Nair,39,Female,Mumbai,2019-11-23,70,5,4.12,4516,1.93,31.0,Business
T01639,R0292,Zone_7,11.35,79.85,93.29,Wallet,2023-12-11,0,Diya Patel,37,Female,Jaipur,2020-06-28,141,19,4.39,11070,0.64,45.2,Industrial
T01640,R0124,Zone_7,7.29,37.66,85.71,UPI,2024-06-29,1,Aadhya Das,37,Other,Hyderabad,2022-06-09,419,25,3.59,11070,0.64,45.2,Industrial
T01641,R0250,Zone_3,12.24,92.52,209.81,Cash,2023-08-07,1,Aadhya Iyer,34,Female,Jaipur,2021-02-01,163,31,4.63,12971,2.11,38.0,Business
T01642,R0271,Zone_8,7.88,75.96,74.58,UPI,2023-05-11,1,Saanvi Iyer,22,Male,Bengaluru,2022-10-07,58,6,4.37,4516,1.93,31.0,Business
T01643,R0271,Zone_5,8.84,69.96,205.88,Credit Card,2023-10-03,0,Saanvi Iyer,22,Male,Bengaluru,2022-10-07,58,6,4.37,2590,1.31,43.9,Business
T01644,R0155,Zone_10,8.44,46.57,105.78,Wallet,2023-08-26,0,Meera Reddy,23,Male,Hyderabad,2019-02-10,353,8,3.14,2440,1.54,35.4,Industrial
T01645,R0018,Zone_7,4.12,37.56,46.6,Credit Card,2023-05-07,1,Aarav Reddy,49,Female,Delhi,2023-01-09,446,86,3.29,11070,0.64,45.2,Industrial
T01646,R0157,Zone_3,11.63,91.2,170.93,Wallet,2024-01-24,1,Kavya Nair,36,Female,Hyderabad,2021-11-23,319,27,4.65,12971,2.11,38.0,Business
T01647,R0026,Zone_10,2.65,18.2,25.4,Cash,2023-09-29,1,Aarav Kumar,26,Female,Surat,2020-04-17,44,5,3.17,2440,1.54,35.4,Industrial
T01648,R0196,Zone_3,11.88,114.22,118.56,Credit Card,2024-06-05,1,Vivaan Das,18,Male,Hyderabad,2019-06-24,51,9,4.93,12971,2.11,38.0,Business
T01649,R0253,Zone_4,3.2,28.3,49.71,UPI,2023-06-28,0,Ishaan Gupta,26,Male,Surat,2021-08-19,173,24,3.16,4038,2.46,48.2,Business
T01650,R0261,Zone_2,4.39,23.72,49.3,Cash,2024-03-29,1,Aarav Kumar,31,Male,Pune,2022-08-26,477,83,4.24,6371,0.91,58.4,Residential
T01651,R0097,Zone_2,6.2,61.2,102.4,UPI,2024-01-23,0,Aarav Iyer,23,Other,Bengaluru,2021-01-25,478,5,3.28,6371,0.91,58.4,Residential
T01652,R0214,Zone_10,7.22,57.99,164.58,Wallet,2024-05-16,0,Aarav Kumar,20,Female,Kolkata,2022-09-14,210,2,4.53,2440,1.54,35.4,Industrial
T01653,R0250,Zone_5,8.95,64.68,119.38,UPI,2024-06-18,1,Aadhya Iyer,34,Female,Jaipur,2021-02-01,163,31,4.63,2590,1.31,43.9,Business
T01654,R0125,Zone_1,12.14,94.46,296.53,UPI,2023-06-03,1,Saanvi Ghosh,44,Male,Ahmedabad,2023-04-22,99,19,3.89,4921,2.43,30.9,Residential
T01655,R0196,Zone_6,14.55,91.15,168.41,Cash,2024-05-10,1,Vivaan Das,18,Male,Hyderabad,2019-06-24,51,9,4.93,14627,0.54,37.6,Mixed
T01656,R0185,Zone_10,0.55,5.47,9.49,Wallet,2023-06-10,0,Vivaan Sharma,27,Male,Delhi,2021-08-27,201,12,4.05,2440,1.54,35.4,Industrial
T01657,R0246,Zone_3,12.92,108.63,201.25,Cash,2023-08-16,0,Vivaan Das,29,Other,Mumbai,2021-03-31,240,34,4.79,12971,2.11,38.0,Business
T01658,R0184,Zone_1,5.68,33.74,133.83,UPI,2024-03-30,1,Meera Nair,29,Female,Surat,2020-03-04,285,27,3.97,4921,2.43,30.9,Residential
T01659,R0086,Zone_8,7.64,68.83,107.37,UPI,2023-07-01,0,Vivaan Patel,23,Male,Hyderabad,2019-11-08,337,17,4.56,4516,1.93,31.0,Business
T01660,R0095,Zone_1,7.47,54.57,181.06,UPI,2023-03-09,0,Kavya Iyer,29,Female,Chennai,2020-10-07,481,77,4.26,4921,2.43,30.9,Residential
T01661,R0173,Zone_5,5.75,37.23,46.87,UPI,2023-11-15,1,Saanvi Ghosh,26,Other,Mumbai,2020-01-15,389,55,4.28,2590,1.31,43.9,Business
T01662,R0149,Zone_4,3.55,31.84,59.18,Credit Card,2024-05-27,0,Diya Reddy,30,Male,Jaipur,2019-09-14,89,8,4.57,4038,2.46,48.2,Business
T01663,R0294,Zone_4,9.4,87.11,128.34,Cash,2023-09-18,1,Arjun Reddy,24,Male,Surat,2021-04-02,41,7,3.2,4038,2.46,48.2,Business
T01664,R0283,Zone_5,12.06,77.85,274.76,Wallet,2024-03-08,1,Diya Nair,19,Male,Surat,2023-06-15,245,45,3.55,2590,1.31,43.9,Business
T01665,R0293,Zone_1,1.7000000000000002,9.4,23.4,Wallet,2023-02-13,1,Arjun Kumar,39,Female,Delhi,2019-10-01,248,44,3.2,4921,2.43,30.9,Residential
T01666,R0247,Zone_9,7.9,54.08,140.92,Wallet,2024-05-03,1,Aadhya Das,37,Male,Bengaluru,2021-05-11,249,47,4.92,11037,1.83,56.1,Mixed
T01667,R0112,Zone_6,4.85,26.32,50.99,Wallet,2024-08-21,1,Meera Nair,41,Female,Delhi,2020-11-13,311,11,3.24,14627,0.54,37.6,Mixed
T01668,R0012,Zone_9,13.48,88.12,180.67,Credit Card,2023-09-08,1,Aarav Das,31,Female,Hyderabad,2022-01-19,248,11,3.31,11037,1.83,56.1,Mixed
T01669,R0018,Zone_9,10.47,104.34,254.12,Credit Card,2023-02-11,1,Aarav Reddy,49,Female,Delhi,2023-01-09,446,86,3.29,11037,1.83,56.1,Mixed
T01670,R0027,Zone_9,15.54,102.56,248.87,Wallet,2023-05-12,0,Ishaan Iyer,39,Male,Jaipur,2019-10-05,403,61,3.98,11037,1.83,56.1,Mixed
T01671,R0132,Zone_9,0.26,2.04,3.01,Wallet,2023-12-06,0,Aadhya Iyer,23,Male,Surat,2022-12-09,484,25,3.32,11037,1.83,56.1,Mixed
T01672,R0263,Zone_10,13.17,85.57,307.13,Wallet,2024-03-08,1,Ishaan Das,31,Other,Chennai,2020-12-30,297,21,3.84,2440,1.54,35.4,Industrial
T01673,R0065,Zone_9,8.81,81.96,76.13,Cash,2023-12-21,0,Meera Nair,43,Other,Mumbai,2023-06-28,180,32,4.52,11037,1.83,56.1,Mixed
T01674,R0195,Zone_10,4.37,36.96,84.07,Cash,2023-05-31,0,Aadhya Reddy,33,Male,Kolkata,2021-05-27,72,10,4.97,2440,1.54,35.4,Industrial
T01675,R0138,Zone_1,10.45,53.5,170.59,Wallet,2024-03-12,1,Ishaan Das,46,Male,Kolkata,2022-07-28,13,0,3.53,4921,2.43,30.9,Residential
T01676,R0213,Zone_1,15.83,84.55,300.77,UPI,2024-06-26,1,Kavya Ghosh,29,Female,Chennai,2019-06-04,456,26,3.74,4921,2.43,30.9,Residential
T01677,R0089,Zone_10,16.02,96.02,276.89,UPI,2023-08-11,0,Saanvi Reddy,48,Other,Surat,2022-09-21,308,6,3.91,2440,1.54,35.4,Industrial
T01678,R0147,Zone_9,12.11,103.45,251.23,Cash,2024-06-18,1,Saanvi Nair,35,Other,Mumbai,2022-08-29,239,21,3.91,11037,1.83,56.1,Mixed
T01679,R0204,Zone_10,3.04,18.36,46.52,UPI,2024-06-18,0,Aarav Kumar,37,Female,Hyderabad,2019-01-01,438,5,3.73,2440,1.54,35.4,Industrial
T01680,R0067,Zone_2,9.55,70.55,139.31,Credit Card,2023-12-03,0,Saanvi Iyer,32,Male,Pune,2022-07-24,348,9,3.38,6371,0.91,58.4,Residential
T01681,R0090,Zone_4,9.71,84.65,212.98,Cash,2023-03-28,0,Kavya Iyer,33,Female,Mumbai,2021-01-31,152,25,4.51,4038,2.46,48.2,Business
T01682,R0162,Zone_5,14.21,105.79,305.85,Credit Card,2023-05-26,1,Meera Patel,30,Male,Hyderabad,2023-08-14,394,38,4.28,2590,1.31,43.9,Business
T01683,R0225,Zone_10,7.18,36.97,138.49,Wallet,2023-08-13,0,Ishaan Sharma,39,Female,Delhi,2020-06-15,465,9,4.08,2440,1.54,35.4,Industrial
T01684,R0100,Zone_10,8.08,75.65,66.07,UPI,2023-05-28,0,Ishaan Gupta,28,Male,Delhi,2021-05-24,383,60,3.79,2440,1.54,35.4,Industrial
T01685,R0134,Zone_10,4.73,44.0,114.72,Credit Card,2024-07-02,1,Aadhya Singh,34,Male,Jaipur,2022-07-30,410,29,4.59,2440,1.54,35.4,Industrial
T01686,R0209,Zone_3,11.34,91.7,149.77,Credit Card,2024-05-15,1,Vivaan Sharma,31,Other,Surat,2020-06-11,109,20,3.77,12971,2.11,38.0,Business
T01687,R0262,Zone_1,6.92,58.18,118.05,UPI,2024-02-17,1,Meera Singh,30,Male,Ahmedabad,2019-04-21,6,0,3.35,4921,2.43,30.9,Residential
T01688,R0244,Zone_9,8.93,75.16,210.43,Cash,2024-02-20,0,Aadhya Iyer,24,Female,Kolkata,2019-04-22,27,1,3.13,11037,1.83,56.1,Mixed
T01689,R0140,Zone_4,5.65,44.27,75.01,Cash,2024-04-26,0,Aadhya Nair,29,Female,Delhi,2020-04-17,499,45,4.92,4038,2.46,48.2,Business
T01690,R0108,Zone_2,8.24,47.99,153.95,Credit Card,2023-06-04,0,Reyansh Gupta,18,Male,Pune,2019-05-31,184,32,4.88,6371,0.91,58.4,Residential
T01691,R0091,Zone_7,2.6,23.78,35.54,Credit Card,2023-11-27,1,Meera Das,41,Other,Surat,2022-04-16,334,43,3.4,11070,0.64,45.2,Industrial
T01692,R0144,Zone_3,8.8,66.55,137.95,Wallet,2023-02-07,1,Ishaan Kumar,34,Other,Pune,2021-01-31,194,10,3.52,12971,2.11,38.0,Business
T01693,R0092,Zone_2,4.99,38.39,47.48,Cash,2024-06-18,1,Aarav Nair,21,Male,Surat,2019-07-18,252,23,4.51,6371,0.91,58.4,Residential
T01694,R0288,Zone_2,11.5,81.69,222.26,Credit Card,2024-02-27,1,Diya Ghosh,42,Male,Ahmedabad,2021-08-30,43,5,4.56,6371,0.91,58.4,Residential
T01695,R0028,Zone_6,17.24,165.21,428.63,UPI,2024-02-16,1,Reyansh Sharma,20,Female,Surat,2023-11-11,249,21,3.79,14627,0.54,37.6,Mixed
T01696,R0063,Zone_6,12.23,64.78,266.78,Cash,2023-11-26,0,Diya Iyer,34,Male,Surat,2023-04-21,329,33,4.83,14627,0.54,37.6,Mixed
T01697,R0075,Zone_10,2.4,16.38,23.94,UPI,2023-08-14,0,Diya Reddy,18,Female,Mumbai,2021-04-30,108,7,4.83,2440,1.54,35.4,Industrial
T01698,R0096,Zone_3,6.2,61.65,93.59,UPI,2023-01-25,1,Reyansh Das,40,Female,Kolkata,2019-12-28,121,3,4.46,12971,2.11,38.0,Business
T01699,R0119,Zone_2,0.05,0.48,0.71,Wallet,2023-08-19,1,Saanvi Iyer,47,Male,Hyderabad,2023-05-05,30,1,4.39,6371,0.91,58.4,Residential
T01700,R0237,Zone_9,8.07,47.69,107.17,UPI,2023-01-08,0,Aadhya Nair,40,Male,Chennai,2022-12-13,36,3,3.71,11037,1.83,56.1,Mixed
T01701,R0224,Zone_8,0.87,7.64,14.27,Credit Card,2023-10-22,1,Ishaan Sharma,29,Female,Ahmedabad,2020-08-04,200,1,4.31,4516,1.93,31.0,Business
T01702,R0242,Zone_1,1.99,10.0,42.27,UPI,2023-05-11,0,Kavya Iyer,34,Male,Ahmedabad,2022-06-05,445,8,4.54,4921,2.43,30.9,Residential
T01703,R0246,Zone_3,13.48,88.14,273.92,Wallet,2023-02-19,1,Vivaan Das,29,Other,Mumbai,2021-03-31,240,34,4.79,12971,2.11,38.0,Business
T01704,R0282,Zone_5,12.31,113.54,272.04,Wallet,2024-07-15,1,Reyansh Kumar,22,Other,Bengaluru,2022-05-02,319,3,4.47,2590,1.31,43.9,Business
T01705,R0288,Zone_7,0.4,3.68,4.43,UPI,2023-11-12,0,Diya Ghosh,42,Male,Ahmedabad,2021-08-30,43,5,4.56,11070,0.64,45.2,Industrial
T01706,R0164,Zone_6,5.76,42.24,86.96,UPI,2023-01-26,1,Aadhya Ghosh,37,Other,Ahmedabad,2022-07-06,249,23,4.02,14627,0.54,37.6,Mixed
T01707,R0266,Zone_8,10.32,54.32,189.21,UPI,2023-09-07,0,Diya Reddy,29,Other,Chennai,2020-09-25,98,13,3.9,4516,1.93,31.0,Business
T01708,R0080,Zone_8,9.96,61.44,140.62,UPI,2024-08-03,0,Reyansh Kumar,19,Female,Mumbai,2021-05-15,34,6,4.6,4516,1.93,31.0,Business
T01709,R0285,Zone_8,0.14,0.74,1.17,Wallet,2023-10-24,1,Diya Iyer,29,Female,Chennai,2019-01-10,244,16,4.97,4516,1.93,31.0,Business
T01710,R0230,Zone_10,9.3,86.41,197.64,UPI,2023-12-14,1,Kavya Gupta,32,Male,Chennai,2022-11-22,183,23,3.65,2440,1.54,35.4,Industrial
T01711,R0037,Zone_3,4.96,33.86,69.47,Cash,2023-10-06,0,Aadhya Iyer,32,Other,Ahmedabad,2020-11-21,489,6,3.36,12971,2.11,38.0,Business
T01712,R0141,Zone_2,13.99,128.6,165.65,UPI,2023-11-08,0,Arjun Das,25,Other,Jaipur,2019-07-08,53,0,4.29,6371,0.91,58.4,Residential
T01713,R0030,Zone_9,7.0,59.57,169.64,Wallet,2024-03-26,0,Saanvi Patel,25,Other,Mumbai,2021-01-08,442,58,3.72,11037,1.83,56.1,Mixed
T01714,R0246,Zone_1,9.8,51.41,202.66,Cash,2024-02-14,1,Vivaan Das,29,Other,Mumbai,2021-03-31,240,34,4.79,4921,2.43,30.9,Residential
T01715,R0199,Zone_9,7.45,63.51,105.16,Cash,2023-01-03,0,Aarav Das,29,Male,Ahmedabad,2021-08-03,344,27,3.91,11037,1.83,56.1,Mixed
T01716,R0178,Zone_4,11.33,112.89,208.08,UPI,2023-03-29,1,Saanvi Ghosh,27,Male,Delhi,2021-05-15,56,7,3.13,4038,2.46,48.2,Business
T01717,R0048,Zone_1,4.16,32.72,51.0,Wallet,2023-12-22,1,Kavya Sharma,35,Male,Hyderabad,2019-05-31,207,1,3.02,4921,2.43,30.9,Residential
T01718,R0087,Zone_10,11.34,62.28,219.31,Wallet,2023-11-24,0,Saanvi Das,26,Female,Jaipur,2021-05-11,362,33,3.57,2440,1.54,35.4,Industrial
T01719,R0146,Zone_6,14.04,90.79,208.19,Wallet,2023-05-21,0,Kavya Gupta,30,Male,Surat,2020-04-15,80,11,3.89,14627,0.54,37.6,Mixed
T01720,R0261,Zone_5,17.18,118.18,141.0,UPI,2023-08-22,1,Aarav Kumar,31,Male,Pune,2022-08-26,477,83,4.24,2590,1.31,43.9,Business
T01721,R0290,Zone_9,15.92,116.68,200.09,Wallet,2023-06-22,0,Saanvi Kumar,34,Other,Chennai,2020-05-06,169,4,4.28,11037,1.83,56.1,Mixed
T01722,R0272,Zone_5,5.32,38.27,53.27,Credit Card,2023-09-12,1,Kavya Ghosh,21,Male,Kolkata,2020-01-15,432,4,4.79,2590,1.31,43.9,Business
T01723,R0031,Zone_6,10.89,107.1,227.92,Credit Card,2023-09-24,0,Reyansh Nair,29,Female,Hyderabad,2023-04-27,230,21,4.62,14627,0.54,37.6,Mixed
T01724,R0300,Zone_1,12.04,109.7,169.14,UPI,2024-04-27,0,Saanvi Iyer,38,Female,Kolkata,2023-07-08,291,7,3.67,4921,2.43,30.9,Residential
T01725,R0103,Zone_6,10.95,103.94,253.26,UPI,2024-02-21,1,Ishaan Gupta,37,Other,Surat,2022-11-24,175,14,3.07,14627,0.54,37.6,Mixed
T01726,R0057,Zone_8,11.77,69.51,128.9,UPI,2024-08-01,0,Aadhya Reddy,39,Male,Bengaluru,2023-06-04,407,11,3.66,4516,1.93,31.0,Business
T01727,R0151,Zone_2,10.12,98.81,118.9,Wallet,2023-07-18,1,Meera Reddy,34,Male,Hyderabad,2023-02-25,394,56,5.0,6371,0.91,58.4,Residential
T01728,R0140,Zone_2,5.27,31.51,112.62,UPI,2024-03-02,1,Aadhya Nair,29,Female,Delhi,2020-04-17,499,45,4.92,6371,0.91,58.4,Residential
T01729,R0255,Zone_6,9.04,70.88,187.66,Cash,2023-10-04,1,Reyansh Sharma,37,Female,Bengaluru,2021-07-06,475,42,3.12,14627,0.54,37.6,Mixed
T01730,R0263,Zone_2,12.23,104.41,267.87,Cash,2023-10-03,0,Ishaan Das,31,Other,Chennai,2020-12-30,297,21,3.84,6371,0.91,58.4,Residential
T01731,R0277,Zone_9,10.31,77.1,246.97,Cash,2024-07-26,1,Kavya Gupta,42,Female,Jaipur,2021-01-22,433,16,3.06,11037,1.83,56.1,Mixed
T01732,R0234,Zone_4,2.52,23.94,57.04,UPI,2023-11-11,1,Saanvi Nair,32,Other,Pune,2022-12-01,183,31,3.98,4038,2.46,48.2,Business
T01733,R0193,Zone_1,3.61,27.51,31.75,Wallet,2023-09-26,1,Kavya Singh,33,Female,Chennai,2022-01-03,389,68,4.41,4921,2.43,30.9,Residential
T01734,R0158,Zone_10,5.95,38.13,50.62,Credit Card,2024-03-21,0,Aarav Iyer,27,Male,Ahmedabad,2020-07-26,441,60,3.57,2440,1.54,35.4,Industrial
T01735,R0262,Zone_1,6.98,51.86,154.48,Wallet,2024-08-09,0,Meera Singh,30,Male,Ahmedabad,2019-04-21,6,0,3.35,4921,2.43,30.9,Residential
T01736,R0053,Zone_8,8.79,75.14,113.83,Wallet,2024-02-22,1,Arjun Reddy,45,Female,Delhi,2019-09-16,63,7,4.85,4516,1.93,31.0,Business
T01737,R0117,Zone_6,3.11,20.42,42.78,Credit Card,2023-11-22,1,Aadhya Gupta,21,Female,Ahmedabad,2021-06-12,369,37,3.16,14627,0.54,37.6,Mixed
T01738,R0290,Zone_10,11.97,114.96,223.25,Wallet,2023-07-14,1,Saanvi Kumar,34,Other,Chennai,2020-05-06,169,4,4.28,2440,1.54,35.4,Industrial
T01739,R0177,Zone_1,1.29,9.66,22.62,UPI,2024-08-14,0,Ishaan Reddy,34,Other,Bengaluru,2023-02-15,489,63,4.48,4921,2.43,30.9,Residential
T01740,R0300,Zone_2,10.64,86.27,177.69,Wallet,2024-04-21,1,Saanvi Iyer,38,Female,Kolkata,2023-07-08,291,7,3.67,6371,0.91,58.4,Residential
T01741,R0233,Zone_10,10.53,61.59,204.16,Wallet,2023-05-18,0,Ishaan Iyer,30,Other,Hyderabad,2023-11-23,469,41,4.37,2440,1.54,35.4,Industrial
T01742,R0154,Zone_1,11.22,103.83,129.65,Credit Card,2023-11-07,0,Kavya Patel,18,Other,Kolkata,2019-03-25,466,79,4.68,4921,2.43,30.9,Residential
T01743,R0269,Zone_1,7.33,71.96,182.95,Wallet,2023-06-27,0,Aadhya Sharma,41,Male,Mumbai,2019-05-19,423,16,3.41,4921,2.43,30.9,Residential
T01744,R0287,Zone_6,1.25,9.95,28.87,Credit Card,2023-12-10,1,Saanvi Singh,18,Other,Delhi,2021-12-17,320,34,3.33,14627,0.54,37.6,Mixed
T01745,R0251,Zone_10,6.24,56.42,132.09,UPI,2023-08-11,1,Vivaan Iyer,46,Female,Mumbai,2020-01-13,213,26,4.48,2440,1.54,35.4,Industrial
T01746,R0129,Zone_1,8.84,87.37,134.25,Cash,2023-12-06,1,Vivaan Singh,35,Male,Hyderabad,2022-10-08,158,10,3.9,4921,2.43,30.9,Residential
T01747,R0115,Zone_2,7.59,43.96,73.02,UPI,2023-08-07,0,Aarav Ghosh,40,Female,Bengaluru,2020-03-01,170,15,4.4,6371,0.91,58.4,Residential
T01748,R0149,Zone_6,3.93,21.52,60.37,Cash,2023-03-21,0,Diya Reddy,30,Male,Jaipur,2019-09-14,89,8,4.57,14627,0.54,37.6,Mixed
T01749,R0231,Zone_4,14.42,94.87,118.1,UPI,2023-06-18,1,Ishaan Nair,19,Other,Mumbai,2019-08-26,328,22,4.81,4038,2.46,48.2,Business
T01750,R0226,Zone_4,9.62,84.01,199.49,Wallet,2023-04-27,0,Aarav Iyer,20,Other,Surat,2021-07-30,266,2,3.25,4038,2.46,48.2,Business
T01751,R0201,Zone_9,6.03,54.85,125.96,Wallet,2024-08-12,1,Meera Reddy,37,Female,Delhi,2021-04-06,183,15,3.84,11037,1.83,56.1,Mixed
T01752,R0236,Zone_9,3.06,19.37,66.63,UPI,2023-09-16,1,Arjun Gupta,28,Male,Ahmedabad,2020-08-10,61,1,3.36,11037,1.83,56.1,Mixed
T01753,R0213,Zone_7,8.34,47.98,174.62,Wallet,2023-06-15,0,Kavya Ghosh,29,Female,Chennai,2019-06-04,456,26,3.74,11070,0.64,45.2,Industrial
T01754,R0177,Zone_6,14.29,93.41,240.82,Credit Card,2023-11-24,0,Ishaan Reddy,34,Other,Bengaluru,2023-02-15,489,63,4.48,14627,0.54,37.6,Mixed
T01755,R0159,Zone_8,8.18,58.92,158.71,Credit Card,2023-05-03,1,Ishaan Singh,43,Female,Bengaluru,2020-05-21,79,2,4.9,4516,1.93,31.0,Business
T01756,R0211,Zone_6,7.84,40.8,64.65,Wallet,2023-05-23,1,Arjun Reddy,36,Female,Mumbai,2021-04-04,435,17,3.63,14627,0.54,37.6,Mixed
T01757,R0105,Zone_5,8.33,57.68,108.7,Cash,2023-05-24,1,Diya Das,31,Female,Jaipur,2020-09-28,346,9,3.69,2590,1.31,43.9,Business
T01758,R0043,Zone_7,8.6,80.57,101.45,Credit Card,2023-04-07,1,Diya Kumar,28,Male,Ahmedabad,2021-12-10,85,16,4.68,11070,0.64,45.2,Industrial
T01759,R0240,Zone_5,6.83,61.99,86.6,Cash,2023-12-08,1,Aarav Iyer,30,Male,Delhi,2020-05-18,174,2,4.07,2590,1.31,43.9,Business
T01760,R0020,Zone_1,3.14,26.9,37.59,UPI,2023-01-11,1,Diya Das,35,Female,Chennai,2019-09-17,274,21,4.03,4921,2.43,30.9,Residential
T01761,R0093,Zone_9,15.65,104.48,316.31,UPI,2023-09-08,0,Diya Patel,33,Other,Surat,2019-05-30,119,18,3.77,11037,1.83,56.1,Mixed
T01762,R0205,Zone_4,11.19,73.68,108.27,UPI,2023-08-14,1,Diya Singh,31,Other,Surat,2019-05-12,100,14,4.66,4038,2.46,48.2,Business
T01763,R0247,Zone_2,18.59,135.95,399.5,UPI,2023-01-10,1,Aadhya Das,37,Male,Bengaluru,2021-05-11,249,47,4.92,6371,0.91,58.4,Residential
T01764,R0195,Zone_7,10.49,74.13,100.92,Cash,2023-05-23,0,Aadhya Reddy,33,Male,Kolkata,2021-05-27,72,10,4.97,11070,0.64,45.2,Industrial
T01765,R0199,Zone_5,6.84,52.93,123.67,Cash,2023-02-06,0,Aarav Das,29,Male,Ahmedabad,2021-08-03,344,27,3.91,2590,1.31,43.9,Business
T01766,R0105,Zone_9,3.27,27.01,51.97,UPI,2023-09-07,1,Diya Das,31,Female,Jaipur,2020-09-28,346,9,3.69,11037,1.83,56.1,Mixed
T01767,R0095,Zone_6,6.35,36.97,71.23,Cash,2023-12-03,1,Kavya Iyer,29,Female,Chennai,2020-10-07,481,77,4.26,14627,0.54,37.6,Mixed
T01768,R0208,Zone_1,2.24,22.2,29.35,Wallet,2023-07-20,0,Aadhya Iyer,24,Other,Chennai,2020-01-08,356,53,4.75,4921,2.43,30.9,Residential
T01769,R0057,Zone_10,18.49,177.45,399.7,Wallet,2023-10-04,0,Aadhya Reddy,39,Male,Bengaluru,2023-06-04,407,11,3.66,2440,1.54,35.4,Industrial
T01770,R0295,Zone_3,7.91,47.55,76.49,Credit Card,2023-12-07,0,Kavya Gupta,18,Female,Delhi,2019-05-29,98,18,3.59,12971,2.11,38.0,Business
T01771,R0023,Zone_5,11.93,97.65,269.07,Credit Card,2023-01-14,1,Meera Iyer,24,Other,Jaipur,2019-10-09,176,32,3.21,2590,1.31,43.9,Business
T01772,R0157,Zone_6,12.81,112.98,252.86,Credit Card,2023-05-24,1,Kavya Nair,36,Female,Hyderabad,2021-11-23,319,27,4.65,14627,0.54,37.6,Mixed
T01773,R0191,Zone_10,13.4,71.93,147.97,Cash,2023-09-12,1,Meera Gupta,33,Other,Surat,2020-08-14,87,6,4.56,2440,1.54,35.4,Industrial
T01774,R0233,Zone_5,20.74,175.96,447.64,Wallet,2023-10-01,1,Ishaan Iyer,30,Other,Hyderabad,2023-11-23,469,41,4.37,2590,1.31,43.9,Business
T01775,R0091,Zone_3,7.52,69.92,75.77,UPI,2023-05-17,1,Meera Das,41,Other,Surat,2022-04-16,334,43,3.4,12971,2.11,38.0,Business
T01776,R0146,Zone_4,7.09,40.39,119.95,Wallet,2024-03-05,0,Kavya Gupta,30,Male,Surat,2020-04-15,80,11,3.89,4038,2.46,48.2,Business
T01777,R0187,Zone_7,8.82,58.42,112.0,Wallet,2023-04-22,1,Saanvi Reddy,27,Other,Surat,2022-08-05,357,38,4.71,11070,0.64,45.2,Industrial
T01778,R0197,Zone_8,11.74,101.17,222.01,Credit Card,2023-03-05,1,Saanvi Das,29,Female,Bengaluru,2020-10-08,475,87,3.87,4516,1.93,31.0,Business
T01779,R0262,Zone_10,8.89,76.52,74.68,Wallet,2023-10-19,0,Meera Singh,30,Male,Ahmedabad,2019-04-21,6,0,3.35,2440,1.54,35.4,Industrial
T01780,R0004,Zone_5,6.66,36.68,165.2,Credit Card,2023-11-14,0,Aarav Nair,19,Other,Kolkata,2019-07-28,464,5,3.19,2590,1.31,43.9,Business
T01781,R0260,Zone_9,4.42,35.18,98.28,UPI,2024-02-01,1,Reyansh Das,55,Other,Mumbai,2019-07-17,63,3,4.24,11037,1.83,56.1,Mixed
T01782,R0231,Zone_5,4.13,34.78,80.9,Cash,2023-03-06,0,Ishaan Nair,19,Other,Mumbai,2019-08-26,328,22,4.81,2590,1.31,43.9,Business
T01783,R0097,Zone_5,9.35,87.23,161.58,Cash,2023-07-07,0,Aarav Iyer,23,Other,Bengaluru,2021-01-25,478,5,3.28,2590,1.31,43.9,Business
T01784,R0290,Zone_4,3.01,21.04,24.59,Wallet,2023-02-21,1,Saanvi Kumar,34,Other,Chennai,2020-05-06,169,4,4.28,4038,2.46,48.2,Business
T01785,R0161,Zone_5,1.07,10.37,18.72,Wallet,2023-11-25,0,Aarav Nair,32,Other,Surat,2019-03-27,332,50,4.91,2590,1.31,43.9,Business
T01786,R0221,Zone_10,8.58,53.37,143.92,Cash,2024-05-01,1,Diya Patel,21,Female,Delhi,2021-01-13,106,1,4.41,2440,1.54,35.4,Industrial
T01787,R0274,Zone_10,13.81,118.3,194.21,Credit Card,2023-01-30,1,Reyansh Nair,27,Female,Surat,2019-03-18,31,5,3.04,2440,1.54,35.4,Industrial
T01788,R0210,Zone_1,11.31,93.56,205.41,UPI,2024-06-15,1,Meera Iyer,34,Other,Mumbai,2022-01-02,94,5,3.4,4921,2.43,30.9,Residential
T01789,R0214,Zone_1,7.91,49.88,157.86,Credit Card,2023-02-13,1,Aarav Kumar,20,Female,Kolkata,2022-09-14,210,2,4.53,4921,2.43,30.9,Residential
T01790,R0254,Zone_6,10.02,78.23,232.0,Wallet,2024-05-22,1,Meera Kumar,18,Male,Delhi,2020-03-09,363,70,3.68,14627,0.54,37.6,Mixed
T01791,R0078,Zone_5,0.24,1.6,3.01,Cash,2023-01-11,1,Saanvi Sharma,30,Other,Jaipur,2023-01-02,97,9,3.62,2590,1.31,43.9,Business
T01792,R0135,Zone_9,4.55,35.7,65.91,Credit Card,2024-07-04,1,Reyansh Patel,38,Female,Ahmedabad,2022-02-24,153,8,3.47,11037,1.83,56.1,Mixed
T01793,R0103,Zone_9,16.39,94.54,325.6,Wallet,2023-10-22,0,Ishaan Gupta,37,Other,Surat,2022-11-24,175,14,3.07,11037,1.83,56.1,Mixed
T01794,R0251,Zone_4,13.92,136.57,273.07,Cash,2023-09-10,1,Vivaan Iyer,46,Female,Mumbai,2020-01-13,213,26,4.48,4038,2.46,48.2,Business
T01795,R0046,Zone_1,4.44,37.76,49.02,Credit Card,2023-10-12,1,Vivaan Singh,31,Female,Kolkata,2019-08-16,31,4,3.87,4921,2.43,30.9,Residential
T01796,R0240,Zone_8,16.77,141.03,196.01,Cash,2023-12-22,1,Aarav Iyer,30,Male,Delhi,2020-05-18,174,2,4.07,4516,1.93,31.0,Business
T01797,R0197,Zone_7,4.41,28.5,58.59,Credit Card,2024-01-04,1,Saanvi Das,29,Female,Bengaluru,2020-10-08,475,87,3.87,11070,0.64,45.2,Industrial
T01798,R0083,Zone_4,3.88,35.19,34.82,Credit Card,2023-08-02,0,Kavya Patel,45,Female,Mumbai,2021-12-31,475,39,4.4,4038,2.46,48.2,Business
T01799,R0269,Zone_7,15.68,105.54,378.85,UPI,2023-04-15,0,Aadhya Sharma,41,Male,Mumbai,2019-05-19,423,16,3.41,11070,0.64,45.2,Industrial
T01800,R0221,Zone_7,14.54,131.27,297.51,Wallet,2023-05-24,0,Diya Patel,21,Female,Delhi,2021-01-13,106,1,4.41,11070,0.64,45.2,Industrial
T01801,R0042,Zone_5,5.06,25.83,51.03,UPI,2024-03-11,0,Arjun Reddy,18,Female,Chennai,2021-05-20,23,4,3.03,2590,1.31,43.9,Business
T01802,R0138,Zone_3,7.75,60.38,177.01,UPI,2023-04-21,1,Ishaan Das,46,Male,Kolkata,2022-07-28,13,0,3.53,12971,2.11,38.0,Business
T01803,R0179,Zone_7,6.29,41.15,114.57,Cash,2023-03-18,0,Meera Patel,28,Male,Kolkata,2022-04-11,274,14,4.64,11070,0.64,45.2,Industrial
T01804,R0121,Zone_8,10.52,66.79,184.38,Cash,2023-12-04,1,Diya Iyer,29,Male,Pune,2023-07-13,378,10,4.17,4516,1.93,31.0,Business
T01805,R0152,Zone_5,15.84,85.37,256.16,Cash,2023-10-01,1,Arjun Patel,34,Female,Bengaluru,2021-05-04,143,24,3.91,2590,1.31,43.9,Business
T01806,R0157,Zone_1,10.66,82.98,177.51,Wallet,2024-08-23,1,Kavya Nair,36,Female,Hyderabad,2021-11-23,319,27,4.65,4921,2.43,30.9,Residential
T01807,R0016,Zone_8,7.43,55.78,98.82,Wallet,2024-07-21,1,Aarav Iyer,28,Female,Delhi,2022-01-24,356,51,3.06,4516,1.93,31.0,Business
T01808,R0099,Zone_8,1.27,11.57,25.71,Credit Card,2023-05-16,1,Diya Gupta,35,Other,Mumbai,2021-08-21,80,8,3.7,4516,1.93,31.0,Business
T01809,R0259,Zone_10,11.89,94.26,134.21,Wallet,2023-12-30,0,Aadhya Das,32,Male,Jaipur,2019-06-25,150,27,3.52,2440,1.54,35.4,Industrial
T01810,R0253,Zone_4,1.8900000000000001,18.17,21.41,Cash,2023-05-17,1,Ishaan Gupta,26,Male,Surat,2021-08-19,173,24,3.16,4038,2.46,48.2,Business
T01811,R0283,Zone_9,7.06,41.12,167.08,Cash,2023-07-23,0,Diya Nair,19,Male,Surat,2023-06-15,245,45,3.55,11037,1.83,56.1,Mixed
T01812,R0030,Zone_3,12.79,82.93,234.27,UPI,2023-01-14,0,Saanvi Patel,25,Other,Mumbai,2021-01-08,442,58,3.72,12971,2.11,38.0,Business
T01813,R0026,Zone_5,12.06,72.67,110.9,Cash,2023-05-24,0,Aarav Kumar,26,Female,Surat,2020-04-17,44,5,3.17,2590,1.31,43.9,Business
T01814,R0189,Zone_1,12.19,80.85,203.93,UPI,2024-02-12,1,Reyansh Gupta,29,Female,Delhi,2019-09-16,238,42,3.28,4921,2.43,30.9,Residential
T01815,R0127,Zone_9,11.49,72.44,284.26,Credit Card,2024-01-22,0,Vivaan Kumar,38,Male,Chennai,2020-03-17,43,2,4.83,11037,1.83,56.1,Mixed
T01816,R0190,Zone_6,8.73,59.31,153.71,UPI,2023-09-21,1,Saanvi Iyer,35,Other,Surat,2020-09-25,274,47,4.12,14627,0.54,37.6,Mixed
T01817,R0249,Zone_7,9.51,87.31,211.56,Credit Card,2023-06-09,1,Diya Nair,20,Male,Mumbai,2023-03-24,396,48,4.49,11070,0.64,45.2,Industrial
T01818,R0201,Zone_4,8.46,82.56,119.97,Cash,2024-01-31,1,Meera Reddy,37,Female,Delhi,2021-04-06,183,15,3.84,4038,2.46,48.2,Business
T01819,R0292,Zone_7,10.41,100.65,155.43,UPI,2023-08-05,0,Diya Patel,37,Female,Jaipur,2020-06-28,141,19,4.39,11070,0.64,45.2,Industrial
T01820,R0247,Zone_4,10.68,79.42,100.76,Wallet,2024-08-01,0,Aadhya Das,37,Male,Bengaluru,2021-05-11,249,47,4.92,4038,2.46,48.2,Business
T01821,R0151,Zone_4,8.67,48.49,192.02,UPI,2023-11-20,0,Meera Reddy,34,Male,Hyderabad,2023-02-25,394,56,5.0,4038,2.46,48.2,Business
T01822,R0233,Zone_5,10.57,64.85,220.34,UPI,2024-08-09,0,Ishaan Iyer,30,Other,Hyderabad,2023-11-23,469,41,4.37,2590,1.31,43.9,Business
T01823,R0212,Zone_6,4.58,42.58,77.52,UPI,2024-05-15,1,Aadhya Iyer,36,Female,Ahmedabad,2023-09-11,73,12,3.22,14627,0.54,37.6,Mixed
T01824,R0248,Zone_9,6.47,52.78,148.29,Credit Card,2023-02-24,1,Vivaan Ghosh,18,Female,Chennai,2021-10-24,104,12,3.65,11037,1.83,56.1,Mixed
T01825,R0093,Zone_6,9.15,72.97,125.3,Wallet,2024-08-22,1,Diya Patel,33,Other,Surat,2019-05-30,119,18,3.77,14627,0.54,37.6,Mixed
T01826,R0010,Zone_6,17.62,90.44,227.02,Cash,2023-09-20,0,Vivaan Gupta,25,Female,Surat,2023-05-14,173,1,3.38,14627,0.54,37.6,Mixed
T01827,R0110,Zone_1,10.64,97.91,219.66,Cash,2023-06-01,1,Vivaan Patel,19,Female,Kolkata,2023-02-04,224,28,4.43,4921,2.43,30.9,Residential
T01828,R0090,Zone_3,7.33,73.0,173.86,Cash,2024-06-13,1,Kavya Iyer,33,Female,Mumbai,2021-01-31,152,25,4.51,12971,2.11,38.0,Business
T01829,R0090,Zone_3,6.9,58.91,170.42,Cash,2024-08-17,0,Kavya Iyer,33,Female,Mumbai,2021-01-31,152,25,4.51,12971,2.11,38.0,Business
T01830,R0168,Zone_4,11.72,114.29,180.01,Wallet,2023-10-27,0,Diya Das,23,Male,Pune,2019-10-08,471,74,4.03,4038,2.46,48.2,Business
T01831,R0221,Zone_5,7.51,47.39,108.64,Credit Card,2023-09-19,0,Diya Patel,21,Female,Delhi,2021-01-13,106,1,4.41,2590,1.31,43.9,Business
T01832,R0209,Zone_3,11.19,85.31,190.72,Wallet,2024-04-30,0,Vivaan Sharma,31,Other,Surat,2020-06-11,109,20,3.77,12971,2.11,38.0,Business
T01833,R0135,Zone_6,10.56,92.83,96.94,Wallet,2023-09-17,0,Reyansh Patel,38,Female,Ahmedabad,2022-02-24,153,8,3.47,14627,0.54,37.6,Mixed
T01834,R0277,Zone_2,1.77,17.08,41.11,Cash,2023-03-25,1,Kavya Gupta,42,Female,Jaipur,2021-01-22,433,16,3.06,6371,0.91,58.4,Residential
T01835,R0121,Zone_5,10.36,81.16,120.91,Wallet,2024-05-13,1,Diya Iyer,29,Male,Pune,2023-07-13,378,10,4.17,2590,1.31,43.9,Business
T01836,R0030,Zone_3,10.33,86.22,159.71,Cash,2024-04-25,0,Saanvi Patel,25,Other,Mumbai,2021-01-08,442,58,3.72,12971,2.11,38.0,Business
T01837,R0144,Zone_4,11.98,119.08,161.41,Wallet,2024-06-02,1,Ishaan Kumar,34,Other,Pune,2021-01-31,194,10,3.52,4038,2.46,48.2,Business
T01838,R0288,Zone_4,3.81,30.6,65.86,UPI,2023-09-01,0,Diya Ghosh,42,Male,Ahmedabad,2021-08-30,43,5,4.56,4038,2.46,48.2,Business
T01839,R0187,Zone_10,13.47,105.41,270.11,Credit Card,2024-02-04,1,Saanvi Reddy,27,Other,Surat,2022-08-05,357,38,4.71,2440,1.54,35.4,Industrial
T01840,R0226,Zone_6,7.17,67.97,156.24,Cash,2024-05-15,0,Aarav Iyer,20,Other,Surat,2021-07-30,266,2,3.25,14627,0.54,37.6,Mixed
T01841,R0154,Zone_10,17.94,102.09,150.4,Credit Card,2023-12-03,1,Kavya Patel,18,Other,Kolkata,2019-03-25,466,79,4.68,2440,1.54,35.4,Industrial
T01842,R0298,Zone_5,16.76,92.4,353.62,UPI,2023-07-15,1,Vivaan Singh,35,Female,Ahmedabad,2020-03-25,65,11,3.88,2590,1.31,43.9,Business
T01843,R0256,Zone_6,4.96,44.3,59.86,Wallet,2023-11-27,0,Aadhya Sharma,31,Female,Delhi,2021-03-25,265,8,3.65,14627,0.54,37.6,Mixed
T01844,R0236,Zone_1,1.15,11.34,20.45,Wallet,2024-05-01,1,Arjun Gupta,28,Male,Ahmedabad,2020-08-10,61,1,3.36,4921,2.43,30.9,Residential
T01845,R0137,Zone_4,11.49,57.75,228.53,Wallet,2024-03-03,1,Arjun Gupta,27,Male,Bengaluru,2021-08-10,166,32,3.14,4038,2.46,48.2,Business
T01846,R0013,Zone_7,3.9,27.41,59.02,Cash,2023-03-16,0,Ishaan Gupta,43,Female,Kolkata,2019-04-01,6,0,3.91,11070,0.64,45.2,Industrial
T01847,R0082,Zone_10,13.74,118.5,115.55,Credit Card,2023-12-12,0,Kavya Singh,26,Other,Pune,2022-12-27,274,23,3.15,2440,1.54,35.4,Industrial
T01848,R0286,Zone_8,10.65,94.84,102.71,UPI,2023-07-26,0,Ishaan Nair,26,Male,Pune,2023-02-15,29,0,4.48,4516,1.93,31.0,Business
T01849,R0003,Zone_9,0.73,6.3,9.1,Credit Card,2023-01-21,0,Kavya Reddy,34,Male,Pune,2023-05-04,45,9,3.76,11037,1.83,56.1,Mixed
T01850,R0271,Zone_2,11.91,79.11,174.3,Credit Card,2023-07-10,1,Saanvi Iyer,22,Male,Bengaluru,2022-10-07,58,6,4.37,6371,0.91,58.4,Residential
T01851,R0022,Zone_9,8.69,50.94,105.0,Cash,2023-06-02,1,Aarav Nair,43,Female,Kolkata,2020-09-14,220,1,3.32,11037,1.83,56.1,Mixed
T01852,R0238,Zone_10,10.06,51.65,96.1,Cash,2024-08-06,1,Reyansh Patel,30,Other,Pune,2019-04-22,362,56,4.91,2440,1.54,35.4,Industrial
T01853,R0285,Zone_5,15.62,132.86,287.7,Credit Card,2024-06-24,1,Diya Iyer,29,Female,Chennai,2019-01-10,244,16,4.97,2590,1.31,43.9,Business
T01854,R0097,Zone_2,7.35,58.39,94.59,Cash,2024-08-06,1,Aarav Iyer,23,Other,Bengaluru,2021-01-25,478,5,3.28,6371,0.91,58.4,Residential
T01855,R0282,Zone_10,11.79,68.45,231.34,Wallet,2023-08-10,1,Reyansh Kumar,22,Other,Bengaluru,2022-05-02,319,3,4.47,2440,1.54,35.4,Industrial
T01856,R0245,Zone_6,5.01,41.54,56.43,Credit Card,2023-03-07,0,Diya Sharma,35,Female,Hyderabad,2020-03-04,265,48,4.73,14627,0.54,37.6,Mixed
T01857,R0274,Zone_1,5.13,48.17,111.86,Wallet,2023-03-13,0,Reyansh Nair,27,Female,Surat,2019-03-18,31,5,3.04,4921,2.43,30.9,Residential
T01858,R0196,Zone_5,6.91,35.04,113.8,UPI,2023-02-07,1,Vivaan Das,18,Male,Hyderabad,2019-06-24,51,9,4.93,2590,1.31,43.9,Business
T01859,R0297,Zone_2,4.9,32.94,47.64,Cash,2023-04-22,0,Saanvi Gupta,47,Male,Pune,2023-09-20,396,46,3.87,6371,0.91,58.4,Residential
T01860,R0145,Zone_5,10.84,92.81,103.05,UPI,2023-07-08,0,Saanvi Nair,36,Female,Jaipur,2022-12-09,222,43,4.3,2590,1.31,43.9,Business
T01861,R0041,Zone_2,1.38,7.84,28.57,UPI,2023-07-12,1,Aarav Nair,25,Other,Pune,2020-04-11,353,8,4.74,6371,0.91,58.4,Residential
T01862,R0217,Zone_5,12.15,119.63,130.46,Wallet,2023-01-05,0,Kavya Iyer,39,Other,Jaipur,2023-03-03,104,5,3.52,2590,1.31,43.9,Business
T01863,R0006,Zone_4,4.19,35.54,44.01,Cash,2024-01-19,1,Aarav Das,45,Female,Jaipur,2023-06-30,248,13,4.64,4038,2.46,48.2,Business
T01864,R0199,Zone_9,9.89,84.33,145.75,Wallet,2024-01-29,1,Aarav Das,29,Male,Ahmedabad,2021-08-03,344,27,3.91,11037,1.83,56.1,Mixed
T01865,R0213,Zone_5,2.06,12.73,25.96,Cash,2023-11-20,0,Kavya Ghosh,29,Female,Chennai,2019-06-04,456,26,3.74,2590,1.31,43.9,Business
T01866,R0208,Zone_9,10.39,103.43,97.61,Credit Card,2024-03-08,0,Aadhya Iyer,24,Other,Chennai,2020-01-08,356,53,4.75,11037,1.83,56.1,Mixed
T01867,R0139,Zone_1,13.42,107.81,311.79,Credit Card,2023-09-06,1,Diya Gupta,44,Other,Kolkata,2023-10-09,155,7,4.39,4921,2.43,30.9,Residential
T01868,R0243,Zone_2,8.05,61.08,85.45,Credit Card,2023-08-17,1,Ishaan Patel,33,Male,Jaipur,2023-02-06,315,11,3.7,6371,0.91,58.4,Residential
T01869,R0172,Zone_4,15.74,135.3,361.21,UPI,2024-06-29,0,Reyansh Reddy,31,Other,Pune,2019-12-24,168,14,3.72,4038,2.46,48.2,Business
T01870,R0295,Zone_1,7.3,67.29,64.61,Credit Card,2023-12-26,0,Kavya Gupta,18,Female,Delhi,2019-05-29,98,18,3.59,4921,2.43,30.9,Residential
T01871,R0055,Zone_1,10.06,100.3,231.96,Wallet,2024-04-05,1,Kavya Singh,32,Male,Delhi,2021-11-07,425,12,4.19,4921,2.43,30.9,Residential
T01872,R0197,Zone_5,3.37,21.81,35.74,Cash,2023-04-05,0,Saanvi Das,29,Female,Bengaluru,2020-10-08,475,87,3.87,2590,1.31,43.9,Business
T01873,R0150,Zone_7,10.19,66.96,226.21,Wallet,2024-02-02,0,Ishaan Gupta,33,Male,Pune,2022-02-27,215,16,4.95,11070,0.64,45.2,Industrial
T01874,R0281,Zone_5,5.16,39.1,43.14,Cash,2023-06-05,1,Arjun Iyer,21,Female,Jaipur,2020-10-15,268,17,4.74,2590,1.31,43.9,Business
T01875,R0056,Zone_10,4.4,30.29,54.44,Wallet,2023-05-26,1,Meera Patel,40,Other,Hyderabad,2021-02-26,93,13,3.25,2440,1.54,35.4,Industrial
T01876,R0017,Zone_4,15.9,118.97,161.71,Cash,2023-06-17,0,Meera Das,49,Female,Mumbai,2023-03-18,288,21,3.83,4038,2.46,48.2,Business
T01877,R0281,Zone_1,1.65,9.01,22.93,UPI,2023-05-04,1,Arjun Iyer,21,Female,Jaipur,2020-10-15,268,17,4.74,4921,2.43,30.9,Residential
T01878,R0097,Zone_10,7.43,39.47,109.72,UPI,2024-06-19,1,Aarav Iyer,23,Other,Bengaluru,2021-01-25,478,5,3.28,2440,1.54,35.4,Industrial
T01879,R0195,Zone_3,11.56,85.8,103.95,Wallet,2023-03-24,1,Aadhya Reddy,33,Male,Kolkata,2021-05-27,72,10,4.97,12971,2.11,38.0,Business
T01880,R0057,Zone_4,9.17,70.82,119.13,Credit Card,2023-11-17,1,Aadhya Reddy,39,Male,Bengaluru,2023-06-04,407,11,3.66,4038,2.46,48.2,Business
T01881,R0213,Zone_6,1.24,11.4,13.83,Wallet,2024-08-14,1,Kavya Ghosh,29,Female,Chennai,2019-06-04,456,26,3.74,14627,0.54,37.6,Mixed
T01882,R0022,Zone_8,11.02,71.31,123.44,Wallet,2023-05-11,1,Aarav Nair,43,Female,Kolkata,2020-09-14,220,1,3.32,4516,1.93,31.0,Business
T01883,R0010,Zone_6,1.11,10.93,24.81,UPI,2024-05-14,0,Vivaan Gupta,25,Female,Surat,2023-05-14,173,1,3.38,14627,0.54,37.6,Mixed
T01884,R0265,Zone_1,5.78,51.31,97.08,UPI,2023-02-27,0,Kavya Das,39,Female,Bengaluru,2020-11-26,176,24,3.26,4921,2.43,30.9,Residential
T01885,R0198,Zone_7,6.78,42.21,143.92,Credit Card,2023-10-22,0,Vivaan Kumar,31,Other,Mumbai,2021-12-10,202,23,3.85,11070,0.64,45.2,Industrial
T01886,R0293,Zone_6,6.6,47.47,164.58,Wallet,2024-08-17,1,Arjun Kumar,39,Female,Delhi,2019-10-01,248,44,3.2,14627,0.54,37.6,Mixed
T01887,R0222,Zone_5,7.47,74.53,113.68,UPI,2024-01-21,1,Aarav Singh,27,Male,Surat,2022-08-28,475,12,3.44,2590,1.31,43.9,Business
T01888,R0046,Zone_10,11.33,85.5,178.34,Wallet,2024-06-29,1,Vivaan Singh,31,Female,Kolkata,2019-08-16,31,4,3.87,2440,1.54,35.4,Industrial
T01889,R0018,Zone_3,7.15,53.93,134.58,Wallet,2023-08-24,1,Aarav Reddy,49,Female,Delhi,2023-01-09,446,86,3.29,12971,2.11,38.0,Business
T01890,R0256,Zone_3,8.92,50.75,215.0,Credit Card,2023-08-01,1,Aadhya Sharma,31,Female,Delhi,2021-03-25,265,8,3.65,12971,2.11,38.0,Business
T01891,R0033,Zone_2,19.31,167.79,472.29,Credit Card,2023-07-01,0,Diya Iyer,18,Female,Chennai,2019-05-22,472,37,3.24,6371,0.91,58.4,Residential
T01892,R0202,Zone_4,13.63,136.03,119.82,Cash,2024-07-26,1,Aadhya Reddy,27,Male,Ahmedabad,2021-10-28,317,0,4.72,4038,2.46,48.2,Business
T01893,R0242,Zone_8,8.3,52.21,81.63,Wallet,2023-05-01,1,Kavya Iyer,34,Male,Ahmedabad,2022-06-05,445,8,4.54,4516,1.93,31.0,Business
T01894,R0093,Zone_10,20.94,201.07,466.07,UPI,2024-02-23,1,Diya Patel,33,Other,Surat,2019-05-30,119,18,3.77,2440,1.54,35.4,Industrial
T01895,R0184,Zone_2,4.82,24.32,74.34,UPI,2023-03-11,1,Meera Nair,29,Female,Surat,2020-03-04,285,27,3.97,6371,0.91,58.4,Residential
T01896,R0209,Zone_8,10.6,78.22,107.9,Cash,2024-07-28,1,Vivaan Sharma,31,Other,Surat,2020-06-11,109,20,3.77,4516,1.93,31.0,Business
T01897,R0235,Zone_2,0.12,0.79,1.5,Credit Card,2023-07-21,0,Aarav Ghosh,34,Other,Delhi,2021-02-15,284,8,4.06,6371,0.91,58.4,Residential
T01898,R0265,Zone_6,9.99,65.36,192.77,UPI,2024-05-05,1,Kavya Das,39,Female,Bengaluru,2020-11-26,176,24,3.26,14627,0.54,37.6,Mixed
T01899,R0177,Zone_10,7.44,38.48,88.56,UPI,2024-07-22,1,Ishaan Reddy,34,Other,Bengaluru,2023-02-15,489,63,4.48,2440,1.54,35.4,Industrial
T01900,R0150,Zone_4,8.3,80.45,93.17,Credit Card,2023-06-20,1,Ishaan Gupta,33,Male,Pune,2022-02-27,215,16,4.95,4038,2.46,48.2,Business
T01901,R0225,Zone_6,9.85,62.56,110.98,UPI,2023-05-26,1,Ishaan Sharma,39,Female,Delhi,2020-06-15,465,9,4.08,14627,0.54,37.6,Mixed
T01902,R0261,Zone_1,9.4,89.17,89.44,UPI,2023-10-07,0,Aarav Kumar,31,Male,Pune,2022-08-26,477,83,4.24,4921,2.43,30.9,Residential
T01903,R0227,Zone_4,2.64,19.46,45.45,Cash,2023-06-18,0,Arjun Nair,25,Other,Pune,2020-07-11,320,23,4.12,4038,2.46,48.2,Business
T01904,R0034,Zone_5,6.08,38.77,146.96,Credit Card,2023-07-21,1,Arjun Iyer,26,Other,Chennai,2019-04-23,484,48,3.1,2590,1.31,43.9,Business
T01905,R0196,Zone_8,8.03,40.53,149.92,UPI,2023-12-17,1,Vivaan Das,18,Male,Hyderabad,2019-06-24,51,9,4.93,4516,1.93,31.0,Business
T01906,R0295,Zone_4,0.85,4.85,20.88,Credit Card,2024-06-13,0,Kavya Gupta,18,Female,Delhi,2019-05-29,98,18,3.59,4038,2.46,48.2,Business
T01907,R0237,Zone_8,12.01,82.33,294.45,Wallet,2023-03-10,1,Aadhya Nair,40,Male,Chennai,2022-12-13,36,3,3.71,4516,1.93,31.0,Business
T01908,R0008,Zone_6,17.41,116.11,273.32,Wallet,2024-08-12,0,Ishaan Ghosh,28,Female,Jaipur,2022-10-01,215,23,4.02,14627,0.54,37.6,Mixed
T01909,R0232,Zone_5,9.52,79.46,192.94,Wallet,2023-01-16,0,Meera Das,38,Male,Jaipur,2022-12-08,172,15,3.94,2590,1.31,43.9,Business
T01910,R0183,Zone_4,5.36,30.69,130.84,Cash,2023-10-11,0,Arjun Patel,43,Other,Jaipur,2022-08-27,406,66,3.79,4038,2.46,48.2,Business
T01911,R0292,Zone_6,3.51,32.24,46.7,Wallet,2023-04-16,1,Diya Patel,37,Female,Jaipur,2020-06-28,141,19,4.39,14627,0.54,37.6,Mixed
T01912,R0270,Zone_9,0.4,3.71,6.92,Wallet,2023-02-11,0,Aadhya Reddy,35,Male,Hyderabad,2022-01-02,455,64,3.08,11037,1.83,56.1,Mixed
T01913,R0224,Zone_1,9.7,55.17,127.01,Wallet,2023-05-08,0,Ishaan Sharma,29,Female,Ahmedabad,2020-08-04,200,1,4.31,4921,2.43,30.9,Residential
T01914,R0089,Zone_7,14.31,81.68,133.14,Cash,2023-12-22,0,Saanvi Reddy,48,Other,Surat,2022-09-21,308,6,3.91,11070,0.64,45.2,Industrial
T01915,R0252,Zone_6,6.9,53.47,157.6,UPI,2023-08-05,1,Reyansh Gupta,38,Other,Ahmedabad,2020-09-23,392,47,4.83,14627,0.54,37.6,Mixed
T01916,R0140,Zone_6,0.56,4.79,10.76,UPI,2024-05-21,0,Aadhya Nair,29,Female,Delhi,2020-04-17,499,45,4.92,14627,0.54,37.6,Mixed
T01917,R0001,Zone_4,3.64,26.21,66.38,Wallet,2023-01-09,0,Aarav Das,23,Male,Pune,2020-06-29,56,0,3.76,4038,2.46,48.2,Business
T01918,R0024,Zone_9,5.14,41.41,105.17,UPI,2023-08-27,1,Meera Kumar,41,Other,Chennai,2019-07-10,140,16,3.49,11037,1.83,56.1,Mixed
T01919,R0100,Zone_5,1.6600000000000001,11.24,25.28,Credit Card,2024-01-06,0,Ishaan Gupta,28,Male,Delhi,2021-05-24,383,60,3.79,2590,1.31,43.9,Business
T01920,R0174,Zone_3,6.45,43.18,135.11,Credit Card,2023-01-03,0,Aadhya Patel,32,Male,Kolkata,2019-02-07,320,7,3.8,12971,2.11,38.0,Business
T01921,R0149,Zone_8,12.46,71.95,127.51,Cash,2023-08-15,0,Diya Reddy,30,Male,Jaipur,2019-09-14,89,8,4.57,4516,1.93,31.0,Business
T01922,R0008,Zone_3,0.41000000000000003,3.5,8.81,Credit Card,2024-03-25,0,Ishaan Ghosh,28,Female,Jaipur,2022-10-01,215,23,4.02,12971,2.11,38.0,Business
T01923,R0204,Zone_8,5.2,46.01,119.73,Cash,2023-09-02,0,Aarav Kumar,37,Female,Hyderabad,2019-01-01,438,5,3.73,4516,1.93,31.0,Business
T01924,R0142,Zone_2,2.12,10.73,33.63,Credit Card,2023-02-25,0,Meera Nair,33,Female,Kolkata,2021-03-04,78,5,3.48,6371,0.91,58.4,Residential
T01925,R0039,Zone_9,3.9,35.93,89.93,Cash,2023-04-03,0,Aadhya Iyer,24,Male,Chennai,2023-11-18,190,14,4.2,11037,1.83,56.1,Mixed
T01926,R0155,Zone_4,7.26,70.43,80.96,UPI,2024-04-19,0,Meera Reddy,23,Male,Hyderabad,2019-02-10,353,8,3.14,4038,2.46,48.2,Business
T01927,R0150,Zone_10,13.11,67.82,119.86,Cash,2023-02-26,1,Ishaan Gupta,33,Male,Pune,2022-02-27,215,16,4.95,2440,1.54,35.4,Industrial
T01928,R0073,Zone_9,10.28,63.91,169.9,Cash,2023-09-03,0,Meera Das,41,Other,Ahmedabad,2021-06-19,490,30,3.01,11037,1.83,56.1,Mixed
T01929,R0191,Zone_2,2.08,18.48,46.88,Credit Card,2023-05-08,1,Meera Gupta,33,Other,Surat,2020-08-14,87,6,4.56,6371,0.91,58.4,Residential
T01930,R0229,Zone_9,8.47,65.57,122.37,Wallet,2023-01-29,0,Reyansh Ghosh,22,Female,Mumbai,2020-11-23,146,16,4.43,11037,1.83,56.1,Mixed
T01931,R0150,Zone_4,6.33,58.62,124.24,Wallet,2024-02-04,1,Ishaan Gupta,33,Male,Pune,2022-02-27,215,16,4.95,4038,2.46,48.2,Business
T01932,R0161,Zone_3,7.94,64.43,66.52,UPI,2023-10-05,0,Aarav Nair,32,Other,Surat,2019-03-27,332,50,4.91,12971,2.11,38.0,Business
T01933,R0115,Zone_4,7.0,38.11,139.47,Wallet,2023-06-17,0,Aarav Ghosh,40,Female,Bengaluru,2020-03-01,170,15,4.4,4038,2.46,48.2,Business
T01934,R0038,Zone_7,9.57,71.28,137.04,Wallet,2023-01-13,1,Aarav Singh,37,Other,Kolkata,2023-02-11,68,7,4.07,11070,0.64,45.2,Industrial
T01935,R0047,Zone_8,8.91,71.28,113.61,Credit Card,2023-04-02,1,Reyansh Iyer,51,Female,Bengaluru,2021-10-07,69,3,4.86,4516,1.93,31.0,Business
T01936,R0052,Zone_3,12.33,118.66,304.64,Credit Card,2024-03-05,0,Reyansh Singh,23,Other,Hyderabad,2021-03-09,40,7,4.74,12971,2.11,38.0,Business
T01937,R0090,Zone_3,8.58,76.68,134.5,Credit Card,2023-03-09,1,Kavya Iyer,33,Female,Mumbai,2021-01-31,152,25,4.51,12971,2.11,38.0,Business
T01938,R0199,Zone_3,16.45,130.32,299.2,UPI,2023-08-27,0,Aarav Das,29,Male,Ahmedabad,2021-08-03,344,27,3.91,12971,2.11,38.0,Business
T01939,R0151,Zone_6,10.6,97.65,252.59,Credit Card,2023-02-12,1,Meera Reddy,34,Male,Hyderabad,2023-02-25,394,56,5.0,14627,0.54,37.6,Mixed
T01940,R0010,Zone_5,15.39,120.45,216.84,Wallet,2024-07-05,0,Vivaan Gupta,25,Female,Surat,2023-05-14,173,1,3.38,2590,1.31,43.9,Business
T01941,R0275,Zone_5,11.6,67.31,103.43,Credit Card,2024-02-02,1,Ishaan Das,21,Other,Jaipur,2022-10-04,247,17,3.07,2590,1.31,43.9,Business
T01942,R0125,Zone_6,4.64,31.15,86.57,Wallet,2023-02-25,0,Saanvi Ghosh,44,Male,Ahmedabad,2023-04-22,99,19,3.89,14627,0.54,37.6,Mixed
T01943,R0092,Zone_6,14.21,79.37,268.8,Credit Card,2023-04-26,1,Aarav Nair,21,Male,Surat,2019-07-18,252,23,4.51,14627,0.54,37.6,Mixed
T01944,R0097,Zone_5,13.92,79.12,184.97,Cash,2024-02-09,1,Aarav Iyer,23,Other,Bengaluru,2021-01-25,478,5,3.28,2590,1.31,43.9,Business
T01945,R0263,Zone_7,6.36,40.84,81.07,Credit Card,2023-05-27,0,Ishaan Das,31,Other,Chennai,2020-12-30,297,21,3.84,11070,0.64,45.2,Industrial
T01946,R0143,Zone_5,5.26,46.28,121.99,UPI,2023-06-27,0,Meera Kumar,42,Other,Kolkata,2023-03-28,74,13,4.56,2590,1.31,43.9,Business
T01947,R0222,Zone_1,15.21,120.95,334.62,Wallet,2023-04-06,1,Aarav Singh,27,Male,Surat,2022-08-28,475,12,3.44,4921,2.43,30.9,Residential
T01948,R0193,Zone_5,13.27,81.64,263.99,Credit Card,2024-03-08,0,Kavya Singh,33,Female,Chennai,2022-01-03,389,68,4.41,2590,1.31,43.9,Business
T01949,R0283,Zone_1,0.7000000000000001,5.54,9.75,Credit Card,2023-08-21,0,Diya Nair,19,Male,Surat,2023-06-15,245,45,3.55,4921,2.43,30.9,Residential
T01950,R0006,Zone_5,12.29,87.75,162.03,UPI,2023-06-03,1,Aarav Das,45,Female,Jaipur,2023-06-30,248,13,4.64,2590,1.31,43.9,Business
T01951,R0231,Zone_4,16.64,111.73,174.75,UPI,2024-01-29,0,Ishaan Nair,19,Other,Mumbai,2019-08-26,328,22,4.81,4038,2.46,48.2,Business
T01952,R0176,Zone_10,11.03,65.2,222.95,UPI,2024-02-14,0,Kavya Gupta,43,Male,Mumbai,2019-05-24,260,13,3.95,2440,1.54,35.4,Industrial
T01953,R0089,Zone_8,0.62,3.34,14.91,Wallet,2024-08-09,0,Saanvi Reddy,48,Other,Surat,2022-09-21,308,6,3.91,4516,1.93,31.0,Business
T01954,R0121,Zone_5,4.08,38.15,53.68,Cash,2024-02-18,1,Diya Iyer,29,Male,Pune,2023-07-13,378,10,4.17,2590,1.31,43.9,Business
T01955,R0108,Zone_5,10.0,67.87,243.58,Credit Card,2023-08-30,0,Reyansh Gupta,18,Male,Pune,2019-05-31,184,32,4.88,2590,1.31,43.9,Business
T01956,R0278,Zone_1,6.92,61.26,142.95,Wallet,2023-04-28,0,Aarav Reddy,20,Female,Mumbai,2021-09-02,382,58,4.27,4921,2.43,30.9,Residential
T01957,R0162,Zone_3,14.39,75.49,328.45,Credit Card,2023-09-06,1,Meera Patel,30,Male,Hyderabad,2023-08-14,394,38,4.28,12971,2.11,38.0,Business
T01958,R0299,Zone_1,11.66,90.92,161.08,Credit Card,2024-06-09,1,Ishaan Gupta,33,Other,Kolkata,2020-09-04,457,0,3.92,4921,2.43,30.9,Residential
T01959,R0046,Zone_1,17.82,152.87,177.66,Credit Card,2023-12-11,0,Vivaan Singh,31,Female,Kolkata,2019-08-16,31,4,3.87,4921,2.43,30.9,Residential
T01960,R0089,Zone_10,13.1,67.66,261.49,UPI,2023-11-29,0,Saanvi Reddy,48,Other,Surat,2022-09-21,308,6,3.91,2440,1.54,35.4,Industrial
T01961,R0247,Zone_7,10.76,57.77,199.28,UPI,2024-06-30,0,Aadhya Das,37,Male,Bengaluru,2021-05-11,249,47,4.92,11070,0.64,45.2,Industrial
T01962,R0003,Zone_1,6.43,43.36,99.99,Credit Card,2024-02-28,1,Kavya Reddy,34,Male,Pune,2023-05-04,45,9,3.76,4921,2.43,30.9,Residential
T01963,R0145,Zone_8,15.02,110.98,299.04,Wallet,2023-12-17,0,Saanvi Nair,36,Female,Jaipur,2022-12-09,222,43,4.3,4516,1.93,31.0,Business
T01964,R0267,Zone_7,8.03,49.21,99.36,Cash,2023-11-01,1,Arjun Iyer,37,Other,Jaipur,2021-01-01,131,11,4.5,11070,0.64,45.2,Industrial
T01965,R0143,Zone_4,2.87,28.01,60.09,Wallet,2023-02-21,0,Meera Kumar,42,Other,Kolkata,2023-03-28,74,13,4.56,4038,2.46,48.2,Business
T01966,R0289,Zone_10,8.24,56.3,84.56,UPI,2024-06-11,1,Aarav Gupta,21,Other,Chennai,2021-09-30,322,14,4.17,2440,1.54,35.4,Industrial
T01967,R0252,Zone_5,7.54,45.25,185.92,Credit Card,2024-05-19,0,Reyansh Gupta,38,Other,Ahmedabad,2020-09-23,392,47,4.83,2590,1.31,43.9,Business
T01968,R0010,Zone_3,3.03,20.69,54.25,Wallet,2023-12-05,0,Vivaan Gupta,25,Female,Surat,2023-05-14,173,1,3.38,12971,2.11,38.0,Business
T01969,R0120,Zone_5,12.14,99.43,144.13,UPI,2023-06-08,0,Ishaan Gupta,18,Other,Surat,2020-07-12,311,15,4.55,2590,1.31,43.9,Business
T01970,R0088,Zone_9,7.3,62.48,70.07,Credit Card,2023-12-07,1,Diya Iyer,22,Other,Jaipur,2019-07-07,438,0,4.78,11037,1.83,56.1,Mixed
T01971,R0159,Zone_9,9.98,88.08,145.33,Wallet,2024-08-18,1,Ishaan Singh,43,Female,Bengaluru,2020-05-21,79,2,4.9,11037,1.83,56.1,Mixed
T01972,R0196,Zone_9,4.1,22.45,84.2,Wallet,2024-01-22,1,Vivaan Das,18,Male,Hyderabad,2019-06-24,51,9,4.93,11037,1.83,56.1,Mixed
T01973,R0232,Zone_2,7.18,40.61,109.85,Cash,2023-12-24,1,Meera Das,38,Male,Jaipur,2022-12-08,172,15,3.94,6371,0.91,58.4,Residential
T01974,R0175,Zone_9,11.87,73.18,277.33,Credit Card,2023-08-15,1,Diya Patel,35,Male,Chennai,2022-08-18,98,8,3.48,11037,1.83,56.1,Mixed
T01975,R0194,Zone_6,6.77,45.5,78.64,UPI,2024-07-25,1,Arjun Iyer,30,Other,Jaipur,2023-02-10,10,2,4.06,14627,0.54,37.6,Mixed
T01976,R0044,Zone_10,6.17,36.21,70.6,Wallet,2023-12-14,0,Arjun Gupta,36,Female,Hyderabad,2020-08-01,271,5,3.21,2440,1.54,35.4,Industrial
T01977,R0140,Zone_1,18.92,158.0,441.05,UPI,2023-02-22,0,Aadhya Nair,29,Female,Delhi,2020-04-17,499,45,4.92,4921,2.43,30.9,Residential
T01978,R0240,Zone_4,9.58,95.55,112.44,Wallet,2023-07-23,0,Aarav Iyer,30,Male,Delhi,2020-05-18,174,2,4.07,4038,2.46,48.2,Business
T01979,R0050,Zone_7,11.67,100.11,203.43,Cash,2023-02-16,0,Diya Das,49,Male,Ahmedabad,2022-10-06,330,41,3.42,11070,0.64,45.2,Industrial
T01980,R0284,Zone_3,11.73,107.22,152.86,UPI,2023-01-19,1,Vivaan Das,28,Female,Surat,2019-07-31,135,19,4.95,12971,2.11,38.0,Business
T01981,R0112,Zone_4,8.48,61.81,144.94,Cash,2024-04-16,1,Meera Nair,41,Female,Delhi,2020-11-13,311,11,3.24,4038,2.46,48.2,Business
T01982,R0009,Zone_3,10.64,61.97,206.85,UPI,2023-08-26,0,Diya Patel,42,Female,Ahmedabad,2019-12-15,172,21,4.11,12971,2.11,38.0,Business
T01983,R0243,Zone_6,3.13,18.37,32.73,UPI,2024-07-01,1,Ishaan Patel,33,Male,Jaipur,2023-02-06,315,11,3.7,14627,0.54,37.6,Mixed
T01984,R0144,Zone_5,15.24,115.44,279.82,Cash,2023-05-15,1,Ishaan Kumar,34,Other,Pune,2021-01-31,194,10,3.52,2590,1.31,43.9,Business
T01985,R0143,Zone_2,14.23,100.08,209.8,Credit Card,2024-04-20,0,Meera Kumar,42,Other,Kolkata,2023-03-28,74,13,4.56,6371,0.91,58.4,Residential
T01986,R0045,Zone_9,8.95,82.11,148.94,Cash,2023-03-09,1,Saanvi Iyer,34,Other,Ahmedabad,2023-07-12,100,16,4.88,11037,1.83,56.1,Mixed
T01987,R0077,Zone_5,8.03,55.77,179.77,UPI,2023-09-08,0,Reyansh Das,28,Male,Mumbai,2019-09-07,406,72,3.79,2590,1.31,43.9,Business
T01988,R0104,Zone_9,1.8,15.68,28.61,Cash,2024-02-28,0,Diya Gupta,52,Male,Kolkata,2021-05-27,328,1,3.7,11037,1.83,56.1,Mixed
T01989,R0185,Zone_8,13.15,122.2,234.93,Credit Card,2023-02-17,0,Vivaan Sharma,27,Male,Delhi,2021-08-27,201,12,4.05,4516,1.93,31.0,Business
T01990,R0153,Zone_5,6.72,34.64,110.33,UPI,2023-04-02,1,Aadhya Ghosh,20,Male,Mumbai,2020-05-04,76,14,4.54,2590,1.31,43.9,Business
T01991,R0051,Zone_3,11.05,99.75,93.8,Credit Card,2024-02-26,0,Aarav Nair,21,Male,Kolkata,2020-04-05,213,14,4.02,12971,2.11,38.0,Business
T01992,R0100,Zone_8,0.8,5.49,16.39,UPI,2023-04-05,1,Ishaan Gupta,28,Male,Delhi,2021-05-24,383,60,3.79,4516,1.93,31.0,Business
T01993,R0294,Zone_4,11.16,77.36,108.82,Credit Card,2023-09-06,0,Arjun Reddy,24,Male,Surat,2021-04-02,41,7,3.2,4038,2.46,48.2,Business
T01994,R0260,Zone_10,7.12,41.21,74.41,Wallet,2023-12-11,1,Reyansh Das,55,Other,Mumbai,2019-07-17,63,3,4.24,2440,1.54,35.4,Industrial
T01995,R0207,Zone_7,8.06,49.34,164.43,UPI,2023-02-13,1,Ishaan Iyer,31,Male,Mumbai,2023-12-06,47,3,3.93,11070,0.64,45.2,Industrial
T01996,R0171,Zone_6,0.91,6.44,22.12,UPI,2023-03-20,0,Kavya Singh,23,Female,Jaipur,2019-05-13,276,19,4.3,14627,0.54,37.6,Mixed
T01997,R0287,Zone_5,11.4,103.03,193.75,Cash,2024-06-25,1,Saanvi Singh,18,Other,Delhi,2021-12-17,320,34,3.33,2590,1.31,43.9,Business
T01998,R0254,Zone_9,4.94,39.32,58.45,Cash,2024-03-23,0,Meera Kumar,18,Male,Delhi,2020-03-09,363,70,3.68,11037,1.83,56.1,Mixed
T01999,R0267,Zone_2,7.76,51.43,74.92,UPI,2023-10-29,1,Arjun Iyer,37,Other,Jaipur,2021-01-01,131,11,4.5,6371,0.91,58.4,Residential
T02000,R0202,Zone_10,12.02,114.45,149.05,Cash,2024-02-03,0,Aadhya Reddy,27,Male,Ahmedabad,2021-10-28,317,0,4.72,2440,1.54,35.4,Industrial
